CASE_ID,ACCIDENT_YEAR,PROC_DATE,JURIS,COLLISION_DATE,COLLISION_TIME,OFFICER_ID,REPORTING_DISTRICT,DAY_OF_WEEK,CHP_SHIFT,POPULATION,CNTY_CITY_LOC,SPECIAL_COND,BEAT_TYPE,CHP_BEAT_TYPE,CITY_DIVISION_LAPD,CHP_BEAT_CLASS,BEAT_NUMBER,PRIMARY_RD,SECONDARY_RD,DISTANCE,DIRECTION,INTERSECTION,WEATHER_1,WEATHER_2,STATE_HWY_IND,CALTRANS_COUNTY,CALTRANS_DISTRICT,STATE_ROUTE,ROUTE_SUFFIX,POSTMILE_PREFIX,POSTMILE,LOCATION_TYPE,RAMP_INTERSECTION,SIDE_OF_HWY,TOW_AWAY,COLLISION_SEVERITY,NUMBER_KILLED,NUMBER_INJURED,PARTY_COUNT,PRIMARY_COLL_FACTOR,PCF_CODE_OF_VIOL,PCF_VIOL_CATEGORY,PCF_VIOLATION,PCF_VIOL_SUBSECTION,HIT_AND_RUN,TYPE_OF_COLLISION,MVIW,PED_ACTION,ROAD_SURFACE,ROAD_COND_1,ROAD_COND_2,LIGHTING,CONTROL_DEVICE,CHP_ROAD_TYPE,PEDESTRIAN_ACCIDENT,BICYCLE_ACCIDENT,MOTORCYCLE_ACCIDENT,TRUCK_ACCIDENT,NOT_PRIVATE_PROPERTY,ALCOHOL_INVOLVED,STWD_VEHTYPE_AT_FAULT,CHP_VEHTYPE_AT_FAULT,COUNT_SEVERE_INJ,COUNT_VISIBLE_INJ,COUNT_COMPLAINT_PAIN,COUNT_PED_KILLED,COUNT_PED_INJURED,COUNT_BICYCLIST_KILLED,COUNT_BICYCLIST_INJURED,COUNT_MC_KILLED,COUNT_MC_INJURED,PRIMARY_RAMP,SECONDARY_RAMP,LATITUDE,LONGITUDE,COUNTY,CITY,POINT_X,POINT_Y
8624265,2018,2018-05-30,5604,2018-05-14,1446,4919,,1,5,6,5604,0,0,0,,0,022,WOOLEY PL,G ST,0.00,,Y,A,-,N,,,,,,,,,,N,3,0,1,1,B,-,22,,,N,G,B,A,A,H,-,A,D,0,,,,,Y,,A,01,0,1,0,0,0,0,0,0,0,- ,- ,,,VENTURA,OXNARD,-119.1864013671875,34.190200805664062
8638402,2018,2018-06-21,5608,2018-06-02,1446,440,5608,6,5,6,5608,0,0,0,,0,004,DAISY DR,SATICOY ST,0.00,,Y,A,-,N,,,,,,,,,,N,3,0,1,2,A,-,09,21801,B,N,-,G,A,A,H,-,A,A,0,,Y,,,Y,,L,04,0,1,0,0,0,0,1,0,0,- ,- ,,,VENTURA,VENTURA,-119.15589904785156,34.276630401611328
8638406,2018,2018-06-21,5608,2018-06-05,1824,462,VTA,2,5,6,5608,0,0,0,,0,003,LOMA VISTA,SHAMROCK,6.00,W,N,A,-,N,,,,,,,,,,N,3,0,1,2,A,-,05,21650,1,F,D,G,A,A,H,-,A,D,0,,Y,,,Y,,L,04,0,1,0,0,0,0,1,0,0,- ,- ,,,VENTURA,VENTURA,-119.24758148193359,34.27685546875
8643404,2018,2018-06-26,5604,2018-05-25,2042,5475,,5,5,6,5604,0,0,0,,0,022,A ST,PALM DR,100.00,S,N,A,-,N,,,,,,,,,,N,3,0,1,2,A,-,09,21800,A,F,D,G,A,A,H,-,C,B,0,,Y,,,Y,Y,A,01,0,1,0,0,0,0,1,0,0,- ,- ,34.204788208007812,-119.17822265625,VENTURA,OXNARD,-119.17851257324219,34.204765319824219
8673744,2018,2018-10-17,5600,2018-06-27,1230,2877,8120,3,5,5,5601,0,0,0,,0,8B01,AMBER AV,TANGLEWOOD DR,0.00,,Y,A,-,N,,,,,,,,,,N,3,0,1,2,A,-,08,22107,,N,B,G,A,A,H,-,A,D,0,,Y,,,Y,,L,04,0,1,0,0,0,0,1,0,0,- ,- ,34.143718719482422,-119.02004241943359,VENTURA,CAMARILLO,-119.03340911865234,34.243671417236328
8776223,2018,2019-01-29,5604,2018-12-05,1704,5535,,3,5,6,5604,0,0,0,,0,023,OXNARD BL,7TH ST,0.00,,Y,B,C,N,,,1,,,,,,,N,4,0,1,2,A,-,10,21950,A,N,G,B,B,B,H,-,B,A,0,Y,,,,Y,,A,01,0,0,1,0,0,0,0,0,0,- ,- ,34.195018768310547,-119.17740631103516,VENTURA,OXNARD,-119.17737579345703,34.195018768310547
8799747,2018,2019-03-05,5600,2018-12-17,1345,5466,8077,1,5,5,5601,0,0,0,,0,08A,W PONDEROSA DR,N LAS POSAS RD,0.00,,Y,C,-,N,,,,,,,,,,N,4,0,1,2,A,-,08,22107,,N,D,G,A,B,H,-,A,A,0,,Y,,,Y,,A,01,0,0,1,0,0,0,1,0,0,- ,- ,34.223541259765625,-119.06993865966797,VENTURA,CAMARILLO,-119.06977081298828,34.223709106445312
8807259,2019,2019-03-01,5600,2019-01-30,0635,4501,8126,3,5,5,5601,0,0,0,,0,08C,DUMETZ ST,WALKER AV,0.00,,Y,A,-,N,,,,,,,,,,N,3,0,1,2,B,-,22,,,N,D,G,A,A,H,-,B,D,0,,Y,,,Y,,J,48,0,1,0,0,0,0,1,0,0,- ,- ,34.131301879882812,-119.19999694824219,VENTURA,CAMARILLO,-119.03343200683594,34.220359802246094
8818986,2019,2019-04-05,5604,2019-03-07,1547,5549,,4,5,6,5604,0,0,0,,0,032,SAVIERS RD,LAUREL ST,0.00,,Y,A,-,N,,,,,,,,,,N,4,0,1,2,A,-,10,21950,A,N,G,B,B,A,H,-,A,A,0,Y,,,,Y,,A,01,0,0,1,0,1,0,0,0,0,- ,- ,,,VENTURA,OXNARD,-119.17759704589844,34.177349090576172
8818995,2019,2019-04-04,5608,2019-03-16,2216,443,VENTU,6,5,6,5608,0,0,0,,0,004,DARLING RD,WELLS RD,372.00,W,N,A,-,N,,,,,,,,,,N,2,0,1,2,A,-,11,21954,A,F,G,B,E,A,H,-,C,D,0,Y,,,,Y,,N,60,1,0,0,0,1,0,0,0,0,- ,- ,,,VENTURA,VENTURA,-119.15473175048828,34.285972595214844
8856397,2019,2019-05-17,5609,2019-04-21,1030,452,416,7,5,6,5609,0,0,0,,0,004,SYCAMORE DR,COCHRAN ST,13.00,W,N,A,-,N,,,,,,,,,,N,2,0,1,2,A,-,09,21804,A,N,D,G,A,A,H,-,A,A,0,,Y,,,Y,,L,04,1,0,0,0,0,0,1,0,0,- ,- ,34.279079437255859,-118.74381256103516,VENTURA,SIMI VALLEY,,
8886275,2019,2019-07-23,5609,2019-06-18,1622,443,410,2,5,6,5609,0,0,0,,0,004,ALAMO ST,VALENCIA AV,0.00,,Y,A,-,N,,,,,,,,,,N,4,0,1,2,A,-,03,22350,,N,H,G,A,A,H,-,A,D,0,,Y,,,Y,,L,04,0,0,1,0,0,0,1,0,0,- ,- ,34.286331176757812,-118.72315979003906,VENTURA,SIMI VALLEY,-118.72321319580078,34.286319732666016
8910810,2020,2020-03-18,5608,2020-02-09,1922,423,,7,5,6,5608,0,0,0,,0,002,HARBOR BL,BEACHMONT ST,212.00,N,N,B,-,N,,,,,,,,,,Y,1,1,0,2,A,-,11,21954,A,N,G,B,E,A,H,-,C,D,0,Y,,,,Y,,N,60,0,0,0,1,0,0,0,0,0,- ,- ,,,VENTURA,VENTURA,-119.25977325439453,34.254653930664062
8964319,2019,2019-11-15,5609,2019-09-18,0735,310,313,3,5,6,5609,0,0,0,,0,003,FITZGERALD RD,FLETCHER ST,224.00,W,N,A,-,N,,,,,,,,,,N,3,0,1,2,A,-,03,22350,,N,D,G,A,A,H,-,A,D,0,,Y,,,Y,,L,04,0,1,0,0,0,0,1,0,0,- ,- ,,,VENTURA,SIMI VALLEY,-118.7425537109375,34.256664276123047
8972331,2019,2019-11-12,5608,2019-10-28,1639,507,VTA,1,5,6,5608,0,0,0,,0,004,S SATICOY AV,PEONY ST,15.00,N,N,A,-,N,,,,,,,,,,N,3,0,1,2,A,-,03,22350,,F,G,B,E,A,H,-,A,D,0,Y,,,,Y,,-,,0,1,0,0,1,0,0,0,0,- ,- ,,,VENTURA,VENTURA,-119.15400695800781,34.274532318115234
8987267,2019,2020-01-24,5608,2019-11-19,1916,524,VENTU,2,5,6,5608,0,0,0,,0,003,LOMA VISTA RD,N ASHWOOD AV,300.00,N,N,A,-,N,,,,,,,,,,N,3,0,1,2,A,-,11,21954,A,N,G,B,D,A,H,-,C,D,0,Y,,,Y,Y,,N,60,0,1,0,0,1,0,0,0,0,- ,- ,,,VENTURA,VENTURA,-119.23894500732422,34.278118133544922
9016771,2020,2020-07-13,5608,2020-02-02,1038,522,,7,5,6,5608,0,0,0,,0,001,POLI ST,N OAK ST,150.00,W,N,A,-,N,,,,,,,,,,N,3,0,1,2,A,-,08,22103,,N,H,G,A,A,H,-,A,D,0,,Y,,,Y,,A,01,0,1,0,0,0,0,1,0,0,- ,- ,,,VENTURA,VENTURA,-119.29515838623047,34.282135009765625
9021456,2019,2020-02-10,5604,2019-11-22,1840,5474,,5,5,6,5604,0,0,0,,0,022,C ST,PALM DR,15.00,W,N,A,-,N,,,,,,,,,,N,3,0,1,2,A,-,10,21950,,N,G,B,B,A,H,-,D,A,0,Y,,,,Y,,A,07,0,1,0,0,1,0,0,0,0,- ,- ,34.205001831054688,-119.18102264404297,VENTURA,OXNARD,,
9023409,2019,2020-02-04,5604,2019-12-26,0933,5354,,4,5,6,5604,0,0,0,,0,042,PLEASANT VALLEY RD,SQUIRES DR,0.00,,Y,A,-,N,,,,,,,,,,N,4,0,1,2,A,-,03,22350,,N,D,G,A,A,H,-,A,A,0,,Y,,,Y,,A,01,0,0,1,0,0,0,1,0,0,- ,- ,,,VENTURA,OXNARD,-119.17040252685547,34.154701232910156
90263958,2016,2016-09-08,9765,2016-09-05,1835,020906,9765,1,2,9,5600,0,3,5,,2,002,EL ROBLAR AVE,SR-33,880.00,E,N,A,-,N,,,,,,,,,,Y,3,0,1,2,A,-,05,21650,,N,A,G,A,A,H,-,A,D,0,,Y,,,Y,,L,04,0,1,0,0,0,0,1,0,0,- ,- ,34.447839999999999,-119.27347,VENTURA,UNINCORPORATED,-119.26800191,34.446436769999998
90283023,2016,2016-10-04,9765,2016-09-23,1845,020866,,5,2,9,5600,0,3,5,,2,004,RIVERSIDE AVENUE,OJAI STREET,164.00,W,N,A,-,N,,,,,,,,,,N,3,0,1,2,A,-,08,22107,,N,G,B,E,A,H,-,B,D,0,Y,,,,Y,,A,01,0,1,0,0,1,0,0,0,0,- ,- ,34.378830000000001,-119.92543999999999,VENTURA,UNINCORPORATED,-118.92499278,34.37880122
90283957,2016,2016-10-05,9765,2016-09-28,1600,017675,,3,2,9,5600,0,1,3,,2,060,SR-1 N/B,LAS POSAS RD.,271.00,N,N,A,-,Y,,,1,,,,,,N,N,3,0,1,2,A,-,08,22107,,N,H,G,A,A,H,-,A,D,0,,Y,,,Y,,L,04,0,1,0,0,0,0,1,0,0,- ,- ,34.117649999999998,-119.08575,VENTURA,UNINCORPORATED,-119.08583736999999,34.117580340000004
9064947,2020,2020-10-13,5608,2020-03-04,1452,440,,3,5,6,5608,0,0,0,,0,004,SOUTH VICTORIA AV,RALSTON ST,348.00,S,N,A,-,N,,,,,,,,,,N,4,0,1,2,D,-,00,,,N,D,G,A,A,H,-,A,D,0,,Y,,,Y,,-,- ,0,0,1,0,0,0,1,0,0,- ,- ,,,VENTURA,VENTURA,-119.21144104003906,34.260120391845703
9093334,2020,2020-09-10,5600,2020-05-03,1135,4637,5100,7,5,4,5690,0,0,0,,0,2B01,BARD ST,3RD ST,111.00,N,N,A,-,N,,,,,,,,,,N,3,0,1,2,C,-,18,,,N,G,G,A,A,E,-,A,A,0,,Y,,,Y,,-,- ,0,1,0,0,0,0,1,0,0,- ,- ,,,VENTURA,MOORPARK,-118.87930297851562,34.282196044921875
91026934,2019,2019-07-09,9765,2019-04-01,2020,019057,,1,2,9,5600,0,1,3,,2,053,SR-232  (VINEYARD AVENUE),SR-118  (LOS ANGELES AVENUE),3696.00,S,N,B,-,Y,,,232,,,,,,,Y,1,1,0,2,A,-,11,21954,A,N,G,B,D,A,H,-,D,D,0,Y,,,,Y,,N,60,0,0,0,1,0,0,0,0,0,- ,- ,34.265159606933594,-119.14501190185547,VENTURA,UNINCORPORATED,-119.14492797851562,34.265106201171875
9109923,2020,2020-08-21,5608,2020-06-07,1819,506,,7,5,6,5608,0,0,0,,0,004,VICTORIA AV,TELEPHONE RD,5.00,N,N,A,-,N,,,,,,,,,,N,3,0,1,2,A,-,11,21956,A,N,G,B,E,A,H,-,A,A,0,Y,,,,Y,,N,60,0,1,0,0,1,0,0,0,0,- ,- ,,,VENTURA,VENTURA,-119.21256256103516,34.265472412109375
9115317,2020,2020-08-28,5600,2020-06-07,1735,3147,9128,7,5,6,5607,0,0,0,,0,9H01,LYNN RD,HILLCREST DR,9.00,N,N,A,-,N,,,,,,,,,,N,4,0,1,2,A,-,12,21453,A,M,G,B,B,A,H,-,A,A,0,Y,,,,Y,,D,22,0,0,1,0,1,0,0,0,0,- ,- ,34.182750701904297,-118.89601135253906,VENTURA,THOUSAND OAKS,-118.89226531982422,34.185768127441406
9143909,2020,2020-09-19,5604,2020-07-21,0000,5422,,2,5,6,5604,0,0,0,,0,024,HILL ST,C ST,50.00,W,N,A,-,N,,,,,,,,,,N,4,0,1,2,A,-,11,21954,A,N,G,B,E,A,H,-,D,D,0,Y,,,,Y,,N,60,0,0,1,0,1,0,0,0,0,- ,- ,34.186649322509766,-119.18122863769531,VENTURA,OXNARD,-119.181396484375,34.186641693115234
91444520,2021,2021-04-06,9765,2021-01-07,1234,020087,,4,1,9,5600,0,1,3,,1,012,SR-1 (PACIFIC COAST HIGHWAY),A LEASE CANYON ROAD,2846.00,N,N,A,-,Y,,,1,,,,,,,Y,1,1,1,2,A,-,11,21954,A,N,G,B,D,A,H,-,A,D,0,Y,,,,Y,,N,60,0,1,0,1,0,0,0,0,0,- ,- ,34.321281433105469,-119.37429809570312,VENTURA,UNINCORPORATED,-119.37429809570312,34.321296691894531
91468948,2021,2021-05-10,9765,2021-04-30,2210,020873,,5,3,9,5600,0,3,5,,2,005,VALLEY VISTA DRIVE,GARRIDO DR,115.00,W,N,A,-,N,,,,,,,,,,N,4,0,1,1,A,-,03,22350,,N,H,G,A,A,H,-,D,D,0,,,,,Y,Y,M,91,0,0,1,0,0,0,0,0,0,- ,- ,34.250160217285156,-119.06508636474609,VENTURA,UNINCORPORATED,-119.06515502929688,34.250110626220703
9159282,2020,2020-12-01,5600,2020-09-21,1921,3147,9046,1,5,6,5607,0,0,0,,0,9A01,YOUNG AV,SIDLEE ST,0.00,,Y,A,-,N,,,,,,,,,,Y,3,0,1,2,-,-,- ,,A,N,G,B,B,A,H,-,C,A,0,Y,,,,Y,,A,01,0,1,0,0,1,0,0,0,0,- ,- ,34.208370208740234,-118.88018035888672,VENTURA,THOUSAND OAKS,-118.88018035888672,34.208358764648438
91594200,2021,2021-10-12,9765,2021-10-03,1904,020334,,7,2,9,5600,0,1,3,,1,022,ANACAPA DRIVE,JODY LANE,240.00,S,N,A,-,N,,,,,,,,,,N,3,0,1,2,A,-,11,21954,A,N,G,B,C,A,H,-,B,D,0,Y,,,,Y,,N,60,0,1,0,0,1,0,0,0,0,- ,- ,34.240108489990234,-119.04538726806641,VENTURA,UNINCORPORATED,-119.04540252685547,34.240146636962891
91972235,2023,2023-01-19,9765,2023-01-13,530 ,017253,,5,3,9,5600,0,1,3,,1,012,SR-1,FARIA RD,1602.00,N,N,B,-,Y,VEN,,1, , ,25.682,H,,R,N,2,0,1,2,A,-,08,22107,,F,C,6,A,A,H,-,D,D,0,,Y,,,Y,,-,99,1,0,0,0,0,0,1,0,0,- ,- ,34.320510864257812,-119.39196014404297,VENTURA,UNINCORPORATED,-119.39200592041016,34.320484161376953
92003859,2023,2023-02-27,9765,2023-02-04,234 ,022397,,6,3,6,5608,0,1,2,,2,301,SOUTHBOUND US101 (VENTURA HIGHWAY),VICTORIA AVENUE OFFRAMP,325.00,N,N,A,-,Y,VEN,,101, ,R,24.965,H,,L,N,2,0,1,3,A,-,03,22350,,F,G,1,E,A,H,-,C,D,0,Y,,,,Y,,-,99,1,0,0,0,1,0,0,0,0,- ,- ,34.254951477050781,-119.21553802490234,VENTURA,VENTURA,-119.21550750732422,34.254993438720703
9206631,2020,2021-01-28,5600,2020-11-30,1457,4045,9024,1,5,6,5607,0,0,0,,0,9B01,RIKKARD DR,LAURELWOOD DR,5.00,S,N,A,-,N,,,,,,,,,,N,3,0,1,2,A,-,09,21802,A,N,D,G,A,A,H,-,A,D,0,,Y,,,Y,,A,01,0,1,0,0,0,0,1,0,0,- ,- ,34.219440460205078,-118.84107971191406,VENTURA,THOUSAND OAKS,-118.84100341796875,34.219448089599609
9214014,2020,2021-02-16,5604,2020-12-28,0910,4734,,1,5,6,5604,0,0,0,,0,014,VINEYARD AV,N OXNARD BL,0.00,,Y,B,C,N,,,,,,,,,,N,3,0,1,2,A,-,05,21650,1,N,D,G,A,B,H,-,A,A,0,,Y,,,Y,,L,04,0,1,0,0,0,0,1,0,0,- ,- ,34.226509094238281,-119.17733001708984,VENTURA,OXNARD,-119.17755126953125,34.226509094238281
9234635,2020,2021-03-11,5604,2020-10-31,0205,5572,,6,5,6,5604,0,0,0,,0,022,N OXNARD BL,COOPER RD,10.00,S,N,A,-,N,,,,,,,,,,N,3,0,1,2,-,-,- ,,,F,G,B,B,A,A,H,C,A,0,Y,,,,Y,Y,A,01,0,1,0,0,1,0,0,0,0,- ,- ,34.204559326171875,-119.17729187011719,VENTURA,OXNARD,-119.17739105224609,34.204532623291016
92377336,2023,2024-04-29,9765,2023-11-19,2147,022397,,7,2,6,5608,0,1,2,,2,103,US-101 S/B (VENTURA FREEWAY),SEAWARD AVENUE,3168.00,N,N,B,-,Y,VEN,,101, , ,29.442,H,,L,Y,1,1,0,4,A,-,11,21954,A,F,G,B,E,A,H,-,D,D,0,Y,,,,Y,,N,60,0,0,0,1,0,0,0,0,0,- ,- ,34.272331237792969,-119.28272247314453,VENTURA,VENTURA,-119.28274536132812,34.272285461425781
92388222,2024,2024-05-13,9765,2024-05-03,639 ,020832,,5,1,9,5600,0,1,3,,1,055,SR-118 (E LOS ANGELES AVE,SR-34,0.00,,Y,A,-,Y,VEN,,118, , ,10.913,H,,R,Y,3,0,1,2,A,-,08,22107,,N,B,G,A,A,H,-,B,A,0,,Y,,Y,Y,,L,04,0,1,0,0,0,0,1,0,0,- ,- ,34.263858795166016,-118.99479675292969,VENTURA,UNINCORPORATED,-118.99480438232422,34.263755798339844
9265618,2020,2021-06-18,5605,2020-06-30,1144,126,PATRO,2,5,3,5605,0,0,0,,0,001,CHANNEL ISLANDS BL,WHEELHOUSE AV,146.00,E,N,A,-,N,,,,,,,,,,,4,0,1,2,A,-,09,21804,A,N,B,G,A,A,H,-,A,D,0,,Y,,,Y,,L,04,0,0,1,0,0,0,1,0,0,- ,- ,34.176189422607422,-119.21266937255859,VENTURA,PORT HUENEME,-119.21223449707031,34.176010131835938
9307864,2021,2021-08-24,5600,2021-06-05,2112,5290,9128,6,5,6,5607,0,0,0,,0,9H01,HILLCREST DR,CITATION WY,100.00,W,N,A,-,N,,,,,,,,,,N,4,0,1,2,A,-,08,22107,,N,G,B,E,A,H,-,D,D,0,Y,,,,Y,Y,A,08,0,0,1,0,1,0,0,0,0,- ,- ,34.184940338134766,-118.90647888183594,VENTURA,THOUSAND OAKS,-118.90676116943359,34.185024261474609
9341890,2021,2021-11-23,5608,2021-10-10,1549,441,,7,5,6,5608,0,0,0,,0,002,E MAIN ST,E MAIN ST  1700 BLOCK,0.00,,Y,A,-,N,,,,,,,,,,N,3,0,1,2,A,-,03,22350,A,F,G,B,E,A,H,-,A,D,0,Y,Y,,,Y,,L,04,0,1,0,0,1,0,0,0,0,- ,- ,,,VENTURA,VENTURA,-119.25711059570312,34.271785736083984
9350790,2020,2021-10-29,5606,2020-11-02,1555,1129,5606,1,5,4,5606,0,0,0,,0,001,PALM AV,SANTA BARBARA ST,3.00,S,N,A,-,N,,,,,,,,,,N,3,0,1,2,A,-,09,21802,A,N,G,G,A,A,H,-,A,D,0,,Y,,,Y,,A,01,0,1,0,0,0,0,1,0,0,- ,- ,,,VENTURA,SANTA PAULA,-119.07252502441406,34.351882934570312
9355612,2021,2021-11-01,5606,2021-04-20,0915,1101,5606,2,5,4,5606,0,0,0,,0,002,VIRGINIA E TERR,OJAI N RD,0.00,,Y,A,-,Y,VEN,7,150,-,-,33.601,I,6,E,N,4,0,1,2,D,-,00,,,N,G,B,B,A,H,-,A,D,0,Y,,,,Y,,-,- ,0,0,1,0,1,0,0,0,0,- ,- ,,,VENTURA,SANTA PAULA,-119.06105804443359,34.360755920410156
9421132,2022,2022-05-19,5608,2022-04-04,1610,475,,1,5,6,5608,0,0,0,,0,001,S VENTURA AV,W MAIN ST,173.00,S,N,A,-,N,,,,,,,,,,N,3,0,1,2,A,-,08,22107,,N,D,G,A,A,H,-,A,A,0,,Y,,,Y,,L,04,0,1,0,0,0,0,1,0,0,- ,- ,,,VENTURA,VENTURA,-119.30075836181641,34.280593872070312
9434790,2022,2022-06-03,5608,2022-03-09,1050,430,,3,5,6,5608,0,0,0,,0,,E MAIN ST,DOS CAMINOS AV,160.00,E,N,A,-,N,,,,,,,,,,N,3,0,1,2,A,-,08,22107,,N,G,B,F,A,H,-,A,D,0,Y,,,,Y,,M,47,0,1,0,0,1,0,0,0,0,- ,- ,,,VENTURA,VENTURA,-119.25433349609375,34.269687652587891
9443797,2022,2022-05-24,5604,2022-04-20,0109,5378,,3,5,6,5604,0,0,0,,0,024,S VENTURA RD,W KAMALA ST,0.00,,Y,A,-,N,,,,,,,,,,N,2,0,1,2,A,-,11,21950,B,N,G,B,D,A,H,-,C,A,0,Y,,,,Y,,N,60,1,0,0,0,1,0,0,0,0,- ,- ,34.178901672363281,-119.19496917724609,VENTURA,OXNARD,-119.19493865966797,34.178913116455078
9454841,2022,2022-06-29,5608,2022-06-15,1721,525,,3,5,6,5608,0,0,0,,0,001,W PARK ROW,NORTH VENTURA AV,4.00,S,N,A,-,N,,,,,,,,,,N,4,0,1,2,A,-,08,22107,,F,C,G,A,A,H,-,A,D,0,,Y,Y,,Y,,C,02,0,0,1,0,0,0,1,0,0,- ,- ,,,VENTURA,VENTURA,,
9458265,2022,2022-06-15,5604,2022-05-09,2120,5630,,1,5,6,5604,0,0,0,,0,042,N BERKSHIRE ST,TERRECE AV,50.00,E,N,A,-,N,,,,,,,,,,N,3,0,1,2,A,-,06,21760,C,F,B,G,A,A,D,H,C,D,0,,Y,,,Y,Y,-,,0,1,0,0,0,0,1,0,0,- ,- ,34.216350555419922,-119.15589904785156,VENTURA,OXNARD,-119.16535949707031,34.155910491943359
9464389,2022,2022-10-06,5608,2022-07-23,0023,437,,6,5,6,5608,0,0,0,,0,003,WELLS RD / RT-118,DARLING RD,0.00,,Y,A,-,Y,VEN,7,118,-,-,0.776,I,5,W,Y,1,1,0,2,A,-,11,21954,A,N,G,B,D,A,H,-,C,A,0,Y,,,,Y,,N,60,0,0,0,1,0,0,0,0,0,- ,- ,,,VENTURA,VENTURA,-119.15371704101562,34.286716461181641
9488629,2022,2022-08-23,5608,2022-08-06,1129,514,VENTU,6,5,6,5608,0,0,0,,0,002,PIERPONT BL,MONMOUTH WY,20.00,E,N,A,-,N,,,,,,,,,,N,3,0,3,3,B,-,22,,,N,A,G,A,A,H,-,A,A,0,,Y,,,Y,,L,04,0,2,1,0,0,0,3,0,0,- ,- ,,,VENTURA,VENTURA,-119.27420043945312,34.266773223876953
9516324,2022,2022-12-15,5604,2022-11-01,1509,5631,,2,5,6,5604,0,0,0,,0,012,E AUTO CENTER DR,N VENTURA BL N,0.00,,Y,A,-,N,,,,,,,,,,N,3,0,1,2,A,-,05,21202,A,N,G,G,A,A,H,-,A,A,0,,Y,,,Y,,L,04,0,1,0,0,0,0,1,0,0,- ,- ,34.228050231933594,-119.15795135498047,VENTURA,OXNARD,-119.15654754638672,34.228115081787109
95183635,2025,2026-05-21,9765,2025-11-08,2500,022461,,6,4,9,5600,0,3,5,,2,006,NAUMAN RAOD,DUFAU ROAD,705.00,N,N,E,-,N,,,,,,,,,,Y,1,1,0,3,A,-,11,21956,A,F,G,1,E,A,H,-,D,D,0,Y,,,,Y,,N,60,0,0,0,1,0,0,0,0,0,- ,- ,34.156471252441406,-119.12256622314453,VENTURA,UNINCORPORATED,,
9520372,2022,2023-02-08,5608,2022-12-07,0749,437,,3,5,6,5608,0,0,0,,0,002,OCEAN AV,JORDAN AV,32.00,W,N,A,F,N,,,,,,,,,,Y,1,1,0,2,A,-,03,22350,,N,G,B,B,A,H,-,A,D,0,Y,,,,Y,,A,01,0,0,0,1,0,0,0,0,0,- ,- ,,,VENTURA,VENTURA,-119.26791381835938,34.272083282470703
9521709,2022,2022-11-15,5604,2022-09-10,1817,5609,,6,5,6,5604,0,0,0,,0,042,E PLEASANT VALLEY RD,CYPRESS RD,0.00,,Y,A,-,N,,,,,,,,,,Y,3,0,1,2,A,-,12,21453,A,N,D,B,A,A,H,-,A,A,0,,,,,Y,,D,22,0,1,0,0,0,0,0,0,0,- ,- ,34.155059814453125,-119.17331695556641,VENTURA,OXNARD,-119.17300415039062,34.154720306396484
9524395,2022,2022-12-28,5608,2022-11-19,1722,500,,6,5,6,5608,0,0,0,,0,001,THOMPSON BL,FIGUEROA ST,0.00,,-,A,-,N,,,,,,,,,,Y,3,0,1,2,A,-,11,21954,A,N,G,B,D,A,H,-,C,A,0,Y,,,,Y,,N,60,0,1,0,0,1,0,0,0,0,- ,- ,,,VENTURA,VENTURA,-119.2977294921875,34.278263092041016
9561493,2022,2023-03-27,5606,2022-08-24,1834,1157,5606,3,5,4,5606,0,0,0,,0,003,MAIN E ST,11TH N ST,12.00,W,N,A,-,N,,,,,,,,,,N,3,0,2,3,A,-,10,21950,A,N,G,B,B,A,H,-,A,D,0,Y,,,,Y,,A,01,0,1,1,0,2,0,0,0,0,- ,- ,,,VENTURA,SANTA PAULA,-119.05803680419922,34.354557037353516
9584066,2023,2023-05-16,5604,2023-02-08,1921,5647,,3,5,6,5604,0,0,0,,0,042,W CLARA ST,PERKINS RD,0.00,,Y,A,-,N,,,,,,,,,,N,3,0,1,2,A,-,05,21650,1,N,G,G,A,A,H,-,C,D,0,,Y,,,Y,,L,04,0,1,0,0,0,0,1,0,0,- ,- ,34.151111602783203,-119.18386077880859,VENTURA,OXNARD,-119.18390655517578,34.151103973388672
9616582,2023,2023-10-05,5608,2023-09-07,647 ,533,30,4,5,6,5608,0,0,0,,0,004,TELEPHONE RD,GARDNER AV,33.00,W,N,A,-,N,,,,,,,,,,N,4,0,1,2,A,-,17,22517,,N,A,G,A,A,H,-,A,D,0,,Y,,,Y,,A,01,0,0,1,0,0,0,1,0,0,- ,- ,,,VENTURA,VENTURA,-119.16517639160156,34.275428771972656
9649815,2023,2023-12-30,5606,2023-04-26,2041,1155,5606,3,5,4,5606,0,0,0,,0,002,OJAI N RD,SATICOY ST,0.00,,Y,A,-,N,,,,,,,,,,N,3,0,1,2,A,-,08,22107,,F,B,G,A,A,H,-,C,D,0,,Y,,,Y,,-,99,0,1,0,0,0,0,1,0,0,- ,- ,,,VENTURA,SANTA PAULA,-119.0609130859375,34.359489440917969
9710612,2024,2024-08-14,5608,2024-06-29,744 ,469,,6,5,6,5608,0,0,0,,0,002,POLI ST,CATALINA ST,0.00,,Y,A,-,N,,,,,,,,,,N,3,0,1,2,A,-,08,22107,,N,B,B,B,A,H,-,A,D,0,Y,,,,Y,,D,22,0,1,0,0,1,0,0,0,0,- ,- ,,,VENTURA,VENTURA,-119.26856994628906,34.279541015625