CASE_ID,ACCIDENT_YEAR,PROC_DATE,JURIS,COLLISION_DATE,COLLISION_TIME,OFFICER_ID,REPORTING_DISTRICT,DAY_OF_WEEK,CHP_SHIFT,POPULATION,CNTY_CITY_LOC,SPECIAL_COND,BEAT_TYPE,CHP_BEAT_TYPE,CITY_DIVISION_LAPD,CHP_BEAT_CLASS,BEAT_NUMBER,PRIMARY_RD,SECONDARY_RD,DISTANCE,DIRECTION,INTERSECTION,WEATHER_1,WEATHER_2,STATE_HWY_IND,CALTRANS_COUNTY,CALTRANS_DISTRICT,STATE_ROUTE,ROUTE_SUFFIX,POSTMILE_PREFIX,POSTMILE,LOCATION_TYPE,RAMP_INTERSECTION,SIDE_OF_HWY,TOW_AWAY,COLLISION_SEVERITY,NUMBER_KILLED,NUMBER_INJURED,PARTY_COUNT,PRIMARY_COLL_FACTOR,PCF_CODE_OF_VIOL,PCF_VIOL_CATEGORY,PCF_VIOLATION,PCF_VIOL_SUBSECTION,HIT_AND_RUN,TYPE_OF_COLLISION,MVIW,PED_ACTION,ROAD_SURFACE,ROAD_COND_1,ROAD_COND_2,LIGHTING,CONTROL_DEVICE,CHP_ROAD_TYPE,PEDESTRIAN_ACCIDENT,BICYCLE_ACCIDENT,MOTORCYCLE_ACCIDENT,TRUCK_ACCIDENT,NOT_PRIVATE_PROPERTY,ALCOHOL_INVOLVED,STWD_VEHTYPE_AT_FAULT,CHP_VEHTYPE_AT_FAULT,COUNT_SEVERE_INJ,COUNT_VISIBLE_INJ,COUNT_COMPLAINT_PAIN,COUNT_PED_KILLED,COUNT_PED_INJURED,COUNT_BICYCLIST_KILLED,COUNT_BICYCLIST_INJURED,COUNT_MC_KILLED,COUNT_MC_INJURED,PRIMARY_RAMP,SECONDARY_RAMP,LATITUDE,LONGITUDE,COUNTY,CITY,POINT_X,POINT_Y
9736454,2024,2024-09-26,5608,2024-09-12,2137,519,,4,5,6,5608,0,0,0,,0,004,VALENTINE RD,SPERRY AV,414.00,E,N,A,-,N,,,,,,,,,,N,3,0,1,2,A,-,00,21945,A,N,G,B,E,A,H,-,C,D,0,Y,,,,Y,,N,60,0,1,0,0,1,0,0,0,0,- ,- ,,,VENTURA,VENTURA,-119.21665191650391,34.255355834960938
9742296,2024,2024-10-18,5604,2024-09-20,1614,5641,,5,5,6,5604,0,0,0,,0,031,N HAYES AV,COLONIA RD,0.00,,Y,A,-,N,,,,,,,,,,N,3,0,1,2,A,-,09,21801,A,N,D,G,A,A,H,-,A,D,0,,Y,,,Y,,A,01,0,1,0,0,0,0,1,0,0,- ,- ,34.206428527832031,-119.17532348632812,VENTURA,OXNARD,-119.17539215087891,34.206443786621094
9754710,2024,2024-12-02,5604,2024-10-17,1858,5405,,4,5,6,5604,0,0,0,,0,041,S C ST,TEAKWOOD ST,0.00,,Y,A,-,N,,,,,,,,,,N,4,0,1,2,A,-,05,21651,B,N,A,G,A,A,H,-,C,D,0,,Y,,,Y,,L,04,0,0,1,0,0,0,1,0,0,- ,- ,34.170528411865234,-119.18115234375,VENTURA,OXNARD,-119.18116760253906,34.170562744140625
9766797,2025,2025-04-03,5608,2025-03-19,1224,537,,3,5,6,5608,0,0,0,,0,001,E SANTA CLARAST,S CHESTNUT ST,160.00,W,N,A,-,N,,,,,,,,,,N,4,0,1,2,A,-,10,21950,,N,G,B,D,A,H,-,A,D,0,Y,,,,Y,,A,07,0,0,1,0,1,0,0,0,0,- ,- ,,,VENTURA,VENTURA,-119.29207611083984,34.279541015625
9782672,2024,2025-02-26,5604,2024-12-30,1930,5789,,1,5,6,5604,0,0,0,,0,031,JULIAN ST,SAN JOSE ST,500.00,S,N,A,-,N,,,,,,,,,,Y,4,0,2,3,D,-,00,,,N,G,B,D,A,H,-,C,D,0,Y,,,,Y,,-,- ,0,0,2,0,2,0,0,0,0,- ,- ,34.204849243164062,-119.15174865722656,VENTURA,OXNARD,-119.15200805664062,34.204196929931641
9879268,2025,2025-10-29,5608,2025-09-25,1651,520,,4,5,6,5608,0,0,0,,0,002,MAIN ST,DONLON ST,0.00,,Y,B,-,N,,,,,,,,,,Y,3,0,1,2,A,-,08,22107,,N,C,G,A,A,H,-,A,A,0,,Y,,,Y,,E,22,0,1,0,0,0,0,1,0,0,- ,- ,,,VENTURA,VENTURA,-119.23545837402344,34.262722015380859
9882343,2025,2025-10-15,5604,2025-08-26,2107,5800,,2,5,6,5604,0,0,0,,0,041,SAVIERS RD,THOMAS AV,0.00,,Y,A,-,N,,,,,,,,,,N,4,0,1,2,A,-,06,21951,,N,D,G,A,A,H,-,C,A,0,,Y,,,Y,,A,01,0,0,1,0,0,0,1,0,0,- ,- ,,,VENTURA,OXNARD,-119.17755126953125,34.169769287109375
6292388,2015,2017-04-25,9765,2015-03-26,2030,20880,,4,2,9,5600,0,1,3,,1,020,RT 33,VILLANOVA RD,849.00,N,N,A,-,Y,VEN,7,33,-,-,11.080,H,-,N,Y,1,1,0,2,A,-,11,21954,A,N,G,B,D,A,H,-,D,D,0,Y,,,,Y,Y,N,60,0,0,0,1,0,0,0,0,0,- ,- ,34.427750000000003,-119.28872,VENTURA,UNINCORPORATED,-119.28888075,34.428166300000001
6352030,2014,2014-06-16,5608,2014-01-12,0955,400,VENTU,7,5,6,5608,0,0,0,,0,002,POLI ST,HALL CANYON RD,562.00,W,N,A,-,N,,,,,,,,,,N,3,0,1,3,A,-,11,21954,A,N,G,B,D,A,H,-,A,D,0,Y,,,,Y,,N,60,0,1,0,0,1,0,0,0,0,- ,- ,,,VENTURA,VENTURA,-119.26606194999999,34.27911366
6360603,2014,2015-11-09,5600,2014-01-15,1650,12133,,3,5,3,5602,0,0,0,,0,,CENTRAL AV,RT 126,2.00,S,N,A,-,Y,VEN,7,126,-,-,12.411,I,6,E,N,3,0,1,2,A,-,11,21950,B,N,D,B,D,A,H,-,A,A,0,Y,,,,Y,Y,N,60,0,1,0,0,1,0,0,0,0,- ,- ,34.396850000000001,-118.91298999999999,VENTURA,FILLMORE,-119.05384137999999,34.351584549999998
6361029,2014,2014-06-06,5608,2014-01-20,1425,432,VENTU,1,5,6,5608,0,0,0,,0,003,MAIN ST,MILLS RD,0.00,,Y,A,-,N,,,,,,,,,,N,3,0,1,2,A,-,10,21950,A,N,H,G,A,A,H,-,A,A,0,,Y,,,Y,,A,,0,1,0,0,0,0,1,0,0,- ,- ,,,VENTURA,VENTURA,-119.24604991,34.265060069999997
6398141,2014,2014-06-12,5608,2014-02-27,1131,267,,4,5,6,5608,0,0,0,,0,003,NOPALITO ST,SATICOY AV,92.00,E,N,A,-,N,,,,,,,,,,N,3,0,1,2,A,-,11,21954,A,F,-,B,E,A,H,-,-,D,0,Y,,,,Y,,N,60,0,1,0,0,1,0,0,0,0,- ,- ,,,VENTURA,VENTURA,-119.1621918,34.284385999999998
6430381,2014,2015-10-07,5600,2014-03-14,0958,4273,8007,5,5,5,5601,0,0,0,,0,08A,LAS POSAS RD,DAILY DR,258.00,S,N,A,-,N,,,,,,,,,,N,3,0,1,2,A,-,08,22107,,N,C,G,A,A,H,-,A,D,0,,Y,,,Y,,L,04,0,1,0,0,0,0,1,0,0,- ,- ,34.2211,-119.0699,VENTURA,CAMARILLO,-119.06992854000001,34.221155840000002
6456675,2014,2016-04-22,9765,2014-04-16,1408,16714,,3,2,9,5600,0,1,3,,1,020,RT 33,CREEK RD,0.00,,Y,A,-,Y,VEN,7,33,-,-,8.001,I,5,S,N,3,0,1,2,A,-,09,21802,A,N,B,G,A,A,H,-,A,A,0,,Y,,,Y,,L,04,0,1,0,0,0,0,1,0,0,- ,- ,34.385730000000002,-119.30206,VENTURA,UNINCORPORATED,-119.30222338,34.385637109999998
6456709,2014,2014-07-10,5600,2014-04-09,1855,4590,9122,3,5,6,5607,0,0,0,,0,09C,BORCHARD RD,MICHAEL DR,17.00,S,N,A,-,N,,,,,,,,,,N,3,0,1,2,A,-,10,21950,A,N,G,B,B,A,H,-,A,A,0,Y,,,,Y,,A,07,0,1,0,0,1,0,0,0,0,- ,- ,,,VENTURA,THOUSAND OAKS,-118.92742478,34.18187339
6459699,2014,2014-07-24,5609,2014-05-08,1459,389,,4,5,6,5609,0,0,0,,0,002,COUNTRY CLUB DR,RED LAKES PL,0.00,,Y,A,-,N,,,,,,,,,,N,3,0,1,2,A,-,09,21801,A,N,A,G,A,A,H,-,A,D,0,,Y,,,Y,,A,01,0,1,0,0,0,0,1,0,0,- ,- ,,,VENTURA,SIMI VALLEY,-118.81768003000001,34.250920110000003
6503188,2014,2014-07-29,5600,2014-05-19,1807,4473,9180,1,5,6,5607,0,0,0,,0,09G,HIGHGATE RD,TRIUNFO CANYON RD,6.00,S,N,A,-,N,,,,,,,,,,N,3,0,1,2,A,-,10,21950,A,N,G,B,B,A,H,-,A,D,0,Y,,,,Y,,A,01,0,1,0,0,1,0,0,0,0,- ,- ,,,VENTURA,THOUSAND OAKS,-118.83449794000001,34.14187304
6547035,2014,2014-08-11,5606,2014-05-19,2017,1101,5606,1,5,4,5606,0,0,0,,0,002,VIRGINIA TER,7TH ST,0.00,,Y,A,-,N,,,,,,,,,,N,3,0,1,2,A,-,09,21804,A,N,G,B,D,A,H,-,C,D,0,Y,,,,Y,,D,22,0,1,0,0,1,0,0,0,0,- ,- ,,,VENTURA,SANTA PAULA,-119.06872009,34.35797006
6549059,2014,2014-08-14,5608,2014-06-26,1944,267,,4,5,6,5608,0,0,0,,0,004,TELEPHONE RD,SATICOY AV,0.00,,Y,A,-,N,,,,,,,,,,N,3,0,1,2,A,-,10,21950,A,N,G,B,B,A,H,-,A,A,0,Y,,,,Y,,-,,0,1,0,0,1,0,0,0,0,- ,- ,,,VENTURA,VENTURA,-119.15834009,34.27951006
6550166,2014,2014-08-20,5608,2014-06-26,2157,423,,4,5,6,5608,0,0,0,,0,001,ALISO ST,POLI ST,0.00,,Y,A,-,N,,,,,,,,,,N,3,0,1,2,A,-,10,21950,A,N,G,B,B,A,H,-,C,D,0,Y,,,,Y,,-,,0,1,0,0,1,0,0,0,0,- ,- ,,,VENTURA,VENTURA,-119.27939995,34.281700069999999
6575038,2014,2014-08-29,5608,2014-07-22,1206,406,,2,5,6,5608,0,0,0,,0,002,TELEGRAPH RD,COLLEGE DR,120.00,W,N,A,-,N,,,,,,,,,,N,4,0,1,2,A,-,09,21804,A,N,D,G,A,A,H,-,A,D,0,,Y,,,Y,,-,,0,0,1,0,0,0,1,0,0,- ,- ,,,VENTURA,VENTURA,-119.24343937,34.273736730000003
6587629,2014,2014-08-15,5600,2014-07-30,1548,4397,8126,3,5,5,5601,0,0,0,,0,08C,FULTON ST,PONDEROSA DR,6.00,S,N,A,-,N,,,,,,,,,,N,3,0,1,2,A,-,09,21804,A,N,D,G,A,A,H,-,A,A,0,,Y,,,Y,,L,04,0,1,0,0,0,0,1,0,0,- ,- ,34.223979999999997,-119.03673999999999,VENTURA,CAMARILLO,-119.0368004,34.223965589999999
6607250,2014,2014-09-08,5608,2014-08-14,1110,403,,4,5,6,5608,0,0,0,,0,002,OLIVAS PARK DR,HARBOR BL,750.00,E,N,A,-,N,,,,,,,,,,N,3,0,1,2,A,-,08,22107,,N,B,G,A,A,H,-,A,D,0,,Y,,,Y,,L,04,0,1,0,0,0,0,1,0,0,- ,- ,,,VENTURA,VENTURA,-119.25431894,34.244088130000002
6622813,2014,2014-11-04,5608,2014-09-05,1219,438,,5,5,6,5608,0,0,0,,0,003,TELEGRAPH RD,COLLEGE DR,0.00,,Y,A,-,N,,,,,,,,,,N,3,0,1,2,A,-,08,22107,,N,B,G,A,A,H,-,A,A,0,,Y,,,Y,,-,,0,1,0,0,0,0,1,0,0,- ,- ,,,VENTURA,VENTURA,-119.24304988,34.273800080000001
6633066,2014,2014-09-29,5609,2014-09-11,0659,227,,4,5,6,5609,0,0,0,,0,003,GALT ST,LOS ANGELES AV,200.00,S,N,A,-,N,,,,,,,,,,N,2,0,1,2,A,-,09,21804,A,N,C,G,A,A,H,-,A,D,0,,Y,,,Y,,L,04,1,0,0,0,0,0,1,0,0,- ,- ,,,VENTURA,SIMI VALLEY,-118.7658819,34.271251309999997
6642615,2014,2014-10-24,5608,2014-09-20,1443,342,,6,5,6,5608,0,0,0,,0,003,TELEGRAPH RD,DAY RD,275.00,E,N,A,-,N,,,,,,,,,,N,3,0,1,2,A,-,05,21651,A,N,D,G,A,A,H,-,A,D,0,,Y,,,Y,,L,04,0,1,0,0,0,0,1,0,0,- ,- ,,,VENTURA,VENTURA,-119.22564434,34.276430050000002
6651944,2014,2014-11-12,5609,2014-09-25,1721,300,,4,5,6,5609,0,0,0,,0,,LOU DR,BUYERS ST,60.00,W,N,A,-,N,,,,,,,,,,N,4,0,1,2,A,-,10,21954,B,N,-,B,D,A,H,-,A,D,0,Y,,,,Y,,D,22,0,0,1,0,1,0,0,0,0,- ,- ,,,VENTURA,SIMI VALLEY,-118.71216828,34.269939999999998
6661829,2014,2014-12-18,5608,2014-10-04,0009,403,,6,5,6,5608,0,0,0,,0,001,SANTA CLARA AV,PALM ST,0.00,,Y,A,-,N,,,,,,,,,,N,3,0,1,2,A,-,10,21950,A,F,D,B,B,A,H,-,C,A,0,Y,,,,Y,Y,-,,0,1,0,0,1,0,0,0,0,- ,- ,,,VENTURA,VENTURA,-119.29618992,34.279530100000002
6705478,2014,2015-01-07,5609,2014-11-04,0745,310,424,2,5,6,5609,0,0,0,,0,004,COCHRAN ST,TRACY AV,0.00,,Y,A,-,N,,,,,,,,,,N,4,0,1,2,A,-,10,21950,A,N,G,B,B,A,H,-,A,A,0,Y,,,,Y,,-,99,0,0,1,0,1,0,0,0,0,- ,- ,,,VENTURA,SIMI VALLEY,-118.72362011,34.279020090000003
6732489,2014,2015-01-02,5609,2014-10-28,0922,310,506,2,5,6,5609,0,0,0,,0,005,ALAMO ST,TAPO ST,848.00,E,N,A,-,N,,,,,,,,,,N,3,0,1,2,A,-,08,22107,,F,G,B,E,A,H,-,A,D,0,Y,,,,Y,,A,07,0,1,0,0,1,0,0,0,0,- ,- ,,,VENTURA,SIMI VALLEY,-118.70614955000001,34.286270000000002
6754690,2014,2015-02-10,9765,2014-12-07,1235,20302,,7,1,9,5600,0,3,5,,2,002,RICE RD,FAIRVIEW RD,50.00,N,N,B,-,N,,,,,,,,,,N,3,0,1,2,A,-,08,22107,,N,G,B,E,A,H,-,A,D,0,Y,,,,Y,Y,A,07,0,1,0,0,1,0,0,0,0,- ,- ,34.456609999999998,-119.28269,VENTURA,UNINCORPORATED,-119.28398713,34.456808010000003
6756032,2014,2015-01-08,5600,2014-12-03,1712,2913,9001,3,5,6,5607,0,0,0,,0,09A,MOUNTCLEF BL,MCAFEE CT,6.00,E,N,C,-,N,,,,,,,,,,N,4,0,1,2,A,-,10,21950,A,N,G,B,B,B,H,-,C,A,0,Y,,,,Y,,A,01,0,0,1,0,1,0,0,0,0,- ,- ,,,VENTURA,THOUSAND OAKS,,
6787708,2014,2015-01-28,5606,2014-11-03,1833,1117,,1,5,4,5606,0,0,0,,0,001,HARVARD BL,PECK RD,0.00,,Y,A,-,N,,,,,,,,,,N,3,0,1,2,A,-,12,21453,A,N,D,G,A,A,H,-,C,A,0,,Y,,,Y,Y,L,04,0,1,0,0,0,0,1,0,0,- ,- ,,,VENTURA,SANTA PAULA,-119.08504009000001,34.340290009999997
6803828,2015,2015-02-24,5609,2015-01-20,1816,356,,2,5,6,5609,0,0,0,,0,001,CLIFFWOOD DR,STARGAZE PL,15.00,E,N,A,-,N,,,,,,,,,,N,4,0,1,2,A,-,10,21950,A,N,G,B,B,A,H,-,C,D,0,Y,,,,Y,,A,01,0,0,1,0,1,0,0,0,0,- ,- ,,,VENTURA,SIMI VALLEY,-118.80667043,34.273459520000003
6863972,2015,2015-04-07,5608,2015-03-24,1105,403,,2,5,6,5608,0,0,0,,0,003,BRENT ST,CABRILLO DR,15.00,S,N,A,-,N,,,,,,,,,,N,3,0,1,2,A,-,10,21950,A,N,D,B,B,A,H,-,A,A,0,Y,,,,Y,,-,,0,1,0,0,1,0,0,0,0,- ,- ,,,VENTURA,VENTURA,-119.25710105,34.273729500000002
6873409,2015,2015-09-01,5608,2015-03-25,0842,386,,3,5,6,5608,0,0,0,,0,003,MAIN ST,MILLS RD,0.00,,Y,A,-,N,,,,,,,,,,N,3,0,1,2,A,-,11,21461,,N,-,G,A,-,H,-,A,A,0,,Y,,,Y,,L,04,0,1,0,0,0,0,1,0,0,- ,- ,,,VENTURA,VENTURA,-119.24604991,34.265060069999997
6948780,2015,2015-06-25,5600,2015-05-19,1542,3366,6018,2,5,3,5602,0,0,0,,0,6B01,CENTRAL AV,MAIN ST,9.00,N,N,A,-,N,,,,,,,,,,Y,4,0,2,3,A,-,10,21950,A,N,G,B,B,A,H,-,A,A,0,Y,,,,Y,,D,22,0,0,2,0,2,0,0,0,0,- ,- ,,,VENTURA,FILLMORE,-118.91347453,34.39919441
6976712,2015,2015-07-21,5608,2015-06-13,1327,411,,6,5,6,5608,0,0,0,,0,001,W MAIN ST,NORTH VENTURA AV,0.00,,Y,A,-,N,,,,,,,,,,N,2,0,1,2,A,-,09,21453,B,N,G,B,B,A,H,-,A,A,0,Y,,,,Y,,N,60,1,0,0,0,1,0,0,0,0,- ,- ,,,VENTURA,VENTURA,-119.30075999,34.281070100000001
6977708,2015,2015-07-09,5600,2015-04-26,1948,3816,9154,7,5,6,5607,0,0,0,,0,09G,THOUSAND OAKS BL,DUESENBERG DR,169.00,E,N,A,-,N,,,,,,,,,,N,3,0,1,2,A,-,03,22350,,N,H,G,A,A,H,-,B,A,0,,Y,,,Y,,A,07,0,1,0,0,0,0,1,0,0,- ,- ,,,VENTURA,THOUSAND OAKS,-118.83261526,34.166235260000001
6990377,2015,2015-07-27,5609,2015-07-02,1136,374,,4,5,6,5609,0,0,0,,0,,LOS ANGELES AV,TAPO ST,194.00,E,N,A,-,N,,,,,,,,,,N,3,0,1,2,A,-,08,22107,,N,C,G,A,A,H,-,A,A,0,,Y,,,Y,,L,04,0,1,0,0,0,0,1,0,0,- ,- ,,,VENTURA,SIMI VALLEY,-118.70830900999999,34.27169
7003229,2015,2015-07-30,5600,2015-07-13,0735,4483,9128,1,5,6,5607,0,0,0,,0,09H,PAULING DR,VENTU PARK RD,517.00,S,N,A,-,N,,,,,,,,,,N,3,0,1,2,A,-,21,22106,,N,G,B,D,A,H,-,A,D,0,Y,,,,Y,,A,01,0,1,0,0,1,0,0,0,0,- ,- ,,,VENTURA,THOUSAND OAKS,-118.92059399,34.192117060000001
7006133,2015,2015-09-16,5600,2015-08-24,0905,4045,9000,1,5,6,5607,0,0,0,,0,9A01,AVENIDA DE LOS ARBOLES,LA PALOMA CIR,21.00,E,N,A,-,N,,,,,,,,,,Y,1,1,0,2,A,-,11,21954,A,N,G,B,D,A,H,-,A,D,0,Y,,,,Y,,N,60,0,0,0,1,0,0,0,0,0,- ,- ,,,VENTURA,THOUSAND OAKS,-118.89024113000001,34.216236889999998
7023506,2014,2015-09-09,5608,2014-01-10,1805,390,5608,5,5,6,5608,0,0,0,,0,001,THOMPSON BL,WALL DR,41.00,E,N,A,-,N,,,,,,,,,,N,3,0,1,2,A,-,11,21950,B,N,G,B,D,A,H,-,A,D,0,Y,,,,Y,,N,60,0,1,0,0,1,0,0,0,0,- ,- ,,,VENTURA,VENTURA,,
7035571,2015,2015-09-01,5609,2015-07-19,0918,362,,7,5,6,5609,0,0,0,,0,005,TAPO ST,PRESIDIO ST,0.00,,Y,A,-,N,,,,,,,,,,N,2,0,1,1,A,-,03,22350,,N,C,G,A,A,H,-,A,D,0,,Y,,,Y,,L,04,1,0,0,0,0,0,1,0,0,- ,- ,,,VENTURA,SIMI VALLEY,-118.70893011,34.300710000000002
7043784,2015,2015-09-10,9770,2015-08-17,1910,014454,,1,2,9,5600,0,2,4,,1,062,POTRERO RD,THORTON RANCH RD,528.00,W,N,A,-,N,,,,,,,,,,N,3,0,1,2,A,-,08,22107,,F,H,G,A,A,H,-,B,D,0,,Y,,,Y,,-,99,0,1,0,0,0,0,1,0,0,- ,- ,,,VENTURA,UNINCORPORATED,-118.90408515999999,34.152513890000002
7060209,2015,2015-10-12,5605,2015-09-22,1638,101,PATRO,2,5,3,5605,0,0,0,,0,GRID 1,PEARL ST,VENTURA RD,5.00,E,N,A,-,N,,,,,,,,,,N,4,0,1,2,A,-,11,21950,B,N,G,B,D,A,H,-,A,D,0,Y,,,,Y,,A,01,0,0,1,0,1,0,0,0,0,- ,- ,,,VENTURA,PORT HUENEME,-119.19556349,34.150329999999997
7095428,2015,2015-10-14,5600,2015-09-17,1900,2913,9170,4,5,6,5607,0,0,0,,0,09D,TOWNSGATE RD,LAKEVIEW CANYON RD,9.00,W,N,A,-,N,,,,,,,,,,N,3,0,1,2,A,-,10,21950,A,N,G,B,B,A,H,-,B,A,0,Y,,,,Y,,A,01,0,1,0,0,1,0,0,0,0,- ,- ,,,VENTURA,THOUSAND OAKS,-118.81866853,34.150296869999998
7112537,2015,2015-11-05,5608,2015-10-25,1330,462,VTA,7,5,6,5608,0,0,0,,0,001,CALIFORNIA ST,MAIN ST,20.00,N,N,A,-,N,,,,,,,,,,N,4,0,1,2,A,-,11,21954,A,N,-,B,D,A,H,-,A,A,0,Y,,,,Y,,N,60,0,0,1,0,1,0,0,0,0,- ,- ,,,VENTURA,VENTURA,,
7152863,2015,2016-01-14,5600,2015-12-22,1110,4817,8221,2,5,5,5601,0,0,0,,0,8D01,SANTA ROSA RD,ADOLFO RD,12.00,N,N,A,-,N,,,,,,,,,,N,4,0,1,2,A,-,12,21453,A,N,D,G,A,A,H,-,A,A,0,,Y,,,Y,,A,01,0,0,1,0,0,0,1,0,0,- ,- ,34.218499999999999,-119.00507,VENTURA,CAMARILLO,-119.00512467,34.21830533
7181525,2016,2016-02-16,5600,2016-01-21,1634,3852,9084,4,5,6,5607,0,0,0,,0,9B01,HOUSTON DR,HILLCREST DR,50.00,S,N,A,-,N,,,,,,,,,,N,4,0,1,2,A,-,21,22106,,N,H,B,E,A,H,-,A,D,0,Y,,,,Y,,D,22,0,0,1,0,1,0,0,0,0,- ,- ,,,VENTURA,THOUSAND OAKS,-118.86431232,34.181381450000003
7183957,2016,2016-08-15,5608,2016-01-25,0719,313,,1,5,6,5608,0,0,0,,0,004,VENTURA BL,INEZ ST,450.00,E,N,A,F,N,,,,,,,,,,N,3,0,1,2,A,-,03,22350,,N,C,G,A,A,H,-,A,D,0,,Y,,,Y,,-,,0,1,0,0,0,0,1,0,0,- ,- ,,,VENTURA,VENTURA,-119.20504579,34.249809399999997
8035561,2016,2016-06-02,5600,2016-05-16,0845,2979,5106,1,5,4,5690,0,0,0,,0,02A,POINDEXTER AV,MCFADDEN AV,0.00,,Y,A,-,N,,,,,,,,,,,4,0,1,2,D,-,00,,,N,G,B,B,A,H,-,A,A,0,Y,,,,Y,,-,- ,0,0,1,0,1,0,0,0,0,- ,- ,,,VENTURA,MOORPARK,-118.88314011999999,34.284120010000002
8045172,2016,2016-05-23,5609,2016-05-09,1319,310,123,1,5,6,5609,0,0,0,,0,001,LOS ANGELES AV,SIMI VILLAGE DR,0.00,,Y,A,-,N,,,,,,,,,,N,3,0,1,2,D,-,00,,,F,D,G,A,A,H,-,A,A,0,,Y,,,Y,,-,- ,0,1,0,0,0,0,1,0,0,- ,- ,,,VENTURA,SIMI VALLEY,-118.79096007,34.271730009999999
8059032,2016,2016-06-15,5609,2016-05-11,2238,437,,3,5,6,5609,0,0,0,,0,003,ERRINGER RD,ELIZONDO ST,23.00,S,N,A,-,N,,,,,,,,,,N,2,0,1,2,A,-,10,21954,B,N,G,B,D,A,H,-,C,D,0,Y,,,,Y,,A,01,1,0,0,0,1,0,0,0,0,- ,- ,34.265689999999999,-118.76134999999999,VENTURA,SIMI VALLEY,-118.76140820000001,34.265636909999998
8093560,2016,2016-08-01,5600,2016-07-15,1558,4897,8102,5,5,5,5601,0,0,0,,0,08B,CARMEN DR,PONDEROSA DR,10.00,S,N,A,-,N,,,,,,,,,,N,3,0,1,2,A,-,05,21650,1,N,D,G,A,A,H,-,A,A,0,,Y,,,Y,,L,04,0,1,0,0,0,0,1,0,0,- ,- ,34.223469999999999,-119.05062,VENTURA,CAMARILLO,-119.05077206999999,34.22361695
8112478,2016,2016-08-31,5608,2016-08-20,2305,267,,6,5,6,5608,0,0,0,,0,002,DALTON ST,LOMA VISTA RD,117.00,N,N,A,-,N,,,,,,,,,,N,3,0,1,2,A,-,12,22450,,M,D,G,A,A,H,-,C,-,0,,Y,,,Y,,L,04,0,1,0,0,0,0,1,0,0,- ,- ,,,VENTURA,VENTURA,-119.25862691,34.275556309999999
8131779,2016,2016-10-03,5606,2016-06-06,1557,1025,5606,1,5,4,5606,0,0,0,,0,001,HARVARD BL,VERNON PL,66.00,E,N,A,-,N,,,,,,,,,,N,3,0,1,2,A,-,09,21804,A,N,G,B,D,A,H,-,A,D,0,Y,,,,Y,,A,01,0,1,0,0,1,0,0,0,0,- ,- ,,,VENTURA,SANTA PAULA,,
81381801,2020,2021-01-06,5609,2020-04-03,0954,452,613,5,5,6,5609,0,0,0,,0,006,ONA CIR,MILDRED ST,89.00,S,N,A,-,N,,,,,,,,,,Y,2,0,1,2,C,-,18,,,N,H,B,E,A,H,-,A,D,0,Y,,,,Y,,-,- ,1,0,0,0,1,0,0,0,0,- ,- ,34.267631530761719,-118.68846130371094,VENTURA,SIMI VALLEY,-118.68865203857422,34.268154144287109
81381969,2020,2021-01-06,5609,2020-07-02,0742,452,407,4,5,6,5609,0,0,0,,0,004,ALAMO ST,SEQUOIA AVE,11.00,E,N,A,-,N,,,,,,,,,,N,4,0,1,2,A,-,10,21950,A,N,G,B,B,A,H,-,A,A,0,Y,,,,Y,,A,07,0,0,1,0,1,0,0,0,0,- ,- ,34.286380767822266,-118.73072814941406,VENTURA,SIMI VALLEY,-118.73084259033203,34.286441802978516
81382252,2020,2021-01-06,5609,2020-10-25,1458,497,,7,5,6,5609,0,0,0,,0,004,TRACY AVE,COCHRAN ST,12.00,S,N,B,-,N,,,,,,,,,,N,4,0,1,2,A,-,12,21453,A,F,G,B,B,A,H,-,A,A,0,Y,,,,Y,,D,22,0,0,1,0,1,0,0,0,0,- ,- ,34.278961181640625,-118.72360229492188,VENTURA,SIMI VALLEY,-118.72362518310547,34.278987884521484
8146038,2016,2016-10-17,5609,2016-09-26,1524,312,,1,5,6,5609,0,0,0,,0,,HUBBARD ST,LOS ANGELES AV,0.00,,Y,A,-,N,,,,,,,,,,N,4,0,1,2,A,-,09,21804,A,N,D,G,A,A,H,-,A,A,0,,Y,,,Y,,L,04,0,0,1,0,0,0,1,0,0,- ,- ,34.27178,-118.77003999999999,VENTURA,SIMI VALLEY,-118.77014008,34.271800059999997
8151409,2016,2016-10-28,5600,2016-09-29,1655,4898,1005,4,5,2,5603,0,0,0,,0,1B01,E OJAI AV,N MONTGOMERY ST,0.00,,Y,A,-,N,,,,,,,,,,N,4,0,1,2,A,-,10,21950,A,N,G,B,C,A,H,-,A,D,0,Y,,,,Y,,A,08,0,0,1,0,1,0,0,0,0,- ,- ,,,VENTURA,OJAI,-119.24297987,34.447960049999999
81577398,2021,2021-09-23,5600,2021-07-19,2030,5179,,1,5,5,5601,0,0,0,,0,,PANCHO RD,ADOHR LN,0.00,,Y,A,-,N,,,,,,,,,,N,3,0,1,2,A,-,14,21201,D,N,D,G,A,A,H,-,D,D,0,,Y,,,Y,,L,04,0,1,0,0,0,0,1,0,0,- ,- ,34.203239440917969,-119.01531219482422,VENTURA,CAMARILLO,-119.01177978515625,34.205299377441406
81630001,2021,2021-11-19,5600,2021-11-16,1603,4973,8133,2,5,5,5601,0,0,0,,0,8C01,MARCO DR,LAS POSAS RD,25.00,S,N,A,-,N,,,,,,,,,,N,3,0,1,2,A,-,05,21650,1,N,D,G,A,A,H,-,A,A,0,,Y,,,Y,,L,04,0,1,0,0,0,0,1,0,0,- ,- ,34.242488861083984,-119.01412200927734,VENTURA,CAMARILLO,-119.01409912109375,34.242393493652344