CASE_ID,ACCIDENT_YEAR,PROC_DATE,JURIS,COLLISION_DATE,COLLISION_TIME,OFFICER_ID,REPORTING_DISTRICT,DAY_OF_WEEK,CHP_SHIFT,POPULATION,CNTY_CITY_LOC,SPECIAL_COND,BEAT_TYPE,CHP_BEAT_TYPE,CITY_DIVISION_LAPD,CHP_BEAT_CLASS,BEAT_NUMBER,PRIMARY_RD,SECONDARY_RD,DISTANCE,DIRECTION,INTERSECTION,WEATHER_1,WEATHER_2,STATE_HWY_IND,CALTRANS_COUNTY,CALTRANS_DISTRICT,STATE_ROUTE,ROUTE_SUFFIX,POSTMILE_PREFIX,POSTMILE,LOCATION_TYPE,RAMP_INTERSECTION,SIDE_OF_HWY,TOW_AWAY,COLLISION_SEVERITY,NUMBER_KILLED,NUMBER_INJURED,PARTY_COUNT,PRIMARY_COLL_FACTOR,PCF_CODE_OF_VIOL,PCF_VIOL_CATEGORY,PCF_VIOLATION,PCF_VIOL_SUBSECTION,HIT_AND_RUN,TYPE_OF_COLLISION,MVIW,PED_ACTION,ROAD_SURFACE,ROAD_COND_1,ROAD_COND_2,LIGHTING,CONTROL_DEVICE,CHP_ROAD_TYPE,PEDESTRIAN_ACCIDENT,BICYCLE_ACCIDENT,MOTORCYCLE_ACCIDENT,TRUCK_ACCIDENT,NOT_PRIVATE_PROPERTY,ALCOHOL_INVOLVED,STWD_VEHTYPE_AT_FAULT,CHP_VEHTYPE_AT_FAULT,COUNT_SEVERE_INJ,COUNT_VISIBLE_INJ,COUNT_COMPLAINT_PAIN,COUNT_PED_KILLED,COUNT_PED_INJURED,COUNT_BICYCLIST_KILLED,COUNT_BICYCLIST_INJURED,COUNT_MC_KILLED,COUNT_MC_INJURED,PRIMARY_RAMP,SECONDARY_RAMP,LATITUDE,LONGITUDE,COUNTY,CITY,POINT_X,POINT_Y
81672277,2021,2022-01-06,5609,2021-06-23,1005,499,,3,5,6,5609,0,0,0,,0,004,LOS ANGELES AVE,DARRAH AVE,186.00,W,N,A,-,N,,,,,,,,,,N,2,0,1,2,A,-,03,22350,,N,C,G,A,A,H,-,A,D,0,,Y,,Y,Y,,L,04,1,0,0,0,0,0,1,0,0,- ,- ,34.271648406982422,-118.72280120849609,VENTURA,SIMI VALLEY,-118.72336578369141,34.271678924560547
81728569,2022,2022-03-22,5600,2022-02-23,1410,5189,8012,3,5,5,5601,0,0,0,,0,8A01,CALLE LA RODA,CALLE LA SOMBRA,21.00,N,N,A,-,N,,,,,,,,,,N,3,0,1,2,A,-,09,21804,A,N,D,G,A,A,D,-,A,A,0,,Y,,,Y,,L,04,0,1,0,0,0,0,1,0,0,- ,- ,34.132801055908203,-119.03589630126953,VENTURA,CAMARILLO,-119.06645965576172,34.224338531494141
81847217,2022,2022-08-24,5609,2022-08-16,1701,5033,,2,5,6,5609,0,0,0,,0,004,ERRINGER RD,LARCH ST,7.00,S,N,A,-,N,,,,,,,,,,N,3,0,1,2,A,-,12,21453,A,N,G,B,B,A,H,-,A,A,0,Y,,,,Y,,A,01,0,1,0,0,1,0,0,0,0,- ,- ,34.275039672851562,-118.76116943359375,VENTURA,SIMI VALLEY,-118.76139831542969,34.275371551513672
81874073,2022,2022-09-27,5600,2022-09-05,1432,4221,9100,1,5,6,5607,0,0,0,,0,9B01,MOORPARK RD,BRAZIL ST,215.00,N,N,A,-,N,,,,,,,,,,Y,2,0,2,2,A,-,05,21650,1,N,A,G,A,A,H,-,A,D,0,,Y,,,Y,,L,04,1,1,0,0,0,0,1,0,0,- ,- ,34.184089660644531,-118.87544250488281,VENTURA,THOUSAND OAKS,-118.87541198730469,34.184661865234375
8196240,2016,2017-01-05,5608,2016-11-23,1326,481,VENTU,3,5,6,5608,0,0,0,,0,003,TELEPHONE RD,VICTORIA AV,320.00,W,N,A,-,N,,,,,,,,,,N,4,0,1,2,A,-,03,22350,,N,D,G,A,A,H,-,A,D,0,,Y,,,Y,,L,04,0,0,1,0,0,0,1,0,0,- ,- ,,,VENTURA,VENTURA,-119.21359721,34.265287129999997
82088727,2023,2023-06-08,5609,2023-05-30,2349,5023,,2,5,6,5609,0,0,0,,0,002,ROYAL AVE,EL MONTE DR,409.00,E,N,B,-,N,,,,,,,,,,N,2,0,1,2,A,-,11,21950,B,N,G,B,D,A,H,-,C,D,0,Y,,,,Y,,N,60,1,0,0,0,1,0,0,0,0,- ,- ,34.264350891113281,-118.78520202636719,VENTURA,SIMI VALLEY,-118.78377532958984,34.264430999755859
82239961,2023,2023-11-27,5600,2023-10-09,2039,5927,8252,1,5,5,5601,0,0,0,,0,8C01,VILLAGE AT THE PARK DR,WESTPARK CT,0.00,,Y,A,-,N,,,,,,,,,,N,3,0,1,2,A,-,09,21800,A,N,D,G,A,A,H,-,C,A,0,,Y,,,Y,,-,- ,0,1,0,0,0,0,1,0,0,- ,- ,34.211688995361328,-119.02877807617188,VENTURA,CAMARILLO,-119.02886700000001,34.211643000000002
82298554,2023,2024-02-21,5600,2023-10-15,948 ,4045,,7,5,6,5607,0,0,0,,0,9C01,KIMBER DR,BAXTER ST,194.00,E,N,A,-,N,,,,,,,,,,Y,1,1,0,3,A,-,07,21658,A,N,G,B,E,A,H,-,A,D,0,Y,,,,Y,Y,A,01,0,0,0,1,0,0,0,0,0,- ,- ,34.173660278320312,-118.94969940185547,VENTURA,THOUSAND OAKS,-118.94921875,34.174072265625
82344730,2024,2024-03-22,5608,2024-01-03,2206,533,,3,5,6,5608,0,0,0,,0,002,HARBOR BOULEVARD,SCHOONER DRIVE,1056.00,N,N,A,-,N,,,,,,,,,,N,1,1,0,2,A,-,03,22350,,F,G,B,D,A,H,-,C,D,0,Y,,,,Y,Y,A,01,0,0,0,1,0,0,0,0,0,- ,- ,,,VENTURA,VENTURA,-119.25877380371094,34.251914978027344
82345754,2024,2024-03-25,5600,2024-03-22,1113,5253,1005,5,5,2,5603,0,0,0,,0,1B01,OJAI AVENUE/SR-150,SIGNAL ST,10.00,E,N,A,-,Y,VEN,,150, , ,17.550,H,,R,N,4,0,1,2,A,-,10,21950,A,N,G,B,B,A,H,-,A,A,0,Y,,,,Y,,A,07,0,0,1,0,1,0,0,0,0,- ,- ,34.447769165039062,-119.24594116210938,VENTURA,OJAI,-119.24593353271484,34.447734832763672
82372607,2024,2024-04-23,5600,2024-04-16,638 ,5256,8202,2,5,5,5601,0,0,0,,0,8C01,DAWSON DR,MISSION OAKS BL (W),3.00,N,N,A,-,N,,,,,,,,,,N,3,0,1,2,A,-,05,21202,A,N,D,G,A,A,H,-,A,D,0,,Y,,,Y,,L,04,0,1,0,0,0,0,1,0,0,- ,- ,34.214691162109375,-119.03617858886719,VENTURA,CAMARILLO,-119.03193664550781,34.217166900634766
82394631,2024,2024-05-23,5600,2024-05-15,1634,5256,,3,5,5,5601,0,0,0,,0,8C01,TEMPLE AV,PONDEROSA DR,12.00,S,N,B,-,N,,,,,,,,,,N,3,0,1,2,A,-,05,21202,A,N,D,G,A,A,H,-,A,A,0,,Y,,,Y,,L,04,0,1,0,0,0,0,1,0,0,- ,- ,34.229339599609375,-119.03103637695312,VENTURA,CAMARILLO,-119.031005859375,34.229415893554688
82417959,2024,2024-06-19,5609,2024-06-08,1340,5120,,6,5,6,5609,0,0,0,,0,,YOSEMITE AVE,LOS ANGELES AVE,456.00,S,N,A,-,N,,,,,,,,,,N,3,0,1,2,A,-,17,21663,,N,D,G,A,A,H,-,A,D,0,,Y,,,Y,,-,- ,0,1,0,0,0,0,1,0,0,- ,- ,34.271751403808594,-118.67838287353516,VENTURA,SIMI VALLEY,-118.67839050292969,34.270488739013672
8326264,2017,2017-03-22,5600,2017-02-15,1915,2740,9050,3,5,6,5607,0,0,0,,0,09B,MOORPARK RD,COLUMBIA RD,15.00,N,N,A,-,N,,,,,,,,,,Y,2,0,1,2,A,-,11,21461,5,N,G,B,D,A,H,-,C,A,0,Y,,,,Y,Y,N,60,1,0,0,0,1,0,0,0,0,- ,- ,,,VENTURA,THOUSAND OAKS,-118.86836,34.202261159999999
8358633,2017,2017-05-05,5608,2017-04-25,1344,372,,2,5,6,5608,0,0,0,,0,,MILLS RD,TELEGRAPH RD,0.00,,Y,A,-,N,,,,,,,,,,N,3,0,1,2,A,-,09,21802,B,N,D,G,A,A,H,-,A,A,0,,Y,,,Y,,L,04,0,1,0,0,0,0,1,0,0,- ,- ,,,VENTURA,VENTURA,-119.24781987,34.27308008
8389533,2017,2017-06-15,5608,2017-05-31,1415,365,,3,5,6,5608,0,0,0,,0,002,TELEGRAPH RD,WAKE FOREST AV,0.00,,Y,A,-,N,,,,,,,,,,N,3,0,1,2,A,-,10,21950,A,N,G,B,B,A,H,-,A,A,0,Y,,,,Y,,-,,0,1,0,0,1,0,0,0,0,- ,- ,,,VENTURA,VENTURA,-119.21795988,34.277570040000001
8401198,2016,2018-04-18,5604,2016-09-29,1800,5415,,4,5,6,5604,0,0,0,,0,032,S OXNARD BL,WOLFF ST,50.00,N,N,A,-,N,,,,,,,,,,N,4,0,1,2,B,-,22,,,N,G,B,F,A,H,-,A,D,0,Y,,,,Y,,A,01,0,0,1,0,1,0,0,0,0,- ,- ,34.188459999999999,-119.17658,VENTURA,OXNARD,-119.17749882,34.188384720000002
8408311,2017,2017-07-26,5609,2017-07-07,0758,374,,5,5,6,5609,0,0,0,,0,,COCHRAN ST,STOW ST,0.00,,Y,A,-,N,,,,,,,,,,N,3,0,1,2,A,-,09,21801,A,N,D,G,A,A,H,-,A,A,0,,Y,,,Y,,A,01,0,1,0,0,0,0,1,0,0,- ,- ,34.279040000000002,-118.68268999999999,VENTURA,SIMI VALLEY,-118.68276003,34.279010110000002
8415800,2016,2018-04-26,5604,2016-06-13,0831,4942,,1,5,6,5604,0,0,0,,0,041,SAVIERS RD,CHANNEL ISLANDS BL,0.00,,Y,A,-,N,,,,,,,,,,N,3,0,1,2,A,-,10,21950,A,F,G,B,B,A,H,-,A,A,0,Y,,,,Y,,A,01,0,1,0,0,1,0,0,0,0,- ,- ,,,VENTURA,OXNARD,-119.17766002,34.173440020000001
8430035,2017,2017-08-18,5608,2017-08-03,1846,322,,4,5,6,5608,0,0,0,,0,001,FIGUEROA ST,HARBOR BL,0.00,,Y,A,-,N,,,,,,,,,,N,2,0,1,2,A,-,08,22101,D,N,D,G,A,A,H,-,A,A,0,,Y,,,Y,Y,-,- ,1,0,0,0,0,0,1,0,0,- ,- ,,,VENTURA,VENTURA,-119.29769997,34.276890039999998
84387565,2024,2024-09-10,5600,2024-08-29,803 ,5629,,4,5,6,5607,0,0,0,,0,9A01,LYNN RD,LOTUS AV,145.00,S,N,A,-,N,,,,,,,,,,N,4,0,1,2,A,-,08,22107,,N,C,G,A,A,H,-,A,D,0,,Y,,,Y,,D,22,0,0,1,0,0,0,1,0,0,- ,- ,34.203701019287109,-118.88968658447266,VENTURA,THOUSAND OAKS,-118.8900146484375,34.203418731689453
8443472,2017,2017-09-07,5605,2017-08-13,1721,135,PATRO,7,5,3,5605,0,0,0,,0,GRID4,BOLKER DR,BOLKER WY,0.00,,Y,A,-,N,,,,,,,,,,N,4,0,1,2,A,-,09,21802,A,N,D,G,A,A,H,-,A,A,0,,Y,,,Y,,L,04,0,0,1,0,0,0,1,0,0,- ,- ,34.179789999999997,-119.20626,VENTURA,PORT HUENEME,-119.20620009,34.179820040000003
84467191,2024,2024-11-13,5600,2024-10-25,1723,5256,,5,5,5,5601,0,0,0,,0,8C01,EAST PARK,BELLAFONTE CT,7.00,W,N,A,-,N,,,,,,,,,,N,3,0,1,2,A,-,11,21950,B,N,G,B,D,A,H,-,A,D,0,Y,,,,Y,,N,60,0,1,0,0,1,0,0,0,0,- ,- ,34.210758209228516,-119.02043914794922,VENTURA,CAMARILLO,-119.02046966552734,34.210800170898438
84522378,2024,2025-01-01,5609,2024-12-19,1702,447,,4,5,6,5609,0,0,0,,0,003,ROYAL AVE,RINCON ST,148.00,E,N,A,-,N,,,,,,,,,,N,2,0,1,2,A,-,09,21804,A,N,D,G,A,A,H,-,B,D,0,,Y,,,Y,,L,04,1,0,0,0,0,0,1,0,0,- ,- ,34.260761260986328,-118.74674224853516,VENTURA,SIMI VALLEY,-118.74623107910156,34.260841369628906
84579351,2025,2025-02-14,5600,2025-02-04,716 ,4704,,2,5,5,5601,0,0,0,,0,8B01,PONDEROSA DR,ARNEILL RD,12.00,E,N,A,-,N,,,,,,,,,,N,3,0,2,3,A,-,10,21950,A,N,G,B,B,A,H,-,A,A,0,Y,,,,Y,,D,22,0,1,1,0,2,0,0,0,0,- ,- ,34.223560333251953,-119.03898620605469,VENTURA,CAMARILLO,-119.03900146484375,34.223529815673828
8459462,2017,2017-09-28,5608,2017-09-15,2308,441,,5,5,6,5608,0,0,0,,0,001,W VILLANOVA RD,OLIVE,360.00,E,N,A,-,N,,,,,,,,,,N,3,0,1,2,A,-,01,21200,5,N,B,G,A,A,H,-,C,D,0,,Y,,,Y,Y,L,04,0,1,0,0,0,0,1,0,0,- ,- ,,,VENTURA,VENTURA,,
84651193,2025,2025-04-17,5600,2025-03-18,815 ,6005,,2,5,5,5601,0,0,0,,0,8C01,SHEPHERD DR,PONDEROSA DR,9.00,W,N,A,-,N,,,,,,,,,,N,4,0,1,2,A,-,12,22450,A,N,B,G,A,A,H,-,A,A,0,,Y,,,Y,,M,91,0,0,1,0,0,0,1,0,0,- ,- ,34.232391357421875,-119.02680969238281,VENTURA,CAMARILLO,-119.02690124511719,34.232521057128906
84860956,2025,2025-09-26,5600,2025-08-28,1848,5207,,4,5,2,5603,0,0,0,,0,1A01,CUYAMA RD,CHURCH RD,0.00,,Y,A,-,N,,,,,,,,,,N,3,0,1,2,D,-,00,,,N,D,G,A,A,H,-,A,D,0,,Y,,,Y,,-,- ,0,1,0,0,0,0,1,0,0,- ,- ,34.446010589599609,-119.26593780517578,VENTURA,OJAI,-119.2659912109375,34.445960998535156
85074904,2026,2026-03-17,5600,2026-02-08,1022,5280,,7,5,5,5601,0,0,0,,0,8D01,WOODCREEK RD,UPLAND RD,0.00,,Y,A,-,N,,,,,,,,,,N,3,0,1,2,A,-,10,21950,A,N,G,B,B,A,H,-,A,A,0,Y,,,,Y,,A,01,0,1,0,0,1,0,0,0,0,- ,- ,34.238819122314453,-119.98895263671875,VENTURA,CAMARILLO,-118.99764251708984,34.237186431884766
85094902,2026,2026-03-13,5600,2026-02-14,1609,5795,,6,5,4,5690,0,0,0,,0,,LOS ANGELES AV,SPRING RD,140.00,E,N,A,-,N,,,,,,,,,,N,3,0,1,2,A,-,09,21800,A,N,D,G,A,A,H,-,A,D,0,,,Y,,Y,,C,02,0,1,0,0,0,0,0,0,1,- ,- ,34.2789306640625,-118.87474060058594,VENTURA,MOORPARK,-118.87422943115234,34.278934478759766
85106976,2026,2026-03-23,5600,2026-02-27,1909,5924,,5,5,6,5607,0,0,0,,0,9H01,VENTU PARK RD,HILLCREST DR,0.00,,Y,A,B,N,,,,,,,,,,N,3,0,1,2,A,-,05,21650,1,N,D,G,A,A,H,-,C,A,0,,Y,,,Y,,M,91,0,1,0,0,0,0,1,0,0,- ,- ,34.188240051269531,-118.91121673583984,VENTURA,THOUSAND OAKS,-118.91139221191406,34.188301086425781
8521051,2017,2018-01-05,5609,2017-12-01,1339,374,,5,5,6,5609,0,0,0,,0,,ERRINGER RD,HEYWOOD ST,13.00,S,N,A,-,N,,,,,,,,,,N,4,0,1,2,A,-,10,21950,A,N,G,B,B,A,H,-,A,A,0,Y,,,,Y,,A,01,0,0,1,0,1,0,0,0,0,- ,- ,34.268419999999999,-118.76132,VENTURA,SIMI VALLEY,-118.76141,34.26839433
8526778,2017,2018-01-11,5606,2017-11-27,0912,1117,5606,1,5,4,5606,0,0,0,,0,001,HARVARD BL,OLIVE ST,0.00,,Y,A,-,N,,,,,,,,,,N,3,0,1,2,A,-,10,21950,A,N,G,B,B,A,H,-,A,A,0,Y,,,,Y,,A,01,0,1,0,0,1,0,0,0,0,- ,- ,,,VENTURA,SANTA PAULA,-119.06825008,34.347470029999997
8529844,2017,2018-01-16,5608,2017-12-26,1749,372,,2,5,6,5608,0,0,0,,0,,HARBOR BL,SEAWARD AV,0.00,,Y,A,-,N,,,,,,,,,,N,3,0,1,2,A,-,11,21950,B,N,G,B,B,A,H,-,C,A,0,Y,,,,Y,Y,N,60,0,1,0,0,1,0,0,0,0,- ,- ,,,VENTURA,VENTURA,-119.27023993,34.264860030000001
8554764,2016,2018-04-24,5604,2016-02-24,1515,4750,,3,5,6,5604,0,0,0,,0,014,OXNARD BL,TOWN CENTER DR,0.00,,Y,A,-,N,,,,,,,,,,N,4,0,1,3,A,-,10,21950,A,N,G,B,B,A,H,-,A,A,0,Y,,,,Y,,A,01,0,0,1,0,1,0,0,0,0,- ,- ,,,VENTURA,OXNARD,-119.18025013,34.241530099999999
8554915,2016,2018-04-23,5604,2016-11-29,0740,4795,,2,5,6,5604,0,0,0,,0,031,JUANITA AV,MORADO PL,100.00,S,N,A,-,N,,,,,,,,,,N,4,0,1,2,A,-,10,21952,,F,G,B,C,A,H,-,A,D,0,Y,,,,Y,Y,A,01,0,0,1,0,1,0,0,0,0,- ,- ,34.218290000000003,-119.1703,VENTURA,OXNARD,-119.16849457000001,34.21148556
8554945,2016,2018-04-25,5604,2016-11-03,1746,5243,,4,5,6,5604,0,0,0,,0,022,3RD ST,E ST,190.00,W,N,A,-,N,,,,,,,,,,Y,3,0,1,2,A,-,11,21954,A,N,G,B,D,A,H,-,B,D,0,Y,,,,Y,,N,60,0,1,0,0,1,0,0,0,0,- ,- ,,,VENTURA,OXNARD,,
8555111,2016,2018-04-27,5604,2016-04-21,1640,5360,,4,5,6,5604,0,0,0,,0,042,BARD RD,SAVIERS RD,300.00,E,N,A,-,N,,,,,,,,,,N,3,0,1,2,A,-,05,21650,1,F,A,G,A,A,H,-,A,A,0,,Y,,,Y,,L,04,0,1,0,0,0,0,1,0,0,- ,- ,34.15616,-119.18471,VENTURA,OXNARD,,
8557458,2016,2018-05-03,5604,2016-12-02,2500,5176,,5,5,6,5604,0,0,0,,0,014,CITRUS GROVE LN,OXNARD BL,100.00,W,N,A,-,N,,,,,,,,,,N,4,0,1,2,A,-,05,21650,1,N,D,G,A,A,H,-,A,A,0,,Y,,,Y,,L,04,0,0,1,0,0,0,1,0,0,- ,- ,34.516350000000003,-119.1559,VENTURA,OXNARD,-119.17789037999999,34.221123609999999
8557495,2016,2018-05-03,5604,2016-09-14,1840,5417,,3,5,6,5604,0,0,0,,0,032,BEACON DR,PACIFIC AV,100.00,E,N,A,-,N,,,,,,,,,,N,3,0,1,2,A,-,08,22107,,N,D,G,A,A,H,-,A,D,0,,Y,,,Y,Y,L,04,0,1,0,0,0,0,1,0,0,- ,- ,34.155070000000002,-119.1751,VENTURA,OXNARD,-119.16481975000001,34.184297319999999
8558963,2018,2018-03-06,5600,2018-02-06,0752,4045,9072,2,5,6,5607,0,0,0,,0,9G01,THOUSAND OAKS BL,LOS FELIZ DR,2.00,W,N,A,-,N,,,,,,,,,,N,3,0,1,2,A,-,05,21650,1,N,H,G,A,A,H,-,A,A,0,,Y,,,Y,,L,04,0,1,0,0,0,0,1,0,0,- ,- ,,,VENTURA,THOUSAND OAKS,-118.85089111328125,34.177394866943359
8590165,2018,2018-04-05,5609,2018-02-13,1153,310,607,2,5,6,5609,0,0,0,,0,006,RAINWOOD ST,STEARNS ST,15.00,E,N,A,-,N,,,,,,,,,,N,3,0,1,2,A,-,10,21950,A,N,G,B,B,A,H,-,A,A,0,Y,,,,Y,,A,01,0,1,0,0,1,0,0,0,0,- ,- ,34.274921417236328,-118.69126892089844,VENTURA,SIMI VALLEY,-118.69133758544922,34.274929046630859
8590786,2018,2018-08-10,5600,2018-03-01,2130,4874,6003,4,5,3,5602,0,0,0,,0,6A01,RT 126,B ST,0.00,,Y,C,-,Y,VEN,7,126,-,-,20.861,I,5,E,N,3,0,1,2,A,-,17,21451,A,N,G,B,B,B,H,-,C,A,0,Y,,,,Y,,D,22,0,1,0,0,1,0,0,0,0,- ,- ,,,VENTURA,FILLMORE,-118.92253112792969,34.395538330078125
8598217,2017,2018-04-19,5604,2017-01-13,1211,5485,,5,5,6,5604,0,0,0,,0,023,4TH ST,B ST,0.00,,Y,A,-,N,,,,,,,,,,N,3,0,1,2,A,-,09,21801,A,N,D,G,A,A,H,-,A,A,0,,Y,,,Y,,A,01,0,1,0,0,0,0,1,0,0,- ,- ,,,VENTURA,OXNARD,-119.17984002,34.198999999999998
8598435,2018,2018-04-19,5604,2018-03-19,1135,5231,,1,5,6,5604,0,0,0,,0,012,VENTURA BL,PASEO MERCADO,442.00,E,N,A,-,N,,,,,,,,,,Y,2,0,6,7,B,-,22,,,N,G,B,F,A,H,-,A,D,0,Y,,,,Y,,A,01,1,2,3,0,6,0,0,0,0,- ,- ,,,VENTURA,OXNARD,,
8598794,2017,2018-04-19,5604,2017-03-24,1517,5430,,5,5,6,5604,0,0,0,,0,024,SAVIERS RD,CHANNEL ISLANDS BL,100.00,N,N,A,-,N,,,,,,,,,,N,4,0,1,2,B,-,22,,,N,G,B,B,A,-,-,A,D,0,Y,,,,Y,,A,01,0,0,1,0,1,0,0,0,0,- ,- ,34.173609999999996,-119.17796,VENTURA,OXNARD,-119.17765101000001,34.173714369999999
8599923,2017,2018-04-20,5604,2017-07-26,1503,5508,,3,5,6,5604,0,0,0,,0,023,E 6TH ST,B ST,100.00,E,N,A,-,N,,,,,,,,,,N,4,0,1,2,A,-,05,21650,1,N,D,G,A,A,H,-,A,D,0,,Y,,,Y,,L,04,0,0,1,0,0,0,1,0,0,- ,- ,34.196210000000001,-119.176,VENTURA,OXNARD,-119.17952968,34.196359999999999
8600425,2017,2018-04-30,5604,2017-10-17,2215,5417,,2,5,6,5604,0,0,0,,0,024,LAUREL ST,C ST,0.00,,Y,A,-,N,,,,,,,,,,N,4,0,1,2,A,-,03,22350,,F,G,B,E,A,H,-,C,A,0,Y,,,,Y,,A,01,0,0,1,0,1,0,0,0,0,- ,- ,,,VENTURA,OXNARD,-119.18134008,34.177420099999999
8600646,2017,2018-04-24,5604,2017-03-31,0730,5360,,5,5,6,5604,0,0,0,,0,032,LAUREL ST,SAN MARINO ST,0.00,,Y,A,-,N,,,,,,,,,,N,4,0,1,2,A,-,10,21950,A,N,A,B,B,A,H,-,A,A,0,Y,,,,Y,,A,01,0,0,1,0,1,0,0,0,0,- ,- ,34.177300000000002,-119.17628999999999,VENTURA,OXNARD,-119.1763,34.177330069999996
8601005,2017,2018-04-24,5604,2017-10-25,0640,4957,,3,5,6,5604,0,0,0,,0,032,5TH ST,PACIFIC AV,0.00,,Y,A,-,N,,,,,,,,,,N,3,0,1,2,A,-,12,22450,A,N,D,G,A,A,H,-,B,D,0,,Y,,,Y,,D,72,0,1,0,0,0,0,1,0,0,- ,- ,34.19708,-119.16477,VENTURA,OXNARD,-119.16477012999999,34.197070089999997
8601328,2017,2018-04-26,5604,2017-06-23,0935,5406,,5,5,6,5604,0,0,0,,0,012,WOOLEY RD,J ST,0.00,,Y,A,-,N,,,,,,,,,,N,3,0,1,2,A,-,11,21461,5,F,G,B,D,A,H,-,A,A,0,Y,,,Y,Y,Y,N,60,0,1,0,0,1,0,0,0,0,- ,- ,34.196559999999998,-119.19611999999999,VENTURA,OXNARD,-119.18952002,34.19004004
8601350,2017,2018-04-26,5604,2017-07-10,0843,5158,,1,5,6,5604,0,0,0,,0,012,WILLIAMS DR,RIBERA DR,0.00,,Y,A,-,N,,,,,,,,,,N,4,0,1,2,A,-,12,22450,A,F,G,B,B,A,H,-,-,D,0,Y,,,,Y,,A,71,0,0,1,0,1,0,0,0,0,- ,- ,34.216349999999998,-119.1559,VENTURA,OXNARD,-119.15412005,34.213730060000003
8601564,2017,2018-04-30,5604,2017-06-24,1934,5496,,6,5,6,5604,0,0,0,,0,014,TOWN CENTER DR,RIVERPARK BL,200.00,W,N,A,-,N,,,,,,,,,,N,3,0,1,2,B,-,22,,,N,G,B,B,A,H,-,A,D,0,Y,,,,Y,,A,01,0,1,0,0,1,0,0,0,0,- ,- ,34.238109999999999,-119.17625,VENTURA,OXNARD,-119.17604362,34.238415500000002
8601581,2017,2018-04-23,5604,2017-03-03,0922,5431,,5,5,6,5604,0,0,0,,0,022,1ST ST,OXNARD BL,0.00,,Y,A,-,N,,,,,,,,,,Y,3,0,1,2,A,-,01,23152,E,N,D,G,A,A,H,-,A,A,0,,Y,,,Y,,A,07,0,1,0,0,0,0,1,0,0,- ,- ,34.202950000000001,-119.17731000000001,VENTURA,OXNARD,-119.17740008,34.20296012
8613042,2018,2018-05-11,5604,2018-04-09,2030,5527,,1,5,6,5604,0,0,0,,0,032,OXNARD BL,COMMERCIAL AV,50.00,S,N,A,-,N,,,,,,,,,,N,4,0,1,2,A,-,11,21954,A,N,G,B,D,A,H,-,C,D,0,Y,,,,Y,,N,60,0,0,1,0,1,0,0,0,0,- ,- ,,,VENTURA,OXNARD,-119.17244720458984,34.185836791992188
8638410,2018,2018-06-21,5608,2018-06-02,1155,490,VTA,6,5,6,5608,0,0,0,,0,001,OLIVE ST,SANTA CLARA ST,91.00,S,N,A,-,N,,,,,,,,,,N,4,0,1,2,A,-,17,22517,,N,B,G,A,A,H,-,A,D,0,,Y,,,Y,,-,,0,0,1,0,0,0,1,0,0,- ,- ,,,VENTURA,VENTURA,-119.30386352539062,34.279258728027344
8648428,2018,2020-05-26,5600,2018-11-10,1735,1929,9076,6,5,6,5607,0,0,0,,0,09H,MOORPARK AV,MAYFLOWER ST,3.00,S,N,A,-,N,,,,,,,,,,Y,1,1,0,2,A,-,11,21954,A,N,G,B,D,A,H,-,C,D,0,Y,,,,Y,Y,N,60,0,0,0,1,0,0,0,0,0,- ,- ,,,VENTURA,THOUSAND OAKS,-118.87440490722656,34.191150665283203
8656565,2018,2019-01-16,5608,2018-07-09,1306,501,,1,5,6,5608,0,0,0,,0,001,MAIN ST,PALM,4.70,E,N,A,-,N,,,,,,,,,,Y,3,0,2,2,A,-,21,22106,,N,B,B,A,A,H,-,A,D,0,,,,,Y,,D,22,0,2,0,0,0,0,0,0,0,- ,- ,,,VENTURA,VENTURA,-119.29617309570312,34.280811309814453
8658858,2018,2018-07-10,5609,2018-05-21,1957,389,,1,5,6,5609,0,0,0,,0,004,COCHRAN ST,SYCAMORE DR,20.00,E,N,B,-,N,,,,,,,,,,N,2,0,1,2,A,-,12,21453,A,N,H,G,A,A,H,-,C,A,0,,Y,,,Y,,L,04,1,0,0,0,0,0,1,0,0,- ,- ,34.279079437255859,-118.74381256103516,VENTURA,SIMI VALLEY,-118.74384307861328,34.278999328613281
8687118,2018,2018-11-05,5600,2018-08-05,1530,5107,6020,7,5,3,5602,0,0,0,,0,6B01,CLAY ST,SESPE ST,100.00,S,N,A,-,N,,,,,,,,,,N,3,0,1,2,A,-,11,21954,A,N,G,B,D,A,H,-,A,D,0,Y,,,,Y,,N,60,0,1,0,0,1,0,0,0,0,- ,- ,,,VENTURA,FILLMORE,-118.91013336181641,34.400890350341797
8705132,2018,2018-10-09,5600,2018-09-06,2032,5388,9050,4,5,6,5607,0,0,0,,0,09B,MONTGOMERY RD,WAVERLY HEIGHTS DR,0.00,,Y,A,-,N,,,,,,,,,,N,2,0,1,2,D,-,00,,,N,H,G,A,A,H,-,D,D,0,,Y,,,Y,,-,- ,1,0,0,0,0,0,1,0,0,- ,- ,,,VENTURA,THOUSAND OAKS,-118.86347198486328,34.200160980224609
8705442,2018,2018-10-09,5604,2018-09-08,0508,5135,,6,5,6,5604,0,0,0,,0,014,N VENTURA RD,BEVRA AV,50.00,N,N,A,-,N,,,,,,,,,,N,3,0,1,2,A,-,03,22350,,F,G,B,E,A,H,-,A,D,0,Y,,,,Y,,-,99,0,1,0,0,1,0,0,0,0,- ,- ,34.276199340820312,-119.25225067138672,VENTURA,OXNARD,-119.19463348388672,34.223606109619141