CASE_ID,ACCIDENT_YEAR,PROC_DATE,JURIS,COLLISION_DATE,COLLISION_TIME,OFFICER_ID,REPORTING_DISTRICT,DAY_OF_WEEK,CHP_SHIFT,POPULATION,CNTY_CITY_LOC,SPECIAL_COND,BEAT_TYPE,CHP_BEAT_TYPE,CITY_DIVISION_LAPD,CHP_BEAT_CLASS,BEAT_NUMBER,PRIMARY_RD,SECONDARY_RD,DISTANCE,DIRECTION,INTERSECTION,WEATHER_1,WEATHER_2,STATE_HWY_IND,CALTRANS_COUNTY,CALTRANS_DISTRICT,STATE_ROUTE,ROUTE_SUFFIX,POSTMILE_PREFIX,POSTMILE,LOCATION_TYPE,RAMP_INTERSECTION,SIDE_OF_HWY,TOW_AWAY,COLLISION_SEVERITY,NUMBER_KILLED,NUMBER_INJURED,PARTY_COUNT,PRIMARY_COLL_FACTOR,PCF_CODE_OF_VIOL,PCF_VIOL_CATEGORY,PCF_VIOLATION,PCF_VIOL_SUBSECTION,HIT_AND_RUN,TYPE_OF_COLLISION,MVIW,PED_ACTION,ROAD_SURFACE,ROAD_COND_1,ROAD_COND_2,LIGHTING,CONTROL_DEVICE,CHP_ROAD_TYPE,PEDESTRIAN_ACCIDENT,BICYCLE_ACCIDENT,MOTORCYCLE_ACCIDENT,TRUCK_ACCIDENT,NOT_PRIVATE_PROPERTY,ALCOHOL_INVOLVED,STWD_VEHTYPE_AT_FAULT,CHP_VEHTYPE_AT_FAULT,COUNT_SEVERE_INJ,COUNT_VISIBLE_INJ,COUNT_COMPLAINT_PAIN,COUNT_PED_KILLED,COUNT_PED_INJURED,COUNT_BICYCLIST_KILLED,COUNT_BICYCLIST_INJURED,COUNT_MC_KILLED,COUNT_MC_INJURED,PRIMARY_RAMP,SECONDARY_RAMP,LATITUDE,LONGITUDE,COUNTY,CITY,POINT_X,POINT_Y
8723919,2018,2018-11-20,5604,2018-10-02,1206,5549,,2,5,6,5604,0,0,0,,0,042,SQUIRES DR,PLEASANT VALLEY RD,150.00,S,N,A,-,N,,,,,,,,,,N,4,0,1,2,A,-,21,22106,,N,G,B,F,A,H,-,A,D,0,Y,,,,Y,,A,01,0,0,1,0,1,0,0,0,0,- ,- ,,,VENTURA,OXNARD,-119.17040252685547,34.154289245605469
8747869,2018,2019-01-22,5604,2018-11-19,1738,5512,,1,5,6,5604,0,0,0,,0,014,H ST,W GONZALES RD,0.00,,Y,A,-,N,,,,,,,,,,N,4,0,1,2,A,-,05,21650,1,N,D,G,A,A,H,-,C,D,0,,Y,,,Y,,L,04,0,0,1,0,0,0,1,0,0,- ,- ,34.219131469726562,-119.18630981445312,VENTURA,OXNARD,-119.18630981445312,34.219211578369141
8751738,2018,2018-12-12,5608,2018-11-24,1453,403,,6,5,6,5608,0,0,0,,0,002,LOMA VISTA RD,JOANNE AV,10.00,N,N,A,-,N,,,,,,,,,,N,3,0,1,2,A,-,09,21804,,N,D,G,A,A,H,-,A,A,0,,Y,,,Y,,-,,0,1,0,0,0,0,1,0,0,- ,- ,,,VENTURA,VENTURA,-119.2564697265625,34.275543212890625
8753704,2018,2019-01-31,5608,2018-12-13,1730,466,,4,5,6,5608,0,0,0,,0,004,SARATOGA AV,TELEPHONE RD,0.00,,Y,A,-,N,,,,,,,,,,N,3,0,1,2,A,-,11,21456,B,N,G,B,B,A,H,-,B,A,0,Y,,,,Y,,N,60,0,1,0,0,1,0,0,0,0,- ,- ,,,VENTURA,VENTURA,-119.219970703125,34.264358520507812
8753755,2018,2019-02-02,5608,2018-12-08,1117,483,VENTU,6,5,6,5608,0,0,0,,0,002,BRENT ST,PREBLE AV,214.00,N,N,A,-,N,,,,,,,,,,N,2,0,1,2,A,-,22,23123,5,N,D,G,A,A,H,-,A,D,0,,Y,,,Y,,A,01,1,0,0,0,0,0,1,0,0,- ,- ,,,VENTURA,VENTURA,-119.25741577148438,34.267982482910156
8759524,2018,2018-12-28,5600,2018-12-02,1000,3927,8B,7,5,5,5601,0,0,0,,0,8111,PONDEROSA DR,MOBIL AV,189.00,W,N,A,-,N,,,,,,,,,,N,4,0,1,2,A,-,08,22107,,N,B,G,A,A,H,-,A,D,0,,Y,,,Y,,D,22,0,0,1,0,0,0,1,0,0,- ,- ,34.223480224609375,-119.04348754882812,VENTURA,CAMARILLO,-119.04342651367188,34.223609924316406
8772576,2018,2019-01-16,5609,2018-12-15,0900,444,,6,5,6,5609,0,0,0,,0,001,TIERRA REJADA RD,VILLAGE PARK WY,311.00,E,N,A,-,N,,,,,,,,,,N,4,0,1,2,A,-,07,21658,A,N,C,G,A,A,H,-,A,A,0,,Y,,,Y,,L,04,0,0,1,0,0,0,1,0,0,- ,- ,34.274051666259766,-118.80332946777344,VENTURA,SIMI VALLEY,-118.8023681640625,34.273983001708984
8772580,2018,2019-01-17,5609,2018-12-18,1848,447,126,2,5,6,5609,0,0,0,,0,001,LOS ANGELES AV,ERRINGER RD,14.00,E,N,A,-,N,,,,,,,,,,Y,2,0,1,2,A,-,11,21950,B,N,G,B,B,A,H,-,C,A,0,Y,,,,Y,,N,60,1,0,0,0,1,0,0,0,0,- ,- ,34.271728515625,-118.76129913330078,VENTURA,SIMI VALLEY,-118.7613525390625,34.271747589111328
8807505,2019,2019-04-10,5600,2019-01-04,1120,5176,5600,5,5,5,5601,0,0,0,,0,08C,LAS POSAS RD,ANTONIO AV,383.00,W,N,A,-,N,,,,,,,,,,N,3,0,1,2,A,-,05,21650,,F,B,G,A,A,H,-,A,D,0,,Y,,,Y,,A,01,0,1,0,0,0,0,1,0,0,- ,- ,,,VENTURA,CAMARILLO,-119.01906585693359,34.24139404296875
8808333,2018,2019-06-25,5600,2018-10-11,0608,3469,6018,4,5,3,5602,0,0,0,,0,06B,RT 126,RT 23,494.00,W,N,A,-,Y,VEN,7,126,-,-,21.050,H,-,W,N,1,1,0,2,A,-,11,21955,,N,G,B,D,A,H,-,C,D,0,Y,,,,Y,Y,N,60,0,0,0,1,0,0,0,0,0,- ,- ,34.396091461181641,-118.91950225830078,VENTURA,FILLMORE,-118.91928100585938,34.396072387695312
8819312,2019,2019-09-04,5606,2019-01-12,1518,1010,5606,6,5,4,5606,0,0,0,,0,002,RT 150,MAIN ST,158.00,N,N,B,-,Y,VEN,7,150,-,-,34.070,H,-,E,N,4,0,1,2,A,-,09,21804,A,N,D,G,A,A,H,-,A,D,0,,Y,,,Y,,A,01,0,0,1,0,0,0,1,0,0,- ,- ,,,VENTURA,SANTA PAULA,-119.06021881103516,34.354419708251953
8844194,2019,2019-04-19,5604,2019-04-05,1710,5563,,5,5,6,5604,0,0,0,,0,024,C ST,WOLFF ST,0.00,,Y,A,-,N,,,,,,,,,,N,4,0,1,2,A,-,08,22107,,N,G,G,A,A,H,-,A,D,0,,Y,,,Y,,A,01,0,0,1,0,0,0,1,0,0,- ,- ,34.188301086425781,-119.18121337890625,VENTURA,OXNARD,-119.18122100830078,34.188320159912109
8847670,2019,2019-04-23,5609,2019-03-28,1623,447,,4,5,6,5609,0,0,0,,0,,TAPO CANYON RD,EL PASEO WY,0.00,,Y,A,-,N,,,,,,,,,,N,3,0,1,2,A,-,10,21950,A,N,G,B,B,A,H,-,A,A,0,Y,,,,Y,,A,01,0,1,0,0,1,0,0,0,0,- ,- ,34.288059234619141,-118.71775054931641,VENTURA,SIMI VALLEY,-118.71772766113281,34.288009643554688
8875119,2019,2019-11-07,5600,2019-05-29,1356,4511,1002,3,5,2,5603,0,0,0,,0,1A01,RT 33,S CARILLO RD,189.00,N,N,A,-,Y,VEN,7,33,-,-,11.370,H,-,S,N,3,0,1,2,A,-,05,21650,1,N,D,G,A,A,H,-,A,A,0,,Y,,,Y,,L,04,0,1,0,0,0,0,1,0,0,- ,- ,,,VENTURA,OJAI,-119.26335144042969,34.442008972167969
8911276,2020,2022-06-13,5608,2020-05-08,2025,322,101,5,5,6,5608,0,0,0,,0,003,TELEGRAPH RD,VICTORIA AV,323.00,W,N,A,-,N,,,,,,,,,,Y,1,1,0,2,A,-,11,21954,A,N,G,B,D,A,H,-,C,D,0,Y,,,,Y,Y,N,60,0,0,0,1,0,0,0,0,0,- ,- ,,,VENTURA,VENTURA,-119.21567535400391,34.27783203125
8915842,2019,2019-08-29,5608,2019-07-27,2035,489,,6,5,6,5608,0,0,0,,0,001,VENTURA AV,MAIN ST,10.00,S,N,A,-,N,,,,,,,,,,N,4,0,1,2,A,-,11,21950,B,N,A,B,D,A,H,-,C,A,0,Y,,,,Y,Y,N,60,0,0,1,0,1,0,0,0,0,- ,- ,,,VENTURA,VENTURA,,
8920642,2019,2019-09-05,5608,2019-08-12,0935,522,,1,5,6,5608,0,0,0,,0,004,TELEPHONE RD,BEETHOVEN,4.00,E,-,A,-,N,,,,,,,,,,N,3,0,1,2,A,-,09,21804,A,N,A,G,A,A,H,-,A,D,0,,Y,,,Y,,-,,0,1,0,0,0,0,1,0,0,- ,- ,,,VENTURA,VENTURA,-119.22323608398438,34.263881683349609
8923060,2019,2019-08-23,5609,2019-07-26,2217,473,,5,5,6,5609,0,0,0,,0,,EAST ST,MADERA RD,0.00,,Y,A,-,N,,,,,,,,,,N,3,0,1,2,A,-,08,22107,,F,C,G,A,A,H,-,C,A,0,,Y,,,Y,Y,A,01,0,1,0,0,0,0,1,0,0,- ,- ,34.2781982421875,-118.79630279541016,VENTURA,SIMI VALLEY,-118.796319,34.278246000000003
8932221,2019,2019-09-17,5608,2019-08-26,1917,493,,1,5,6,5608,0,0,0,,0,001,N OLIVE ST,W HARRISON AV,30.00,S,N,A,-,N,,,,,,,,,,N,3,0,1,2,A,-,17,22517,,N,H,G,A,A,H,-,A,D,0,,Y,,,Y,,A,01,0,1,0,0,0,0,1,0,0,- ,- ,,,VENTURA,VENTURA,-119.30252075195312,34.286598205566406
8932699,2019,2019-10-09,5608,2019-09-06,1806,386,,5,5,6,5608,0,0,0,,0,001,MAIN ST,GARDEN ST,0.00,,Y,A,-,N,,,,,,,,,,N,4,0,1,2,A,-,09,21801,A,N,D,G,A,A,H,-,A,A,0,,Y,,,Y,,D,22,0,0,1,0,0,0,1,0,0,- ,- ,,,VENTURA,VENTURA,-119.30229187011719,34.281238555908203
8941387,2019,2019-09-30,5600,2019-09-10,1522,4501,8211,2,5,5,5601,0,0,0,,0,08D,MISSION OAKS BL,COLONY DR,0.00,,Y,A,-,N,,,,,,,,,,N,3,0,1,2,A,-,11,21950,B,N,G,B,B,A,H,-,A,A,0,Y,,,,Y,,N,60,0,1,0,0,1,0,0,0,0,- ,- ,34.224201202392578,-119.00409698486328,VENTURA,CAMARILLO,-119.00438690185547,34.224269866943359
8942129,2019,2019-10-07,5600,2019-08-23,1730,4965,8021,5,5,5,5601,0,0,0,,0,08B,LAS POSAS RD,CARMEN DR,200.00,W,N,A,-,N,,,,,,,,,,N,3,0,1,2,A,-,05,21650,1,N,D,G,A,A,H,-,-,D,0,,Y,,,Y,,L,04,0,1,0,0,0,0,1,0,0,- ,- ,34.233211517333984,-119.06246948242188,VENTURA,CAMARILLO,-119.05216979980469,34.233341217041016
8943131,2019,2019-09-20,5609,2019-08-24,2237,435,,6,5,6,5609,0,0,0,,0,,COCHRAN ST,TAPO ST,225.00,E,N,A,-,N,,,,,,,,,,N,4,0,1,2,A,-,05,21650,,N,D,G,A,A,H,-,C,D,0,,Y,,,Y,,L,04,0,0,1,0,0,0,1,0,0,- ,- ,34.278999328613281,-118.70906829833984,VENTURA,SIMI VALLEY,-118.70821380615234,34.279010772705078
8956215,2019,2019-10-30,5604,2019-10-02,1821,4919,,3,5,6,5604,0,0,0,,0,024,SAVIERS RD,ELM ST,0.00,,Y,A,-,N,,,,,,,,,,N,3,0,1,2,A,-,10,21950,A,N,G,B,B,A,H,-,A,A,0,Y,,,,Y,,A,01,0,1,0,0,1,0,0,0,0,- ,- ,,,VENTURA,OXNARD,-119.17755126953125,34.18280029296875
8978949,2019,2020-01-22,5600,2019-11-09,1733,3101,9154,6,5,6,5607,0,0,0,,0,09G,THOUSAND OAKS BL,PLEASANT WY,41.00,W,N,A,-,N,,,,,,,,,,N,4,0,1,2,A,-,05,21650,,N,A,G,A,A,H,-,C,D,0,,Y,,,Y,,L,04,0,0,1,0,0,0,1,0,0,- ,- ,,,VENTURA,THOUSAND OAKS,-118.84360504150391,34.174186706542969
8983011,2019,2020-01-15,5604,2019-10-06,1329,5492,,7,5,6,5604,0,0,0,,0,023,5TH ST,A ST,0.00,,Y,A,-,N,,,,,,,,,,N,4,0,1,2,A,-,10,21950,A,N,A,B,B,A,H,-,A,A,0,Y,,,,Y,,A,01,0,0,1,0,1,0,0,0,0,- ,- ,34.197681427001953,-119.17858123779297,VENTURA,OXNARD,-119.17861175537109,34.197700500488281
8992173,2019,2020-01-18,5608,2019-11-19,1821,440,,2,5,6,5608,0,0,0,,0,002,EAST THOMPSON BL,SEAWARD AV,120.00,E,N,A,-,N,,,,,,,,,,,4,0,1,2,A,-,09,21804,A,F,D,G,A,A,H,-,C,D,0,,Y,,,Y,,-,,0,0,1,0,0,0,1,0,0,- ,- ,,,VENTURA,VENTURA,-119.26600646972656,34.273502349853516
8998434,2019,2020-01-24,5600,2019-11-07,0759,2110,9080,4,5,6,5607,0,0,0,,0,9H01,SAINT THOMAS DR,WILBUR RD,528.00,W,N,B,-,N,,,,,,,,,,N,4,0,1,2,A,-,11,21950,B,F,G,B,D,A,H,-,A,D,0,Y,,,,Y,,N,60,0,0,1,0,1,0,0,0,0,- ,- ,34.189899444580078,-118.88124084472656,VENTURA,THOUSAND OAKS,,
9008627,2019,2020-02-19,5608,2019-12-13,1919,459,5608,5,5,6,5608,0,0,0,,0,002,PIERPONT BL,NEW BEDFORD CT,3.00,W,N,A,-,N,,,,,,,,,,Y,2,0,2,3,A,-,01,23153,B,N,G,B,B,A,H,-,C,A,0,Y,,,,Y,Y,D,22,1,0,1,0,2,0,0,0,0,- ,- ,,,VENTURA,VENTURA,-119.26933288574219,34.259727478027344
90098140,2015,2016-01-19,9765,2015-10-06,1512,020808,,2,2,9,5600,0,2,4,,1,290,LA LUNA AVE.,PALA DR.,500.00,S,N,A,-,N,,,,,,,,,,N,3,0,1,2,A,-,03,22350,,N,H,G,A,A,H,-,A,D,0,,Y,,,Y,,L,04,0,1,0,0,0,0,1,0,0,- ,- ,34.440629999999999,-119.28879999999999,VENTURA,UNINCORPORATED,-119.28770546,34.442470700000001
90116294,2015,2016-02-16,9765,2015-12-27,1721,020917,,7,2,9,5600,0,1,3,,1,042,SR-126 (TELEGRAPH ROAD),SESPE CREEK OVERFLOW BRIDGE,339.00,E,N,A,-,Y,,,126,,,,,,,N,1,1,0,2,A,-,11,21954,A,N,G,B,D,A,H,-,B,D,0,Y,,,,Y,,N,60,0,0,0,1,0,0,0,0,0,- ,- ,34.393520000000002,-118.94117,VENTURA,UNINCORPORATED,-118.94117007,34.393489770000002
90192667,2016,2016-06-01,9765,2016-05-19,0800,020358,,4,1,6,5604,1,4,S,,2,901,600 E GONZALES RD (PACIFICA HIGHSCHOOL),GONZALES RD,50.00,S,N,B,-,N,,,,,,,,,,N,4,0,1,2,B,-,22,,,N,G,B,F,A,H,-,A,D,0,Y,,,,Y,,N,60,0,0,1,0,1,0,0,0,0,- ,- ,34.218719999999998,-119.16922,VENTURA,OXNARD,,
90246745,2016,2016-08-17,9770,2016-08-13,1100,019276,,6,1,9,5600,0,2,4,,2,078,MICHAEL DRIVE,VIRGINIA DRIVE,30.00,W,N,A,-,N,,,,,,,,,,N,3,0,1,1,D,-,00,,,N,H,G,A,A,H,-,C,D,0,,Y,,,Y,,-,- ,0,1,0,0,0,0,1,0,0,- ,- ,34.183230000000002,-118.9392,VENTURA,UNINCORPORATED,-118.93909897,34.183193410000001
90314525,2016,2016-11-08,9770,2016-11-05,1000,020169,,6,1,9,5600,0,2,4,,1,062,POTRERO ROAD,HIDDEN VALLEY ROAD,100.00,W,N,A,-,N,,,,,,,,,,N,3,0,1,2,B,-,22,,,N,H,G,A,A,H,-,A,D,0,,Y,,,Y,,L,04,0,1,0,0,0,0,1,0,0,- ,- ,34.155729999999998,-118.92192,VENTURA,UNINCORPORATED,-118.9217817,34.15575681
90328295,2016,2016-11-23,9765,2016-11-15,1735,019988,,2,2,9,5600,0,3,5,,2,004,VIOLETA ST. (1100 BLOCK),LOS ANGELES AVENUE,173.00,E,N,A,-,N,,,,,,,,,,N,3,0,2,3,A,-,11,21954,A,N,G,B,D,A,H,-,C,D,0,Y,,,,Y,,N,60,0,2,0,0,2,0,0,0,0,- ,- ,34.204000000000001,-119.11190000000001,VENTURA,UNINCORPORATED,-119.14874,34.284354909999998
9036669,2019,2020-01-30,5604,2019-12-20,1150,5172,,5,5,6,5604,0,0,0,,0,012,GONZALES RD,OXNARD BL,300.00,E,N,A,-,N,,,1,,,,,,,N,3,0,1,2,A,-,11,21954,A,N,G,B,E,A,H,-,A,A,0,Y,,,,Y,,N,60,0,1,0,0,1,0,0,0,0,- ,- ,34.219058990478516,-119.17717742919922,VENTURA,OXNARD,-119.175945,34.219127
9036706,2019,2020-02-04,5604,2019-12-06,1855,5064,,5,5,6,5604,0,0,0,,0,012,ROSE AV,GONZALES RD,100.00,S,N,B,C,N,,,,,,,,,,N,4,0,1,2,A,-,11,21954,A,N,G,B,D,B,H,-,C,D,0,Y,,,,Y,Y,N,60,0,0,1,0,0,0,0,0,0,- ,- ,34.216350555419922,-119.15589904785156,VENTURA,OXNARD,-119.15841674804688,34.218715667724609
90431431,2017,2017-04-11,9765,2017-04-04,2340,020187,,2,3,6,5608,0,1,2,,2,302,US-101 N/B,TELEPHONE ROAD,1584.00,S,N,A,-,Y,,,101,,,,,,N,N,2,0,1,2,A,-,11,21954,A,N,G,B,D,A,H,-,D,D,0,Y,,,,Y,Y,N,60,1,0,0,0,1,0,0,0,0,- ,- ,34.259279999999997,-119.22427999999999,VENTURA,VENTURA,-119.22428631,34.259267000000001
90488299,2017,2017-06-27,9765,2017-06-13,0710,018001,,2,1,9,5600,0,1,3,,1,020,SR-33 (VENTURA AVE.),WOODLAND AVE.,0.00,,Y,A,-,Y,,,33,,,,,,,N,4,0,1,2,A,-,10,21950,A,N,G,B,B,A,H,-,A,A,0,Y,,,,Y,,A,01,0,0,1,0,1,0,0,0,0,- ,- ,34.422150000000002,-119.29009000000001,VENTURA,UNINCORPORATED,-119.29010710999999,34.42216079
90551157,2017,2017-09-19,9765,2017-09-08,1155,015696,,5,1,9,5600,0,3,5,,2,003,OLIVAS PARK DRIVE,TELEPHONE ROAD,38.00,E,N,B,-,N,,,,,,,,,,N,3,0,1,2,A,-,08,22107,,N,H,G,A,A,H,-,A,A,0,,Y,,,Y,,A,01,0,1,0,0,0,0,1,0,0,- ,- ,34.244340000000001,-119.23394999999999,VENTURA,UNINCORPORATED,-119.23405456,34.244405229999998
90556859,2017,2017-09-27,9770,2017-09-25,1520,019849,,1,2,9,5600,0,3,5,,2,004,CENTER STREET,ORCHARD STREET,40.00,W,N,A,-,N,,,,,,,,,,N,4,0,1,2,A,-,11,21954,A,N,G,B,E,A,H,-,A,D,0,Y,,,,Y,,N,60,0,0,1,0,1,0,0,0,0,- ,- ,34.415489999999998,-118.79259,VENTURA,UNINCORPORATED,-118.79169226,34.41538559
9055958,2020,2020-05-21,5608,2020-02-25,1211,397,VENTU,2,5,6,5608,0,0,0,,0,001,E SANTA CLARA ST,ASH ST,150.00,E,N,A,-,N,,,,,,,,,,N,3,0,1,2,A,-,03,22350,,N,-,G,A,A,H,-,A,D,0,,Y,,,Y,,L,04,0,1,0,0,0,0,1,0,0,- ,- ,,,VENTURA,VENTURA,-119.28800201416016,34.279544830322266
9061562,2019,2020-03-09,5600,2019-12-24,1745,4646,5101,2,5,4,5690,0,0,0,,0,02B,MILLER PKWY,MAYA CIR,0.00,,Y,A,-,N,,,,,,,,,,N,3,0,1,2,A,-,10,21950,A,F,G,B,B,A,H,-,C,D,0,Y,,,,Y,,A,01,0,1,0,0,1,0,0,0,0,- ,- ,,,VENTURA,MOORPARK,-118.86244964599609,34.268440246582031
90825912,2018,2018-10-01,9765,2018-09-25,1455,018583,,2,2,9,5600,0,1,3,,1,020,SR-33,SANTA ANA BLVD.,0.00,,Y,A,-,Y,,,33,,,,,,,N,3,0,1,3,A,-,09,21801,A,N,D,G,A,A,H,-,A,D,0,,Y,,,Y,,A,01,0,1,0,0,0,0,1,0,0,- ,- ,34.400211334228516,-119.29988861083984,VENTURA,UNINCORPORATED,-119.29981231689453,34.400203704833984
9095237,2020,2020-09-21,5600,2020-04-18,1137,4965,8213,6,5,5,5601,0,0,0,,0,8D01,UPLAND RD,TERRA BELLA LN,338.00,W,N,A,-,N,,,,,,,,,,N,3,0,2,2,C,-,18,,,N,B,G,A,A,C,-,A,D,0,,Y,,,Y,,-,- ,0,2,0,0,0,0,2,0,0,- ,- ,34.239471435546875,-119.98654937744141,VENTURA,CAMARILLO,-118.98758697509766,34.239273071289062
9098735,2020,2020-08-03,5604,2020-04-05,1011,5555,,7,5,6,5604,0,0,0,,0,032,S ROSE AV,E CHANNEL ISLANDS BL,0.00,,Y,B,-,N,,,,,,,,,,N,4,0,1,2,A,-,12,21453,A,N,H,G,A,B,H,-,A,A,0,,Y,,,Y,,L,04,0,0,1,0,0,0,1,0,0,- ,- ,,,VENTURA,OXNARD,-119.16017150878906,34.173370361328125
9114158,2020,2020-08-31,5600,2020-06-13,1955,2833,9068,6,5,6,5607,0,0,0,,0,9B01,ERBES RD,LA GRANADA DR,0.00,,Y,A,-,N,,,,,,,,,,,2,0,1,1,A,-,03,22350,,N,H,G,A,A,H,-,A,A,0,,Y,,,Y,,L,04,1,0,0,0,0,0,1,0,0,- ,- ,34.191001892089844,-118.8466796875,VENTURA,THOUSAND OAKS,-118.84293365478516,34.194358825683594
91193078,2020,2020-02-25,9765,2020-02-11,0500,022488,,2,3,9,5600,0,1,3,,1,020,SR-33 (VENTURA AVENUE),ENCINO DRIVE,1056.00,S,N,A,-,Y,,,33,,,,,,,N,3,0,1,2,D,-,00,,,F,G,B,F,A,H,-,D,D,0,Y,,,,Y,,-,- ,0,1,0,0,1,0,0,0,0,- ,- ,34.407581329345703,-119.29821014404297,VENTURA,UNINCORPORATED,-119.29814910888672,34.407546997070312
91238283,2020,2020-05-15,9765,2020-05-06,2010,017483,,3,2,9,5600,0,1,3,,1,022,SR-150 (BALDWIN ROAD),SR-33 (N VENTURA AVE),10.00,W,N,A,-,Y,,,150,,,,,,,N,4,0,2,3,A,-,09,21804,A,N,D,G,A,A,H,-,B,A,0,,Y,,,Y,,L,04,0,0,2,0,0,0,2,0,0,- ,- ,34.430000305175781,-119.28839874267578,VENTURA,UNINCORPORATED,-119.28836822509766,34.429969787597656
9132371,2020,2020-11-10,5608,2020-07-24,2130,494,,5,5,6,5608,0,0,0,,0,001,MAIN ST,MAIN ST 800,0.00,,-,A,-,N,,,,,,,,,,N,3,0,1,2,A,-,09,21804,A,N,H,G,A,A,H,-,A,D,0,,Y,,,Y,,A,08,0,1,0,0,0,0,1,0,0,- ,- ,,,VENTURA,VENTURA,,
91355992,2020,2020-12-01,9770,2020-11-25,0951,017627,,3,1,9,5600,0,1,3,,1,054,SR-34 (SOMIS ROAD),SR-118  (LOS ANGELES AVENUE),0.00,,Y,A,-,Y,,,34,,,,,,,N,4,0,1,2,A,-,08,22107,,N,B,G,A,A,H,-,A,A,0,,Y,,,Y,,L,04,0,0,1,0,0,0,1,0,0,- ,- ,34.263759613037109,-118.99462890625,VENTURA,UNINCORPORATED,-118.99466705322266,34.263755798339844
91366542,2020,2020-12-14,9765,2020-12-03,1930,019988,,4,2,9,5600,0,3,5,,2,003,HARBOR BLVD.,GONZALES ROAD,1563.00,N,N,A,-,N,,,,,,,,,,N,2,0,1,2,A,-,08,22107,,F,C,G,A,A,H,-,D,D,0,,Y,,,Y,,-,99,1,0,0,0,0,0,1,0,0,- ,- ,34.222518920898438,-119.25569152832031,VENTURA,UNINCORPORATED,-119.25572967529297,34.222427368164062
91367948,2020,2020-12-15,9765,2020-12-06,1457,022464,,7,2,9,5600,0,1,3,,1,023,SR-150 (OJAI-SANTA PAULA ROAD),REEVES RD,105.00,E,N,A,-,Y,,,150,,,,,,,Y,2,0,2,3,A,-,08,22107,,N,G,B,E,A,H,-,A,D,0,Y,,Y,,Y,,C,02,1,1,0,0,1,0,0,0,1,- ,- ,34.445888519287109,-119.2041015625,VENTURA,UNINCORPORATED,-119.20412445068359,34.445854187011719
91378254,2020,2020-12-30,9765,2020-12-20,1533,022446,,7,2,9,5600,0,3,5,,2,003,OLIVAS PARK DRIVE,TELEPHONE ROAD,0.00,,Y,A,-,N,,,,,,,,,,N,3,0,1,2,A,-,08,22107,,N,B,G,A,A,H,-,A,A,0,,Y,,,Y,,A,07,0,1,0,0,0,0,1,0,0,- ,- ,34.244239807128906,-119.2340087890625,VENTURA,UNINCORPORATED,-119.23417663574219,34.244400024414062
91635867,2021,2021-11-29,9765,2021-11-15,1415,020832,,1,2,9,5600,0,1,3,,1,042,SR-126 E/B (EAST TELEGRAPH ROAD),NORTH MAIN STREET,80.00,E,N,A,-,Y,,,126,,,,,,E,N,3,0,1,2,A,-,08,22107,,F,B,G,A,A,H,-,A,D,0,,Y,,,Y,,-,99,0,1,0,0,0,0,1,0,0,- ,- ,34.38970947265625,-118.95805358886719,VENTURA,UNINCORPORATED,-118.95809173583984,34.389736175537109
9166190,2020,2020-11-10,5608,2020-09-30,0815,496,,3,5,6,5608,0,0,0,,0,004,THILLE ST,SARATOGA AV,0.00,,Y,A,-,N,,,,,,,,,,N,3,0,1,2,A,-,10,21950,A,N,G,B,B,A,H,-,A,A,0,Y,,,,Y,,A,01,0,1,0,0,1,0,0,0,0,- ,- ,,,VENTURA,VENTURA,-119.22051239013672,34.267021179199219
9170480,2020,2020-12-16,5608,2020-10-19,1548,499,91,1,5,6,5608,0,0,0,,0,004,RALSTON ST,VICTORIA AV,0.00,,Y,A,-,N,,,,,,,,,,N,3,0,1,2,A,-,09,21800,,N,-,G,A,A,H,-,A,A,0,,Y,,,Y,,A,01,0,1,0,0,0,0,1,0,0,- ,- ,,,VENTURA,VENTURA,-119.21164703369141,34.261058807373047
91712458,2022,2022-03-01,9770,2022-02-16,0750,016198,,3,1,6,5607,1,4,S,,2,901,CALLE DIAMONTE,AVENIDA DEL PLANTINO,500.00,E,N,B,-,N,,,,,,,,,,N,4,0,1,2,A,-,21,22106,,N,G,B,G,A,H,-,A,D,0,Y,,,,Y,,H,17,0,0,1,0,1,0,0,0,0,- ,- ,34.185699462890625,-118.91558074951172,VENTURA,THOUSAND OAKS,,
9177224,2020,2020-12-07,5608,2020-10-24,1505,439,,6,5,6,5608,0,0,0,,0,003,CROCKER AV,TELEGRAPH RD,0.00,,Y,A,-,N,,,,,,,,,,N,3,0,1,2,A,-,08,22107,,F,H,G,A,A,H,-,A,A,0,,Y,,,Y,,-,99,0,1,0,0,0,0,1,0,0,- ,- ,,,VENTURA,VENTURA,-119.19046783447266,34.281589508056641
91789108,2022,2022-06-06,9765,2022-05-30,1800,022397,,1,2,9,5600,0,3,5,,2,005,ALVARADO STREET,ORANGE DRIVE,0.00,,Y,A,-,N,,,,,,,,,,N,3,0,1,2,A,-,12,22450,A,F,D,G,A,A,H,-,A,A,0,,Y,,,Y,,L,04,0,1,0,0,0,0,1,0,0,- ,- ,34.234348297119141,-119.15892028808594,VENTURA,UNINCORPORATED,-119.15890502929688,34.234344482421875