CASE_ID,ACCIDENT_YEAR,PROC_DATE,JURIS,COLLISION_DATE,COLLISION_TIME,OFFICER_ID,REPORTING_DISTRICT,DAY_OF_WEEK,CHP_SHIFT,POPULATION,CNTY_CITY_LOC,SPECIAL_COND,BEAT_TYPE,CHP_BEAT_TYPE,CITY_DIVISION_LAPD,CHP_BEAT_CLASS,BEAT_NUMBER,PRIMARY_RD,SECONDARY_RD,DISTANCE,DIRECTION,INTERSECTION,WEATHER_1,WEATHER_2,STATE_HWY_IND,CALTRANS_COUNTY,CALTRANS_DISTRICT,STATE_ROUTE,ROUTE_SUFFIX,POSTMILE_PREFIX,POSTMILE,LOCATION_TYPE,RAMP_INTERSECTION,SIDE_OF_HWY,TOW_AWAY,COLLISION_SEVERITY,NUMBER_KILLED,NUMBER_INJURED,PARTY_COUNT,PRIMARY_COLL_FACTOR,PCF_CODE_OF_VIOL,PCF_VIOL_CATEGORY,PCF_VIOLATION,PCF_VIOL_SUBSECTION,HIT_AND_RUN,TYPE_OF_COLLISION,MVIW,PED_ACTION,ROAD_SURFACE,ROAD_COND_1,ROAD_COND_2,LIGHTING,CONTROL_DEVICE,CHP_ROAD_TYPE,PEDESTRIAN_ACCIDENT,BICYCLE_ACCIDENT,MOTORCYCLE_ACCIDENT,TRUCK_ACCIDENT,NOT_PRIVATE_PROPERTY,ALCOHOL_INVOLVED,STWD_VEHTYPE_AT_FAULT,CHP_VEHTYPE_AT_FAULT,COUNT_SEVERE_INJ,COUNT_VISIBLE_INJ,COUNT_COMPLAINT_PAIN,COUNT_PED_KILLED,COUNT_PED_INJURED,COUNT_BICYCLIST_KILLED,COUNT_BICYCLIST_INJURED,COUNT_MC_KILLED,COUNT_MC_INJURED,PRIMARY_RAMP,SECONDARY_RAMP,LATITUDE,LONGITUDE,COUNTY,CITY,POINT_X,POINT_Y
9182135,2020,2020-12-03,5609,2020-10-28,0751,452,107,3,5,6,5609,0,0,0,,0,001,ENCHANTED WY,1ST ST,498.00,W,N,A,-,N,,,,,,,,,,Y,2,0,1,2,A,-,08,22107,,F,G,B,E,A,H,-,A,D,0,Y,,,,Y,,A,01,1,0,0,0,1,0,0,0,0,- ,- ,34.283199310302734,-118.77876281738281,VENTURA,SIMI VALLEY,-118.78049468994141,34.282947540283203
9182220,2020,2020-12-10,5604,2020-10-07,0638,5172,,3,5,6,5604,0,0,0,,0,031,COOPER RD,HAYES AV,0.00,,Y,A,-,N,,,,,,,,,,N,3,0,1,2,A,-,10,21950,A,N,G,B,D,A,H,-,B,D,0,Y,,,,Y,,A,01,0,1,0,0,1,0,0,0,0,- ,- ,34.204540252685547,-119.17534637451172,VENTURA,OXNARD,-119.17534637451172,34.204551696777344
9183747,2020,2020-12-10,5608,2020-10-28,1534,530,,3,5,6,5608,0,0,0,,0,004,TELEPHONE RD,SOUTH VICTORIA AV,0.00,,Y,A,-,N,,,,,,,,,,N,3,0,1,2,A,-,12,21453,A,N,D,G,A,A,H,-,A,A,0,,Y,,,Y,,L,04,0,1,0,0,0,0,1,0,0,- ,- ,,,VENTURA,VENTURA,-119.21256256103516,34.265460968017578
9185010,2020,2021-02-10,5609,2020-12-05,1400,430,,6,5,6,5609,0,0,0,,0,002,FITZGERALD RD,1ST ST,22.00,E,N,A,-,N,,,,,,,,,,,4,0,1,2,A,-,21,22106,,N,C,G,A,A,H,-,A,A,0,,Y,,,Y,,A,01,0,0,1,0,0,0,1,0,0,- ,- ,34.257129669189453,-118.77906036376953,VENTURA,SIMI VALLEY,-118.77912139892578,34.257301330566406
9192517,2020,2021-01-19,5600,2020-09-12,0830,4550,9174,6,5,6,5607,0,0,0,,0,9D01,RT 23,BAY DR,140.00,N,N,A,-,Y,VEN,7,23,-,R,2.430,H,-,N,Y,2,0,1,2,A,-,00,23153,F,N,G,B,E,A,H,-,A,D,0,Y,,,,Y,,A,07,1,0,0,0,1,0,0,0,0,- ,- ,34.149890899658203,-118.83651733398438,VENTURA,THOUSAND OAKS,-118.83608245849609,34.149822235107422
91943225,2022,2022-12-15,9765,2022-12-11,1716,021999,,7,2,9,5600,0,3,5,,2,005,BRADLEY ROAD,DUSTY LANE,150.00,S,N,A,-,N,,,,,,,,,,N,2,0,1,2,A,-,11,21956,A,N,G,B,E,B,H,-,D,D,0,Y,,,,Y,Y,N,60,1,0,0,0,1,0,0,0,0,- ,- ,34.310440063476562,-118.98075103759766,VENTURA,UNINCORPORATED,-118.98062133789062,34.31048583984375
9200385,2020,2021-02-23,5604,2020-12-22,1652,5051,2,2,5,6,5604,0,0,0,,0,023,E 6TH ST,OXNARD BL,0.00,,Y,A,-,N,,,,,,,,,,N,4,0,1,2,A,-,09,21453,B,F,G,B,B,-,H,-,B,A,0,Y,,,,Y,,A,01,0,0,1,0,1,0,0,0,0,- ,- ,,,VENTURA,OXNARD,-119.17735290527344,34.19635009765625
9207076,2020,2021-01-23,5604,2020-11-27,1932,5535,,5,5,6,5604,0,0,0,,0,012,ALVARADO ST,VENTURA BL,800.00,N,N,A,-,N,,,,,,,,,,N,3,0,1,2,A,-,10,21950,A,F,A,B,E,A,H,-,C,D,0,Y,,,,Y,,A,01,0,1,0,0,1,0,0,0,0,- ,- ,34.228221893310547,-119.16436767578125,VENTURA,OXNARD,-119.16417694091797,34.229053497314453
92146727,2023,2023-08-17,9770,2023-08-14,1444,019849,,1,2,9,5600,0,2,4,,2,079,SMOKE TREE AVE,KANAN RD,0.00,,Y,A,-,N,,,,,,,,,,N,4,0,1,2,A,-,12,21453,A,N,D,G,A,A,H,-,A,A,0,,Y,,,Y,,L,04,0,0,1,0,0,0,1,0,0,- ,- ,34.175010681152344,-118.75911712646484,VENTURA,UNINCORPORATED,-118.75933074951172,34.174880981445312
92169338,2023,2023-09-13,9765,2023-09-04,845 ,021349,,1,1,9,5600,0,3,5,,2,003,VICTORIA AVE S/B,OLIVAS PARK DR,2640.00,S,N,A,-,N,,,,,,,,,,N,3,0,1,2,A,-,08,22107,,N,B,G,A,A,H,-,A,D,0,,Y,,,Y,,A,01,0,1,0,0,0,0,1,0,0,- ,- ,34.236820220947266,-119.21634674072266,VENTURA,UNINCORPORATED,-119.21646118164062,34.237106323242188
9227242,2021,2021-03-24,5608,2021-02-24,1138,513,VENTU,3,5,6,5608,0,0,0,,0,004,AVOCET DR,VICTORIA AV,60.00,E,N,A,-,N,,,,,,,,,,N,3,0,1,2,A,-,10,21950,A,N,A,B,C,A,H,-,A,D,0,Y,,,,Y,,A,01,0,1,0,0,1,0,0,0,0,- ,- ,,,VENTURA,VENTURA,-119.21088409423828,34.258438110351562
9239729,2021,2021-03-25,5608,2021-02-24,1208,423,,3,5,6,5608,0,0,0,,0,004,RALSTON ST,CYPRESS POINT LN,0.00,,Y,A,-,N,,,,,,,,,,N,4,0,1,2,A,-,09,21802,A,N,D,G,A,A,H,-,A,D,0,,Y,,,Y,,A,01,0,0,1,0,0,0,1,0,0,- ,- ,,,VENTURA,VENTURA,-119.21485900878906,34.260353088378906
9241058,2021,2021-03-27,5604,2021-02-05,1920,5592,,5,5,6,5604,0,0,0,,0,012,VANDERBILT DR,HARVARD ST,50.00,E,N,A,-,N,,,,,,,,,,N,4,0,1,2,A,-,11,21954,A,N,G,B,D,A,H,-,C,D,0,Y,,,,Y,,N,60,0,0,1,0,1,0,0,0,0,- ,- ,34.225631713867188,-119.16934204101562,VENTURA,OXNARD,-119.17024230957031,34.225471496582031
92423858,2024,2024-06-26,9765,2024-06-17,1814,022106,,1,2,9,5600,0,1,3,,1,022,SR-150,RAMELI RANCH RD.,528.00,W,N,A,-,Y,VEN,,150, , ,3.009,H,,R,N,4,0,1,2,A,-,06,21750,,F,B,G,A,A,H,-,A,D,0,,Y,,,Y,,D,22,0,0,1,0,0,0,1,0,0,- ,- ,34.385379791259766,-119.41230773925781,VENTURA,UNINCORPORATED,-119.41230773925781,34.3853759765625
9252433,2021,2021-04-20,5604,2021-03-15,1944,5512,,1,5,6,5604,0,0,0,,0,022,WEST 5TH ST,C ST S,0.00,,Y,A,-,N,,,,,,,,,,N,4,0,1,2,A,-,10,21950,A,N,G,B,B,A,H,-,C,A,0,Y,,,,Y,,A,01,0,0,1,0,1,0,0,0,0,- ,- ,34.197521209716797,-119.18109893798828,VENTURA,OXNARD,-119.18110656738281,34.197517395019531
9256657,2021,2021-06-07,5604,2021-04-19,1916,5492,,1,5,6,5604,0,0,0,,0,042,ROSE AV,PLEASANT VALLEY RD,0.00,,Y,A,-,N,,,,,,,,,,N,4,0,1,2,B,-,22,,,N,G,B,F,A,H,-,A,D,0,Y,,,,Y,,A,01,0,0,1,0,1,0,0,0,0,- ,- ,34.15631103515625,-119.16056823730469,VENTURA,OXNARD,-119.15953063964844,34.157852172851562
9261798,2021,2021-05-05,5604,2021-04-03,1733,5514,,6,5,6,5604,0,0,0,,0,012,ISABELLA ST,EMERALD ST,300.00,S,N,A,-,N,,,,,,,,,,N,3,0,1,2,A,-,11,21954,A,N,G,B,D,A,H,-,A,D,0,Y,,,,Y,,N,60,0,1,0,0,1,0,0,0,0,- ,- ,34.221061706542969,-119.16394805908203,VENTURA,OXNARD,-119.16371154785156,34.221767425537109
9261971,2021,2021-05-07,5604,2021-04-17,0755,5459,,6,5,6,5604,0,0,0,,0,024,S C ST,WOOLEY RD,0.00,,Y,A,-,N,,,,,,,,,,N,3,0,1,2,A,-,12,21453,A,N,D,G,A,A,H,-,A,A,0,,Y,,,Y,,L,04,0,1,0,0,0,0,1,0,0,- ,- ,34.189929962158203,-119.18115234375,VENTURA,OXNARD,-119.18119049072266,34.189956665039062
9274238,2021,2021-06-28,5604,2021-05-30,2217,5532,,7,5,6,5604,0,0,0,,0,014,N VENTURA RD,TOWN CENTER DR,0.00,,Y,A,-,N,,,,,,,,,,N,4,0,1,2,A,-,10,21950,A,F,G,B,B,A,H,-,C,A,0,Y,,,,Y,Y,A,01,0,0,1,0,1,0,0,0,0,- ,- ,34.243251800537109,-119.18450164794922,VENTURA,OXNARD,-119.18450164794922,34.243198394775391
9322010,2021,2021-10-21,5604,2021-09-03,2014,5450,,5,5,6,5604,0,0,0,,0,042,SAVIERS RD,E HUENEME RD E,0.00,,Y,A,-,N,,,,,,,,,,N,4,0,1,2,A,-,10,21950,A,N,D,G,A,A,H,-,C,A,0,,Y,,,Y,,A,01,0,0,1,0,0,0,1,0,0,- ,- ,34.147430419921875,-119.17783355712891,VENTURA,OXNARD,-119.17777252197266,34.147510528564453
9324829,2021,2021-10-27,5608,2021-09-07,1835,503,,2,5,6,5608,0,0,0,,0,002,E MAIN ST,MACMILLAN AV,16.00,W,N,A,-,N,,,,,,,,,,N,4,0,1,2,A,-,08,22107,,N,H,G,A,A,H,-,A,D,0,,Y,,,Y,,-,,0,0,1,0,0,0,1,0,0,- ,- ,,,VENTURA,VENTURA,-119.27603149414062,34.279472351074219
9354357,2021,2021-12-13,5608,2021-10-23,1154,533,30,6,5,6,5608,0,0,0,,0,004,TELEPHONE RD,PORTOLA RD,739.00,W,N,A,-,N,,,,,,,,,,N,3,0,1,2,B,-,22,,,N,G,B,D,A,H,-,A,D,0,Y,,,,Y,,A,01,0,1,0,0,0,0,0,0,0,- ,- ,34.26171875,-119.22711944580078,VENTURA,VENTURA,-119.22756195068359,34.263248443603516
9368617,2021,2021-12-07,5604,2021-10-23,1930,5514,,6,5,6,5604,0,0,0,,0,022,WEST 5TH ST,HOBSON WY,100.00,W,N,A,-,N,,,,,,,,,,N,4,0,1,2,A,-,11,21954,A,N,G,B,D,A,H,-,C,D,0,Y,,,,Y,,A,01,0,0,1,0,1,0,0,0,0,- ,- ,34.197738647460938,-119.18789672851562,VENTURA,OXNARD,-119.188232421875,34.197689056396484
9370692,2021,2021-12-24,5604,2021-11-22,0928,5637,,1,5,6,5604,0,0,0,,0,011,W GONZALES RD,N C ST N,0.00,,Y,A,-,N,,,,,,,,,,N,4,0,1,2,A,-,09,21801,A,N,D,G,A,A,H,-,A,A,0,,Y,,,Y,,A,07,0,0,1,0,0,0,1,0,0,- ,- ,,,VENTURA,OXNARD,-119.18083953857422,34.219089508056641
9421972,2022,2022-05-17,5608,2022-04-09,1206,439,,6,5,6,5608,0,0,0,,0,003,MILLS RD,DEAN DR,50.00,N,N,A,-,N,,,,,,,,,,N,3,0,1,3,A,-,08,22107,,M,B,G,A,A,H,-,A,A,0,,Y,,,Y,,-,99,0,1,0,0,0,0,1,0,0,- ,- ,,,VENTURA,VENTURA,-119.24662780761719,34.267444610595703
9423310,2022,2022-03-29,5608,2022-02-22,1510,503,2,2,5,6,5608,0,0,0,,0,001,SOUTH VICTORIA AV,RT 126,0.00,,-,A,-,Y,VEN,7,126,-,-,1.436,R,4,E,N,3,0,1,2,A,-,03,22350,,N,H,G,A,A,H,-,A,A,0,,Y,,,Y,,L,04,0,1,0,0,0,0,1,0,0,- ,EO,,,VENTURA,VENTURA,-119.21379089355469,34.271316528320312
9439459,2022,2022-06-13,5605,2022-04-23,0839,75,PATRO,6,5,3,5605,0,0,0,,0,002,CHANNEL ISLANDS BL,LIDO BL,478.00,W,N,A,-,N,,,,,,,,,,N,4,0,1,2,A,-,05,21650,,N,-,G,A,-,H,-,A,A,0,,Y,,,Y,,D,22,0,0,1,0,0,0,1,0,0,- ,- ,,,VENTURA,PORT HUENEME,-119.20394897460938,34.175697326660156
94441063,2024,2024-10-22,9765,2024-10-01,1728,021999,,2,2,9,5600,0,3,5,,2,005,ALMOND DRIVE,FRIEDRICH ROAD,252.00,S,N,B,-,N,,,,,,,,,,N,2,0,1,2,A,-,11,21950,B,N,G,1,D,A,H,-,A,D,0,Y,,,,Y,,N,60,1,0,0,0,1,0,0,0,0,- ,- ,34.225711822509766,-119.12908935546875,VENTURA,UNINCORPORATED,-119.12911224365234,34.225677490234375
9450314,2022,2022-07-12,5608,2022-05-18,0742,499,92,3,5,6,5608,0,0,0,,0,003,RT 126,VICTORIA AV,0.00,,Y,B,-,Y,VEN,7,126,-,-,1.320,R,4,E,N,3,0,1,2,A,-,08,22107,,N,G,B,B,A,H,-,A,D,0,Y,,,,Y,,A,01,0,1,0,0,1,0,0,0,0,EF,- ,,,VENTURA,VENTURA,-119.21578979492188,34.271034240722656
94532987,2024,2025-01-10,9765,2024-12-27,958 ,024186,,5,1,2,5603,0,1,3,,1,020,SR-33 (VENTURA AVE),SR-150 (BALDWIN RD),16.00,S,N,A,-,Y,VEN,,33, , ,11.192,H,,R,N,3,0,1,2,A,-,17,21451,A,N,D,G,A,A,H,-,A,A,0,,Y,,,Y,,A,07,0,1,0,0,0,0,1,0,0,- ,- ,34.429828643798828,-119.28852844238281,VENTURA,OJAI,-119.28839874267578,34.429779052734375
9458092,2022,2022-06-13,5604,2022-04-24,1832,5377,,7,5,6,5604,0,0,0,,0,011,N OXNARD BL,GLENWOOD DR,150.00,N,N,A,-,N,,,,,,,,,,N,3,0,1,2,A,-,11,21954,A,N,G,B,E,A,H,-,A,D,0,Y,,,,Y,,N,60,0,1,0,0,1,0,0,0,0,- ,- ,34.216079711914062,-119.17828369140625,VENTURA,OXNARD,-119.17743682861328,34.214748382568359
94586580,2024,2025-02-21,9770,2024-08-24,2350,023577,,6,3,9,5600,0,1,3,,1,044,SR-126 W/B (EAST TELEGRAPH ROAD),TRESTLE WAY,250.00,E,N,A,-,Y,VEN,,126, ,R,22.933,H,,L,Y,1,1,0,2,A,-,11,21954,A,N,G,B,E,A,H,-,D,D,0,Y,,,,Y,Y,N,60,0,0,0,1,0,0,0,0,0,- ,- ,34.396381378173828,-118.88767242431641,VENTURA,UNINCORPORATED,-118.88767242431641,34.396369934082031
94716558,2025,2025-06-06,9765,2025-05-24,1854,022472,,6,2,9,5600,0,3,5,,2,002,ENCINO DRIVE,SR-33,1352.00,E,N,A,-,N,,,,,,,,,,N,3,0,1,2,A,-,08,22107,,N,B,1,E,A,H,-,A,D,0,Y,,,,Y,,D,22,0,1,0,0,1,0,0,0,0,- ,- ,34.414360046386719,-119.29264068603516,VENTURA,UNINCORPORATED,-119.29257965087891,34.414196014404297
9473684,2022,2022-08-18,5605,2022-07-26,1640,231,PATRO,2,5,3,5605,0,0,0,,0,003,VENTURA RD,PORT HUENEME RD,223.00,N,N,A,-,N,,,,,,,,,,N,4,0,1,2,A,-,05,21650,1,N,D,G,A,A,H,-,A,D,0,,Y,,,Y,,L,04,0,0,1,0,0,0,1,0,0,- ,- ,34.147800445556641,-119.19547271728516,VENTURA,PORT HUENEME,,
9508982,2022,2022-11-18,5608,2022-10-29,0825,535,,6,5,6,5608,0,0,0,,0,001,THOMPSON BL,OAK ST,0.00,,Y,A,-,N,,,,,,,,,,N,3,0,1,2,A,-,10,21950,,N,G,B,B,A,H,-,A,A,0,Y,,,,Y,,M,96,0,1,0,0,1,0,0,0,0,- ,- ,34.278221130371094,-119.29456329345703,VENTURA,VENTURA,-119.29465484619141,34.278247833251953
9512913,2022,2022-11-14,5604,2022-09-14,2215,5472,,3,5,6,5604,0,0,0,,0,022,9TH ST,S J ST,0.00,,Y,A,-,N,,,,,,,,,,N,4,0,1,2,A,-,10,21950,A,N,G,B,B,A,H,-,C,A,0,Y,,,,Y,,-,99,0,0,1,0,1,0,0,0,0,- ,- ,34.192451477050781,-119.18916320800781,VENTURA,OXNARD,-119.18917083740234,34.192459106445312
9518851,2023,2023-02-06,5604,2023-01-14,1739,5434,,6,5,6,5604,0,0,0,,0,024,SAVIERS RD,LAUREL ST,0.00,,Y,C,-,N,,,,,,,,,,N,3,0,1,2,A,-,10,21950,A,N,A,B,B,B,H,-,C,A,0,Y,,,Y,Y,,F,26,0,1,0,0,1,0,0,0,0,- ,- ,34.177330017089844,-119.17752075195312,VENTURA,OXNARD,-119.17759704589844,34.177345275878906
9519265,2022,2023-02-06,5604,2022-01-18,1630,5538,,2,5,6,5604,0,0,0,,0,011,GONZALES RD,VICTORIA AV,0.00,,Y,A,-,N,,,,,,,,,,N,3,0,1,2,A,-,10,21950,A,F,G,B,B,A,H,-,B,A,0,Y,,,,Y,,-,99,0,1,0,0,1,0,0,0,0,- ,- ,34.219470977783203,-119.21420288085938,VENTURA,OXNARD,-119.22129821777344,34.219448089599609
9521905,2022,2022-11-18,5604,2022-09-28,1836,5615,,3,5,6,5604,0,0,0,,0,031,COOPER RD,HAYES AV,0.00,,Y,A,-,N,,,,,,,,,,N,4,0,1,2,A,-,21,22106,,N,G,B,E,A,H,-,A,D,0,Y,,,,Y,,A,01,0,0,1,0,1,0,0,0,0,- ,- ,,,VENTURA,OXNARD,-119.17534637451172,34.204555511474609
9539892,2022,2023-02-03,5604,2022-12-22,1738,5475,,4,5,6,5604,0,0,0,,0,024,PATTERSON RD,WOOLLEY RD,0.00,,Y,A,-,N,,,,,,,,,,N,3,0,2,3,A,-,10,21950,A,N,G,B,B,A,H,-,C,A,0,Y,,,,Y,,A,07,0,2,0,0,2,0,0,0,0,- ,- ,34.190288543701172,-119.2080078125,VENTURA,OXNARD,-119.20809936523438,34.19036865234375
9554824,2022,2023-04-12,5606,2022-09-04,2109,1159,5606,7,5,4,5606,0,0,0,,0,002,RT 126,HALLOCK DR,1584.00,E,N,A,-,Y,VEN,7,126,-,-,13.550,H,-,W,N,3,0,1,2,A,-,11,21956,,N,G,B,E,A,H,-,C,A,0,Y,,,,Y,,N,60,0,1,0,0,1,0,0,0,0,- ,- ,,,VENTURA,SANTA PAULA,-119.03821563720703,34.363670349121094
9577269,2023,2023-05-19,5608,2023-04-21,706 ,546,,5,5,6,5608,0,0,0,,0,004,TELEPHONE RD,COPLAND DR,26.00,E,N,A,-,N,,,,,,,,,,N,3,0,1,2,A,-,05,21650,1,N,A,G,A,A,H,-,A,A,0,,Y,,,Y,,L,04,0,1,0,0,0,0,1,0,0,- ,- ,,,VENTURA,VENTURA,-119.23014831542969,34.262737274169922
9586980,2023,2023-08-15,5604,2023-07-10,1810,5591,,1,5,6,5604,0,0,0,,0,031,N RICE AV,CAMINO DEL SOL,40.00,N,N,A,-,N,,,,,,,,,,N,4,0,1,2,A,-,08,22107,,F,H,G,A,A,H,-,A,A,0,,Y,,,Y,,-,,0,0,1,0,0,0,1,0,0,- ,- ,34.261520385742188,-119.14215850830078,VENTURA,OXNARD,-119.14226531982422,34.206268310546875
9592253,2023,2023-06-26,5604,2023-05-24,1603,5687,,3,5,6,5604,0,0,0,,0,022,DORIS AV,VENTURA RD,150.00,E,N,A,-,N,,,,,,,,,,N,4,0,1,2,A,-,09,21804,A,N,G,G,A,A,H,-,A,A,0,,Y,,,Y,,L,04,0,0,1,0,0,0,1,0,0,- ,- ,34.208328247070312,-119.19467163085938,VENTURA,OXNARD,-119.19414520263672,34.208324432373047
9629966,2023,2023-12-11,5604,2023-10-12,1450,4914,,4,5,6,5604,0,0,0,,0,023,W 4TH ST,N ORCHARD BLVD,0.00,,Y,A,-,N,,,,,,,,,,N,4,0,1,2,D,-,00,,,F,G,B,B,A,H,-,A,A,0,Y,,,,Y,Y,-,- ,0,0,1,0,1,0,0,0,0,- ,- ,34.198970794677734,-119.17735290527344,VENTURA,OXNARD,-117.57990264892578,35.646739959716797
9629968,2023,2023-12-11,5604,2023-10-10,1910,5672,,2,5,6,5604,0,0,0,,0,023,E 4TH ST,OXNARD BL,215.00,S,N,A,-,N,,,,,,,,,,N,2,0,1,2,A,-,10,21950,A,N,G,B,C,A,H,-,C,D,0,Y,,,,Y,,A,07,1,0,0,0,1,0,0,0,0,- ,- ,34.19921875,-119.17626953125,VENTURA,OXNARD,,
9643372,2023,2023-12-04,5604,2023-10-05,1450,5312,,4,5,6,5604,0,0,0,,0,012,AUTO CENTER DR,PASEO MERCADO RD,0.00,,Y,A,-,N,,,,,,,,,,N,4,0,1,2,A,-,11,21456,C,N,G,B,B,A,H,-,A,A,0,Y,,,,Y,,N,60,0,0,1,0,1,0,0,0,0,- ,- ,34.226768493652344,-119.14910125732422,VENTURA,OXNARD,-119.14916229248047,34.226730346679688
9666536,2024,2024-03-14,5608,2024-01-19,1743,498,,5,5,6,5608,0,0,0,,0,001,E MAIN ST,S KALORAMA ST,0.00,,Y,A,-,N,,,,,,,,,,N,3,0,1,2,A,-,08,22107,,N,D,G,A,A,H,-,B,-,0,,Y,,,Y,,A,01,0,1,0,0,0,0,1,0,0,- ,- ,,,VENTURA,VENTURA,-119.28701019287109,34.280838012695312
9689779,2024,2024-05-07,5608,2024-03-16,1506,508,,6,5,6,5608,0,0,0,,0,004,CHESHIRE ST,PLACID AV,0.00,,Y,A,-,N,,,,,,,,,,N,3,0,1,2,A,-,12,22450,A,N,D,G,A,A,H,-,A,D,0,,Y,,,Y,,L,04,0,1,0,0,0,0,1,0,0,- ,- ,34.226978302001953,-119.18177795410156,VENTURA,VENTURA,-119.181884765625,34.266941070556641
9707088,2024,2024-06-25,5604,2024-04-17,820 ,5401,,3,5,6,5604,0,0,0,,0,032,ROSE AV,IVES AV,100.00,N,N,A,-,N,,,,,,,,,,N,3,0,1,2,A,-,08,22107,,F,H,G,A,A,H,-,A,D,0,,Y,,,Y,,-,,0,1,0,0,0,0,1,0,0,- ,- ,34.179000854492188,-119.15899658203125,VENTURA,OXNARD,-119.15990447998047,34.179683685302734
9712991,2024,2024-07-10,5604,2024-05-09,1646,5728,,4,5,6,5604,0,0,0,,0,011,N VICTORIA AVE,GONZALES RD,100.00,E,N,A,-,N,,,,,,,,,,N,3,0,1,2,A,-,03,22350,,N,C,G,A,A,H,-,A,A,0,,Y,,,Y,,L,04,0,1,0,0,0,0,1,0,0,- ,- ,34.219440460205078,-119.22113800048828,VENTURA,OXNARD,,
9716446,2024,2024-08-02,5604,2024-06-16,402 ,5673,,7,5,6,5604,0,0,0,,0,022,S C ST,WOOLEY RD,30.00,N,N,A,-,N,,,,,,,,,,N,3,0,1,2,D,-,00,,,N,G,B,E,A,H,-,C,A,0,Y,,,,Y,,-,- ,0,1,0,0,1,0,0,0,0,- ,- ,34.189929962158203,-119.18115234375,VENTURA,OXNARD,-119.18119049072266,34.190040588378906
9744586,2024,2024-10-17,5604,2024-09-06,1355,5474,,5,5,6,5604,0,0,0,,0,012,RIO LINDO ST,SNOW AV,5.00,E,N,A,-,N,,,,,,,,,,N,4,0,2,3,A,-,12,22450,A,N,G,B,B,A,H,-,A,A,0,Y,,,,Y,,A,07,0,0,2,0,2,0,0,0,0,- ,- ,34.223289489746094,-119.16600799560547,VENTURA,OXNARD,,
9752168,2024,2024-11-18,5608,2024-11-04,1919,546,,1,5,6,5608,0,0,0,,0,002,HILLMONT AV,LOMA VIST RD,739.00,N,N,A,-,N,,,,,,,,,,N,3,0,1,2,A,-,10,21950,A,N,G,B,C,A,H,-,C,A,0,Y,,,,Y,,A,01,0,1,0,0,1,0,0,0,0,- ,- ,34.278011322021484,-119.25417327880859,VENTURA,VENTURA,-119.25411224365234,34.277950286865234
9755236,2024,2024-12-06,5608,2024-11-21,1144,451,,4,5,6,5608,0,0,0,,0,004,TELEPHONE RD,SATICOY AV,0.00,,Y,A,-,N,,,,,,,,,,N,4,0,1,2,A,-,10,21950,,N,G,B,B,A,H,-,A,A,0,Y,,,,Y,,A,01,0,0,1,0,1,0,0,0,0,- ,- ,,,VENTURA,VENTURA,-119.15834045410156,34.279506683349609
9763430,2024,2025-01-15,5604,2024-12-19,1435,5764,,4,5,6,5604,0,0,0,,0,024,LAUREL ST,SAVIERS RD,0.00,,Y,A,-,N,,,,,,,,,,N,4,0,1,2,A,-,08,22107,,N,G,B,B,A,H,-,A,A,0,Y,,,,Y,,A,01,0,0,1,0,1,0,0,0,0,- ,- ,34.177330017089844,-119.17752075195312,VENTURA,OXNARD,-119.17759704589844,34.177345275878906
9763626,2024,2025-01-17,5604,2024-11-01,1635,5669,,5,5,6,5604,0,0,0,,0,024,W CHANNEL ISLANDS BL,SAVIERS RD,391.00,W,N,A,-,N,,,,,,,,,,N,4,0,1,2,A,-,05,21650,1,N,B,G,A,A,H,-,A,D,0,,Y,,,Y,,L,04,0,0,1,0,0,0,1,0,0,- ,- ,34.17340087890625,-119.17755126953125,VENTURA,OXNARD,-119.17894744873047,34.173450469970703
9765337,2025,2025-02-12,5604,2025-01-11,1552,5567,,6,5,6,5604,0,0,0,,0,022,W WOOLEY RD,PIEDMONT ST,0.00,,Y,A,-,N,,,,,,,,,,N,4,0,1,2,A,-,09,21802,A,F,D,G,A,A,H,-,A,A,0,,Y,,,Y,,A,01,0,0,1,0,0,0,1,0,0,- ,- ,34.190170288085938,-119.19982147216797,VENTURA,OXNARD,-119.19711303710938,34.19036865234375
9778911,2025,2025-01-28,5608,2025-01-13,1135,570,,1,5,6,5608,0,0,0,,0,004,TELEPHONE RD,VICTORIA AV,305.00,W,N,A,G,N,,,,,,,,,,N,4,0,1,2,A,-,10,21950,A,N,G,B,C,A,H,-,A,D,0,Y,,,,Y,,A,08,0,0,1,0,1,0,0,0,0,- ,- ,,,VENTURA,VENTURA,-119.21354675292969,34.265296936035156