CASE_ID,ACCIDENT_YEAR,PROC_DATE,JURIS,COLLISION_DATE,COLLISION_TIME,OFFICER_ID,REPORTING_DISTRICT,DAY_OF_WEEK,CHP_SHIFT,POPULATION,CNTY_CITY_LOC,SPECIAL_COND,BEAT_TYPE,CHP_BEAT_TYPE,CITY_DIVISION_LAPD,CHP_BEAT_CLASS,BEAT_NUMBER,PRIMARY_RD,SECONDARY_RD,DISTANCE,DIRECTION,INTERSECTION,WEATHER_1,WEATHER_2,STATE_HWY_IND,CALTRANS_COUNTY,CALTRANS_DISTRICT,STATE_ROUTE,ROUTE_SUFFIX,POSTMILE_PREFIX,POSTMILE,LOCATION_TYPE,RAMP_INTERSECTION,SIDE_OF_HWY,TOW_AWAY,COLLISION_SEVERITY,NUMBER_KILLED,NUMBER_INJURED,PARTY_COUNT,PRIMARY_COLL_FACTOR,PCF_CODE_OF_VIOL,PCF_VIOL_CATEGORY,PCF_VIOLATION,PCF_VIOL_SUBSECTION,HIT_AND_RUN,TYPE_OF_COLLISION,MVIW,PED_ACTION,ROAD_SURFACE,ROAD_COND_1,ROAD_COND_2,LIGHTING,CONTROL_DEVICE,CHP_ROAD_TYPE,PEDESTRIAN_ACCIDENT,BICYCLE_ACCIDENT,MOTORCYCLE_ACCIDENT,TRUCK_ACCIDENT,NOT_PRIVATE_PROPERTY,ALCOHOL_INVOLVED,STWD_VEHTYPE_AT_FAULT,CHP_VEHTYPE_AT_FAULT,COUNT_SEVERE_INJ,COUNT_VISIBLE_INJ,COUNT_COMPLAINT_PAIN,COUNT_PED_KILLED,COUNT_PED_INJURED,COUNT_BICYCLIST_KILLED,COUNT_BICYCLIST_INJURED,COUNT_MC_KILLED,COUNT_MC_INJURED,PRIMARY_RAMP,SECONDARY_RAMP,LATITUDE,LONGITUDE,COUNTY,CITY,POINT_X,POINT_Y
9784265,2025,2025-02-24,5604,2025-01-28,823 ,5806,,2,5,6,5604,0,0,0,,0,023,W 4TH ST,B ST,2.00,E,N,A,-,N,,,,,,,,,,N,4,0,1,2,A,-,10,21950,C,N,G,B,B,A,H,-,A,A,0,Y,,,,Y,,I,20,0,0,1,0,1,0,0,0,0,- ,- ,34.199001312255859,-119.17981719970703,VENTURA,OXNARD,-119.17983245849609,34.199001312255859
9802502,2024,2025-04-25,5606,2024-05-12,1038,1175,5606,7,5,4,5606,0,0,0,,0,002,VIRGINIA TER,10TH ST,0.00,,Y,A,-,N,,,,,,,,,,N,3,0,1,2,A,-,12,22450,A,N,G,G,A,A,H,-,A,D,0,,Y,,,Y,,L,04,0,1,0,0,0,0,1,0,0,- ,- ,,,VENTURA,SANTA PAULA,-119.06291961669922,34.360172271728516
9802570,2024,2025-04-18,5606,2024-03-20,913 ,1170,5606,3,5,4,5606,0,0,0,,0,001,W SANTA MARIA ST,ACACIA RD,18.00,W,N,A,-,N,,,,,,,,,,N,3,0,1,2,A,-,11,21954,A,N,G,B,E,A,H,-,A,D,0,Y,,,,Y,,-,99,0,1,0,0,1,0,0,0,0,- ,- ,,,VENTURA,SANTA PAULA,,
9804795,2025,2025-04-25,5608,2025-04-15,706 ,411,,2,5,6,5608,0,0,0,,0,004,NORTH BANK DR,JOHNSON DR,0.00,,Y,B,-,N,,,,,,,,,,N,3,0,1,2,A,-,10,21950,,N,D,B,B,A,H,-,A,A,0,Y,,,,Y,,A,01,0,1,0,0,1,0,0,0,0,- ,- ,,,VENTURA,VENTURA,-119.19488525390625,34.246952056884766
9807063,2025,2025-06-02,5608,2025-04-30,1335,397,VENTU,3,5,6,5608,0,0,0,,0,001,GARDEN ST,MAIN ST,60.00,S,N,A,-,N,,,,,,,,,,N,4,0,1,2,A,-,10,21952,,F,G,B,E,A,H,-,A,D,0,Y,,,,Y,,A,01,0,0,1,0,1,0,0,0,0,- ,- ,,,VENTURA,VENTURA,-119.30231475830078,34.281078338623047
9807372,2025,2025-05-23,5604,2025-02-15,1437,5744,,6,5,6,5604,0,0,0,,0,031,N GRANT AVE,E 1ST ST,300.00,N,N,A,-,N,,,,,,,,,,N,4,0,1,2,A,-,21,22106,,N,G,B,E,A,H,-,A,D,0,Y,,,,Y,,A,07,0,0,1,0,1,0,0,0,0,- ,- ,,,VENTURA,OXNARD,-119.17436981201172,34.203754425048828
9827150,2025,2025-07-09,5608,2025-06-24,652 ,499,,2,5,6,5608,0,0,0,,0,004,PERKIN AV,AUTO CENTER DR,0.00,,Y,B,-,N,,,,,,,,,,N,3,0,1,2,A,-,10,21952,,N,G,B,B,A,H,-,A,D,0,Y,,,,Y,,A,01,0,1,0,0,1,0,0,0,0,- ,- ,,,VENTURA,VENTURA,-119.19992828369141,34.245864868164062
9829018,2025,2025-06-19,5604,2025-06-01,1354,5189,,7,5,6,5604,0,0,0,,0,022,WOOLEY RD,G ST,0.00,,Y,A,-,N,,,,,,,,,,N,3,0,1,2,A,-,05,21650,,N,D,G,A,A,H,-,A,A,0,,Y,,,Y,,L,04,0,1,0,0,0,0,1,0,0,- ,- ,34.190189361572266,-119.18637847900391,VENTURA,OXNARD,-119.1864013671875,34.190200805664062
9876733,2025,2025-09-26,5604,2025-08-22,1259,5789,4,5,5,6,5604,0,0,0,,0,041,SAVIERS RD,W BARD RD W,0.00,,Y,A,-,N,,,,,,,,,,N,4,0,1,2,A,-,10,21950,C,N,G,B,B,A,H,-,A,A,0,Y,,,,Y,,A,07,0,0,1,0,1,0,0,0,0,- ,- ,34.160999298095703,-119.17768859863281,VENTURA,OXNARD,-119.17778015136719,34.161003112792969
9877101,2025,2025-10-03,5604,2025-08-26,1350,5210,,2,5,6,5604,0,0,0,,0,014,RT 232,COLLINS ST,200.00,S,N,A,-,Y,VEN,7,232,-,-,0.960,H,-,S,N,3,0,1,2,A,-,10,21952,,F,G,B,C,A,H,-,A,D,0,Y,,,,Y,,A,01,0,1,0,0,1,0,0,0,0,- ,- ,,,VENTURA,OXNARD,-119.16853332519531,34.238327026367188
9893068,2025,2025-12-15,5608,2025-11-11,1806,577,,2,5,6,5608,0,0,0,,0,001,SANTA CLARA ST,OAK ST,0.00,,Y,A,-,N,,,,,,,,,,N,3,0,1,2,A,-,10,21950,,N,G,B,B,A,H,-,C,A,0,Y,,,,Y,,A,01,0,1,0,0,1,0,0,0,0,- ,- ,,,VENTURA,VENTURA,-119.29467010498047,34.279533386230469
9897915,2026,2026-02-03,5608,2026-01-13,745 ,576,,2,5,6,5608,0,0,0,,0,004,SOUTH VICTORIA AV,VALENTINE RD,16.00,S,N,A,-,N,,,,,,,,,,N,3,0,1,2,A,-,08,22107,,N,D,G,A,A,H,-,A,A,0,,Y,,,Y,,A,01,0,1,0,0,0,0,1,0,0,- ,- ,,,VENTURA,VENTURA,-119.21179962158203,34.251499176025391
9899469,2026,2026-02-26,5608,2026-01-21,945 ,540,,3,5,6,5608,0,0,0,,0,004,TELEPHONE RD,RT 101,0.00,,Y,A,-,Y,VEN,7,101,-,-,25.860,R,3,S,N,4,0,1,2,A,-,10,21950,A,N,A,B,A,A,H,-,C,A,0,,,Y,,Y,,A,01,0,0,1,0,0,0,0,0,1,- ,SO,34.26177978515625,-119.23149108886719,VENTURA,VENTURA,-119.22908782958984,34.261302947998047
9900599,2025,2025-12-24,5605,2025-11-23,1034,246,PATRO,7,5,3,5605,0,0,0,,0,002,VENTURA RD,SUNKIST ST,0.00,,Y,A,-,N,,,,,,,,,,N,4,0,1,2,A,-,05,21650,,N,D,G,A,A,H,-,A,A,0,,Y,,,Y,,L,04,0,0,1,0,0,0,1,0,0,- ,- ,34.168498992919922,-119.19509887695312,VENTURA,PORT HUENEME,-119.19500732421875,34.168426513671875
9907566,2026,2026-02-19,5604,2026-01-27,1015,5839,,2,5,6,5604,0,0,0,,0,024,W CHANNEL ISLANDS BL,MAYWOOD ST,500.00,E,N,A,-,N,,,,,,,,,,N,4,0,1,2,A,-,05,21650,1,N,D,G,A,A,H,-,A,D,0,,Y,,,Y,,L,04,0,0,1,0,0,0,1,0,0,- ,- ,,,VENTURA,OXNARD,-119.18259429931641,34.174137115478516
9908388,2025,2026-03-10,5604,2025-12-27,2134,5800,,6,5,6,5604,0,0,0,,0,014,COLLECTION BL,SEAGLASS WY,0.00,,Y,A,-,N,,,,,,,,,,N,3,0,1,2,A,-,- ,,,N,G,B,D,A,A,-,B,D,0,Y,,,,Y,,A,01,0,1,0,0,1,0,0,0,0,- ,- ,34.240699768066406,-119.17600250244141,VENTURA,OXNARD,-119.17581176757812,34.239833831787109
9908442,2025,2026-02-05,5604,2025-12-16,1430,5797,,2,5,6,5604,0,0,0,,0,012,N ROSE AV,GONZALES RD,0.00,,Y,A,-,N,,,,,,,,,,N,3,0,1,2,A,-,12,21453,A,N,D,G,A,A,H,-,A,A,0,,Y,,,Y,,L,04,0,1,0,0,0,0,1,0,0,- ,- ,34.219528198242188,-119.15883636474609,VENTURA,OXNARD,-119.15843200683594,34.218990325927734
9911164,2026,2026-03-19,5608,2026-03-06,1645,456,,5,5,6,5608,0,0,0,,0,002,HARBOR BL,OLIVAS PARK DR,450.00,S,N,A,-,N,,,,,,,,,,N,2,0,1,2,A,-,08,22107,,N,C,G,A,A,H,-,A,D,0,,Y,,,Y,,L,04,1,0,0,0,0,0,1,0,0,- ,- ,,,VENTURA,VENTURA,-119.25674438476562,34.243053436279297
6291708,2014,2016-01-13,5600,2014-09-26,0053,1929,9158,5,5,6,5607,0,0,0,,0,09D,RT 23,TOWNSGATE RD,395.00,S,N,A,-,Y,VEN,7,23,-,R,3.030,H,-,S,Y,1,1,0,2,A,-,11,21955,,N,G,B,D,A,H,-,C,D,0,Y,,,,Y,Y,N,60,0,0,0,1,0,0,0,0,0,- ,- ,,,VENTURA,THOUSAND OAKS,-118.82792344000001,34.153901789999999
6358220,2014,2014-06-10,9765,2014-01-19,1056,020528,,7,1,9,5600,0,3,5,,2,002,SYCAMORE,PALO ALTO,0.00,,Y,B,-,N,,,,,,,,,,N,3,0,1,2,A,-,05,21202,A,N,D,G,A,A,H,-,A,A,0,,Y,,,Y,,L,04,0,1,0,0,0,0,1,0,0,- ,- ,34.420079999999999,-119.29362,VENTURA,UNINCORPORATED,-119.29370987999999,34.420090020000004
6367363,2014,2014-06-10,5608,2014-01-21,2007,417,,2,5,6,5608,0,0,0,,0,001,THOMPSON BL,FIGUEROA ST,30.00,W,N,A,-,N,,,,,,,,,,N,2,0,1,2,A,-,11,21954,A,N,G,B,D,A,H,-,C,A,0,Y,,,,Y,Y,N,60,1,0,0,0,1,0,0,0,0,- ,- ,,,VENTURA,VENTURA,-119.29782912,34.2782567
6409052,2014,2014-07-17,5600,2014-03-13,1740,4455,8133,4,5,5,5601,0,0,0,,0,1740,PONDEROSA DR,LAS POSAS RD,12.00,S,N,A,-,N,,,,,,,,,,N,3,0,1,2,A,-,05,21650,1,N,D,G,A,A,H,-,A,A,0,,Y,,,Y,,L,04,0,1,0,0,0,0,1,0,0,- ,- ,34.240450000000003,-119.02222999999999,VENTURA,CAMARILLO,,
6429914,2014,2016-03-22,5600,2014-02-04,1525,4626,,2,5,2,5603,0,0,0,,0,1A1,CARILLO RD,MARICOPA HWY,96.00,W,N,A,-,Y,VEN,7,33,-,-,11.331,I,6,S,N,3,0,1,2,A,-,09,21804,A,N,D,G,A,A,H,-,A,D,0,,Y,,,Y,,A,07,0,1,0,0,0,0,1,0,0,- ,- ,,,VENTURA,OJAI,-119.26275138,34.441925769999997
6432200,2014,2014-06-27,5609,2014-03-27,1721,388,,4,5,6,5609,0,0,0,,0,003,ROYAL AV,SYCAMORE DR,10.00,W,N,A,-,N,,,,,,,,,,N,3,0,1,2,A,-,11,21950,B,N,G,B,B,A,H,-,A,A,0,Y,,,,Y,,N,60,0,1,0,0,1,0,0,0,0,- ,- ,,,VENTURA,SIMI VALLEY,-118.74781304,34.260849999999998
6438311,2014,2014-07-03,9770,2014-02-14,1105,14675,,5,1,9,5600,0,2,4,,1,088,BOX CANYON RD,SANTA SUSANA PASS RD,528.00,S,N,A,-,N,,,,,,,,,,N,2,0,1,1,A,-,03,22350,,N,H,G,A,A,H,-,A,D,0,,Y,,,Y,,L,04,1,0,0,0,0,0,1,0,0,- ,- ,34.262720000000002,-118.64507,VENTURA,UNINCORPORATED,-118.64493902,34.262983910000003
6453678,2014,2014-07-23,5608,2014-04-23,1429,282,,3,5,6,5608,0,0,0,,0,003,TELEGRAPH RD,BRENT ST,0.00,,Y,A,-,N,,,,,,,,,,N,4,0,1,2,A,-,11,21954,A,N,D,B,-,A,H,-,A,D,0,Y,,,,Y,,N,60,0,0,1,0,1,0,0,0,0,- ,- ,,,VENTURA,VENTURA,-119.25666993,34.271830029999997
6462721,2014,2014-07-22,5600,2014-04-02,1526,4938,9032,3,5,6,5607,0,0,0,,0,09A,AVENIDA DE LOS ARBOLES,CALLE BOUGANVILLA,7.00,S,N,A,-,N,,,,,,,,,,N,3,0,1,2,A,-,05,21650,1,N,H,G,A,A,H,-,A,A,0,,Y,,,Y,,L,04,0,1,0,0,0,0,1,0,0,- ,- ,,,VENTURA,THOUSAND OAKS,-118.85347116,34.212598870000001
6466849,2014,2014-07-17,5600,2014-04-01,0737,4397,8205,2,5,5,5601,0,0,0,,0,08D,MISSION OAKS BL,ANGUILA PL,379.00,W,N,A,-,N,,,,,,,,,,N,2,0,1,2,A,-,08,22107,,N,H,G,A,A,H,-,A,D,0,,Y,,,Y,,A,08,1,0,0,0,0,0,1,0,0,- ,- ,34.218260000000001,-119.01052,VENTURA,CAMARILLO,-119.01052437,34.218424720000002
6473105,2014,2014-07-22,5609,2014-04-18,0447,429,617,5,5,6,5609,0,0,0,,0,006,CAROLINE AV,DOROTHY AV,278.00,W,N,A,-,N,,,,,,,,,,N,4,0,1,2,A,-,11,21954,A,N,G,B,E,A,H,-,C,A,0,Y,,,,Y,Y,N,60,0,0,1,0,1,0,0,0,0,- ,- ,,,VENTURA,SIMI VALLEY,-118.66634861999999,34.26601393
6475894,2014,2014-07-24,5609,2014-04-17,1912,388,,4,5,6,5609,0,0,0,,0,004,LOS ANGELES AV,ERRINGER RD,11.00,E,N,A,-,N,,,,,,,,,,N,3,0,1,2,A,-,08,22100,A,N,D,G,A,A,H,-,B,A,0,,Y,,,Y,,-,,0,1,0,0,0,0,1,0,0,- ,- ,,,VENTURA,SIMI VALLEY,-118.76136365000001,34.271749560000003
6484751,2014,2014-07-24,9765,2014-05-09,0556,017897,,5,3,9,5600,0,3,5,,2,006,CHANNEL ISLANDS BL,RICE AV,25.00,E,N,A,-,N,,,,,,,,,,N,4,0,1,2,A,-,05,21650,1,N,H,G,A,A,H,-,B,D,0,,Y,,,Y,,L,04,0,0,1,0,0,0,1,0,0,- ,- ,34.173160000000003,-119.14266000000001,VENTURA,UNINCORPORATED,-119.14257745,34.173209999999997
6486221,2014,2014-07-25,5600,2014-05-15,1745,4375,8213,4,5,5,5601,0,0,0,,0,08D,FIELDCREST DR,MISSION OAKS BL,275.00,W,N,A,-,N,,,,,,,,,,N,4,0,1,2,A,-,05,21650,1,N,D,G,A,A,H,-,A,D,0,,Y,,,Y,,L,04,0,0,1,0,0,0,1,0,0,- ,- ,34.235390000000002,-118.98956,VENTURA,CAMARILLO,-118.9894853,34.235455340000001
6501220,2014,2014-07-28,5600,2014-05-03,1904,2997,8021,6,5,5,5601,0,0,0,,0,08B,CARMEN DR,PONDEROSA DR,0.00,,Y,A,-,N,,,,,,,,,,N,3,0,1,2,A,-,05,21650,1,N,D,G,A,A,H,-,A,A,0,,Y,,,Y,,L,04,0,1,0,0,0,0,1,0,0,- ,- ,34.223689999999998,-119.05081,VENTURA,CAMARILLO,-119.0507901,34.223640009999997
6505720,2014,2014-07-29,5608,2014-05-21,1600,423,,3,5,6,5608,0,0,0,,0,001,MAIN ST,HURST ST,200.00,W,N,A,-,N,,,,,,,,,,N,4,0,1,2,A,-,21,22106,,M,G,B,E,A,H,-,A,D,0,Y,,,,Y,,-,,0,0,1,0,1,0,0,0,0,- ,- ,,,VENTURA,VENTURA,-119.2745736,34.279117169999999
6530494,2014,2014-08-19,5600,2014-06-18,1824,3364,9002,3,5,6,5607,0,0,0,,0,09A,LUCERO ST,VERDE VISTA DR,425.00,S,N,A,-,N,,,,,,,,,,N,3,0,1,2,A,-,21,22106,,N,G,B,E,A,H,-,A,D,0,Y,,,,Y,,A,07,0,1,0,0,1,0,0,0,0,- ,- ,,,VENTURA,THOUSAND OAKS,-118.87211859999999,34.232077519999997
6530502,2014,2014-08-19,5600,2014-06-19,1756,3364,9134,4,5,6,5607,0,0,0,,0,09S,NEWBURY RD,MARCELLO AV,37.00,E,N,A,-,N,,,,,,,,,,N,2,0,1,2,A,-,17,22517,,N,H,G,A,A,H,-,A,D,0,,Y,,,Y,,A,01,1,0,0,0,0,0,1,0,0,- ,- ,,,VENTURA,THOUSAND OAKS,-118.90178389,34.181917319999997
6558831,2014,2014-08-22,5600,2014-07-04,0728,4581,9092,5,5,6,5607,0,0,0,,0,09G,HILLCREST DR,MOORPARK RD,0.00,,Y,A,-,N,,,,,,,,,,N,3,0,1,2,A,-,09,21453,C,N,G,B,B,A,H,-,A,A,0,Y,,,,Y,,-,,0,1,0,0,1,0,0,0,0,- ,- ,,,VENTURA,THOUSAND OAKS,-118.87607013,34.181160040000002
6597752,2014,2014-09-08,5608,2014-08-11,2016,437,,1,5,6,5608,0,0,0,,0,001,NORTH VENTURA AV,VINCE ST,0.00,,Y,A,-,N,,,,,,,,,,N,4,0,1,2,A,-,09,21801,A,N,D,G,A,A,H,-,B,D,0,,Y,,,Y,,-,,0,0,1,0,0,0,1,0,0,- ,- ,,,VENTURA,VENTURA,-119.29694992,34.294170000000001
6605534,2014,2014-09-11,5600,2014-08-11,1100,4483,9072,1,5,6,5607,0,0,0,,0,09G,THOUSAND OAKS BL,ERBES RD,0.00,,Y,A,-,N,,,,,,,,,,N,3,0,1,2,A,-,12,21453,A,N,D,G,A,A,H,-,A,A,0,,Y,,,Y,,L,04,0,1,0,0,0,0,1,0,0,- ,- ,,,VENTURA,THOUSAND OAKS,-118.85135009,34.177780089999999
6607261,2014,2014-09-08,5605,2014-08-05,0950,67,PATRO,2,5,3,5605,0,0,0,,0,GRID,SUNKIST ST,VENTURA RD,4.00,W,N,A,-,N,,,,,,,,,,N,3,0,1,2,A,-,05,21650,1,N,-,G,A,A,H,-,A,A,0,,Y,,,Y,,L,04,0,1,0,0,0,0,1,0,0,- ,- ,,,VENTURA,PORT HUENEME,,
6642568,2014,2014-10-24,5608,2014-09-21,0134,443,VENTU,7,5,6,5608,0,0,0,,0,001,VENTURA AV,VINCE ST,63.00,N,N,A,-,N,,,,,,,,,,N,4,0,1,2,A,-,03,22350,,F,G,B,D,A,H,-,C,D,0,Y,,,,Y,Y,-,,0,0,1,0,1,0,0,0,0,- ,- ,,,VENTURA,VENTURA,-119.29690051,34.294337949999999
6652148,2014,2014-10-23,5609,2014-09-30,1804,388,,2,5,6,5609,0,0,0,,0,004,TAPO CANYON RD,EL PASEO WY,0.00,,Y,A,-,N,,,,,,,,,,N,4,0,1,2,A,-,09,21804,A,N,D,G,A,A,H,-,A,A,0,,Y,,,Y,,L,04,0,0,1,0,0,0,1,0,0,- ,- ,,,VENTURA,SIMI VALLEY,-118.71773005999999,34.288010040000003
6666158,2014,2014-12-18,5608,2014-10-15,1919,409,,3,5,6,5608,0,0,0,,0,003,WAKE FOREST AV,AURORA DR,7.00,S,N,B,-,N,,,,,,,,,,N,3,0,1,2,A,-,03,22350,,N,-,B,B,A,H,-,C,A,0,Y,,,,Y,,-,,0,1,0,0,1,0,0,0,0,- ,- ,,,VENTURA,VENTURA,-119.21774644,34.276571019999999
6667593,2014,2014-11-07,5600,2014-09-30,1916,4533,6020,2,5,3,5602,0,0,0,,0,6B01,MAIN ST,SARATOGA ST,0.00,,Y,A,-,N,,,,,,,,,,N,4,0,1,2,A,-,10,21954,B,N,G,B,D,A,H,-,C,D,0,Y,,,,Y,,A,01,0,0,1,0,1,0,0,0,0,- ,- ,,,VENTURA,FILLMORE,-118.91106001,34.399450010000002
6669378,2014,2014-11-20,5606,2014-06-12,1105,1097,5606,4,5,4,5606,0,0,0,,0,002,SANTA BARBARA ST,DAVIS ST,0.00,,Y,A,-,N,,,,,,,,,,N,4,0,1,2,A,-,12,22450,A,N,H,G,A,A,H,-,A,D,0,,Y,,,Y,,L,04,0,0,1,0,0,0,1,0,0,- ,- ,,,VENTURA,SANTA PAULA,-119.06347004,34.354770090000002
6678132,2015,2017-04-03,5600,2015-11-24,1730,4218,5100,2,5,4,5690,0,0,0,,0,02B,RT 23,3RD ST,480.00,S,N,A,-,Y,VEN,7,23,-,R,12.900,I,6,S,Y,1,1,0,2,A,-,10,21950,A,N,G,B,C,A,H,-,C,D,0,Y,,,,Y,Y,D,22,0,0,0,1,0,0,0,0,0,- ,- ,,,VENTURA,MOORPARK,-118.88214000000001,34.280524
6683020,2014,2014-12-23,5600,2014-10-21,1753,2913,9154,2,5,6,5607,0,0,0,,0,09D,THOUSAND OAKS BL,SUNSET DR,4.00,W,N,A,-,N,,,,,,,,,,N,3,0,1,2,A,-,05,21650,1,N,H,G,A,A,H,-,A,A,0,,Y,,,Y,,L,04,0,1,0,0,0,0,1,0,0,- ,- ,,,VENTURA,THOUSAND OAKS,-118.83377967,34.16742747
6698292,2014,2014-12-01,5600,2014-10-22,0700,39317,9999,3,5,6,5607,0,0,0,,0,3TL5,SLAUSON AV,LA TIJERA BL,10.00,E,N,A,-,N,,,,,,,,,,N,4,0,1,2,A,-,10,21950,A,F,G,B,B,A,H,-,A,A,0,Y,,,,Y,,-,99,0,0,1,0,1,0,0,0,0,- ,- ,,,VENTURA,THOUSAND OAKS,,
6720793,2014,2015-01-13,5600,2014-11-22,1520,3364,9072,6,5,6,5607,0,0,0,,0,09G,ERBES RD,THOUSAND OAKS BL,6.00,N,N,A,-,N,,,,,,,,,,N,3,0,1,2,A,-,10,21950,A,N,G,B,B,A,H,-,A,A,0,Y,,,,Y,,A,07,0,1,0,0,1,0,0,0,0,- ,- ,,,VENTURA,THOUSAND OAKS,-118.85133697000001,34.177792400000001
6737334,2014,2015-01-26,5609,2014-11-29,1520,437,,6,5,6,5609,0,0,0,,0,004,GALENA AV,COCHRAN ST,10.00,W,N,A,-,N,,,,,,,,,,N,3,0,1,2,A,-,12,21453,A,F,G,B,B,A,H,-,A,A,0,Y,,,,Y,,A,01,0,1,0,0,1,0,0,0,0,- ,- ,,,VENTURA,SIMI VALLEY,,
6749059,2014,2015-01-30,9770,2014-12-03,1709,019930,,3,2,6,5609,0,1,3,,2,082,RT 118,TAPO CANYON RD,1637.00,W,N,B,C,Y,,,,,,,,,,N,3,0,1,2,C,-,18,,,F,G,B,E,B,H,-,D,D,0,Y,,,,Y,,-,- ,0,1,0,0,1,0,0,0,0,- ,- ,,,VENTURA,SIMI VALLEY,-118.72321386,34.282122800000003
6753279,2015,2015-02-24,5608,2015-01-05,0952,456,,1,5,6,5608,0,0,0,,0,003,TELEGRAPH RD,HILL RD,0.00,,Y,A,-,N,,,,,,,,,,N,4,0,1,2,A,-,08,22107,,N,H,G,A,A,H,-,A,A,0,,Y,,,Y,,-,,0,0,1,0,0,0,1,0,0,- ,- ,,,VENTURA,VENTURA,-119.20904006000001,34.278800099999998
6754683,2014,2015-02-10,5608,2014-12-03,1732,284,,3,5,6,5608,0,0,0,,0,001,W RAMONA ST,SHERIDAN WY,275.00,E,N,B,-,N,,,,,,,,,,Y,3,0,1,2,A,-,11,21954,A,N,G,B,E,B,H,-,C,D,0,Y,,,,Y,,N,,0,1,0,0,1,0,0,0,0,- ,- ,,,VENTURA,VENTURA,-119.30296663,34.290630460000003
6755833,2014,2015-02-04,5609,2014-12-23,1652,433,615,2,5,6,5609,0,0,0,,0,006,LOS ANGELES AV,YOSEMITE AV,310.00,E,N,A,-,N,,,,,,,,,,N,3,0,1,2,A,-,09,21804,A,N,H,G,A,A,H,-,C,D,0,,Y,,,Y,,A,01,0,1,0,0,0,0,1,0,0,- ,- ,,,VENTURA,SIMI VALLEY,-118.67737554999999,34.271740000000001
6783143,2014,2015-02-17,5600,2014-12-27,1634,3754,8007,6,5,5,5601,0,0,0,,0,08A,LAS POSAS RD,DAILY DR,0.00,,Y,A,-,N,,,,,,,,,,N,3,0,1,2,A,-,09,21801,B,N,H,G,A,A,H,-,A,A,0,,Y,,,Y,Y,L,04,0,1,0,0,0,0,1,0,0,- ,- ,34.221899999999998,-119.06982000000001,VENTURA,CAMARILLO,-119.06979004,34.221840010000001
6792073,2014,2015-03-04,5609,2014-12-06,1302,356,,6,5,6,5609,0,0,0,,0,003,FITZGERALD RD,WHITCOMB AV,624.00,W,N,A,-,N,,,,,,,,,,N,3,0,1,2,A,-,17,22517,,N,H,G,A,A,H,-,A,D,0,,Y,,,Y,,A,01,0,1,0,0,0,0,1,0,0,- ,- ,,,VENTURA,SIMI VALLEY,-118.75513191,34.257220009999998
6794246,2015,2015-02-19,9765,2015-01-16,1535,20423,,5,2,9,5600,0,2,4,,2,037,HARBOR BL,GONZALES RD,528.00,N,N,A,-,N,,,,,,,,,,N,4,0,1,2,A,-,09,21803,A,N,B,G,A,A,H,-,A,A,0,,Y,,,Y,,A,07,0,0,1,0,0,0,1,0,0,- ,- ,34.219670000000001,-119.25435,VENTURA,UNINCORPORATED,-119.25445147000001,34.219799440000003
6799335,2015,2015-02-19,5600,2015-01-21,1105,3292,9180,3,5,6,5607,0,0,0,,0,09D,BRECKFORD CT,CREEKWOOD ST,293.00,W,N,A,-,N,,,,,,,,,,N,2,0,1,2,A,-,21,22106,,N,G,B,E,A,H,-,A,D,0,Y,,,,Y,,A,01,1,0,0,0,1,0,0,0,0,- ,- ,,,VENTURA,THOUSAND OAKS,-118.84058338,34.14791503
6805290,2015,2015-02-25,5600,2015-01-20,0650,4938,9168,2,5,6,5607,0,0,0,,0,09D,LAKEVIEW CANYON RD,THOUSAND OAKS BL,7.00,N,N,A,-,N,,,,,,,,,,N,4,0,1,2,A,-,05,21650,1,N,H,G,A,A,H,-,A,A,0,,Y,,,Y,,L,04,0,0,1,0,0,0,1,0,0,- ,- ,,,VENTURA,THOUSAND OAKS,,
6825146,2015,2015-03-09,5608,2015-02-09,1752,438,,1,5,6,5608,0,0,0,,0,001,HARBOR BL,CALIFORNIA ST,725.00,E,N,A,-,N,,,,,,,,,,N,3,0,1,2,A,-,03,22350,,N,G,B,C,A,H,-,B,A,0,Y,,,,Y,,-,,0,1,0,0,1,0,0,0,0,- ,- ,,,VENTURA,VENTURA,-119.29073945,34.276415579999998
6833775,2015,2015-03-12,5600,2015-02-11,1645,4438,8112,3,5,5,5601,0,0,0,,0,8B1,ARNEILL RD,BARRY ST,13.00,S,N,A,-,N,,,,,,,,,,N,3,0,1,2,A,-,10,21950,A,N,G,B,B,A,H,-,A,A,0,Y,,,,Y,,A,01,0,1,0,0,1,0,0,0,0,- ,- ,34.2194,-119.03904,VENTURA,CAMARILLO,-119.039,34.219454319999997
6854357,2014,2015-04-21,5604,2014-09-18,0707,4925,,4,5,6,5604,0,0,0,,0,024,WOOLEY RD,NOVATO DR,0.00,,Y,A,-,N,,,,,,,,,,Y,1,1,0,2,A,-,- ,,,N,G,B,B,A,H,-,A,A,0,Y,,,,Y,,-,,0,0,0,1,0,0,0,0,0,- ,- ,,,VENTURA,OXNARD,-119.20354,34.190460090000002
6883338,2015,2015-04-23,5608,2015-04-01,0801,386,,3,5,6,5608,0,0,0,,0,004,PORTOLA RD,TELEPHONE RD,6.00,S,N,A,-,N,,,,,,,,,,N,3,0,1,2,A,-,08,22107,,N,A,B,B,A,H,-,A,A,0,Y,,,,Y,,-,,0,1,0,0,1,0,0,0,0,- ,- ,,,VENTURA,VENTURA,-119.22514520999999,34.26357402
6896509,2015,2015-05-14,9765,2015-03-29,2204,020481,,7,3,9,5600,0,2,4,,1,290,TICO RD,CRUZERO ST,150.00,N,N,A,-,N,,,,,,,,,,N,2,0,1,2,A,-,11,21954,A,F,G,B,E,A,H,-,C,D,0,Y,,,,Y,Y,N,60,1,0,0,0,1,0,0,0,0,- ,- ,34.433979999999998,-119.28419,VENTURA,UNINCORPORATED,-119.28480651,34.43418157