CASE_ID,ACCIDENT_YEAR,PROC_DATE,JURIS,COLLISION_DATE,COLLISION_TIME,OFFICER_ID,REPORTING_DISTRICT,DAY_OF_WEEK,CHP_SHIFT,POPULATION,CNTY_CITY_LOC,SPECIAL_COND,BEAT_TYPE,CHP_BEAT_TYPE,CITY_DIVISION_LAPD,CHP_BEAT_CLASS,BEAT_NUMBER,PRIMARY_RD,SECONDARY_RD,DISTANCE,DIRECTION,INTERSECTION,WEATHER_1,WEATHER_2,STATE_HWY_IND,CALTRANS_COUNTY,CALTRANS_DISTRICT,STATE_ROUTE,ROUTE_SUFFIX,POSTMILE_PREFIX,POSTMILE,LOCATION_TYPE,RAMP_INTERSECTION,SIDE_OF_HWY,TOW_AWAY,COLLISION_SEVERITY,NUMBER_KILLED,NUMBER_INJURED,PARTY_COUNT,PRIMARY_COLL_FACTOR,PCF_CODE_OF_VIOL,PCF_VIOL_CATEGORY,PCF_VIOLATION,PCF_VIOL_SUBSECTION,HIT_AND_RUN,TYPE_OF_COLLISION,MVIW,PED_ACTION,ROAD_SURFACE,ROAD_COND_1,ROAD_COND_2,LIGHTING,CONTROL_DEVICE,CHP_ROAD_TYPE,PEDESTRIAN_ACCIDENT,BICYCLE_ACCIDENT,MOTORCYCLE_ACCIDENT,TRUCK_ACCIDENT,NOT_PRIVATE_PROPERTY,ALCOHOL_INVOLVED,STWD_VEHTYPE_AT_FAULT,CHP_VEHTYPE_AT_FAULT,COUNT_SEVERE_INJ,COUNT_VISIBLE_INJ,COUNT_COMPLAINT_PAIN,COUNT_PED_KILLED,COUNT_PED_INJURED,COUNT_BICYCLIST_KILLED,COUNT_BICYCLIST_INJURED,COUNT_MC_KILLED,COUNT_MC_INJURED,PRIMARY_RAMP,SECONDARY_RAMP,LATITUDE,LONGITUDE,COUNTY,CITY,POINT_X,POINT_Y
6911857,2015,2016-09-08,5606,2015-02-08,1852,1033,5606,7,5,4,5606,0,0,0,,0,002,RT 150,VENTURA ST,0.00,,Y,A,-,Y,VEN,7,150,-,-,34.221,I,5,E,Y,4,0,1,2,A,-,09,21802,A,N,D,G,A,A,H,-,C,D,0,,Y,,,Y,,L,04,0,0,1,0,0,0,1,0,0,- ,- ,,,VENTURA,SANTA PAULA,-119.05927308,34.352415430000001
6915225,2015,2015-05-27,5600,2015-04-21,0748,3924,5104,2,5,4,5690,0,0,0,,0,02A,MARQUETTE ST,VARSITY ST,171.00,N,N,A,-,N,,,,,,,,,,N,3,0,1,2,D,-,00,,,N,H,G,A,A,H,-,A,D,0,,Y,,,Y,,-,- ,0,1,0,0,0,0,1,0,0,- ,- ,,,VENTURA,MOORPARK,-118.84584082000001,34.295079510000001
6938281,2015,2015-09-19,5608,2015-08-28,1844,437,,5,5,6,5608,0,0,0,,0,001,EAST THOMPSON BL,S PALM ST,220.00,W,N,A,-,N,,,,,,,,,,N,3,0,1,2,A,-,03,22350,,F,H,G,A,A,H,-,A,D,0,,Y,,,Y,,D,22,0,1,0,0,0,0,1,0,0,- ,- ,,,VENTURA,VENTURA,-119.29691746,34.278260000000003
6948585,2015,2015-06-24,5600,2015-05-30,1912,4664,9122,6,5,6,5607,0,0,0,,0,09C,BROCKTON RD,MICHAEL DR,17.00,W,N,A,-,N,,,,,,,,,,N,3,0,1,2,A,-,10,21950,A,N,G,B,B,A,H,-,A,A,0,Y,,,,Y,,A,01,0,1,0,0,1,0,0,0,0,- ,- ,,,VENTURA,THOUSAND OAKS,,
6986300,2015,2015-07-18,9770,2015-06-20,1020,018942,,6,1,9,5600,0,2,4,,1,031,SANTA ROSA RD,APPLEWOOD LN,362.00,W,N,A,-,N,,,,,,,,,,N,2,0,2,3,A,-,03,22350,,N,H,G,A,A,H,-,A,D,0,,Y,,,Y,,L,04,1,1,0,0,0,0,2,0,0,- ,- ,34.238370000000003,-118.905,VENTURA,UNINCORPORATED,-118.90550709,34.238398949999997
6990357,2015,2015-07-27,5609,2015-07-07,0742,460,200,2,5,6,5609,0,0,0,,0,002,CANCUN ST,MADERA RD,8.00,W,N,B,-,N,,,,,,,,,,N,3,0,1,2,A,-,09,21804,A,N,D,G,A,A,H,-,A,A,0,,Y,,,Y,,L,04,0,1,0,0,0,0,1,0,0,- ,- ,,,VENTURA,SIMI VALLEY,-118.79634593999999,34.260735760000003
7005425,2015,2015-07-22,5600,2015-07-01,1315,2548,6007,3,5,3,5602,0,0,0,,0,6A01,SANTA CLARA ST,B ST,10.00,W,N,A,-,N,,,,,,,,,,N,3,0,1,2,A,-,09,21802,A,N,D,G,A,A,H,-,A,A,0,,Y,,,Y,,L,04,0,1,0,0,0,0,1,0,0,- ,- ,,,VENTURA,FILLMORE,-118.92273281,34.396776350000003
7028173,2015,2015-10-12,5608,2015-09-23,0824,459,5608,3,5,6,5608,0,0,0,,0,002,LOMA VISTA RD,VIRGINIA AV,72.00,W,N,A,-,N,,,,,,,,,,N,3,0,1,2,A,-,00,21952,A,N,H,G,A,A,H,-,A,D,0,,Y,,,Y,,-,,0,1,0,0,0,0,1,0,0,- ,- ,,,VENTURA,VENTURA,-119.25978447,34.275045810000002
7034859,2015,2015-08-27,5609,2015-07-31,1545,437,,5,5,6,5609,0,0,0,,0,001,COCHRAN ST,MADERA RD,0.00,,Y,A,-,N,,,,,,,,,,N,4,0,1,2,A,-,10,21950,A,N,G,B,B,A,H,-,A,A,0,Y,,,,Y,,D,22,0,0,1,0,1,0,0,0,0,- ,- ,,,VENTURA,SIMI VALLEY,-118.79498001,34.281760009999999
7039459,2015,2015-09-10,5609,2015-08-08,1912,437,,6,5,6,5609,0,0,0,,0,004,CLOVER ST,ANGELA ST,49.00,N,N,A,-,N,,,,,,,,,,N,3,0,1,2,A,-,09,21804,A,N,H,G,A,A,H,-,A,D,0,,Y,,,Y,,L,04,0,1,0,0,0,0,1,0,0,- ,- ,,,VENTURA,SIMI VALLEY,-118.74474821,34.278404430000002
7050074,2015,2015-12-30,5600,2015-08-20,1136,4483,9132,4,5,6,5607,0,0,0,,0,09C,LYNN RD,VENTU PARK RD,414.00,E,N,A,-,N,,,,,,,,,,N,2,0,1,2,A,-,11,21954,A,N,G,B,D,A,D,-,A,A,0,Y,,,,Y,,N,60,1,0,0,0,1,0,0,0,0,- ,- ,,,VENTURA,THOUSAND OAKS,-118.90981794,34.176681219999999
7055333,2015,2016-07-19,5609,2015-09-15,1044,383,512,2,5,6,5609,0,0,0,,0,005,E LOS ANGELES AV,TAPO ST,0.00,,Y,A,-,N,,,,,,,,,,Y,2,0,1,2,A,-,01,21200,5,N,D,G,A,B,H,-,A,A,0,,Y,,,Y,Y,L,04,1,0,0,0,0,0,1,0,0,- ,- ,,,VENTURA,SIMI VALLEY,-118.70895013000001,34.271700099999997
7058207,2015,2015-11-23,5608,2015-11-10,1708,275,,2,5,6,5608,0,0,0,,0,001,NORTH VENTURA AV,SUNNYWAY DR,0.00,,Y,A,G,N,,,,,,,,,,N,3,0,1,2,A,-,05,21650,1,F,D,G,A,A,H,-,B,A,0,,Y,,,Y,,L,04,0,1,0,0,0,0,1,0,0,- ,- ,,,VENTURA,VENTURA,-119.29679992,34.294700059999997
7101563,2015,2016-01-14,5609,2015-12-23,1918,437,,3,5,6,5609,0,0,0,,0,003,LOS ANGELES,1ST ST,260.00,E,N,A,-,N,,,,,,,,,,N,3,0,1,2,A,-,10,21952,,N,G,B,F,A,H,-,C,D,0,Y,,,,Y,,J,49,0,1,0,0,1,0,0,0,0,- ,- ,34.271599999999999,-118.77885999999999,VENTURA,SIMI VALLEY,-118.77812075,34.271802940000001
7102897,2015,2017-01-13,5600,2015-09-30,1740,4787,5145,3,5,4,5690,0,0,0,,0,2A01,RT 118,MOORPARK AV,3.00,W,N,A,-,Y,VEN,7,118,-,R,17.494,I,5,E,N,4,0,1,2,A,-,10,21950,A,F,G,B,B,A,H,-,A,A,0,Y,,,,Y,Y,-,,0,0,1,0,1,0,0,0,0,- ,- ,,,VENTURA,MOORPARK,-118.88210931,34.278872839999998
7109395,2015,2015-11-19,5608,2015-10-29,1655,275,,4,5,6,5608,0,0,0,,0,001,N OLIVE ST,W PARK ROW AV,0.00,,Y,A,G,N,,,,,,,,,,N,3,0,1,2,A,-,12,22450,A,N,D,G,A,A,H,-,A,A,0,,Y,,,Y,Y,L,04,0,1,0,0,0,0,1,0,0,- ,- ,,,VENTURA,VENTURA,-119.30289998000001,34.285089999999997
7121065,2015,2016-08-09,5608,2015-11-12,0905,464,,4,5,6,5608,0,0,0,,0,003,DALTON ST,MCKINLEY DR,0.00,,Y,A,-,N,,,,,,,,,,N,2,0,1,2,A,-,12,22450,A,N,D,G,A,A,H,-,A,D,0,,Y,,,Y,,L,04,1,0,0,0,0,0,1,0,0,- ,- ,,,VENTURA,VENTURA,-119.25915988,34.278000040000002
7128670,2015,2015-12-09,5600,2015-11-18,1700,4438,8201,3,5,5,5601,0,0,0,,0,8D1,FLYNN RD,ADOLFO RD,198.00,N,N,A,-,N,,,,,,,,,,N,4,0,1,2,A,-,08,22107,,N,B,G,A,A,H,-,B,B,0,,Y,,,Y,,L,04,0,0,1,0,0,0,1,0,0,- ,- ,34.229840000000003,-119.01636000000001,VENTURA,CAMARILLO,-119.01651226,34.229720989999997
7135778,2015,2017-02-04,5608,2015-11-25,0705,401,,3,5,6,5608,0,0,0,,0,004,TELEPHONE RD,COPLAND DR,3.00,E,N,A,-,Y,VEN,7,101,-,-,25.859,R,1,N,N,4,0,1,2,A,-,10,21950,A,N,G,G,A,A,H,-,A,A,0,,Y,,,Y,,-,,0,0,1,0,0,0,1,0,0,- ,- ,,,VENTURA,VENTURA,-119.22921586,34.261592450000002
7187845,2016,2016-02-22,5609,2016-01-17,1037,396,,7,5,6,5609,0,0,0,,0,,LOS ANGELES AV,STEARNS ST,0.00,,Y,A,-,N,,,,,,,,,,N,3,0,1,2,A,-,10,21950,A,N,G,B,B,A,H,-,A,A,0,Y,,,,Y,,A,01,0,1,0,0,1,0,0,0,0,- ,- ,,,VENTURA,SIMI VALLEY,-118.69141009000001,34.271740010000002
7194057,2016,2016-02-29,5608,2016-02-09,0826,439,VTA,2,5,6,5608,0,0,0,,0,003,TELEGRAPH RD,COLLEGE DR,0.00,,Y,A,-,N,,,,,,,,,,N,3,0,1,2,A,-,10,21950,A,N,G,B,-,A,H,-,A,D,0,Y,,,,Y,,A,01,0,1,0,0,1,0,0,0,0,- ,- ,,,VENTURA,VENTURA,-119.24304988,34.273800080000001
8000274,2016,2016-03-30,5608,2016-03-10,1515,284,,4,5,6,5608,0,0,0,,0,001,HARBOR BL,CALIFORNIA ST,0.00,,Y,A,-,N,,,,,,,,,,N,4,0,1,2,A,-,10,21950,A,N,G,B,B,A,H,-,A,D,0,Y,,,,Y,,-,,0,0,1,0,1,0,0,0,0,- ,- ,,,VENTURA,VENTURA,-119.29302996,34.276880040000002
8016053,2016,2016-04-12,5609,2016-03-31,0935,312,,4,5,6,5609,0,0,0,,0,,EASY ST,CHAIN DR,247.00,W,N,A,-,N,,,,,,,,,,N,4,0,1,2,A,-,08,22107,,N,B,G,A,A,H,-,A,D,0,,Y,,,Y,,L,04,0,0,1,0,0,0,1,0,0,- ,- ,34.278100000000002,-118.79309000000001,VENTURA,SIMI VALLEY,-118.79395529999999,34.278170000000003
8056841,2016,2016-06-10,5608,2016-05-18,1500,440,5608,3,5,6,5608,0,0,0,,0,001,NORTH VENTURA AV,KELLOGG ST,0.00,,Y,A,-,N,,,,,,,,,,N,3,0,1,2,A,-,05,21650,1,N,D,G,A,A,H,-,A,D,0,,Y,,,Y,,L,04,0,1,0,0,0,0,1,0,0,- ,- ,,,VENTURA,VENTURA,-119.29799995,34.290660090000003
8063170,2016,2016-09-28,5600,2016-09-14,1126,4574,8014,3,5,5,5601,0,0,0,,0,08A,E LEISURE VILLAGE DR,VILLAGE 13,325.00,E,N,A,-,N,,,,,,,,,,N,3,0,1,2,B,-,22,,,N,D,G,A,A,H,-,A,A,0,,Y,,,Y,,A,01,0,1,0,0,0,0,1,0,0,- ,- ,34.223190000000002,-118.98837,VENTURA,CAMARILLO,-118.98615947,34.223302339999996
8074238,2016,2016-08-10,5600,2016-07-26,1810,4731,9105,2,5,6,5607,0,0,0,,0,09C,BORCHARD RD,REINO RD,486.00,W,N,A,-,N,,,,,,,,,,N,3,0,1,2,A,-,05,21650,1,N,D,G,A,A,H,-,A,A,0,,Y,,,Y,,L,04,0,1,0,0,0,0,1,0,0,- ,- ,,,VENTURA,THOUSAND OAKS,-118.95392329000001,34.179078619999999
8101806,2016,2016-08-18,5608,2016-08-09,1452,446,,2,5,6,5608,0,0,0,,0,004,VICTORIA AV,WEBSTER ST,150.00,N,N,A,-,N,,,,,,,,,,N,4,0,1,2,A,-,00,21956,B,N,B,B,E,A,H,-,A,A,0,Y,,,,Y,,N,60,0,0,1,0,1,0,0,0,0,- ,- ,,,VENTURA,VENTURA,-119.21342859000001,34.270815079999998
8112458,2016,2016-08-31,5608,2016-08-19,1143,472,,5,5,6,5608,0,0,0,,0,001,E MAIN ST,FIGUEROA PL,66.00,E,N,A,-,N,,,,,,,,,,N,3,0,1,2,A,-,06,21750,A,N,D,G,A,A,H,-,A,D,0,,Y,,,Y,,L,04,0,1,0,0,0,0,1,0,0,- ,- ,,,VENTURA,VENTURA,-119.29752175,34.280810000000002
8115153,2016,2016-09-06,5600,2016-08-12,1825,3634,8122,5,5,5,5601,0,0,0,,0,8C01,GLENN DR,DAILY DR,15.00,N,N,A,-,N,,,,,,,,,,N,3,0,1,2,A,-,10,21950,A,N,G,B,D,A,H,-,A,D,0,Y,,,,Y,,A,07,0,1,0,0,1,0,0,0,0,- ,- ,34.217910000000003,-119.03771999999999,VENTURA,CAMARILLO,-119.03784684,34.217861079999999
8117742,2016,2016-09-09,5608,2016-08-27,2041,452,,6,5,6,5608,0,0,0,,0,003,VICTORIA AV,THILLE RD,0.00,,Y,A,-,N,,,,,,,,,,N,3,0,1,2,A,-,- ,,,N,B,G,A,A,H,-,C,A,0,,Y,,,Y,,L,04,0,1,0,0,0,0,1,0,0,- ,- ,,,VENTURA,VENTURA,-119.21303994,34.268100029999999
8123072,2016,2016-09-16,5608,2016-09-06,1611,483,VENTU,2,5,6,5608,0,0,0,,0,002,THOMPSON BL,EVERGREEN DR,0.00,,Y,A,-,N,,,,,,,,,,N,3,0,1,2,A,-,09,21801,A,N,A,G,A,A,H,-,A,D,0,,Y,,,Y,,-,,0,1,0,0,0,0,1,0,0,- ,- ,,,VENTURA,VENTURA,-119.26396988,34.273110000000003
8134088,2016,2016-10-04,5605,2016-09-17,1814,147,PATRO,6,5,3,5605,0,0,0,,0,001,SHARON LN,BOLKER DR,7.00,E,N,A,-,N,,,,,,,,,,N,3,0,1,2,A,-,08,22107,,N,D,G,A,A,H,-,A,D,0,,Y,,,Y,,L,04,0,1,0,0,0,0,1,0,0,- ,- ,34.179380000000002,-119.20631,VENTURA,PORT HUENEME,-119.20617688,34.179369999999999
8137343,2016,2016-10-10,5600,2016-09-05,1854,1929,9116,1,5,6,5607,0,0,0,,0,09C,LYNN RD,BOXTHORN AV,0.00,,Y,A,-,N,,,,,,,,,,Y,2,0,2,2,A,-,01,23152,A,N,G,B,F,A,H,-,C,D,0,Y,,Y,,Y,Y,C,02,1,0,1,0,1,0,0,0,1,- ,- ,,,VENTURA,THOUSAND OAKS,-118.95277950000001,34.161759000000004
81381872,2020,2021-01-06,5609,2020-05-21,0755,452,115,4,5,6,5609,0,0,0,,0,001,COCHRAN ST,CHANDLER AVE,0.00,,Y,A,-,N,,,,,,,,,,N,4,0,1,2,A,-,09,21804,A,N,D,G,A,A,H,-,A,A,0,,Y,,,Y,,L,04,0,0,1,0,0,0,1,0,0,- ,- ,34.278759002685547,-118.77522277832031,VENTURA,SIMI VALLEY,-118.77545928955078,34.279010772705078
81382065,2020,2021-01-06,5609,2020-08-14,1543,430,,5,5,6,5609,0,0,0,,0,003,TALBERT AVE,WATSON AVE,0.00,,Y,A,-,N,,,,,,,,,,N,3,0,1,2,A,-,09,21804,A,N,D,G,A,A,H,-,A,D,0,,Y,,,Y,,L,04,0,1,0,0,0,0,1,0,0,- ,- ,34.252140045166016,-118.74211120605469,VENTURA,SIMI VALLEY,-118.74208831787109,34.252590179443359
8140569,2016,2016-10-11,5608,2016-09-20,1002,403,,2,5,6,5608,0,0,0,,0,003,BROOKSHIRE ST,TELEGRAPH RD,300.00,S,N,A,-,N,,,,,,,,,,N,4,0,1,2,A,-,09,21804,A,N,B,G,A,A,H,-,A,A,0,,Y,,,Y,,L,04,0,0,1,0,0,0,1,0,0,- ,- ,,,VENTURA,VENTURA,-119.21178288999999,34.277578349999999
8142287,2016,2016-10-26,5608,2016-10-10,1708,456,,1,5,6,5608,0,0,0,,0,002,MILLS RD,MAIN ST,5.00,N,N,A,-,N,,,,,,,,,,N,3,0,1,2,A,-,08,22107,,N,D,G,A,A,H,-,A,A,0,,Y,,,Y,,A,01,0,1,0,0,0,0,1,0,0,- ,- ,,,VENTURA,VENTURA,-119.24604558999999,34.265073229999999
81476992,2021,2021-05-19,5609,2021-04-04,2323,501,,7,5,6,5609,0,0,0,,0,005,COCHRAN ST,VANESSA ST,142.00,E,N,A,-,N,,,,,,,,,,N,2,0,1,2,A,-,08,22107,,N,D,G,A,A,H,-,C,D,0,,Y,,,Y,,L,04,1,0,0,0,0,0,1,0,0,- ,- ,34.278968811035156,-118.71499633789062,VENTURA,SIMI VALLEY,-118.71453857421875,34.279071807861328
81476993,2021,2021-05-19,5609,2021-04-05,1236,435,,1,5,6,5609,0,0,0,,0,,600 BLOCK OF COCHRAN ST.,CAPPER LN,0.00,W,N,A,-,N,,,,,,,,,,N,4,0,1,2,A,-,05,21650,1,N,D,G,A,A,H,-,A,D,0,,Y,,,Y,,L,04,0,0,1,0,0,0,1,0,0,- ,- ,34.279998779296875,-118.78536987304688,VENTURA,SIMI VALLEY,-118.782805,34.278981999999999
8149110,2016,2017-02-13,5600,2016-10-05,0550,4817,8045,3,5,5,5601,0,0,0,,0,08A,LAS POSAS RD,RT 101,16.00,S,N,A,-,Y,VEN,7,101,-,-,16.079,R,4,S,N,3,0,1,2,A,-,10,21950,A,N,G,B,B,A,H,-,E,A,0,Y,,,,Y,,A,01,0,1,0,0,1,0,0,0,0,- ,SF,34.21772,-119.06990999999999,VENTURA,CAMARILLO,-119.07310112,34.21926216
81547462,2021,2021-08-18,5600,2021-08-15,1754,3147,9050,7,5,6,5607,0,0,0,,0,9B01,MOORPARK RD,GAINSBOROUGH RD,0.00,,Y,A,-,N,,,,,,,,,,N,3,0,1,2,A,-,10,21950,A,N,G,B,B,A,H,-,A,A,0,Y,,,,Y,,A,01,0,1,0,0,1,0,0,0,0,- ,- ,34.194881439208984,-118.8721923828125,VENTURA,THOUSAND OAKS,-118.87225341796875,34.194923400878906
8155295,2016,2016-12-14,5600,2016-10-21,1546,3852,9176,5,5,6,5607,0,0,0,,0,9D01,TOWNSGATE RD,RT 23,500.00,E,N,A,-,N,,,,,,,,,,N,3,0,1,2,A,-,09,21804,A,F,G,B,D,A,H,-,A,D,0,Y,,,,Y,,A,08,0,1,0,0,1,0,0,0,0,- ,- ,,,VENTURA,THOUSAND OAKS,-118.82619917,34.15422745
8155894,2016,2016-11-01,5608,2016-10-17,1708,391,,1,5,6,5608,0,0,0,,0,002,MAIN ST,CALLENS RD,354.00,E,N,A,-,N,,,,,,,,,,N,3,0,1,2,A,-,05,21650,1,N,D,G,A,A,H,-,A,D,0,,Y,,,Y,,L,04,0,1,0,0,0,0,1,0,0,- ,- ,,,VENTURA,VENTURA,-119.23833614999999,34.263104650000002
81583244,2021,2021-09-30,5600,2021-09-22,0759,4750,,3,5,5,5601,0,0,0,,0,,SHEPHERD DR,PONDEROSA DR,7.00,E,N,A,-,N,,,,,,,,,,N,3,0,1,2,A,-,05,21650,1,N,D,G,A,A,H,-,A,D,0,,Y,,,Y,,L,04,0,1,0,0,0,0,1,0,0,- ,- ,34.232391357421875,-119.02680969238281,VENTURA,CAMARILLO,-119.02684783935547,34.232521057128906
81616842,2021,2021-11-05,5600,2021-10-08,0804,5481,9024,5,5,6,5607,0,0,0,,0,9B01,ERBES ROAD,PEDERSON ROAD,10.00,S,N,A,-,N,,,,,,,,,,N,4,0,1,2,A,-,05,21650,1,N,D,G,A,A,H,-,A,A,0,,Y,,,Y,,L,04,0,0,1,0,0,0,1,0,0,- ,- ,,,VENTURA,THOUSAND OAKS,-118.84271240234375,34.216903686523438
81644700,2021,2021-12-07,5600,2021-12-03,0800,4978,9076,5,5,6,5607,0,0,0,,0,9B01,GAINSBOROUGH RD,MOORPARK RD,2.00,W,N,A,-,N,,,,,,,,,,N,4,0,1,2,A,-,10,21950,A,F,G,B,B,A,H,-,A,A,0,Y,,,,Y,,A,07,0,0,1,0,1,0,0,0,0,- ,- ,34.194881439208984,-118.8721923828125,VENTURA,THOUSAND OAKS,-118.87225341796875,34.194923400878906
81654768,2021,2021-12-17,5600,2021-12-06,0727,4221,9032,1,5,6,5607,0,0,0,,0,9A01,MOORPARK RD,AVENIDA DE LAS FLORES,300.00,S,N,A,-,N,,,,,,,,,,N,3,0,1,2,A,-,07,21658,A,N,D,G,A,A,H,-,A,D,0,,Y,,,Y,,L,04,0,1,0,0,0,0,1,0,0,- ,- ,34.208709716796875,-118.86817169189453,VENTURA,THOUSAND OAKS,-118.86836242675781,34.207916259765625
81672258,2021,2022-01-06,5609,2021-01-15,1833,435,318,5,5,6,5609,0,0,0,,0,003,FIRST ST,PACIFIC AVE,0.00,,Y,A,-,N,,,,,,,,,,Y,1,1,0,2,A,-,11,21954,A,N,G,B,D,A,H,-,C,D,0,Y,,,,Y,,N,60,0,0,0,1,0,0,0,0,0,- ,- ,34.269561767578125,-118.77883148193359,VENTURA,SIMI VALLEY,-118.77888488769531,34.269687652587891
81672397,2021,2022-01-06,5609,2021-08-21,1925,482,420,6,5,6,5609,0,0,0,,0,003,LOS ANGELES AVE,ERRINGER RD,0.00,,Y,A,-,N,,,,,,,,,,N,3,0,1,2,A,-,11,21950,B,N,G,B,B,A,H,-,A,A,0,Y,,,,Y,Y,N,60,0,1,0,0,1,0,0,0,0,- ,- ,34.271728515625,-118.76129913330078,VENTURA,SIMI VALLEY,-118.76139831542969,34.271621704101562
81672516,2021,2022-01-06,5609,2021-10-22,1428,499,,5,5,6,5609,0,0,0,,0,003,SEQUOIA AVE,ROYAL AVE,549.00,S,N,A,-,N,,,,,,,,,,N,3,0,1,2,A,-,09,21804,,N,D,G,A,A,H,-,A,D,0,,Y,,,Y,,L,04,0,1,0,0,0,0,1,0,0,- ,- ,34.264579772949219,-118.73059844970703,VENTURA,SIMI VALLEY,-118.73056030273438,34.263084411621094
8167937,2019,2020-01-07,5600,2019-08-27,0806,5126,1000,2,5,2,5603,0,0,0,,0,1A11,RT 33,EL ROBLAR DR,815.00,S,N,A,-,Y,VEN,7,33,-,-,11.810,H,-,S,N,2,0,1,2,A,-,08,22107,,N,C,G,A,A,H,-,A,D,0,,Y,,,Y,,L,04,1,0,0,0,0,0,1,0,0,- ,- ,,,VENTURA,OJAI,-119.26963806152344,34.444599151611328
81706467,2022,2022-02-23,5600,2022-02-17,0712,5269,9104,4,5,6,5607,0,0,0,,0,9C01,BORCHARD RD,CABRILLO AVE,0.00,,Y,A,-,N,,,,,,,,,,N,2,0,1,2,A,-,09,21804,B,N,D,G,A,A,H,-,A,D,0,,Y,,,Y,,L,04,1,0,0,0,0,0,1,0,0,- ,- ,,,VENTURA,THOUSAND OAKS,-118.95539855957031,34.179031372070312
81717237,2022,2022-03-08,5600,2022-01-30,1201,4609,,7,5,4,5690,0,0,0,,0,,TIERRA REJADA RD,WALNUT CREEK RD,0.00,,Y,A,-,N,,,,,,,,,,N,4,0,1,2,A,-,10,21950,A,N,G,B,B,A,H,-,A,A,0,Y,,,,Y,,-,- ,0,0,1,0,1,0,0,0,0,- ,- ,34.263698577880859,-118.88655090332031,VENTURA,MOORPARK,-118.88668823242188,34.263637542724609
81717273,2022,2022-03-08,5600,2022-02-26,0830,4967,1003,6,5,4,5690,0,0,0,,0,2A01,WALNUT CANYON RD,CASEY RD,0.00,,Y,A,-,N,,,,,,,,,,N,4,0,1,2,A,-,09,21804,A,N,D,G,A,A,H,-,A,A,0,,Y,,,Y,,A,07,0,0,1,0,0,0,1,0,0,- ,- ,,,VENTURA,MOORPARK,-118.88359832763672,34.288398742675781
8172895,2016,2016-11-18,5600,2016-11-06,0800,4221,9166,7,5,6,5607,0,0,0,,0,09D,WESTLAKE BL,HILLCREST DR,0.00,,Y,A,-,N,,,,,,,,,,N,3,0,1,2,A,-,09,21453,B,N,H,G,A,A,H,-,A,A,0,,Y,,,Y,,A,07,0,1,0,0,0,0,1,0,0,- ,- ,,,VENTURA,THOUSAND OAKS,-118.82028013,34.170800069999999
81773500,2022,2022-05-17,5600,2022-04-21,0745,4965,8111,4,5,5,5601,0,0,0,,0,8B01,ARNEILL RD,LAS POSAS RD,0.00,,Y,A,-,N,,,,,,,,,,N,3,0,1,2,A,-,09,21453,B,N,G,B,B,A,H,-,A,A,0,Y,,,,Y,,D,22,0,1,0,0,1,0,0,0,0,- ,- ,34.236541748046875,-119.03897857666016,VENTURA,CAMARILLO,-119.03907775878906,34.236469268798828
81810806,2022,2022-07-06,5609,2022-06-16,1938,5023,,4,5,6,5609,0,0,0,,0,003,WHITCOMB AVE,ROYAL AVE,12.00,S,N,A,-,N,,,,,,,,,,N,3,0,1,2,A,-,05,21202,A,N,D,G,A,A,H,-,A,A,0,,Y,,,Y,,L,04,0,1,0,0,0,0,1,0,0,- ,- ,34.260471343994141,-118.75321197509766,VENTURA,SIMI VALLEY,-118.75326538085938,34.260807037353516
81836831,2022,2022-08-10,5609,2022-07-07,0630,482,,4,5,6,5609,0,0,0,,0,005,COCHRAN ST,TAPO ST,0.00,,Y,A,-,N,,,,,,,,,,N,4,0,1,2,A,-,10,21950,A,F,G,B,B,A,H,-,A,A,0,Y,,,,Y,,D,22,0,0,1,0,1,0,0,0,0,- ,- ,34.278999328613281,-118.70906829833984,VENTURA,SIMI VALLEY,-118.70896148681641,34.279010772705078
81856608,2022,2022-09-05,5600,2022-08-03,1601,4501,8012,3,5,5,5601,0,0,0,,0,8A01,CALLE LA RODA,PONDEROSA DR,14.00,S,N,A,-,N,,,,,,,,,,N,3,0,1,2,A,-,11,21950,B,N,G,B,B,A,H,-,A,D,0,Y,,,,Y,,N,60,0,1,0,0,1,0,0,0,0,- ,- ,34.222160339355469,-119.06974029541016,VENTURA,CAMARILLO,-119.06646728515625,34.223670959472656
81856643,2022,2022-09-05,5600,2022-08-11,0700,5409,8153,4,5,5,5601,0,0,0,,0,8B01,DAWSON PLACE,LEWIS ROAD,0.00,,Y,A,-,Y,VEN,,34,,R,13.152,H,,R,Y,4,0,1,2,A,-,09,21801,A,N,H,G,A,A,H,-,A,A,0,,Y,,,Y,,A,01,0,0,1,0,0,0,1,0,0,- ,- ,34.210739135742188,-119.03584289550781,VENTURA,CAMARILLO,-119.03583526611328,34.210739135742188
81859448,2022,2022-09-08,5609,2022-08-27,1505,503,505,6,5,6,5609,0,0,0,,0,005,KADOTA ST,ALAMO ST,7.00,S,N,A,-,N,,,,,,,,,,N,4,0,1,2,A,-,10,21950,A,N,D,G,A,A,H,-,A,D,0,,Y,,,Y,,A,01,0,0,1,0,0,0,1,0,0,- ,- ,34.286190032958984,-118.70034027099609,VENTURA,SIMI VALLEY,-118.70027923583984,34.286239624023438
8186213,2016,2017-03-01,5608,2016-12-05,0730,491,,1,5,6,5608,0,0,0,,0,004,VICTORIA AV,RT 126,0.00,,Y,A,-,Y,VEN,7,126,-,-,1.564,R,1,W,N,3,0,1,2,A,-,12,22450,A,N,G,B,B,A,H,-,A,A,0,Y,,,,Y,,-,,0,1,0,0,1,0,0,0,0,- ,WF,,,VENTURA,VENTURA,-119.21165693,34.271690390000003