CASE_ID,ACCIDENT_YEAR,PROC_DATE,JURIS,COLLISION_DATE,COLLISION_TIME,OFFICER_ID,REPORTING_DISTRICT,DAY_OF_WEEK,CHP_SHIFT,POPULATION,CNTY_CITY_LOC,SPECIAL_COND,BEAT_TYPE,CHP_BEAT_TYPE,CITY_DIVISION_LAPD,CHP_BEAT_CLASS,BEAT_NUMBER,PRIMARY_RD,SECONDARY_RD,DISTANCE,DIRECTION,INTERSECTION,WEATHER_1,WEATHER_2,STATE_HWY_IND,CALTRANS_COUNTY,CALTRANS_DISTRICT,STATE_ROUTE,ROUTE_SUFFIX,POSTMILE_PREFIX,POSTMILE,LOCATION_TYPE,RAMP_INTERSECTION,SIDE_OF_HWY,TOW_AWAY,COLLISION_SEVERITY,NUMBER_KILLED,NUMBER_INJURED,PARTY_COUNT,PRIMARY_COLL_FACTOR,PCF_CODE_OF_VIOL,PCF_VIOL_CATEGORY,PCF_VIOLATION,PCF_VIOL_SUBSECTION,HIT_AND_RUN,TYPE_OF_COLLISION,MVIW,PED_ACTION,ROAD_SURFACE,ROAD_COND_1,ROAD_COND_2,LIGHTING,CONTROL_DEVICE,CHP_ROAD_TYPE,PEDESTRIAN_ACCIDENT,BICYCLE_ACCIDENT,MOTORCYCLE_ACCIDENT,TRUCK_ACCIDENT,NOT_PRIVATE_PROPERTY,ALCOHOL_INVOLVED,STWD_VEHTYPE_AT_FAULT,CHP_VEHTYPE_AT_FAULT,COUNT_SEVERE_INJ,COUNT_VISIBLE_INJ,COUNT_COMPLAINT_PAIN,COUNT_PED_KILLED,COUNT_PED_INJURED,COUNT_BICYCLIST_KILLED,COUNT_BICYCLIST_INJURED,COUNT_MC_KILLED,COUNT_MC_INJURED,PRIMARY_RAMP,SECONDARY_RAMP,LATITUDE,LONGITUDE,COUNTY,CITY,POINT_X,POINT_Y
81893514,2022,2022-10-19,5600,2022-09-29,1621,5058,1000,4,5,2,5603,0,0,0,,0,1A01,CANADA ST,MATILIJA ST,0.00,,Y,A,-,N,,,,,,,,,,N,3,0,1,2,A,-,12,22450,A,N,D,G,A,A,H,-,A,D,0,,Y,,,Y,,L,04,0,1,0,0,0,0,1,0,0,- ,- ,34.448490142822266,-119.24948883056641,VENTURA,OJAI,-119.24948120117188,34.448497772216797
81950934,2022,2022-12-23,5600,2022-12-09,1325,5781,8007,5,5,5,5601,0,0,0,,0,8A01,LAS POSAS RD,DAILY DR,260.00,S,N,A,-,N,,,,,,,,,,N,4,0,1,2,A,-,08,22107,,N,B,G,A,A,H,-,A,A,0,,Y,,,Y,,A,01,0,0,1,0,0,0,1,0,0,- ,- ,34.220291137695312,-119.07309722900391,VENTURA,CAMARILLO,-119.07315063476562,34.219509124755859
81971476,2023,2023-01-19,5600,2023-01-08,2050,5341,9128,7,5,6,5607,0,0,0,,0,9H01,HILLCREST DR,VENTU PARK RD,48.00,E,N,B,C,N,,,,,,,,,,N,4,0,1,2,A,-,10,21950,A,N,G,B,B,B,H,-,C,A,0,Y,,,,Y,Y,A,07,0,0,1,0,1,0,0,0,0,- ,- ,34.188240051269531,-118.91121673583984,VENTURA,THOUSAND OAKS,-118.91123962402344,34.188270568847656
8197264,2016,2017-03-04,5600,2016-12-10,1158,4698,1000,6,5,2,5603,0,0,0,,0,1A01,RT 150,NORTH BLANCHE ST,0.00,,Y,A,-,Y,VEN,7,150,-,-,17.411,I,5,W,N,2,0,1,2,A,-,10,21950,A,N,D,B,B,A,H,-,A,A,0,Y,,,,Y,,-,,1,0,0,0,1,0,0,0,0,- ,- ,,,VENTURA,OJAI,-119.24630144,34.447740090000003
82007432,2023,2023-03-02,5609,2023-02-20,1340,5021,117,1,5,6,5609,0,0,0,,0,001,MADERA RD,ARISTOTLE ST,113.00,N,N,A,-,N,,,,,,,,,,Y,2,0,1,2,A,-,09,21804,A,N,H,G,A,A,H,-,A,D,0,,Y,,,Y,,L,04,1,0,0,0,0,0,1,0,0,- ,- ,34.277271270751953,-118.79631042480469,VENTURA,SIMI VALLEY,-118.79646301269531,34.277610778808594
8202676,2016,2017-01-04,5609,2016-12-21,1732,437,,3,5,6,5609,0,0,0,,0,001,COCHRAN ST,PARK CENTER DR,15.00,W,N,A,G,N,,,,,,,,,,N,4,0,1,2,C,-,18,,,N,B,G,A,A,H,-,C,D,0,,Y,,,Y,,-,- ,0,0,1,0,0,0,1,0,0,- ,- ,,,VENTURA,SIMI VALLEY,-118.79767961,34.282374760000003
82027590,2023,2023-03-24,5609,2023-03-14,745 ,443,,2,5,6,5609,0,0,0,,0,006,MENLO ST,KEYSTONE ST,285.00,W,N,B,C,N,,,,,,,,,,N,3,0,1,2,D,-,00,,,N,G,B,F,B,H,-,A,D,0,Y,,,,Y,,-,- ,0,1,0,0,1,0,0,0,0,- ,- ,34.275829315185547,-118.66333770751953,VENTURA,SIMI VALLEY,-118.66419982910156,34.275505065917969
82043898,2023,2023-04-13,5600,2023-04-05,1548,5653,9158,3,5,6,5607,0,0,0,,0,9D01,WESTLAKE BL,AGOURA RD,45.00,S,N,A,-,N,,,,,,,,,,N,3,0,1,2,A,-,05,21650,1,N,D,G,A,A,H,-,A,A,0,,Y,,,Y,,L,04,0,1,0,0,0,0,1,0,0,- ,- ,34.148708343505859,-118.83345031738281,VENTURA,THOUSAND OAKS,-118.82909393310547,34.151958465576172
82075898,2023,2023-05-24,5609,2023-05-17,815 ,443,,3,5,6,5609,0,0,0,,0,006,STOW ST,LOS ANGELES AVE,20.00,S,N,A,-,N,,,,,,,,,,N,3,0,1,2,A,-,10,21950,A,F,G,B,B,A,D,E,A,A,0,Y,,,,Y,,A,07,0,1,0,0,1,0,0,0,0,- ,- ,34.271778106689453,-118.6827392578125,VENTURA,SIMI VALLEY,-118.68276214599609,34.271686553955078
82124968,2023,2023-07-25,5600,2023-07-12,1429,5456,1005,3,5,2,5603,0,0,0,,0,1B01,E. OJAI AVENUE / SR 150,SHADY LN,0.00,,Y,A,-,Y,VEN,,150, , ,18.189,H,,R,N,3,0,1,2,A,-,05,21650,1,N,D,G,A,A,H,-,A,A,0,,Y,,,Y,,L,04,0,1,0,0,0,0,1,0,0,- ,- ,34.448520660400391,-119.23477935791016,VENTURA,OJAI,-119.23477935791016,34.448482513427734
82126106,2023,2023-07-27,5600,2023-07-15,1259,5653,9072,6,5,6,5607,0,0,0,,0,9G01,LOS FELIZ DR,CONEJO SCHOOL RD,315.00,W,N,A,-,N,,,,,,,,,,N,2,0,1,2,A,-,09,21804,A,N,D,G,A,A,H,-,A,D,0,,Y,,,Y,,L,04,1,0,0,0,0,0,1,0,0,- ,- ,34.173698425292969,-118.84767150878906,VENTURA,THOUSAND OAKS,-118.84470367431641,34.177089691162109
82127088,2023,2023-07-27,5609,2023-07-07,1046,5004,,5,5,6,5609,0,0,0,,0,,STOW ST,FEARING ST,563.00,N,N,A,-,N,,,,,,,,,,N,3,0,1,2,A,-,03,22350,,N,D,G,A,A,H,-,A,D,0,,Y,,,Y,,L,04,0,1,0,0,0,0,1,0,0,- ,- ,34.274520874023438,-118.68270874023438,VENTURA,SIMI VALLEY,-118.68277740478516,34.276035308837891
82135927,2023,2023-08-04,5600,2023-07-15,658 ,4917,9024,6,5,6,5607,0,0,0,,0,9B01,AVENIDA DE LOS ARBOLES,ERBES RD,0.00,,Y,A,-,N,,,,,,,,,,N,3,0,1,2,A,-,09,21453,C,N,D,G,A,A,H,-,A,A,0,,Y,,,Y,,L,04,0,1,0,0,0,0,1,0,0,- ,- ,34.211700439453125,-118.84018707275391,VENTURA,THOUSAND OAKS,-118.84014129638672,34.211799621582031
82150728,2023,2023-08-23,5600,2023-08-07,932 ,5016,6018,1,5,3,5602,0,0,0,,0,6B01,CENTRAL AV,SESPE AV,330.00,S,N,A,-,N,,,,,,,,,,N,3,0,1,2,A,-,17,21200,A,F,G,B,F,A,H,-,A,D,0,Y,Y,,,Y,,L,04,0,1,0,0,1,0,0,0,0,- ,- ,34.400669097900391,-118.91380310058594,VENTURA,FILLMORE,-118.91358184814453,34.399784088134766
82189863,2023,2023-10-04,5600,2023-10-02,800 ,5016,6020,1,5,3,5602,0,0,0,,0,6B01,SR 126 (VENTURA ST),MOUNTAIN VIEW ST,0.00,,Y,A,-,Y,,,,,,,,,,N,3,0,1,2,A,-,10,21950,A,N,G,B,B,A,H,-,A,A,0,Y,,,,Y,,A,07,0,1,0,0,1,0,0,0,0,- ,- ,,,VENTURA,FILLMORE,-118.9083251953125,34.397758483886719
82221024,2023,2023-10-27,5600,2023-10-10,1305,5007,9072,2,5,6,5607,0,0,0,,0,9G01,THOUSAND OAKS BL,RANCHO RD,120.00,W,N,A,-,N,,,,,,,,,,N,4,0,1,2,A,-,21,22106,,N,G,B,D,A,H,-,A,D,0,Y,,,,Y,,A,01,0,0,1,0,1,0,0,0,0,- ,- ,34.179798126220703,-118.84690093994141,VENTURA,THOUSAND OAKS,-118.85825347900391,34.178630828857422
82269916,2023,2023-12-25,5609,2023-12-20,2011,5033,510,3,5,6,5609,0,0,0,,0,005,UNKNOWN,NOT STATED,0.00,,-,B,C,N,,,,,,,,,,N,2,0,1,2,A,-,11,21954,A,F,G,B,E,B,H,-,C,A,0,Y,,,,Y,,N,60,1,0,0,0,1,0,0,0,0,- ,- ,34.278438568115234,-118.72338104248047,VENTURA,SIMI VALLEY,,
82297516,2024,2024-01-26,5600,2024-01-01,1331,5063,,1,5,2,5603,0,0,0,,0,1B01,NORTH FULTON STREET,RT 150,0.00,,Y,A,-,Y,,,,,,,,,,N,3,0,2,3,A,-,10,21950,A,N,G,B,B,A,H,-,A,D,0,Y,,,,Y,,A,01,0,1,1,0,2,0,0,0,0,- ,- ,,,VENTURA,OJAI,-119.23829650878906,34.448291778564453
82301562,2023,2024-01-31,5608,2023-09-19,1143,513,,2,5,6,5608,0,0,0,,0,001,THOMPSON BLVD,KALORAMA ST,200.00,E,N,A,-,N,,,,,,,,,,N,3,0,1,2,A,-,03,22350,,N,D,G,A,A,H,-,A,D,0,,Y,,,Y,,A,01,0,1,0,0,0,0,1,0,0,- ,- ,,,VENTURA,VENTURA,-119.28633117675781,34.278282165527344
82302471,2024,2024-02-01,5600,2024-01-12,1452,5653,,5,5,6,5607,0,0,0,,0,9G01,THOUSAND OAKS BL,MAEGAN PL,170.00,E,N,A,-,N,,,,,,,,,,N,4,0,1,2,A,-,05,21650,1,N,D,G,A,A,H,-,A,D,0,,Y,,,Y,,L,04,0,0,1,0,0,0,1,0,0,- ,- ,34.174839019775391,-118.85706329345703,VENTURA,THOUSAND OAKS,-118.85246276855469,34.178180694580078
82342445,2023,2024-03-20,5609,2023-12-28,1346,5033,,4,5,6,5609,0,0,0,,0,002,ERRINGER RD,FITZGERALD RD,18.00,S,N,A,-,N,,,,,,,,,,Y,1,1,0,2,A,-,09,21802,A,N,H,G,A,A,H,-,A,A,0,,Y,,,Y,,A,07,0,0,0,0,0,1,0,0,0,- ,- ,34.256839752197266,-118.76142883300781,VENTURA,SIMI VALLEY,-118.76133728027344,34.256809234619141
82381991,2024,2024-05-06,5600,2024-04-23,841 ,5495,,2,5,2,5603,0,0,0,,0,1B01,GRAND AV,FULTON ST,0.00,,Y,B,C,N,,,,,,,,,,N,3,0,1,2,A,-,09,21802,A,N,D,G,A,B,H,-,A,A,0,,Y,,,Y,,A,01,0,1,0,0,0,0,1,0,0,- ,- ,34.454029083251953,-119.23824310302734,VENTURA,OJAI,-119.23821258544922,34.453987121582031
82400771,2024,2024-05-29,5600,2024-05-18,1204,5924,,6,5,6,5607,0,0,0,,0,9D01,WESTLAKE BL,BAY DR,20.00,N,N,A,-,Y,VEN,,23, ,R,2.402,H,,L,N,3,0,1,2,A,-,17,21209,A,N,C,G,A,A,H,-,A,D,0,,Y,,,Y,,A,07,0,1,0,0,0,0,1,0,0,- ,- ,34.149890899658203,-118.83651733398438,VENTURA,THOUSAND OAKS,-118.83652496337891,34.149951934814453
82434701,2024,2024-07-10,5600,2024-06-27,800 ,5807,,4,5,6,5607,0,0,0,,0,9H01,RANCHO CONEJO BL,TELLER RD,318.00,S,N,A,-,N,,,,,,,,,,N,3,0,1,2,D,-,00,,,N,D,G,A,A,H,-,A,A,0,,Y,,,Y,,-,- ,0,1,0,0,0,0,1,0,0,- ,- ,34.190731048583984,-118.92401123046875,VENTURA,THOUSAND OAKS,-118.92427825927734,34.189868927001953
82877995,2024,2024-07-30,5600,2024-07-24,832 ,2913,,3,5,6,5607,0,0,0,,0,9D01,WESTLAKE BL,SKELTON CANYON CI,380.00,N,N,A,-,N,,,,,,,,,,N,3,0,1,2,A,-,00,21760,B,N,B,G,A,A,H,-,A,D,0,,Y,,,Y,,A,07,0,1,0,0,0,0,1,0,0,- ,- ,34.175830841064453,-118.82051849365234,VENTURA,THOUSAND OAKS,-118.82035827636719,34.176918029785156
8291560,2017,2017-02-07,5609,2017-01-09,2002,397,5609,1,5,6,5609,0,0,0,,0,001,PATRICIA AV,LOS ANGELES AV,15.00,E,N,A,-,N,,,,,,,,,,N,4,0,1,2,A,-,09,21801,A,N,H,G,A,A,H,-,A,A,0,,Y,,,Y,,B,71,0,0,1,0,0,0,1,0,0,- ,- ,,,VENTURA,SIMI VALLEY,,
8319345,2017,2017-03-03,5608,2017-02-15,2009,471,,3,5,6,5608,0,0,0,,0,002,CALLENS RD,E MAIN ST,200.00,S,N,A,-,N,,,,,,,,,,Y,3,0,2,2,A,-,09,21804,A,N,D,G,A,A,H,-,C,D,0,,Y,,,Y,,L,04,0,2,0,0,0,0,1,0,0,- ,- ,,,VENTURA,VENTURA,-119.23962554000001,34.26277451
8319530,2017,2017-03-09,5608,2017-02-20,1908,461,,1,5,6,5608,0,0,0,,0,001,W RAMONA AV,NORTH VENTURA AV,3.00,W,N,C,-,N,,,,,,,,,,N,4,0,1,2,A,-,08,22107,,N,G,B,B,B,H,-,C,A,0,Y,,,,Y,,-,,0,0,1,0,1,0,0,0,0,- ,- ,,,VENTURA,VENTURA,-119.29833829,34.289614520000001
8326789,2017,2017-04-01,5608,2017-03-06,1735,482,,1,5,6,5608,0,0,0,,0,004,TELEPHONE RD,ANTELOPE AV,0.00,,Y,A,-,N,,,,,,,,,,N,4,0,1,2,A,-,10,21950,A,N,G,B,D,A,H,-,B,D,0,Y,,,,Y,,-,,0,0,1,0,1,0,0,0,0,- ,- ,,,VENTURA,VENTURA,-119.19516002,34.267930079999999
8327537,2017,2017-03-20,5600,2017-03-08,2021,2877,8120,3,5,5,5601,0,0,0,,0,8B01,LAS POSAS RD,CHARTER OAK DR,0.00,,Y,A,-,N,,,,,,,,,,N,3,0,1,2,A,-,10,21950,A,N,G,B,B,A,H,-,C,A,0,Y,,,,Y,,A,07,0,1,0,0,1,0,0,0,0,- ,- ,34.237340000000003,-119.03622,VENTURA,CAMARILLO,-119.03622008000001,34.237270019999997
8337506,2017,2017-04-05,5600,2017-03-14,1459,3927,8101,2,5,5,5601,0,0,0,,0,08B,LAS POSAS RD,LANTANA ST,21.00,E,N,A,-,N,,,,,,,,,,N,3,0,1,1,A,-,03,22350,,N,H,G,A,D,B,-,A,D,0,,Y,,,Y,,L,04,0,1,0,0,0,0,1,0,0,- ,- ,34.232840000000003,-119.05404,VENTURA,CAMARILLO,-119.0541329,34.232964680000002
8346846,2017,2017-04-14,5608,2017-04-02,2236,450,VENTU,7,5,6,5608,0,0,0,,0,004,NORTHBANK,RIO GRANDE,0.00,,Y,A,-,N,,,,,,,,,,N,4,0,1,2,A,-,10,21950,A,N,G,B,D,A,H,-,C,A,0,Y,,,,Y,,A,01,0,0,1,0,1,0,0,0,0,- ,- ,,,VENTURA,VENTURA,-119.16183150000001,34.269416999999997
8347565,2017,2017-04-20,5608,2017-04-13,1601,365,,4,5,6,5608,0,0,0,,0,004,NORTH BANK DR,RED ROCK AV,0.00,,Y,A,-,N,,,,,,,,,,N,4,0,1,2,A,-,11,21954,A,N,G,B,D,A,H,-,A,A,0,Y,,,,Y,,N,60,0,0,1,0,1,0,0,0,0,- ,- ,,,VENTURA,VENTURA,-119.16499012,34.268470110000003
8353071,2017,2017-04-26,5600,2017-04-10,2155,4663,9154,1,5,6,5607,0,0,0,,0,096,THOUSAND OAKS BL,CONEJO SCHOOL RD,35.00,E,N,A,-,N,,,,,,,,,,N,4,0,1,2,A,-,11,21956,A,N,G,B,E,A,H,-,C,D,0,Y,,,,Y,Y,N,60,0,0,1,0,1,0,0,0,0,- ,- ,,,VENTURA,THOUSAND OAKS,-118.84469223000001,34.174525359999997
8358625,2017,2017-05-05,5608,2017-04-23,1905,395,,7,5,6,5608,0,0,0,,0,001,HARBOR BL,CALIFORNIA ST,20.00,W,N,A,-,N,,,,,,,,,,N,3,0,1,2,A,-,10,21950,A,N,A,B,B,A,H,-,B,D,0,Y,,,,Y,,-,,0,1,0,0,1,0,0,0,0,- ,- ,,,VENTURA,VENTURA,-119.29309596,34.276884000000003
8365874,2017,2017-05-17,5609,2017-04-20,1620,437,,4,5,6,5609,0,0,0,,0,002,ARCANE ST,PRIDE ST,75.00,W,N,A,-,N,,,,,,,,,,N,3,0,1,2,A,-,11,21954,A,N,G,B,D,A,H,-,A,D,0,Y,,,,Y,,N,60,0,1,0,0,1,0,0,0,0,- ,- ,34.260919999999999,-118.77493,VENTURA,SIMI VALLEY,-118.77517784,34.260849999999998
8365878,2017,2017-05-17,5609,2017-04-24,1629,389,,1,5,6,5609,0,0,0,,0,006,STOW ST,AURELIA ST,118.00,S,N,A,-,N,,,,,,,,,,N,3,0,1,2,A,-,11,21954,A,F,G,B,D,A,H,-,A,D,0,Y,,,,Y,,N,60,0,1,0,0,1,0,0,0,0,- ,- ,34.268819999999998,-118.68276,VENTURA,SIMI VALLEY,-118.68276,34.268466269999998
83686313,2024,2024-08-06,5600,2024-07-02,1050,5007,,2,5,6,5607,0,0,0,,0,9G01,MOORPARK RD,THOUSAND OAKS BL,18.00,N,N,A,-,N,,,,,,,,,,N,4,0,1,2,A,-,06,21755,A,N,D,G,A,A,H,-,A,A,0,,Y,,,Y,,L,04,0,0,1,0,0,0,1,0,0,- ,- ,34.179019927978516,-118.87648773193359,VENTURA,THOUSAND OAKS,-118.87651062011719,34.178977966308594
8394205,2017,2018-07-20,5605,2017-06-02,2322,147,PATRO,5,5,3,5605,0,0,0,,0,001,W CHANNEL ISLANDS BL,BOLKER DR,435.00,E,N,A,-,N,,,,,,,,,,N,3,0,1,2,A,-,08,22107,,N,C,G,A,A,H,-,C,D,0,,Y,,,Y,,D,22,0,1,0,0,0,0,1,0,0,- ,- ,,,VENTURA,PORT HUENEME,-119.20480349,34.175961190000002
8400960,2017,2017-07-10,5600,2017-06-26,1712,4703,8128,1,5,5,5601,0,0,0,,0,08D,UPLAND RD,WORTH WY,0.00,,Y,A,-,N,,,,,,,,,,N,3,0,1,2,A,-,05,21650,1,N,H,G,A,A,H,-,A,A,0,,Y,,,Y,,L,04,0,1,0,0,0,0,1,0,0,- ,- ,34.237940000000002,-118.99435,VENTURA,CAMARILLO,-118.99429006,34.237890100000001
8401199,2017,2018-06-15,5604,2017-02-19,2106,5390,,7,5,6,5604,0,0,0,,0,014,RT 232,SYCAMORE ST,50.00,N,N,C,-,Y,VEN,7,232,-,-,0.760,H,-,S,N,3,0,1,2,A,-,11,21954,A,N,G,B,D,B,H,-,C,A,0,Y,,,,Y,,N,60,0,1,0,0,1,0,0,0,0,- ,- ,34.235709999999997,-119.17039,VENTURA,OXNARD,-119.17040064,34.235766509999998
8401205,2016,2018-05-02,5604,2016-07-12,1456,5135,,2,5,6,5604,0,0,0,,0,012,SOCORRO WY,ROSE AV,0.00,,Y,A,-,N,,,,,,,,,,N,3,0,1,2,A,-,10,21950,A,N,G,B,B,A,H,-,A,D,0,Y,,,,Y,,I,11,0,1,0,0,1,0,0,0,0,- ,- ,34.214469999999999,-119.15934,VENTURA,OXNARD,-119.15931012,34.214470079999998
8401340,2016,2018-05-03,5604,2016-09-13,1654,5018,,2,5,6,5604,0,0,0,,0,023,OXNARD BL,4TH ST,0.00,,Y,A,-,N,,,1,,,,,,,N,2,0,1,2,A,-,05,21650,1,N,D,G,A,A,H,-,A,A,0,,Y,,,Y,,L,04,1,0,0,0,0,0,1,0,0,- ,- ,34.198970000000003,-119.17735,VENTURA,OXNARD,-119.17732476,34.198969640000001
8407642,2017,2017-07-20,5600,2017-07-10,1722,4221,9088,1,5,6,5607,0,0,0,,0,09G,CONEJO BL,THOUSAND OAKS BL,30.00,N,N,A,-,N,,,,,,,,,,Y,3,0,1,2,A,-,05,21650,1,N,H,G,A,A,H,-,A,D,0,,Y,,,Y,,L,04,0,1,0,0,0,0,1,0,0,- ,- ,,,VENTURA,THOUSAND OAKS,-118.87727163,34.178870330000002
8408284,2017,2017-07-25,5609,2017-06-09,1039,374,,5,5,6,5609,0,0,0,,0,,1ST ST,LOS ANGELES AV,0.00,,Y,A,-,N,,,,,,,,,,N,3,0,1,2,A,-,09,21453,B,N,B,G,A,A,H,-,A,A,0,,Y,,,Y,,A,01,0,1,0,0,0,0,1,0,0,- ,- ,34.271599999999999,-118.77885999999999,VENTURA,SIMI VALLEY,-118.77898005,34.271810090000002
8408300,2017,2017-07-25,5609,2017-06-12,1458,389,,1,5,6,5609,0,0,0,,0,002,LONG BRANCH RD,SINALOA RD,319.00,W,N,A,-,N,,,,,,,,,,N,2,0,1,2,A,-,09,21804,A,N,H,G,A,A,H,-,A,D,0,,Y,,,Y,,L,04,1,0,0,0,0,0,1,0,0,- ,- ,,,VENTURA,SIMI VALLEY,-118.78867394,34.24394727
8410366,2017,2017-07-26,5600,2017-07-11,1300,1936,9020,2,5,6,5607,0,0,0,,0,09A,AVENIDA DE LOS ARBOLES,CALLE OLIVO WEST,0.00,,Y,A,-,N,,,,,,,,,,N,3,0,1,2,A,-,11,21954,A,N,G,B,D,A,H,-,A,D,0,Y,,,,Y,,N,60,0,1,0,0,1,0,0,0,0,- ,- ,,,VENTURA,THOUSAND OAKS,-118.85709002999999,34.215210050000003
8413875,2017,2017-08-08,5600,2017-05-20,0814,4878,5112,6,5,4,5690,0,0,0,,0,02A,WOODGLEN DR,WESTGATE RD,0.00,,Y,A,-,N,,,,,,,,,,N,4,0,1,2,A,-,11,21950,B,N,G,B,D,A,H,-,A,D,0,Y,,,,Y,,N,60,0,0,1,0,1,0,0,0,0,- ,- ,,,VENTURA,MOORPARK,-118.8781508,34.270235460000002
8430029,2017,2017-08-22,5600,2017-07-18,1915,4901,1B01,2,5,2,5603,0,0,0,,0,1005,EAST SUMMER ST,NORTH SIGNAL ST,206.00,W,N,A,-,N,,,,,,,,,,N,2,0,1,2,A,-,17,22517,,N,B,G,A,A,H,-,A,D,0,,Y,,,Y,,A,01,1,0,0,0,0,0,1,0,0,- ,- ,,,VENTURA,OJAI,-119.24700052999999,34.452526450000001
8433178,2017,2017-08-28,5609,2017-07-13,1920,437,,4,5,6,5609,0,0,0,,0,001,1ST ST,EASY ST,0.00,,Y,A,-,N,,,,,,,,,,N,3,0,1,2,A,-,17,21451,A,N,D,G,A,A,H,-,A,A,0,,Y,,,Y,,D,22,0,1,0,0,0,0,1,0,0,- ,- ,34.273539999999997,-118.77887,VENTURA,SIMI VALLEY,-118.77898005,34.273670109999998
8435386,2017,2017-08-25,5608,2017-08-05,1657,446,,6,5,6,5608,0,0,0,,0,,THOMPSON BL,GARDEN ST,0.00,,Y,B,-,N,,,,,,,,,,N,3,0,1,2,A,-,17,21208,A,N,D,G,A,A,H,-,A,A,0,,Y,,,Y,,L,04,0,1,0,0,0,0,1,0,0,- ,- ,,,VENTURA,VENTURA,-119.30218987000001,34.278710070000002
84403375,2024,2024-09-23,5600,2024-09-18,1118,5150,,3,5,6,5607,0,0,0,,0,9G01,WILLOW LN,CONEJO RIDGE AV,47.00,W,N,A,-,N,,,,,,,,,,N,3,0,1,2,D,-,00,,,N,B,G,A,A,H,-,A,A,0,,Y,,,Y,,-,- ,0,1,0,0,0,0,1,0,0,- ,- ,34.170890808105469,-118.84584808349609,VENTURA,THOUSAND OAKS,-118.84590148925781,34.170921325683594
84425593,2024,2024-10-10,5609,2024-09-25,1321,443,,3,5,6,5609,0,0,0,,0,004,COCHRAN ST,GALENA AVE,11.00,W,N,A,-,N,,,,,,,,,,N,3,0,1,2,A,-,10,21950,A,N,G,B,B,A,H,-,A,A,0,Y,,,,Y,,A,07,0,1,0,0,1,0,0,0,0,- ,- ,34.279029846191406,-118.73562622070312,VENTURA,SIMI VALLEY,-118.73567962646484,34.279010772705078
84425624,2024,2024-10-10,5600,2024-09-26,1733,5244,,4,5,6,5607,0,0,0,,0,9B01,BRAZIL ST,PENNSFIELD PL,199.00,E,N,A,-,N,,,,,,,,,,N,2,0,1,2,A,-,05,21650,1,N,D,G,A,A,H,-,A,D,0,,Y,,,Y,,L,04,1,0,0,0,0,0,1,0,0,- ,- ,34.183929443359375,-118.87429809570312,VENTURA,THOUSAND OAKS,-118.87358093261719,34.183834075927734
84448411,2024,2024-10-29,5600,2024-10-19,1504,5244,,6,5,6,5607,0,0,0,,0,9G01,W HILLCREST DR,ENTRANCE TO 145 W HILLCREST DR,126.00,E,N,A,-,N,,,,,,,,,,N,3,0,1,2,A,-,11,21954,A,N,G,B,D,A,H,-,A,D,0,Y,,,,Y,,N,60,0,1,0,0,1,0,0,0,0,- ,- ,,,VENTURA,THOUSAND OAKS,,
84461105,2024,2024-11-08,5600,2024-09-25,1451,5862,,3,5,5,5601,0,0,0,,0,8A01,LAS POSAS RD,VENTURA BL,370.00,N,N,A,-,N,,,,,,,,,,N,4,0,1,2,A,-,08,22107,,N,B,G,A,A,H,-,A,D,0,,Y,,,Y,,A,07,0,0,1,0,0,0,1,0,0,- ,- ,34.215839385986328,-119.06977844238281,VENTURA,CAMARILLO,-119.06979370117188,34.216785430908203
84467185,2024,2024-11-13,5600,2024-10-18,952 ,5207,,5,5,2,5603,0,0,0,,0,1B01,RT 150,PARK ROAD,0.00,,Y,A,-,Y,,,,,,,,,,N,4,0,1,2,A,-,09,21802,A,N,D,G,A,A,H,-,A,A,0,,Y,,,Y,,L,04,0,0,1,0,0,0,1,0,0,- ,- ,,,VENTURA,OJAI,-119.23712158203125,34.448371887207031
84491300,2024,2024-12-04,5609,2024-06-18,1722,447,,2,5,6,5609,0,0,0,,0,001,ULYSSES ST,SOCRATES AVE,7.00,W,N,A,-,N,,,,,,,,,,N,1,1,0,2,A,-,10,21950,A,N,G,B,B,A,H,-,A,D,0,Y,,,,Y,,A,07,0,0,0,1,0,0,0,0,0,- ,- ,34.272880554199219,-118.79096984863281,VENTURA,SIMI VALLEY,-118.79100036621094,34.272941589355469
84491311,2024,2024-12-04,5609,2024-11-30,1637,5120,,6,5,6,5609,0,0,0,,0,,TAPO ST,EILEEN ST,16.00,S,N,A,-,N,,,,,,,,,,N,3,0,1,2,A,-,10,21950,A,N,G,B,B,A,H,-,C,A,0,Y,,,,Y,,-,- ,0,1,0,0,1,0,0,0,0,- ,- ,34.275421142578125,-118.70909881591797,VENTURA,SIMI VALLEY,-118.70895385742188,34.275386810302734
84511108,2024,2024-12-25,5600,2024-12-18,841 ,5293,,3,5,5,5601,0,0,0,,0,8C01,ANTONIO AV,LAS POSAS RD,0.00,,Y,A,-,N,,,,,,,,,,N,3,0,1,2,A,-,10,21950,A,N,G,B,B,A,H,-,A,A,0,Y,,,,Y,,A,07,0,1,0,0,1,0,0,0,0,- ,- ,34.241630554199219,-119.01783752441406,VENTURA,CAMARILLO,-119.01785278320312,34.241680145263672