CASE_ID,ACCIDENT_YEAR,PROC_DATE,JURIS,COLLISION_DATE,COLLISION_TIME,OFFICER_ID,REPORTING_DISTRICT,DAY_OF_WEEK,CHP_SHIFT,POPULATION,CNTY_CITY_LOC,SPECIAL_COND,BEAT_TYPE,CHP_BEAT_TYPE,CITY_DIVISION_LAPD,CHP_BEAT_CLASS,BEAT_NUMBER,PRIMARY_RD,SECONDARY_RD,DISTANCE,DIRECTION,INTERSECTION,WEATHER_1,WEATHER_2,STATE_HWY_IND,CALTRANS_COUNTY,CALTRANS_DISTRICT,STATE_ROUTE,ROUTE_SUFFIX,POSTMILE_PREFIX,POSTMILE,LOCATION_TYPE,RAMP_INTERSECTION,SIDE_OF_HWY,TOW_AWAY,COLLISION_SEVERITY,NUMBER_KILLED,NUMBER_INJURED,PARTY_COUNT,PRIMARY_COLL_FACTOR,PCF_CODE_OF_VIOL,PCF_VIOL_CATEGORY,PCF_VIOLATION,PCF_VIOL_SUBSECTION,HIT_AND_RUN,TYPE_OF_COLLISION,MVIW,PED_ACTION,ROAD_SURFACE,ROAD_COND_1,ROAD_COND_2,LIGHTING,CONTROL_DEVICE,CHP_ROAD_TYPE,PEDESTRIAN_ACCIDENT,BICYCLE_ACCIDENT,MOTORCYCLE_ACCIDENT,TRUCK_ACCIDENT,NOT_PRIVATE_PROPERTY,ALCOHOL_INVOLVED,STWD_VEHTYPE_AT_FAULT,CHP_VEHTYPE_AT_FAULT,COUNT_SEVERE_INJ,COUNT_VISIBLE_INJ,COUNT_COMPLAINT_PAIN,COUNT_PED_KILLED,COUNT_PED_INJURED,COUNT_BICYCLIST_KILLED,COUNT_BICYCLIST_INJURED,COUNT_MC_KILLED,COUNT_MC_INJURED,PRIMARY_RAMP,SECONDARY_RAMP,LATITUDE,LONGITUDE,COUNTY,CITY,POINT_X,POINT_Y
8451385,2017,2017-10-20,5606,2017-09-14,0931,1017,5606,4,5,4,5606,0,0,0,,0,001,VENTURA ST,OAK ST,0.00,,Y,A,-,N,,,,,,,,,,N,4,0,1,2,A,-,03,22350,,N,G,B,E,A,H,-,A,D,0,Y,,,,Y,,A,01,0,0,1,0,1,0,0,0,0,- ,- ,,,VENTURA,SANTA PAULA,-119.05612003,34.353230019999998
84514444,2024,2024-12-24,5600,2024-12-07,1234,5365,,6,5,2,5603,0,0,0,,0,1B01,RT 150,MONTGOMERY ST,0.00,,Y,A,-,Y,,,,,,,,,,N,4,0,1,2,A,-,08,22107,,N,D,G,A,A,H,-,A,D,0,,Y,,,Y,,A,01,0,0,1,0,0,0,1,0,0,- ,- ,34.447471618652344,-119.24301910400391,VENTURA,OJAI,-119.24342346191406,34.447940826416016
84527718,2024,2025-01-07,5600,2024-12-20,1240,5780,,5,5,6,5607,0,0,0,,0,9A01,OLSEN RD,23 FW (E),37.00,E,N,A,-,N,,,,,,,,,,N,3,0,1,2,A,-,08,22107,,N,C,G,A,A,H,-,A,A,0,,Y,,,Y,,A,01,0,1,0,0,0,0,1,0,0,- ,- ,34.238368988037109,-118.8427734375,VENTURA,THOUSAND OAKS,,
84563551,2024,2025-02-26,5600,2024-12-11,1908,5368,,3,5,6,5607,0,0,0,,0,9H01,HILLCREST DR,CITATION WY,310.00,W,N,A,-,N,,,,,,,,,,Y,2,0,1,2,A,-,09,21804,A,N,D,G,A,A,H,-,C,D,0,,Y,,,Y,Y,L,04,1,0,0,0,0,0,1,0,0,- ,- ,34.184940338134766,-118.90647888183594,VENTURA,THOUSAND OAKS,-118.90732574462891,34.185356140136719
84584746,2025,2025-02-20,5600,2025-02-11,902 ,5807,,2,5,6,5607,0,0,0,,0,9G01,DUESENBERG DR,LOS FELIZ DR,20.00,N,N,A,-,N,,,,,,,,,,N,3,0,1,2,A,-,08,22107,,N,B,G,A,A,H,-,A,A,0,,Y,,,Y,,L,04,0,1,0,0,0,0,1,0,0,- ,- ,34.170070648193359,-118.83244323730469,VENTURA,THOUSAND OAKS,-118.83242034912109,34.170166015625
84589985,2025,2025-02-26,5600,2025-02-18,1726,5244,,2,5,6,5607,0,0,0,,0,9H01,VENTU PARK RD,HILLCREST DR,0.00,,Y,A,-,N,,,,,,,,,,N,3,0,1,2,A,-,09,21453,C,N,H,G,A,A,H,-,B,A,0,,Y,,,Y,,L,04,0,1,0,0,0,0,1,0,0,- ,- ,34.185390472412109,-118.91512298583984,VENTURA,THOUSAND OAKS,-118.91139221191406,34.188301086425781
8459910,2017,2017-10-03,5605,2017-09-04,0310,14,PATRO,1,5,3,5605,0,0,0,,0,001,RUDDER AV,HALYARD ST,75.00,S,N,C,-,N,,,,,,,,,,N,3,0,1,2,C,-,18,,,N,G,B,E,B,H,-,C,D,0,Y,,,,Y,Y,-,- ,0,1,0,0,1,0,0,0,0,- ,- ,,,VENTURA,PORT HUENEME,-119.21539823000001,34.180224260000003
8463029,2017,2017-10-23,5608,2017-10-03,1811,372,,2,5,6,5608,0,0,0,,0,001,NORTH VENTURA AV,CENTER ST,105.00,N,N,A,-,N,,,,,,,,,,N,3,0,1,2,A,-,08,22107,,N,B,G,A,A,H,-,B,D,0,,Y,,,Y,Y,L,04,0,1,0,0,0,0,1,0,0,- ,- ,,,VENTURA,VENTURA,-119.29886568000001,34.28784959
84637051,2025,2025-04-07,5600,2025-02-20,1947,5719,,4,5,6,5607,0,0,0,,0,9A01,AVENIDA DE LOS ARBOLES,CALLE CASTANO,6.00,W,N,A,-,N,,,,,,,,,,N,2,0,1,2,A,-,10,21950,A,N,G,B,B,A,H,-,D,A,0,Y,,,,Y,,A,07,1,0,0,0,1,0,0,0,0,- ,- ,34.216770172119141,-118.86402893066406,VENTURA,THOUSAND OAKS,-118.86405181884766,34.216762542724609
8465955,2019,2019-07-25,5608,2019-03-24,0125,451,5608,7,5,6,5608,0,0,0,,0,004,VICTORIA AV,TELEPHONE RD,0.00,,Y,A,-,N,,,,,,,,,,Y,1,1,0,2,A,-,11,21456,C,N,G,B,B,A,H,-,C,A,0,Y,,,,Y,Y,N,60,0,0,0,1,0,0,0,0,0,- ,- ,,,VENTURA,VENTURA,-119.21256256103516,34.265460968017578
84679705,2025,2025-05-08,5609,2025-04-19,1900,5004,,6,5,6,5609,0,0,0,,0,,STEARNS ST,BARNARD ST,175.00,N,N,A,-,N,,,,,,,,,,N,3,0,1,2,B,-,22,,,N,D,G,A,A,H,-,A,A,0,,Y,,,Y,,M,91,0,1,0,0,0,0,1,0,0,- ,- ,34.282711029052734,-118.69130706787109,VENTURA,SIMI VALLEY,-118.69149780273438,34.283149719238281
8468839,2017,2017-10-11,5600,2017-09-29,1505,4438,8221,5,5,5,5601,0,0,0,,0,8D1,AVENIDA ENCANTO,LOS PUEBLOS DR,12.00,E,N,A,-,N,,,,,,,,,,N,3,0,1,2,A,-,03,22350,,N,D,G,A,A,H,-,A,A,0,,Y,,,Y,,L,04,0,1,0,0,0,0,1,0,0,- ,- ,34.131369999999997,-118.59583000000001,VENTURA,CAMARILLO,-118.99965456,34.220374769999999
8468928,2016,2017-11-08,5609,2016-12-28,1852,468,,3,5,6,5609,0,0,0,,0,002,ROYAL AV,VENICE ST,110.00,W,N,A,-,N,,,,,,,,,,Y,3,0,1,2,A,-,07,21658,A,N,H,G,A,A,H,-,C,D,0,,Y,,,Y,Y,L,04,0,1,0,0,0,0,1,0,0,- ,- ,34.264380000000003,-118.78931,VENTURA,SIMI VALLEY,-118.78961352,34.264409999999998
84706610,2025,2025-05-30,5600,2025-05-15,815 ,6095,,4,5,6,5607,0,0,0,,0,9A01,LYNN RD,AVENIDA DE LAS FLORES,7.00,E,N,A,-,N,,,,,,,,,,N,3,0,1,2,A,-,05,21650,1,N,D,G,A,A,H,-,A,D,0,,Y,,,Y,,L,04,0,1,0,0,0,0,1,0,0,- ,- ,34.209178924560547,-118.89024353027344,VENTURA,THOUSAND OAKS,-118.88685607910156,34.212162017822266
84867409,2025,2025-10-01,5600,2025-09-15,1545,5196,,1,5,6,5607,0,0,0,,0,9A01,OLSEN RD,MOORPARK RD,145.00,W,N,A,-,N,,,,,,,,,,N,3,0,1,2,A,-,05,21650,1,N,D,G,A,A,H,-,A,D,0,,Y,,,Y,,L,04,0,1,0,0,0,0,1,0,0,- ,- ,34.227550506591797,-118.86985015869141,VENTURA,THOUSAND OAKS,-118.87026214599609,34.227378845214844
84878899,2025,2025-10-09,5600,2025-09-30,730 ,3147,,2,5,6,5607,0,0,0,,0,9A01,AVENIDA DE LOS ARBOLES,LONGFELLOW ST,0.00,,Y,A,-,N,,,,,,,,,,N,4,0,1,2,A,-,09,21804,A,N,G,B,D,A,H,-,A,D,0,Y,,,,Y,,D,22,0,0,1,0,1,0,0,0,0,- ,- ,34.214939117431641,-118.88255310058594,VENTURA,THOUSAND OAKS,-118.87915802001953,34.218017578125
84925336,2025,2025-11-12,5609,2025-11-06,1440,5023,,4,5,6,5609,0,0,0,,0,005,COCHRAN ST,TAPO ST,314.00,E,N,A,-,N,,,,,,,,,,N,3,0,1,2,A,-,11,21954,A,N,G,B,D,A,H,-,A,D,0,Y,,,,Y,,N,60,0,1,0,0,1,0,0,0,0,- ,- ,34.278350830078125,-118.70870971679688,VENTURA,SIMI VALLEY,-118.70792388916016,34.279010772705078
84977024,2025,2025-12-18,5600,2025-12-13,1955,5039,,6,5,6,5607,0,0,0,,0,9B01,ERBES RD,AVENIDA DE LAS FLORES,0.00,,Y,A,-,N,,,,,,,,,,N,3,0,1,2,A,-,08,22100,B,N,D,G,A,A,H,-,C,A,0,,Y,,,Y,,L,04,0,1,0,0,0,0,1,0,0,- ,- ,34.204509735107422,-118.84317016601562,VENTURA,THOUSAND OAKS,-118.83961486816406,34.2078857421875
84984690,2025,2025-12-24,5604,2025-12-09,1555,5773,,2,5,6,5604,0,0,0,,0,032,ALEXANDER ST,IVES AVE,0.00,,-,A,-,N,,,,,,,,,,N,3,0,1,2,A,-,09,21802,A,N,H,G,A,A,H,-,A,A,0,,Y,,,Y,,-,- ,0,1,0,0,0,0,1,0,0,- ,- ,,,VENTURA,OXNARD,-119.15676879882812,34.179389953613281
8502796,2017,2017-12-19,5609,2017-11-28,1048,356,,2,5,6,5609,0,0,0,,0,003,SEQUOIA AV,LOS ANGELES AV,0.00,,Y,A,-,N,,,,,,,,,,N,3,0,1,2,A,-,09,21801,A,N,D,G,A,A,H,-,A,A,0,,Y,,,Y,,D,22,0,1,0,0,0,0,1,0,0,- ,- ,34.27169,-118.73056,VENTURA,SIMI VALLEY,-118.73053012,34.271680029999999
85086512,2026,2026-03-09,5600,2026-02-25,1601,2913,,3,5,3,5602,0,0,0,,0,6A01,VENTURA ST,A ST,0.00,,Y,A,-,N,,,,,,,,,,N,3,0,1,2,D,-,00,,,N,D,G,A,A,H,-,A,A,0,,Y,,,Y,,-,- ,0,1,0,0,0,0,1,0,0,- ,- ,,,VENTURA,FILLMORE,-118.91779327392578,34.396209716796875
85127624,2026,2026-04-14,5604,2026-03-29,1820,5776,,7,5,6,5604,0,0,0,,0,014,N OXNARD BLVD,N VENTURA RD,0.00,,-,B,-,N,,,,,,,,,,N,3,0,1,2,A,-,08,22107,,F,B,G,A,A,H,-,A,D,0,,Y,,,Y,,A,07,0,1,0,0,0,0,1,0,0,- ,- ,,,VENTURA,OXNARD,-119.17295074462891,34.249305725097656
85134012,2026,2026-04-16,5604,2026-02-21,1707,5560,,6,5,6,5604,0,0,0,,0,031,EAST 5TH ST,S OXNARD BLVD,0.00,,-,B,-,N,,,,,,,,,,N,4,0,1,2,A,-,10,21950,A,F,G,B,D,A,H,-,A,A,0,Y,,,,Y,,-,99,0,0,1,0,1,0,0,0,0,- ,- ,,,VENTURA,OXNARD,-119.17733764648438,34.197685241699219
85189443,2026,2026-05-27,5604,2026-03-17,1956,5841,,2,5,6,5604,0,0,0,,0,022,E WOOLEY RD,S OXNARD BLVD,0.00,,-,A,-,N,,,,,,,,,,N,3,0,1,2,A,-,10,21950,A,N,G,G,A,A,H,-,C,A,0,,Y,,,Y,,A,01,0,1,0,0,0,0,1,0,0,- ,- ,,,VENTURA,OXNARD,-119.17742919921875,34.190010070800781
8531300,2017,2018-01-13,5609,2017-12-08,1542,437,,5,5,6,5609,0,0,0,,0,004,ATWATER AV,COPLEY ST,0.00,S,N,A,-,N,,,,,,,,,,N,3,0,1,2,A,-,05,21650,1,N,H,G,A,A,H,-,A,D,0,,Y,,,Y,,L,04,0,1,0,0,0,0,1,0,0,- ,- ,34.274290000000001,-118.73511999999999,VENTURA,SIMI VALLEY,-118.7351001,34.274250029999997
8531732,2018,2018-02-20,5608,2018-01-03,1904,462,VTA,3,5,6,5608,0,0,0,,0,002,TELEPHONE,MAIN ST,0.00,,Y,A,-,N,,,,,,,,,,Y,3,0,1,2,A,-,11,21456,B,N,G,B,B,A,H,-,C,A,0,Y,,,,Y,,N,60,0,1,0,0,1,0,0,0,0,- ,- ,,,VENTURA,VENTURA,-119.23184967041016,34.261920928955078
8548722,2018,2018-02-21,5606,2018-01-18,1820,1096,5606,4,5,4,5606,0,0,0,,0,002,MAIN E ST,8TH N ST,0.00,,N,A,-,N,,,,,,,,,,N,4,0,1,2,A,-,10,21950,A,N,G,B,B,A,H,-,C,A,0,Y,,,,Y,,A,01,0,0,1,0,1,0,0,0,0,- ,- ,,,VENTURA,SANTA PAULA,-119.06407928466797,34.352649688720703
8553657,2018,2018-02-21,5608,2018-02-07,1245,477,,3,5,6,5608,0,0,0,,0,003,TELEGRAPH RD,SOUTH VICTORIA AV,0.00,,Y,A,-,N,,,,,,,,,,N,4,0,1,2,A,-,10,21950,A,N,-,B,B,A,H,-,A,A,0,Y,,,,Y,,-,,0,0,1,0,1,0,0,0,0,- ,- ,,,VENTURA,VENTURA,-119.21463012695312,34.278011322021484
8554646,2016,2018-04-30,5604,2016-01-09,2500,5452,,6,5,6,5604,0,0,0,,0,011,BELMONT LN,GONZALES RD,0.00,,Y,B,-,N,,,,,,,,,,N,4,0,1,2,A,-,10,21950,A,N,D,B,B,A,A,H,A,D,0,Y,,,,Y,,A,08,0,0,1,0,1,0,0,0,0,- ,- ,34.219430000000003,-119.21714,VENTURA,OXNARD,-119.21715987,34.219490010000001
8554669,2016,2018-04-30,5604,2016-01-04,1722,4514,,1,5,6,5604,0,0,0,,0,041,SAVIERS RD,GLACIER AV,0.00,,Y,A,-,N,,,,,,,,,,N,3,0,1,2,A,-,11,21954,A,N,G,B,D,A,H,-,C,D,0,Y,,,,Y,,N,60,0,1,0,0,1,0,0,0,0,- ,- ,34.165120000000002,-119.17762999999999,VENTURA,OXNARD,-119.17773007,34.165130040000001
8554751,2016,2018-04-26,5604,2016-01-16,2035,5419,,6,5,6,5604,0,0,0,,0,041,THOMAS AV,SAVIERS RD,0.00,,Y,A,-,N,,,,,,,,,,N,2,0,4,5,A,-,10,21950,A,N,G,B,B,A,H,-,C,A,0,Y,,,,Y,,A,01,2,2,0,0,4,0,0,0,0,- ,- ,34.169789999999999,-119.17758000000001,VENTURA,OXNARD,-119.17755002,34.169770110000002
8554772,2016,2018-04-24,5604,2016-02-25,0750,5338,,4,5,6,5604,0,0,0,,0,041,N ST,SPRUCE ST,370.00,S,N,A,-,N,,,,,,,,,,,3,0,1,2,A,-,11,21954,A,N,G,B,D,A,H,-,A,D,0,Y,,,,Y,,N,60,0,1,0,0,1,0,0,0,0,- ,- ,34.17127,-119.19338,VENTURA,OXNARD,-119.19312444000001,34.171734520000001
8554773,2016,2018-04-24,5604,2016-02-26,2035,5473,,5,5,6,5604,0,0,0,,0,,SAVIERS RD,ASH ST,0.00,,Y,A,-,N,,,,,,,,,,,4,0,1,2,A,-,08,22107,,M,G,B,B,-,H,-,-,D,0,Y,,,,Y,Y,-,99,0,0,1,0,1,0,0,0,0,- ,- ,34.186239999999998,-119.17748,VENTURA,OXNARD,-119.17756013,34.186260109999999
8554847,2016,2018-04-25,5604,2016-08-20,1705,5294,,6,5,6,5604,0,0,0,,0,022,HULL ST,L CT,50.00,W,N,A,-,N,,,,,,,,,,N,3,0,1,2,A,-,11,21950,B,N,G,B,D,A,H,-,A,D,0,Y,,,,Y,,N,60,0,1,0,0,1,0,0,0,0,- ,- ,34.19699,-119.19284,VENTURA,OXNARD,-119.19268513999999,34.196852059999998
8554890,2016,2018-04-25,5604,2016-11-18,0740,5175,,5,5,6,5604,0,0,0,,0,031,KOHALA ST,MILAGRO PL,0.00,,Y,A,-,N,,,,,,,,,,N,4,0,1,2,A,-,10,21950,A,F,G,B,B,A,H,-,A,D,0,Y,,,,Y,,A,01,0,0,1,0,1,0,0,0,0,- ,- ,,,VENTURA,OXNARD,-119.15073003000001,34.211900069999999
8554893,2016,2018-04-24,5604,2016-11-18,2018,5392,,5,5,6,5604,0,0,0,,0,032,WOOLEY RD,PACIFIC AV,3.00,W,N,A,-,N,,,,,,,,,,N,4,0,1,2,A,-,05,21650,1,N,D,G,A,A,H,-,C,A,0,,Y,,,Y,,L,04,0,0,1,0,0,0,1,0,0,- ,- ,34.189909999999998,-119.16485,VENTURA,OXNARD,-119.16486990999999,34.189920000000001
8554926,2016,2018-04-24,5604,2016-11-21,1357,5313,,1,5,6,5604,0,0,0,,0,023,A ST,4TH ST,0.00,,Y,A,-,N,,,,,,,,,,N,3,0,1,2,A,-,10,21950,A,N,G,B,B,A,H,-,A,A,0,Y,,,,Y,,A,07,0,1,0,0,1,0,0,0,0,- ,- ,34.198999999999998,-119.17856,VENTURA,OXNARD,-119.17858003000001,34.199000009999999
8554935,2016,2018-04-24,5604,2016-11-23,1140,4957,,3,5,6,5604,0,0,0,,0,022,A ST,2ND ST,100.00,S,N,A,-,N,,,,,,,,,,N,4,0,1,2,A,-,17,22517,,N,B,G,A,A,H,-,A,D,0,,Y,,,Y,,A,01,0,0,1,0,0,0,1,0,0,- ,- ,34.201180000000001,-119.17827,VENTURA,OXNARD,-119.17855216,34.201345539999998
8554983,2016,2018-05-02,5604,2016-12-21,2250,5158,,3,5,6,5604,0,0,0,,0,031,GIBRALTAR ST,SANTA LUCIA AV,75.00,N,N,C,-,N,,,,,,,,,,N,4,0,1,2,A,-,21,22106,,N,G,B,F,B,H,-,D,D,0,Y,,,,Y,,A,01,0,0,1,0,1,0,0,0,0,- ,- ,34.20243,-119.15442,VENTURA,OXNARD,-119.15419592000001,34.202215819999999
8555003,2016,2018-05-02,5604,2016-12-27,1916,5367,,2,5,6,5604,0,0,0,,0,024,VENTURA RD,CHANNEL ISLANDS BL,60.00,N,N,A,-,N,,,,,,,,,,N,3,0,1,2,A,-,11,21955,,F,G,B,D,A,H,-,C,A,0,Y,,,,Y,,N,60,0,1,0,0,1,0,0,0,0,- ,- ,34.17568,-119.19499,VENTURA,OXNARD,-119.19490999999999,34.175864679999997
8555044,2016,2018-04-26,5604,2016-03-17,2057,4751,,4,5,6,5604,0,0,0,,0,032,LAUREL ST,SAVIERS RD,0.00,,Y,A,-,N,,,,,,,,,,N,2,0,1,2,A,-,10,21950,A,N,G,B,B,A,A,H,C,A,0,Y,,,,Y,,A,01,1,0,0,0,1,0,0,0,0,- ,- ,34.177329999999998,-119.17752,VENTURA,OXNARD,-119.1776,34.17735004
8555281,2018,2018-02-16,5600,2018-02-01,0745,4221,9030,4,5,6,5607,0,0,0,,0,09A,MOORPARK RD,AVENIDA DE LAS FLORES,610.00,N,N,A,-,N,,,,,,,,,,Y,3,0,1,2,A,-,05,21650,1,N,H,G,A,A,H,-,A,D,0,,Y,,,Y,,L,04,0,1,0,0,0,0,1,0,0,- ,- ,,,VENTURA,THOUSAND OAKS,-118.86837768554688,34.210414886474609
8557574,2016,2018-04-23,5604,2016-10-07,1647,4945,,5,5,6,5604,0,0,0,,0,024,SAVIERS RD,LAUREL ST,0.00,,Y,A,-,N,,,,,,,,,,N,4,0,2,3,A,-,09,21801,A,N,D,G,A,A,H,-,A,A,0,,Y,,,Y,,A,01,0,0,2,0,0,0,2,0,0,- ,- ,34.177329999999998,-119.17752,VENTURA,OXNARD,-119.1776,34.17735004
8557601,2016,2018-05-03,5604,2016-09-08,1002,5208,,4,5,6,5604,0,0,0,,0,023,OXNARD BL,7TH ST,0.00,,Y,A,-,N,,,,,,,,,,N,3,0,1,2,A,-,12,21453,A,N,D,G,A,A,H,-,A,A,0,,Y,,,Y,,L,04,0,1,0,0,0,0,1,0,0,- ,- ,,,VENTURA,OXNARD,-119.1774825,34.195041000000003
8557611,2016,2018-05-03,5604,2016-09-02,2350,5450,,5,5,6,5604,0,0,0,,0,012,F ST,BEVERLY DR,0.00,,Y,B,-,N,,,,,,,,,,N,3,0,1,2,A,-,03,22350,,F,D,G,A,A,H,-,C,D,0,,Y,,,Y,Y,-,99,0,1,0,0,0,0,1,0,0,- ,- ,34.216349999999998,-119.1559,VENTURA,OXNARD,-119.18504006000001,34.206040110000004
8557702,2016,2018-05-02,5604,2016-07-20,0650,5151,,3,5,6,5604,0,0,0,,0,032,MERCED PL,SIERRA WY,0.00,,Y,A,-,N,,,,,,,,,,N,4,0,1,2,A,-,03,22350,,F,G,B,D,A,H,-,A,A,0,Y,,,,Y,,A,01,0,0,1,0,1,0,0,0,0,- ,- ,34.170909999999999,-119.14807999999999,VENTURA,OXNARD,-119.14834012,34.172750059999998
8571065,2016,2018-04-25,5604,2016-10-15,1455,5435,,6,5,6,5604,0,0,0,,0,011,N H ST,JANETWOOD DR,0.00,,Y,A,-,N,,,,,,,,,,N,4,0,1,2,A,-,10,21950,A,N,G,B,D,A,H,-,A,A,0,Y,,,,Y,,A,01,0,0,1,0,1,0,0,0,0,- ,- ,34.216880000000003,-119.18762,VENTURA,OXNARD,-119.18764011,34.216870069999999
8571083,2016,2018-04-25,5604,2016-10-24,1515,5474,,1,5,6,5604,0,0,0,,0,024,C ST,FIR ST,0.00,,Y,A,-,N,,,,,,,,,,N,4,0,1,2,A,-,05,21650,1,N,D,G,A,A,H,-,A,D,0,,Y,,,Y,,L,04,0,0,1,0,0,0,1,0,0,- ,- ,34.18618,-119.18255000000001,VENTURA,OXNARD,-119.18128009,34.182780039999997
8571180,2016,2018-05-01,5604,2016-05-11,0946,5313,,3,5,6,5604,0,0,0,,0,023,OXNARD BL,9TH ST,300.00,S,N,A,-,N,,,,,,,,,,N,4,0,1,2,A,-,05,21650,1,N,D,G,A,A,H,-,A,A,0,,Y,,,Y,,L,04,0,0,1,0,0,0,1,0,0,- ,- ,34.189779999999999,-117.17662,VENTURA,OXNARD,-119.17747199999999,34.191495289999999
8575008,2018,2018-08-10,5608,2018-02-28,0725,477,,3,5,6,5608,0,0,0,,0,003,SOUTH VICTORIA AV,RT 126,0.00,,Y,A,-,Y,VEN,7,126,-,-,1.564,R,1,W,N,3,0,2,3,A,-,10,21950,A,F,G,B,B,A,H,-,A,D,0,Y,,,,Y,,-,99,0,2,0,0,2,0,0,0,0,- ,WF,,,VENTURA,VENTURA,-119.21165466308594,34.271690368652344
8589802,2018,2018-04-06,5600,2018-03-28,1753,4438,8010,3,5,5,5601,0,0,0,,0,8A1,CAMINO LA MADERA,CALLE NAVARRO,160.00,N,N,A,-,N,,,,,,,,,,N,3,0,1,2,A,-,03,22350,,N,D,G,A,A,H,-,A,D,0,,Y,,,Y,,L,04,0,1,0,0,0,0,1,0,0,- ,- ,34.135169982910156,-119.04073333740234,VENTURA,CAMARILLO,-119.06870269775391,34.23101806640625
8590760,2018,2018-08-08,5600,2018-03-15,0832,5062,9180,4,5,6,5607,0,0,0,,0,9D01,RT 23,BRIDGEGATE CT,0.00,,Y,A,-,Y,VEN,7,23,-,R,1.991,I,5,N,N,3,0,1,2,A,-,10,21950,A,N,G,B,B,A,H,-,A,A,0,Y,,,,Y,,A,07,0,1,0,0,1,0,0,0,0,- ,- ,,,VENTURA,THOUSAND OAKS,-118.8427734375,34.147106170654297
8596588,2018,2018-04-25,5604,2018-03-02,1458,4734,,5,5,6,5604,0,0,0,,0,011,GONZALES RD,C ST,100.00,W,N,B,-,N,,,,,,,,,,N,4,0,1,2,A,-,11,21955,,N,B,B,D,A,H,-,A,A,0,Y,,,,Y,,N,60,0,0,1,0,1,0,0,0,0,- ,- ,34.219089508056641,-119.18083953857422,VENTURA,OXNARD,-119.18116760253906,34.219192504882812
8597015,2018,2018-04-27,5604,2018-01-05,1731,5360,,5,5,6,5604,0,0,0,,0,032,5TH ST,RICHMOND AV,0.00,,Y,B,-,N,,,,,,,,,,N,3,0,1,2,A,-,09,21802,A,N,D,G,A,A,H,-,C,A,0,,Y,,,Y,,D,22,0,1,0,0,0,0,1,0,0,- ,- ,34.196891784667969,-119.16951751708984,VENTURA,OXNARD,-119.16956329345703,34.196891784667969
8597124,2016,2018-04-18,5604,2016-03-07,1915,5378,,1,5,6,5604,0,0,0,,0,032,OXNARD BL,SAVIERS RD,20.00,E,N,A,-,N,,,1,,,,,,,N,3,0,1,2,A,-,09,21804,A,F,A,G,A,A,H,-,C,D,0,,Y,,,Y,,L,04,0,1,0,0,0,0,1,0,0,- ,- ,34.189779999999999,-119.17662,VENTURA,OXNARD,-119.17695196,34.189448030000001
8598166,2017,2018-04-23,5604,2017-01-03,1521,4531,,2,5,6,5604,0,0,0,,0,011,OXNARD BL,GONZALES RD,0.00,,Y,B,-,N,,,1,,,,,,,N,3,0,1,2,A,-,00,21950,1,N,D,G,A,A,H,-,A,A,0,,Y,,,Y,,L,04,0,1,0,0,0,0,1,0,0,- ,- ,34.219059999999999,-119.17718000000001,VENTURA,OXNARD,-119.17725228,34.21906165
8598222,2017,2018-04-19,5604,2017-01-13,0740,5064,,5,5,6,5604,0,0,0,,0,041,YUCCA ST,SAMUEL AV,0.00,,Y,B,-,N,,,,,,,,,,N,4,0,1,2,A,-,12,22450,A,F,D,G,A,B,H,-,A,A,0,,Y,,,Y,,A,08,0,0,1,0,0,0,1,0,0,- ,- ,34.165930000000003,-119.17671,VENTURA,OXNARD,-119.1767301,34.165940020000001
8598380,2017,2018-04-18,5604,2017-04-14,1333,4653,,5,5,6,5604,0,0,0,,0,024,C ST,BIRCH ST,90.00,N,N,A,-,N,,,,,,,,,,N,4,0,1,2,A,-,05,21202,A,N,G,G,A,A,H,-,A,D,0,,Y,,,Y,,L,04,0,0,1,0,0,0,1,0,0,- ,- ,,,VENTURA,OXNARD,-119.18124412,34.18555697
8599131,2018,2018-04-26,5604,2018-02-16,2208,5417,,5,5,6,5604,0,0,0,,0,041,SAVIERS RD,THOMAS AV,300.00,S,N,A,-,N,,,,,,,,,,N,3,0,1,2,A,-,11,21954,A,N,G,B,E,A,H,-,E,A,0,Y,,,,Y,Y,N,60,0,1,0,0,1,0,0,0,0,- ,- ,34.169788360595703,-119.17758178710938,VENTURA,OXNARD,-119.17755889892578,34.1689453125
8600133,2017,2018-04-19,5604,2017-12-16,1720,5422,,6,5,6,5604,0,0,0,,0,024,CHANNEL ISLANDS BL,C ST,0.00,,Y,A,-,N,,,,,,,,,,N,3,0,1,2,A,-,10,21950,A,F,G,B,B,A,H,-,C,A,0,Y,,,,Y,,-,99,0,1,0,0,1,0,0,0,0,- ,- ,34.173679999999997,-119.18111999999999,VENTURA,OXNARD,-119.18113002,34.17370004
8600342,2017,2018-05-01,5604,2017-11-17,1553,5354,,5,5,6,5604,0,0,0,,0,041,SAMUEL AV,ROBERT AV,0.00,,Y,A,-,N,,,,,,,,,,N,3,0,1,2,A,-,21,22106,,N,G,B,D,A,H,-,A,A,0,Y,,,,Y,,A,07,0,1,0,0,1,0,0,0,0,- ,- ,,,VENTURA,OXNARD,-119.17666006,34.171870009999999