CASE_ID,ACCIDENT_YEAR,PROC_DATE,JURIS,COLLISION_DATE,COLLISION_TIME,OFFICER_ID,REPORTING_DISTRICT,DAY_OF_WEEK,CHP_SHIFT,POPULATION,CNTY_CITY_LOC,SPECIAL_COND,BEAT_TYPE,CHP_BEAT_TYPE,CITY_DIVISION_LAPD,CHP_BEAT_CLASS,BEAT_NUMBER,PRIMARY_RD,SECONDARY_RD,DISTANCE,DIRECTION,INTERSECTION,WEATHER_1,WEATHER_2,STATE_HWY_IND,CALTRANS_COUNTY,CALTRANS_DISTRICT,STATE_ROUTE,ROUTE_SUFFIX,POSTMILE_PREFIX,POSTMILE,LOCATION_TYPE,RAMP_INTERSECTION,SIDE_OF_HWY,TOW_AWAY,COLLISION_SEVERITY,NUMBER_KILLED,NUMBER_INJURED,PARTY_COUNT,PRIMARY_COLL_FACTOR,PCF_CODE_OF_VIOL,PCF_VIOL_CATEGORY,PCF_VIOLATION,PCF_VIOL_SUBSECTION,HIT_AND_RUN,TYPE_OF_COLLISION,MVIW,PED_ACTION,ROAD_SURFACE,ROAD_COND_1,ROAD_COND_2,LIGHTING,CONTROL_DEVICE,CHP_ROAD_TYPE,PEDESTRIAN_ACCIDENT,BICYCLE_ACCIDENT,MOTORCYCLE_ACCIDENT,TRUCK_ACCIDENT,NOT_PRIVATE_PROPERTY,ALCOHOL_INVOLVED,STWD_VEHTYPE_AT_FAULT,CHP_VEHTYPE_AT_FAULT,COUNT_SEVERE_INJ,COUNT_VISIBLE_INJ,COUNT_COMPLAINT_PAIN,COUNT_PED_KILLED,COUNT_PED_INJURED,COUNT_BICYCLIST_KILLED,COUNT_BICYCLIST_INJURED,COUNT_MC_KILLED,COUNT_MC_INJURED,PRIMARY_RAMP,SECONDARY_RAMP,LATITUDE,LONGITUDE,COUNTY,CITY,POINT_X,POINT_Y
8600349,2017,2018-05-01,5604,2017-11-19,1456,5275,,7,5,6,5604,0,0,0,,0,042,PLEASANT VALLEY RD,CHARLES ST,0.00,,Y,A,-,N,,,,,,,,,,N,3,0,1,2,A,-,09,21804,A,N,D,G,A,A,H,-,A,A,0,,Y,,,Y,,L,04,0,1,0,0,0,0,1,0,0,- ,- ,34.155659999999997,-119.1786,VENTURA,OXNARD,-119.17873012,34.154730030000003
8600493,2017,2018-05-02,5604,2017-09-27,1846,5490,,3,5,6,5604,0,0,0,,0,041,ROSE AV,BARD,1618.00,N,N,A,-,N,,,,,,,,,,N,4,0,1,2,A,-,05,21650,1,N,D,G,A,A,H,-,A,D,0,,Y,,,Y,,L,04,0,0,1,0,0,0,1,0,0,- ,- ,,,VENTURA,OXNARD,-119.15947061999999,34.166670699999997
8600600,2017,2018-04-18,5604,2017-06-05,2126,5390,,1,5,6,5604,0,0,0,,0,014,CITRUS GROVE LN,OXNARD BL,100.00,W,N,A,-,N,,,,,,,,,,N,3,0,1,2,A,-,10,21952,,N,G,B,F,A,H,-,C,A,0,Y,,,,Y,,A,01,0,1,0,0,1,0,0,0,0,- ,- ,34.220199999999998,-119.17979,VENTURA,OXNARD,-119.17789037999999,34.221123609999999
8600630,2017,2018-04-25,5604,2017-07-19,1601,4945,,3,5,6,5604,0,0,0,,0,042,DOWNWIND WY,BATTEN DR,100.00,S,N,A,-,N,,,,,,,,,,N,4,0,1,2,B,-,22,,,N,D,B,D,A,H,-,B,D,0,Y,,,,Y,,N,60,0,0,1,0,1,0,0,0,0,- ,- ,34.153939999999999,-119.18198,VENTURA,OXNARD,-119.18215000000001,34.154128139999997
8600658,2017,2018-04-24,5604,2017-03-23,1703,5417,,4,5,6,5604,0,0,0,,0,031,ENTRADA RD,GONZALES RD,100.00,S,N,A,-,N,,,,,,,,,,N,3,0,1,2,A,-,05,21650,1,N,B,G,A,A,H,-,A,A,0,,Y,,,Y,,L,04,0,1,0,0,0,0,0,0,0,- ,- ,34.218290000000003,-119.1703,VENTURA,OXNARD,-119.17227527999999,34.218695570000001
8600700,2017,2018-04-23,5604,2017-07-11,2050,4514,,2,5,6,5604,0,0,0,,0,041,SAVIERS RD,BRYCE CANYON AV,0.00,,Y,A,-,N,,,,,,,,,,N,4,0,1,2,A,-,10,21950,A,N,G,B,B,A,H,-,C,A,0,Y,,,,Y,,A,08,0,0,1,0,1,0,0,0,0,- ,- ,34.169750000000001,-119.17758000000001,VENTURA,OXNARD,-119.17769002,34.169780090000003
8601553,2017,2018-05-02,5604,2017-09-22,0808,5396,,5,5,6,5604,0,0,0,,0,031,SNOW AV,GONZALES RD,0.00,,Y,A,-,N,,,,,,,,,,N,4,0,1,2,A,-,08,22107,,N,D,G,A,A,H,-,A,A,0,,Y,,,Y,,A,01,0,0,1,0,0,0,1,0,0,- ,- ,34.218960000000003,-119.16533,VENTURA,OXNARD,-119.16537004,34.219040079999999
8601567,2017,2018-04-30,5604,2017-06-19,1516,5242,,1,5,6,5604,0,0,0,,0,042,PLEASANT VALLEY RD,J ST,0.00,,Y,A,-,N,,,,,,,,,,N,3,0,1,2,A,-,10,21950,A,N,G,B,B,A,H,-,A,A,0,Y,,,,Y,,A,01,0,1,0,0,1,0,0,0,0,- ,- ,,,VENTURA,OXNARD,-119.18611007,34.154780090000003
8606578,2018,2018-05-08,5604,2018-02-12,0747,5158,,1,5,6,5604,0,0,0,,0,022,2ND ST,VENTURA RD,5.00,E,N,A,-,N,,,,,,,,,,N,3,0,1,2,A,-,10,21950,A,N,G,B,C,A,H,-,A,A,0,Y,,,,Y,,A,08,0,1,0,0,1,0,0,0,0,- ,- ,34.292881011962891,-119.19474029541016,VENTURA,OXNARD,-119.19469451904297,34.202884674072266
8608281,2018,2018-04-30,5604,2018-01-18,1649,5407,,4,5,6,5604,0,0,0,,0,041,ORANGE GROVE AV,PEAR AV,300.00,E,N,A,-,N,,,,,,,,,,N,3,0,1,2,B,-,22,,,N,D,G,A,A,H,-,B,D,0,,Y,,,Y,,L,04,0,1,0,0,0,0,1,0,0,- ,- ,34.167350769042969,-119.14845275878906,VENTURA,OXNARD,-119.14762878417969,34.165401458740234
8617009,2018,2018-05-22,5604,2018-04-22,1550,5492,,7,5,6,5604,0,0,0,,0,024,CEDAR ST,E ST,1.00,W,N,A,-,N,,,,,,,,,,N,4,0,1,2,A,-,03,22350,,N,G,B,E,A,A,H,C,D,0,Y,,,,Y,,A,01,0,0,1,0,1,0,0,0,0,- ,- ,34.184299468994141,-119.18502807617188,VENTURA,OXNARD,-119.18380737304688,34.184322357177734
8617251,2018,2018-08-22,5608,2018-05-05,0800,308,,6,5,6,5608,0,0,0,,0,,MAIN ST,RT 126,0.00,,Y,A,-,Y,VEN,7,101,-,-,26.677,R,1,S,N,3,0,1,2,A,-,11,21456,B,N,-,G,A,A,H,-,A,A,0,,Y,,,Y,,L,04,0,1,0,0,0,0,1,0,0,- ,- ,,,VENTURA,VENTURA,-119.2425537109375,34.264507293701172
8626514,2018,2018-06-04,5600,2018-04-25,1849,3386,6012,3,5,3,5602,0,0,0,,0,6A01,4TH ST,BLAINE AV,0.00,,Y,A,-,N,,,,,,,,,,N,3,0,1,2,A,-,09,21802,A,N,D,G,A,A,H,-,A,A,0,,Y,,,Y,,L,04,0,1,0,0,0,0,1,0,0,- ,- ,34.406520843505859,-118.92693328857422,VENTURA,FILLMORE,,
8639365,2018,2018-08-20,5600,2018-04-02,1454,2994,5145,1,5,4,5690,0,0,0,,0,02A,RT 118,PARK LN,370.00,E,N,A,-,Y,VEN,7,118,-,-,17.400,H,-,E,N,4,0,1,2,A,-,05,21650,1,N,D,G,A,A,-,-,A,D,0,,Y,,,Y,,L,04,0,0,1,0,0,0,1,0,0,- ,- ,,,VENTURA,MOORPARK,-118.884033203125,34.278877258300781
8645838,2018,2018-07-10,5609,2018-06-06,1305,310,512,3,5,6,5609,0,0,0,,0,005,TAPO ST,ALPINE ST,162.00,S,N,A,-,N,,,,,,,,,,N,4,0,1,2,A,-,05,21650,,N,D,G,A,A,H,-,A,D,0,,Y,,,Y,,L,04,0,0,1,0,0,0,1,0,0,- ,- ,,,VENTURA,SIMI VALLEY,-118.70895385742188,34.274356842041016
8656180,2018,2018-07-23,5608,2018-07-11,1720,439,,3,5,6,5608,0,0,0,,0,002,E MAIN ST,ARUNDELL AV,40.00,W,N,A,-,N,,,,,,,,,,N,3,0,1,1,A,-,08,22107,,N,H,G,A,A,H,-,A,D,0,,Y,,,Y,,L,04,0,1,0,0,0,0,1,0,0,- ,- ,,,VENTURA,VENTURA,-119.24290466308594,34.264064788818359
8663455,2018,2018-07-20,5600,2018-06-23,1936,5359,9124,6,5,6,5607,0,0,0,,0,9C01,BORCHARD RD,MICHAEL DR,14.00,S,N,A,-,N,,,,,,,,,,N,3,0,1,2,A,-,10,21950,A,N,G,B,B,A,H,-,A,A,0,Y,,,,Y,,A,08,0,1,0,0,1,0,0,0,0,- ,- ,34.181800842285156,-118.92759704589844,VENTURA,THOUSAND OAKS,-118.92742156982422,34.181880950927734
8666827,2018,2018-08-14,5606,2018-03-15,0452,1018,5606,4,5,4,5606,0,0,0,,0,002,RT 150,HARVARD BL,208.00,N,N,B,-,Y,VEN,7,150,-,-,34.320,H,-,E,N,4,0,1,2,A,-,11,21954,A,N,G,B,D,B,H,-,C,D,0,Y,,,Y,Y,,N,60,0,0,1,0,1,0,0,0,0,- ,- ,,,VENTURA,SANTA PAULA,-119.05868530273438,34.351085662841797
8669182,2018,2018-08-10,5600,2018-07-16,1314,5101,9085,1,5,6,5607,0,0,0,,0,09G,THOUSAND OAKS BL,HOUSTON DR,55.00,E,N,A,-,N,,,,,,,,,,N,2,0,1,2,A,-,21,22106,,N,H,G,A,A,H,-,A,D,0,,Y,,,Y,,A,01,1,0,0,0,0,0,1,0,0,- ,- ,,,VENTURA,THOUSAND OAKS,-118.86336517333984,34.179580688476562
8677589,2018,2018-10-03,5604,2018-07-19,1734,4868,,4,5,6,5604,0,0,0,,0,031,COOPER RD,ROOSEVELT AV,100.00,E,N,A,-,N,,,,,,,,,,N,3,0,1,1,A,-,21,22106,,N,G,B,A,A,H,-,A,A,0,,,,,Y,,A,01,0,1,0,0,0,0,0,0,0,- ,- ,34.204261779785156,-119.17234802246094,VENTURA,OXNARD,-119.17238616943359,34.204524993896484
8679903,2018,2018-10-03,5609,2018-07-05,1332,312,,4,5,6,5609,0,0,0,,0,,COCHRAN ST,WORKMAN AV,150.00,W,N,A,-,N,,,,,,,,,,N,4,0,1,2,A,-,05,21650,,N,D,G,A,A,H,-,A,D,0,,Y,,,Y,,L,04,0,0,1,0,0,0,1,0,0,- ,- ,34.278980255126953,-118.70684814453125,VENTURA,SIMI VALLEY,-118.70721435546875,34.279010772705078
8685034,2018,2018-09-14,5608,2018-08-06,0741,386,,1,5,6,5608,0,0,0,,0,003,HILL RD,TELEPHONE RD,0.00,,-,A,-,N,,,,,,,,,,N,4,0,1,2,A,-,06,21755,,N,D,G,A,A,H,-,A,-,0,,Y,,,Y,,L,04,0,0,1,0,0,0,1,0,0,- ,- ,,,VENTURA,VENTURA,-119.20646667480469,34.266311645507812
8685967,2018,2018-10-05,5604,2018-08-09,1148,5364,,4,5,6,5604,0,0,0,,0,014,VINEYARD AV,EDELWEISS AV,30.00,E,N,A,-,N,,,,,,,,,,N,4,0,1,2,A,-,11,21954,A,N,G,B,D,A,H,-,A,D,0,Y,,,,Y,,N,60,0,0,1,0,1,0,0,0,0,- ,- ,,,VENTURA,OXNARD,-119.18096160888672,34.226490020751953
8685977,2018,2018-09-06,5604,2018-07-17,2140,5359,,2,5,6,5604,0,0,0,,0,014,TOWN CENTER DR,OXNARD BL,0.00,,Y,A,-,N,,,,,,,,,,N,3,0,1,2,A,-,12,21453,A,N,D,G,A,A,H,-,C,A,0,,Y,,,Y,,L,04,0,1,0,0,0,0,1,0,0,- ,- ,34.241531372070312,-119.18009948730469,VENTURA,OXNARD,-119.18025207519531,34.241531372070312
8700176,2018,2018-09-24,5604,2018-09-08,1500,5135,,6,5,6,5604,0,0,0,,0,014,N VENTURA RD,BEVRA ST,50.00,N,N,A,-,N,,,,,,,,,,N,3,0,1,2,A,-,17,22517,,N,B,G,A,A,H,-,A,D,0,,Y,,,Y,,A,01,0,1,0,0,0,0,1,0,0,- ,- ,34.276199340820312,-119.25225067138672,VENTURA,OXNARD,-119.19463348388672,34.223606109619141
8701089,2018,2018-12-31,5608,2018-09-06,0839,439,,4,5,6,5608,0,0,0,,0,004,TELEPHONE RD,RT 101,0.00,,Y,B,-,Y,VEN,7,101,-,-,26.431,R,1,S,N,3,0,1,2,A,-,10,21950,A,N,G,B,B,A,H,-,A,A,0,Y,,,,Y,,A,07,0,1,0,0,1,0,0,0,0,- ,SF,,,VENTURA,VENTURA,-119.23816680908203,34.264938354492188
8703894,2018,2018-10-10,5606,2018-07-19,1553,1102,5606,4,5,4,5606,0,0,0,,0,001,SANTA MARIA ST,STECKEL S DR,390.00,W,N,A,-,N,,,,,,,,,,N,2,0,1,2,A,-,03,22350,,N,C,G,A,A,H,-,A,D,0,,Y,,,Y,,A,01,1,0,0,0,0,0,1,0,0,- ,- ,,,VENTURA,SANTA PAULA,-119.07652282714844,34.340549468994141
8715653,2018,2018-11-13,5609,2018-10-12,0728,389,207,5,5,6,5609,0,0,0,,0,002,ROYAL AV,VAQUERO DR,10.00,W,N,A,-,N,,,,,,,,,,Y,2,0,1,2,A,-,12,21453,A,N,G,B,B,A,H,-,A,A,0,Y,,,,Y,,A,07,1,0,0,0,1,0,0,0,0,- ,- ,34.264389038085938,-118.79355621337891,VENTURA,SIMI VALLEY,-118.79350280761719,34.264419555664062
8718018,2018,2018-10-16,5604,2018-09-20,2049,4868,,4,5,6,5604,0,0,0,,0,031,CAMINO DEL LA LUNA,N ROSE AV N,0.00,,Y,A,-,N,,,,,,,,,,N,3,0,1,2,A,-,14,21201,D,N,D,G,A,A,H,-,D,D,0,,Y,,,Y,,L,04,0,1,0,0,0,0,0,0,0,- ,- ,34.210010528564453,-119.15962982177734,VENTURA,OXNARD,-119.15972137451172,34.210010528564453
8718051,2018,2018-10-17,5604,2018-09-15,1642,5496,,6,5,6,5604,0,0,0,,0,023,C ST,4TH ST,0.00,,Y,A,-,N,,,,,,,,,,N,4,0,1,2,A,-,10,21950,A,N,G,B,B,A,H,-,A,A,0,Y,,,,Y,,A,01,0,0,1,0,1,0,0,0,0,- ,- ,34.199008941650391,-119.18108367919922,VENTURA,OXNARD,-119.18109893798828,34.199008941650391
8718067,2018,2018-10-17,5604,2018-09-23,2000,5534,,7,5,6,5604,0,0,0,,0,042,DOLLIE ST,CLOYNE ST,50.00,W,N,A,-,N,,,,,,,,,,N,4,0,1,2,A,-,21,22106,,N,G,B,D,A,H,-,C,D,0,Y,,,,Y,,A,01,0,0,1,0,1,0,0,0,0,- ,- ,34.157081604003906,-119.17362976074219,VENTURA,OXNARD,-119.17331695556641,34.157314300537109
8718395,2018,2018-11-06,5600,2018-09-25,1442,4498,9108,2,5,6,5607,0,0,0,,0,09C,WENDY DR,OLD CONEJO RD,48.00,S,N,A,-,Y,VEN,7,101,-,-,7.701,R,4,S,N,4,0,1,2,A,-,05,21650,1,M,H,G,A,A,H,-,A,A,0,,Y,,,Y,,L,04,0,0,1,0,0,0,1,0,0,- ,- ,,,VENTURA,THOUSAND OAKS,-118.93653106689453,34.188503265380859
8723891,2018,2018-11-20,5604,2018-10-09,1410,5519,,2,5,6,5604,0,0,0,,0,012,HOLSER WY,WILLIAMS DR,300.00,W,N,A,-,N,,,,,,,,,,N,4,0,1,2,A,-,05,21650,,N,D,G,A,A,H,-,A,D,0,,Y,,,Y,,L,04,0,0,1,0,0,0,1,0,0,- ,- ,,,VENTURA,OXNARD,-119.15489196777344,34.22021484375
8726165,2018,2018-11-13,5600,2018-10-22,0058,2941,9084,1,5,6,5607,0,0,0,,0,9B01,HOUSTON DR,HILLCREST DR,8.00,N,N,A,-,N,,,,,,,,,,N,4,0,1,2,A,-,10,21950,A,N,G,B,B,A,H,-,B,A,0,Y,,,,Y,,D,22,0,0,1,0,1,0,0,0,0,- ,- ,,,VENTURA,THOUSAND OAKS,,
8730488,2018,2018-11-06,5609,2018-10-17,1739,389,,3,5,6,5609,0,0,0,,0,003,LOS ANGELES AV,SEQUOIA AV,206.00,E,N,A,-,N,,,,,,,,,,N,4,0,1,2,A,-,05,21650,1,N,H,G,A,A,H,-,A,D,0,,Y,,,Y,,L,04,0,0,1,0,0,0,1,0,0,- ,- ,34.271690368652344,-118.73056030273438,VENTURA,SIMI VALLEY,-118.72985076904297,34.271690368652344
8730999,2018,2018-11-05,5605,2018-10-21,2040,158,PATRO,7,5,3,5605,0,0,0,,0,001,W B ST,PONOMA ST,109.00,W,N,A,-,N,,,,,,,,,,N,3,0,1,2,A,-,21,22106,,N,B,B,E,A,H,-,C,D,0,Y,,,,Y,Y,A,01,0,1,0,0,1,0,0,0,0,- ,- ,,,VENTURA,PORT HUENEME,-119.20037078857422,34.1531982421875
8740020,2018,2018-12-13,5604,2018-10-21,1443,5408,,7,5,6,5604,0,0,0,,0,011,MAGNOLIA AV SOUTH ALLEY,C ST,0.00,,Y,A,-,N,,,,,,,,,,N,3,0,1,2,A,-,09,21804,A,F,D,G,A,A,H,-,A,D,0,,Y,,,Y,,A,01,0,1,0,0,0,0,1,0,0,- ,- ,34.202980041503906,-119.18103790283203,VENTURA,OXNARD,-119.18104599999999,34.203474
8740291,2018,2018-11-28,5604,2018-11-01,1450,5490,,4,5,6,5604,0,0,0,,0,023,7TH ST,S B ST,0.00,,Y,A,-,N,,,,,,,,,,N,4,0,1,2,A,-,10,21950,A,N,D,B,B,A,H,-,A,D,0,Y,,,,Y,,A,07,0,0,1,0,1,0,0,0,0,- ,- ,,,VENTURA,OXNARD,-119.17990112304688,34.195060729980469
8740415,2018,2018-11-19,5604,2018-10-11,0843,5392,,4,5,6,5604,0,0,0,,0,042,SAVIERS RD,FASHION PARK PL,260.00,N,N,A,-,N,,,,,,,,,,N,4,0,1,2,A,-,10,21950,A,F,G,B,C,A,H,-,A,D,0,Y,,,,Y,,A,01,0,0,1,0,1,0,0,0,0,- ,- ,34.160999298095703,-119.17768859863281,VENTURA,OXNARD,-119.17778778076172,34.159225463867188
8747699,2018,2019-01-23,5604,2018-11-13,1600,5431,,2,5,6,5604,0,0,0,,0,022,7TH ST,G ST,50.00,W,N,A,-,N,,,,,,,,,,N,4,0,1,2,A,-,05,21650,,N,D,G,A,A,H,-,A,A,0,,Y,,,Y,,-,- ,0,0,1,0,0,0,1,0,0,- ,- ,34.193000793457031,-119.18699645996094,VENTURA,OXNARD,-119.18632507324219,34.195102691650391
8761023,2018,2019-01-26,5604,2018-12-08,1449,5474,,6,5,6,5604,0,0,0,,0,032,OXNARD BL,WOOLEY RD,150.00,S,N,A,-,N,,,1,,,,,,,N,3,0,1,2,A,-,11,21954,A,N,G,B,D,A,H,-,A,A,0,Y,,,,Y,,N,60,0,1,0,0,1,0,0,0,0,- ,- ,34.190029144287109,-119.17743682861328,VENTURA,OXNARD,-119.17738342285156,34.190052032470703
8764768,2018,2019-02-04,5604,2018-11-05,0003,5459,,1,5,6,5604,0,0,0,,0,012,LOMBARD ST,GONZALES RD,87.00,S,N,A,-,N,,,,,,,,,,N,4,0,1,2,B,-,22,,,N,D,G,A,A,H,-,C,D,0,,Y,,,Y,,L,04,0,0,1,0,0,0,1,0,0,- ,- ,34.218818664550781,-119.1492919921875,VENTURA,OXNARD,-119.1492919921875,34.218521118164062
8772438,2018,2019-02-02,5600,2018-12-16,0729,2110,9100,7,5,6,5607,0,0,0,,0,09B,WILBURE RD,MOORPARK RD,12.00,W,N,A,-,N,,,,,,,,,,N,4,0,1,2,A,-,05,21650,,N,D,G,A,A,H,-,A,A,0,,Y,,,Y,,L,04,0,0,1,0,0,0,1,0,0,- ,- ,,,VENTURA,THOUSAND OAKS,-118.87507629394531,34.186595916748047
8774097,2019,2019-02-05,5608,2019-01-01,1500,507,VTA,2,5,6,5608,0,0,0,,0,004,RALSTON ST,VICTORIA AV,100.00,W,N,-,-,N,,,,,,,,,,N,4,0,1,2,A,-,08,22107,,F,B,G,A,-,-,-,-,D,0,,Y,,,Y,,A,07,0,0,1,0,0,0,1,0,0,- ,- ,,,VENTURA,VENTURA,-119.21197509765625,34.261009216308594
8786081,2019,2019-02-13,5609,2019-01-09,0803,452,,3,5,6,5609,0,0,0,,0,,ROYAL AV,CROCKER ST,0.00,,Y,A,F,N,,,,,,,,,,N,4,0,1,2,A,-,10,21950,A,N,G,B,B,A,H,-,A,A,0,Y,,,,Y,,A,07,0,0,1,0,1,0,0,0,0,- ,- ,34.264518737792969,-118.76889038085938,VENTURA,SIMI VALLEY,-118.76889038085938,34.264480590820312
8795776,2019,2019-02-13,5604,2019-01-15,0600,5431,,2,5,6,5604,0,0,0,,0,032,ROSE AV,5TH ST,300.00,S,N,C,-,N,,,,,,,,,,N,3,0,1,2,A,-,03,22350,,F,B,G,A,B,H,-,B,A,0,,Y,,,Y,,-,,0,1,0,0,0,0,1,0,0,- ,- ,34.196998596191406,-119.15899658203125,VENTURA,OXNARD,-119.15978240966797,34.196125030517578
8795780,2019,2019-02-13,5604,2019-01-26,1959,5534,,6,5,6,5604,0,0,0,,0,022,S VENTURA RD,5TH ST,300.00,S,N,A,-,N,,,,,,,,,,N,3,0,1,2,A,-,05,21650,,N,D,G,A,A,H,-,C,D,0,,Y,,,Y,,L,04,0,1,0,0,0,0,1,0,0,- ,- ,34.199001312255859,-119.19499969482422,VENTURA,OXNARD,-119.19488525390625,34.196887969970703
8796397,2018,2019-04-04,5604,2018-12-29,1345,5175,,6,5,6,5604,0,0,0,,0,032,SAVIERS RD,IRIS ST,40.00,S,N,A,-,N,,,,,,,,,,N,4,0,1,2,A,-,07,21658,A,N,G,G,A,A,H,-,A,D,0,,Y,,,Y,,L,04,0,0,1,0,0,0,1,0,0,- ,- ,,,VENTURA,OXNARD,-119.17755889892578,34.180221557617188
8803167,2019,2019-02-26,5600,2019-01-27,1855,3927,8124,7,5,5,5601,0,0,0,,0,08C,ARNEILL RD,PICKWICK DR,391.00,S,N,A,-,N,,,,,,,,,,Y,3,0,1,2,A,-,11,21950,B,N,G,B,D,A,H,-,C,D,0,Y,,,,Y,Y,N,60,0,1,0,0,1,0,0,0,0,- ,- ,34.221000671386719,-119.03800201416016,VENTURA,CAMARILLO,-119.03904724121094,34.221206665039062
8810584,2019,2019-03-11,5604,2019-02-05,0650,4795,,2,5,6,5604,0,0,0,,0,012,MARTIN LUTHER KING ST,JUANITA AV,0.00,,Y,C,-,N,,,,,,,,,,N,4,0,1,2,A,-,10,21950,A,M,G,B,B,B,H,-,A,A,0,Y,,,,Y,Y,A,01,0,0,1,0,1,0,0,0,0,- ,- ,,,VENTURA,OXNARD,-119.16842651367188,34.215358734130859
8815670,2019,2019-04-11,5600,2019-02-20,0812,4501,8152,3,5,5,5601,0,0,0,,0,08B,PLEASANT VALLEY RD,TELEPHONE POLE (900337E),44.00,E,N,A,-,N,,,,,,,,,,Y,2,0,1,2,A,-,05,21650,,N,G,B,E,A,H,-,A,D,0,Y,,,,Y,,A,07,1,0,0,0,1,0,0,0,0,- ,- ,34.2126,-119.0083,VENTURA,CAMARILLO,,
8816700,2019,2019-03-12,5608,2019-01-04,1738,454,VENTU,5,5,6,5608,0,0,0,,0,001,VENTURA AV,COMSTOCK ST,74.00,S,N,A,-,N,,,,,,,,,,Y,3,0,1,2,A,-,11,21954,A,N,G,B,D,A,H,-,C,D,0,Y,,,,Y,,N,60,0,1,0,0,1,0,0,0,0,- ,- ,,,VENTURA,VENTURA,-119.29591369628906,34.297580718994141
8827294,2019,2019-04-03,5604,2019-03-18,2224,5475,,1,5,6,5604,0,0,0,,0,041,BARD RD,SAN JUAN AV,0.00,,Y,E,-,N,,,,,,,,,,N,3,0,1,2,A,-,10,21950,A,N,G,B,B,A,H,-,B,D,0,Y,,,,Y,,A,08,0,1,0,0,1,0,0,0,0,- ,- ,34.163589477539062,-119.17121124267578,VENTURA,OXNARD,-119.17005157470703,34.162010192871094
8847524,2019,2019-04-22,5600,2019-03-27,1902,5126,1000,3,5,2,5603,0,0,0,,0,1A01,CARILLO RD,VALLERIO AV,251.00,N,N,A,-,N,,,,,,,,,,N,2,0,1,2,A,-,11,21954,A,N,G,B,D,A,H,-,A,D,0,Y,,,,Y,,N,60,1,0,0,0,1,0,0,0,0,- ,- ,34.437339782714844,-119.26499176025391,VENTURA,OJAI,-119.26499176025391,34.437301635742188
8848712,2019,2019-04-30,5604,2019-04-14,1438,5512,,7,5,6,5604,0,0,0,,0,022,F ST,W 6TH ST,0.00,,Y,A,-,N,,,,,,,,,,N,4,0,1,2,A,-,09,21802,A,N,D,G,A,A,H,-,A,D,0,,Y,,,Y,,L,04,0,0,1,0,0,0,1,0,0,- ,- ,34.196388244628906,-119.18486785888672,VENTURA,OXNARD,-119.18489837646484,34.196399688720703
8859632,2019,2019-06-05,5604,2019-05-13,0814,4919,,1,5,6,5604,0,0,0,,0,024,J ST,LINDEN DR,70.00,N,N,B,-,N,,,,,,,,,,Y,3,0,1,2,A,-,11,21954,A,N,G,B,E,A,H,-,A,D,0,Y,,,,Y,,A,01,0,1,0,0,1,0,0,0,0,- ,- ,,,VENTURA,OXNARD,-119.18625640869141,34.176700592041016
8859652,2019,2019-06-05,5604,2019-05-15,1130,5539,,3,5,6,5604,0,0,0,,0,022,VENTURA RD,W 5TH ST W,0.00,,Y,A,-,N,,,,,,,,,,N,2,0,1,2,A,-,09,21801,A,N,G,G,A,A,H,-,A,A,0,,Y,,,Y,,-,- ,1,0,0,0,0,0,1,0,0,- ,- ,34.196998596191406,-119.1947021484375,VENTURA,OXNARD,-119.19487762451172,34.197711944580078
8873208,2019,2019-06-11,5604,2019-05-24,0746,5555,,5,5,6,5604,0,0,0,,0,023,OXNARD BL,5TH ST,15.00,N,N,A,-,N,,,,,,,,,,N,4,0,1,2,A,-,05,21650,1,N,G,G,A,A,H,-,A,A,0,,Y,,,Y,,L,04,0,0,1,0,0,0,1,0,0,- ,- ,,,VENTURA,OXNARD,-119.17746734619141,34.197685241699219
8875893,2019,2019-11-25,5600,2019-05-22,1858,3147,9136,3,5,6,5607,0,0,0,,0,9C01,LYNN RD,RT 101,0.00,,Y,B,-,Y,VEN,7,101,-,-,4.908,R,4,N,N,3,0,1,2,A,-,12,21453,A,N,H,G,A,A,H,-,A,A,0,,Y,,,Y,,L,04,0,1,0,0,0,0,1,0,0,- ,NF,,,VENTURA,THOUSAND OAKS,-118.88942718505859,34.182586669921875
8877235,2019,2019-06-12,5600,2019-05-27,1300,5023,8135,1,5,5,5601,0,0,0,,0,08C,N PONDEROSA DR,ANTONIO DR,145.00,S,N,A,-,N,,,,,,,,,,N,2,0,1,2,A,-,21,22106,,N,G,B,F,A,H,-,A,D,0,Y,,,,Y,,A,01,1,0,0,0,1,0,0,0,0,- ,- ,34.243579864501953,-119.02300262451172,VENTURA,CAMARILLO,-119.023193359375,34.243621826171875
8878142,2019,2019-06-24,5604,2019-05-25,2249,5459,,6,5,6,5604,0,0,0,,0,041,SAVIERS RD,BRYCE CANYON AV,0.00,,Y,A,-,N,,,,,,,,,,N,3,0,1,2,A,-,11,21954,A,N,G,B,B,A,H,-,C,A,0,Y,,,,Y,,N,60,0,1,0,0,1,0,0,0,0,- ,- ,34.169971466064453,-119.17813110351562,VENTURA,OXNARD,-119.17768859863281,34.169780731201172