CASE_ID,ACCIDENT_YEAR,PROC_DATE,JURIS,COLLISION_DATE,COLLISION_TIME,OFFICER_ID,REPORTING_DISTRICT,DAY_OF_WEEK,CHP_SHIFT,POPULATION,CNTY_CITY_LOC,SPECIAL_COND,BEAT_TYPE,CHP_BEAT_TYPE,CITY_DIVISION_LAPD,CHP_BEAT_CLASS,BEAT_NUMBER,PRIMARY_RD,SECONDARY_RD,DISTANCE,DIRECTION,INTERSECTION,WEATHER_1,WEATHER_2,STATE_HWY_IND,CALTRANS_COUNTY,CALTRANS_DISTRICT,STATE_ROUTE,ROUTE_SUFFIX,POSTMILE_PREFIX,POSTMILE,LOCATION_TYPE,RAMP_INTERSECTION,SIDE_OF_HWY,TOW_AWAY,COLLISION_SEVERITY,NUMBER_KILLED,NUMBER_INJURED,PARTY_COUNT,PRIMARY_COLL_FACTOR,PCF_CODE_OF_VIOL,PCF_VIOL_CATEGORY,PCF_VIOLATION,PCF_VIOL_SUBSECTION,HIT_AND_RUN,TYPE_OF_COLLISION,MVIW,PED_ACTION,ROAD_SURFACE,ROAD_COND_1,ROAD_COND_2,LIGHTING,CONTROL_DEVICE,CHP_ROAD_TYPE,PEDESTRIAN_ACCIDENT,BICYCLE_ACCIDENT,MOTORCYCLE_ACCIDENT,TRUCK_ACCIDENT,NOT_PRIVATE_PROPERTY,ALCOHOL_INVOLVED,STWD_VEHTYPE_AT_FAULT,CHP_VEHTYPE_AT_FAULT,COUNT_SEVERE_INJ,COUNT_VISIBLE_INJ,COUNT_COMPLAINT_PAIN,COUNT_PED_KILLED,COUNT_PED_INJURED,COUNT_BICYCLIST_KILLED,COUNT_BICYCLIST_INJURED,COUNT_MC_KILLED,COUNT_MC_INJURED,PRIMARY_RAMP,SECONDARY_RAMP,LATITUDE,LONGITUDE,COUNTY,CITY,POINT_X,POINT_Y
8886651,2019,2019-07-24,5608,2019-06-20,1202,523,,4,5,6,5608,0,0,0,,0,001,CALIFORNIA ST,THOMPSON BL,13.00,N,N,A,-,N,,,,,,,,,,N,4,0,1,2,A,-,10,21950,A,N,G,B,B,A,H,-,A,A,0,Y,,,,Y,,-,,0,0,1,0,1,0,0,0,0,- ,- ,,,VENTURA,VENTURA,-119.29306030273438,34.278285980224609
8900952,2019,2019-08-06,5608,2019-07-11,0746,518,,4,5,6,5608,0,0,0,,0,002,MAIN ST,MILLS RD,165.00,E,N,A,-,N,,,,,,,,,,N,3,0,1,2,A,-,05,21650,1,N,D,B,A,A,H,-,A,D,0,,Y,,,Y,,-,- ,0,1,0,0,0,0,1,0,0,- ,- ,,,VENTURA,VENTURA,-119.24552917480469,34.264915466308594
8903341,2019,2019-08-12,5609,2019-07-15,0721,310,406,1,5,6,5609,0,0,0,,0,004,ALAMO ST,CIMMARON AV,80.00,W,N,A,-,N,,,,,,,,,,N,3,0,1,2,D,-,00,,,N,C,G,A,A,H,-,A,D,0,,Y,,,Y,,-,- ,0,1,0,0,0,0,1,0,0,- ,- ,,,VENTURA,SIMI VALLEY,-118.74208068847656,34.286426544189453
8914845,2019,2019-09-06,5604,2019-07-05,2350,5285,,5,5,6,5604,0,0,0,,0,032,CHANNEL ISLANDS BL,SAN MARINO ST,50.00,E,N,A,-,N,,,,,,,,,,N,3,0,1,2,A,-,11,21954,A,N,G,B,D,A,H,-,C,A,0,Y,,,,Y,,-,- ,0,1,0,0,1,0,0,0,0,- ,- ,34.173370361328125,-119.17611694335938,VENTURA,OXNARD,-119.17594146728516,34.173419952392578
8915088,2019,2019-09-04,5604,2019-07-07,1044,5527,,7,5,6,5604,0,0,0,,0,011,W GONZALES RD,CAMPUS RD,30.00,W,N,A,-,N,,,,,,,,,,N,4,0,1,2,A,-,05,21650,1,N,H,G,A,A,H,-,A,D,0,,Y,,,Y,,L,04,0,0,1,0,0,0,1,0,0,- ,- ,34.219409942626953,-119.21221160888672,VENTURA,OXNARD,-119.21234130859375,34.219497680664062
8920853,2019,2019-08-23,5608,2019-08-16,1607,450,VENTU,5,5,6,5608,0,0,0,,0,004,VICTORIA AV,TELEPHONE,150.00,S,N,A,-,N,,,,,,,,,,N,3,0,1,2,A,-,09,21804,A,N,D,B,A,-,H,-,A,D,0,,Y,,,Y,,A,01,0,1,0,0,0,0,1,0,0,- ,- ,,,VENTURA,VENTURA,-119.21247100830078,34.265056610107422
8925285,2019,2019-09-10,5604,2019-07-26,2207,5514,,5,5,6,5604,0,0,0,,0,012,LOCKWOOD ST,ROSE AV,5.00,E,N,A,-,N,,,,,,,,,,N,4,0,1,2,A,-,08,22107,,N,A,G,A,A,H,-,C,A,0,,Y,,,Y,,A,01,0,0,1,0,0,0,1,0,0,- ,- ,34.222118377685547,-119.15824127197266,VENTURA,OXNARD,-119.15827178955078,34.222110748291016
8931600,2019,2019-09-10,5608,2019-08-14,1604,512,,3,5,6,5608,0,0,0,,0,004,BRISTOL RD,JOHNSON DR,75.00,E,N,A,-,N,,,,,,,,,,N,3,0,1,2,A,-,09,21804,A,N,-,G,A,A,H,-,A,A,0,,Y,,,Y,,L,04,0,1,0,0,0,0,1,0,0,- ,- ,34.254680633544922,-119.19670867919922,VENTURA,VENTURA,-119.19736480712891,34.254619598388672
8941013,2019,2019-09-27,5600,2019-08-22,1938,4996,9105,4,5,6,5607,0,0,0,,0,9C01,REINO RD,CABRILLO AV,542.00,S,N,A,-,N,,,,,,,,,,N,2,0,1,2,A,-,09,21804,A,N,G,B,D,A,H,-,A,D,0,Y,,,,Y,,A,01,1,0,0,0,1,0,0,0,0,- ,- ,,,VENTURA,THOUSAND OAKS,-118.95315551757812,34.181659698486328
8942825,2019,2019-10-04,5604,2019-08-30,1016,5555,,5,5,6,5604,0,0,0,,0,023,S A ST,W 2ND ST W,0.00,,Y,A,-,N,,,,,,,,,,N,3,0,1,2,A,-,10,21950,A,N,G,B,B,A,H,-,A,A,0,Y,,,,Y,,-,- ,0,1,0,0,1,0,0,0,0,- ,- ,,,VENTURA,OXNARD,-119.17855072021484,34.201618194580078
8945117,2019,2019-09-27,5600,2019-09-05,0709,4965,8261,4,5,5,5601,0,0,0,,0,8D1,CALLE ALTO,PANCHO RD,59.00,E,N,A,-,N,,,,,,,,,,N,4,0,1,2,A,-,11,21954,A,N,G,B,D,A,H,-,A,A,0,Y,,,,Y,,N,60,0,0,1,0,1,0,0,0,0,- ,- ,34.20343017578125,-119.01107788085938,VENTURA,CAMARILLO,-119.0115966796875,34.203411102294922
8945474,2019,2019-10-01,5608,2019-09-20,1610,493,,5,5,6,5608,0,0,0,,0,001,N OLIVE ST,W MAIN ST,40.00,N,N,A,-,N,,,,,,,,,,N,3,0,1,2,A,-,00,21281,A,N,G,B,F,A,H,-,A,D,0,Y,,,,Y,,N,60,0,1,0,0,1,0,0,0,0,- ,- ,,,VENTURA,VENTURA,-119.30347442626953,34.281509399414062
8950179,2019,2019-10-17,5604,2019-09-19,1337,5490,,4,5,6,5604,0,0,0,,0,014,VINEYARD AV,KENTIA ST,0.00,,Y,A,-,N,,,,,,,,,,N,4,0,1,2,A,-,10,21950,A,N,D,B,D,A,H,-,A,D,0,Y,,,,Y,,A,01,0,0,1,0,1,0,0,0,0,- ,- ,,,VENTURA,OXNARD,-119.18930816650391,34.229389190673828
8951193,2019,2019-10-22,5608,2019-09-23,1510,515,,1,5,6,5608,0,0,0,,0,003,TELEGRAPH RD,CROCKER,198.00,W,N,A,-,N,,,,,,,,,,N,3,0,1,2,A,-,03,22350,,N,H,G,A,A,H,-,A,A,0,,Y,,,Y,,L,04,0,1,0,0,0,0,1,0,0,- ,- ,,,VENTURA,VENTURA,-119.19111633300781,34.281497955322266
8959241,2019,2019-11-04,5605,2019-10-07,1148,66,PATRO,1,5,3,5605,0,0,0,,0,003,CHANNEL ISLANDS BL,WHEELHOUSE AV,1110.00,W,N,A,-,N,,,,,,,,,,N,4,0,1,2,A,-,00,20002,A,F,H,G,A,A,H,-,A,A,0,,Y,,,Y,,A,07,0,0,1,0,0,0,1,0,0,- ,- ,34.176189422607422,-119.21266937255859,VENTURA,PORT HUENEME,-119.21638488769531,34.176044464111328
8983547,2019,2020-01-15,5600,2019-11-12,0804,2877,8104,2,5,5,5601,0,0,0,,0,8B01,PONDEROSA DR,BRENTLY AV,0.00,,Y,A,-,N,,,,,,,,,,N,3,0,1,2,A,-,10,21950,A,N,G,B,B,A,H,-,A,A,0,Y,,,,Y,,A,08,0,1,0,0,1,0,0,0,0,- ,- ,34.223499298095703,-119.07379150390625,VENTURA,CAMARILLO,-119.04744720458984,34.223579406738281
8996684,2019,2020-02-19,5608,2019-12-11,1701,522,,3,5,6,5608,0,0,0,,0,004,RALSTON ST,SARATOGA AV,3.00,E,N,A,-,N,,,,,,,,,,N,2,0,1,2,A,-,10,21950,A,N,H,B,B,A,H,-,C,A,0,Y,,,,Y,,-,- ,1,0,0,0,1,0,0,0,0,- ,- ,,,VENTURA,VENTURA,-119.21894073486328,34.259620666503906
8996688,2019,2020-02-19,5608,2019-12-09,1752,275,,1,5,6,5608,0,0,0,,0,002,LOMA VISTA RD,ST PAULS DR,0.00,,Y,A,-,N,,,,,,,,,,N,3,0,1,2,A,-,10,21950,A,N,G,B,B,A,H,-,C,A,0,Y,,,,Y,,-,,0,1,0,0,1,0,0,0,0,- ,- ,,,VENTURA,VENTURA,-119.25160980224609,34.276271820068359
90013030,2015,2015-10-19,9765,2015-08-18,1905,020924,,2,2,6,5604,0,1,2,,2,501,US-101 SB,RICE AVENUE,1985.00,S,N,A,-,Y,,,101,,,,,,S,N,2,0,1,2,A,-,01,23152,A,N,G,B,E,A,H,-,B,D,0,Y,,,,Y,Y,D,22,1,0,0,0,1,0,0,0,0,- ,- ,34.222020000000001,-119.13623,VENTURA,OXNARD,-119.13621996000001,34.222217950000001
90039975,2015,2015-10-29,9765,2015-10-20,1712,020808,,2,2,9,5600,0,1,3,,1,022,SR-150,BURNHAM RD.,0.00,,Y,A,-,Y,,,150,,,,,,,N,4,0,1,2,A,-,09,21801,A,N,D,G,A,A,H,-,A,D,0,,Y,,,Y,,A,01,0,0,1,0,0,0,1,0,0,- ,- ,34.424669999999999,-119.30477,VENTURA,UNINCORPORATED,-119.30477581,34.424720690000001
90041701,2015,2015-10-30,9765,2015-10-22,0825,014823,,4,1,9,5600,0,2,4,,2,064,LAS POSAS RD.,LAGUNA RD.,0.00,,Y,A,-,N,,,,,,,,,,N,3,0,1,2,A,-,09,21802,A,N,D,G,A,A,H,-,A,A,0,,Y,,,Y,,A,01,0,1,0,0,0,0,1,0,0,- ,- ,34.176000000000002,-119.07127,VENTURA,UNINCORPORATED,-119.0713401,34.176020029999997
9004687,2019,2020-02-13,5600,2019-12-11,1540,4877,1000,3,5,2,5603,0,0,0,,0,1A01,DEL NORTE RD,CUYAMA RD,0.00,,Y,A,-,N,,,,,,,,,,N,4,0,1,2,A,-,12,22450,A,N,A,G,A,A,H,-,B,A,0,,Y,,,Y,,L,04,0,0,1,0,0,0,1,0,0,- ,- ,,,VENTURA,OJAI,-119.26036834716797,34.444561004638672
90064351,2015,2015-12-03,9765,2015-06-15,2219,019277,,1,3,6,5608,0,1,2,,1,104,US-101 N/B (VENTURA FREEWAY),WEST VENTURA OVERHEAD,111.00,S,N,A,-,Y,,,101,,,,,,N,Y,1,1,0,3,A,-,11,21954,A,N,G,B,E,A,H,-,E,D,0,Y,,,,Y,Y,N,60,0,0,0,1,0,0,0,0,0,- ,- ,34.278060000000004,-119.30256,VENTURA,VENTURA,-119.30255513,34.278076519999999
90068941,2015,2015-12-09,9765,2015-12-03,1451,013555,,4,2,9,5600,0,1,3,,1,020,SR-33  (VENTURA AVENUE),SR-150  (BALDWIN ROAD),0.00,,Y,A,-,Y,,,33,,,,,,,N,2,0,1,2,A,-,08,22107,,N,H,G,A,A,H,-,A,A,0,,Y,,,Y,,A,08,1,0,0,0,0,0,1,0,0,- ,- ,34.430120000000002,-119.28876,VENTURA,UNINCORPORATED,-119.28842557999999,34.42989455
90076064,2015,2015-12-17,9770,2015-12-05,0945,021095,,6,1,9,5600,0,1,3,,1,053,SR-118 (LOS ANGELES AVENUE),GRIMES CANYON ROAD,3696.00,W,N,A,-,Y,,,118,,,,,,,N,3,0,2,2,A,-,03,22350,,N,H,G,A,A,H,-,A,D,0,,Y,,,Y,,L,04,0,2,0,0,0,0,2,0,0,- ,- ,34.271380000000001,-118.94025000000001,VENTURA,UNINCORPORATED,-118.94025033,34.271387619999999
90087514,2015,2016-01-04,9765,2015-10-30,1405,020924,,5,2,9,5600,0,2,4,,1,290,CREEK ROAD,FRASER STREET,543.00,S,N,A,-,N,,,,,,,,,,Y,1,1,0,2,A,-,03,22350,,N,G,B,E,A,D,-,A,A,0,Y,,,,Y,,A,01,0,0,0,1,0,0,0,0,0,- ,- ,34.40325,-119.28343,VENTURA,UNINCORPORATED,-119.28360621,34.402724120000002
9009582,2019,2020-02-21,5604,2019-11-21,2023,5317,,4,5,6,5604,0,0,0,,0,014,TOWN CENTER DR,OXNARD BL,400.00,E,N,A,-,N,,,,,,,,,,N,3,0,2,3,B,-,22,,,N,G,B,F,A,H,-,C,D,0,Y,,,,Y,,N,60,0,1,1,0,2,0,0,0,0,- ,- ,34.24005126953125,-119.17823028564453,VENTURA,OXNARD,-119.17929077148438,34.240779876708984
9022041,2019,2020-02-24,5600,2019-12-17,0747,4617,9110,2,5,6,5607,0,0,0,,0,09C,MAYFIELD ST,MAYNARD AV,0.00,,Y,A,-,N,,,,,,,,,,N,3,0,1,2,A,-,10,21950,A,N,G,B,B,A,H,-,A,D,0,Y,,,,Y,,D,22,0,1,0,0,1,0,0,0,0,- ,- ,34.175399780273438,-118.95445251464844,VENTURA,THOUSAND OAKS,-118.95439147949219,34.175350189208984
90244509,2016,2016-08-15,9765,2016-07-24,1350,019988,,7,1,9,5600,0,1,3,,2,061,SR-1 (PACIFIC COAST HWY),YERBA BUENA RD.,300.00,S,N,A,-,Y,,,,,,,,,,N,3,0,1,2,A,-,03,22350,,N,G,B,E,A,H,-,A,D,0,Y,,Y,,Y,,C,02,0,1,0,0,1,0,0,0,0,- ,- ,,,VENTURA,UNINCORPORATED,,
90249398,2016,2016-10-20,9770,2016-08-20,1125,018942,,6,1,9,5600,0,3,5,,2,005,BROADWAY ROAD,GRIMES CANYON ROAD,0.00,,Y,A,-,N,,,,,,,,,,N,3,0,1,2,A,-,08,22107,,N,H,G,A,A,H,-,A,D,0,,Y,,,Y,,L,04,0,1,0,0,0,0,1,0,0,- ,- ,34.315170000000002,-118.90971999999999,VENTURA,UNINCORPORATED,-118.90969013,34.315170049999999
90261528,2016,2016-09-06,9765,2016-09-01,2040,017675,,4,2,9,5600,0,1,3,,1,062,SR-1(PACIFIC COAST HIGHWAY),LA JOLLA CANYON,1000.00,S,N,A,-,Y,,,1,,,,,,,N,3,0,1,2,A,-,05,21202,A,N,C,G,A,A,H,-,D,D,0,,Y,,,Y,,L,04,0,1,0,0,0,0,1,0,0,- ,- ,34.082250000000002,-119.03314,VENTURA,UNINCORPORATED,-119.03313128000001,34.08226689
90290114,2016,2016-10-12,9765,2016-10-10,1030,016712,,1,1,9,5600,0,1,3,,1,062,SR-1 (PACIFIC COAST HIGHWAY),MUGU ROCK,528.00,S,N,A,-,Y,,,,,,,,,,N,3,0,1,2,A,-,03,22350,,N,H,G,A,A,H,-,A,D,0,,Y,,Y,Y,,L,04,0,1,0,0,0,0,1,0,0,- ,- ,34.051079999999999,-119.03183,VENTURA,UNINCORPORATED,,
9032599,2020,2020-03-11,5608,2020-01-08,1539,495,,3,5,6,5608,0,0,0,,0,002,POLI ST,SEAWARD AV,0.00,,Y,A,-,N,,,,,,,,,,N,3,0,1,2,A,-,08,22107,,N,G,B,B,A,H,-,A,D,0,Y,,,,Y,,A,07,0,1,0,0,1,0,0,0,0,- ,- ,,,VENTURA,VENTURA,-119.26355743408203,34.278709411621094
9036718,2019,2020-02-04,5604,2019-12-16,0750,4795,,1,5,6,5604,0,0,0,,0,041,SAVIERS RD,BARD RD,150.00,N,N,A,-,N,,,,,,,,,,N,4,0,1,2,A,-,10,21952,,F,G,B,D,A,H,-,A,D,0,Y,,,,Y,,-,,0,0,1,0,1,0,0,0,0,- ,- ,34.163669586181641,-119.17534637451172,VENTURA,OXNARD,-119.17778015136719,34.161411285400391
9036742,2019,2020-01-31,5604,2019-11-15,2200,5566,,5,5,6,5604,0,0,0,,0,031,N OXNARD AV,1ST ST,10.00,S,N,A,-,N,,,,,,,,,,N,2,0,1,2,A,-,03,22350,,F,C,B,A,A,H,-,C,A,0,,Y,,,Y,,-,99,1,0,0,0,0,0,1,0,0,- ,- ,34.202949523925781,-119.17730712890625,VENTURA,OXNARD,,
90397868,2017,2017-02-22,9765,2017-02-15,1536,015696,,3,2,9,5600,0,3,5,,2,002,PADRE JUAN AVENUE,MESA DRIVE,25.00,S,N,A,-,N,,,,,,,,,,N,3,0,1,2,A,-,08,22107,,F,G,B,E,A,H,-,A,D,0,Y,,,,Y,Y,A,01,0,1,0,0,1,0,0,0,0,- ,- ,34.447020000000002,-119.27881000000001,VENTURA,UNINCORPORATED,-119.27882325,34.44710414
90433634,2017,2017-04-13,9765,2017-04-07,1105,013206,,5,1,9,5600,0,1,3,,2,053,SR-232 (VINEYARD AVE),SR-118 (LOS ANGELES AVE),10.00,S,N,B,-,Y,,,232,,,,,,,N,4,0,1,2,A,-,08,22101,D,N,D,G,A,A,H,-,A,A,0,,Y,,,Y,,L,04,0,0,1,0,0,0,1,0,0,- ,- ,34.273789999999998,-119.13572000000001,VENTURA,UNINCORPORATED,-119.13562305000001,34.273694020000001
9052391,2020,2020-03-05,5600,2020-01-10,1520,4550,9102,5,5,6,5607,0,0,0,,0,9G01,PARKER AV,THOUSAND OAKS BL,8.00,S,N,A,-,N,,,,,,,,,,N,4,0,1,2,A,-,10,21950,A,N,G,B,B,A,H,-,A,D,0,Y,,,,Y,,A,01,0,0,1,0,1,0,0,0,0,- ,- ,34.179050445556641,-118.87191772460938,VENTURA,THOUSAND OAKS,-118.87184143066406,34.179088592529297
9055814,2020,2020-05-20,5604,2020-02-04,0651,5172,,2,5,6,5604,0,0,0,,0,031,N ROSE AV,CAMINO DEL SOL,0.00,,Y,A,-,N,,,,,,,,,,N,4,0,1,2,D,-,00,,,N,D,G,A,A,H,-,A,A,0,,Y,,,Y,,-,- ,0,0,1,0,0,0,1,0,0,- ,- ,34.206329345703125,-119.15966796875,VENTURA,OXNARD,-119.15969085693359,34.206348419189453
90592936,2017,2017-11-13,9765,2017-11-02,0420,014736,,4,3,9,5600,0,3,5,,2,001,VENTURA AVENUE,CROOKED PALM ROAD (SOUTH),100.00,N,N,B,-,N,,,,,,,,,,N,2,0,1,2,A,-,08,22107,,F,G,B,F,A,H,-,C,D,0,Y,,,,Y,,D,22,1,0,0,0,1,0,0,0,0,- ,- ,34.323920000000001,-119.28984,VENTURA,UNINCORPORATED,-119.29325883,34.335899400000002
90631815,2017,2018-01-03,9770,2017-12-22,1000,017409,,5,1,9,5600,0,2,4,,2,079,LINDERO CANYON ROAD,BROMELY DRIVE,0.00,,Y,A,-,N,,,,,,,,,,Y,2,0,1,2,A,-,09,21802,A,N,H,G,A,A,H,-,A,D,0,,Y,,,Y,,D,22,1,0,0,0,0,0,1,0,0,- ,- ,34.19258,-118.77315,VENTURA,UNINCORPORATED,-118.78025004,34.192940069999999
90690004,2018,2018-03-26,9765,2018-03-17,2039,018583,,6,2,9,5600,0,1,3,,1,020,SR-33,OAK VIEW AVENUE,7.00,S,N,A,-,Y,,,33,,,,,,,N,4,0,1,2,A,-,10,21950,A,N,G,B,B,A,H,-,C,A,0,Y,,,,Y,,A,01,0,0,1,0,1,0,0,0,0,- ,- ,34.396739959716797,-119.2996826171875,VENTURA,UNINCORPORATED,-119.2996826171875,34.396739959716797
9070241,2020,2020-03-18,5604,2020-01-31,0750,4734,,5,5,6,5604,0,0,0,,0,011,N OXNARD BL,PETUNIA WY,0.00,,Y,A,-,N,,,,,,,,,,N,3,0,1,2,A,-,10,21950,A,F,G,B,D,A,H,-,A,D,0,Y,,,,Y,,A,01,0,1,0,0,1,0,0,0,0,- ,- ,34.216339111328125,-119.15579986572266,VENTURA,OXNARD,,
90705937,2018,2018-04-16,9765,2018-04-05,1826,016592,,4,2,9,5600,0,1,3,,1,062,SR-1,SYCAMORE CANYON ROAD,2252.00,N,N,A,-,Y,,,1,,,,,,,N,2,0,1,2,A,-,11,21954,A,N,G,B,D,A,H,-,A,D,0,Y,,,,Y,,N,60,1,0,0,0,1,0,0,0,0,- ,- ,34.074321746826172,-119.02053070068359,VENTURA,UNINCORPORATED,-119.02051544189453,34.074337005615234
90759617,2018,2018-06-29,9765,2018-06-28,0855,016712,,4,1,9,5600,0,3,5,,2,002,CASITAS VISTA ROAD,SR-33,528.00,N,N,A,-,N,,,,,,,,,,N,2,0,1,2,A,-,03,22350,,N,C,G,A,A,H,-,A,D,0,,Y,,,Y,,L,04,1,0,0,0,0,0,1,0,0,- ,- ,34.352218627929688,-119.30892944335938,VENTURA,UNINCORPORATED,-119.30696105957031,34.353862762451172
90765724,2017,2018-07-11,9770,2017-07-29,0408,020721,,6,3,6,5609,0,1,3,,2,082,SR-118 W/B (RONALD REAGAN FREEWAY),KADOTA STREET,3.00,E,N,A,-,Y,,,,,,,,,,Y,1,2,0,4,A,-,03,22350,,N,G,B,E,A,H,-,D,D,0,Y,,,,Y,Y,A,01,0,0,0,2,0,0,0,0,0,- ,- ,34.23874,-118.90192999999999,VENTURA,SIMI VALLEY,-118.70024008999999,34.281769969999999
9078506,2019,2020-05-09,5604,2019-01-22,1015,4569,4103,2,5,6,5604,0,0,0,,0,041,SAVIERS RD,JOHNSON DR,200.00,N,N,A,-,N,,,,,,,,,,N,4,0,1,2,A,-,08,22107,,F,H,G,A,A,H,-,A,D,0,,Y,,,Y,Y,A,07,0,0,1,0,0,0,1,0,0,- ,- ,,,VENTURA,OXNARD,-119.17775726318359,34.162609100341797
9079380,2020,2020-08-05,5604,2020-02-22,1836,5539,,6,5,6,5604,0,0,0,,0,031,S MARQUITA ST,E 1ST ST,0.00,,Y,A,-,N,,,,,,,,,,N,4,0,1,2,A,-,10,21950,A,N,G,B,B,B,H,-,C,D,0,Y,,,,Y,,A,01,0,0,1,0,1,0,0,0,0,- ,- ,34.202621459960938,-119.1663818359375,VENTURA,OXNARD,-119.16638946533203,34.202651977539062
90808213,2018,2018-09-07,9765,2018-08-28,1812,017469,,2,2,9,5600,0,3,5,,2,004,FOOTHILL ROAD,OLIVE ROAD,0.00,,Y,A,-,N,,,,,,,,,,N,2,0,1,2,A,-,05,21460,A,N,C,G,A,A,H,-,A,D,0,,Y,,,Y,,A,01,1,0,0,0,0,0,1,0,0,- ,- ,34.320320129394531,-119.14137268066406,VENTURA,UNINCORPORATED,-119.141357421875,34.320369720458984
90875517,2018,2018-12-05,9765,2018-11-25,1205,016549,,7,1,9,5600,0,1,3,,1,012,SR-1 (PACIFIC COAST HIGHWAY),US-101 (VENTURA FREEWAY),510.00,N,N,A,-,Y,,,1,,,,,,,N,3,0,2,2,A,-,08,22107,,N,D,G,A,A,H,-,A,D,0,,Y,Y,,Y,,L,04,0,2,0,0,0,0,1,0,1,- ,- ,34.290901184082031,-119.33634948730469,VENTURA,UNINCORPORATED,-119.33639526367188,34.290843963623047
90900343,2018,2019-01-09,9770,2018-12-31,1405,020169,,1,2,9,5600,0,2,4,,1,062,POTRERO ROAD,STAFFORD ROAD,0.00,,Y,A,-,N,,,,,,,,,,N,3,0,1,2,A,-,09,21802,A,N,H,G,A,A,H,-,A,A,0,,Y,,,Y,,A,01,0,1,0,0,0,0,1,0,0,- ,- ,34.141101837158203,-118.87779998779297,VENTURA,UNINCORPORATED,-118.8779296875,34.141029357910156
90967549,2019,2019-04-15,9765,2019-04-09,1143,016549,,2,1,9,5600,0,3,5,,2,002,CREEK ROAD,CREEK LANE,2112.00,N,N,A,-,N,,,,,,,,,,Y,2,0,1,2,A,-,08,22107,,N,B,G,A,A,H,-,A,D,0,,Y,,,Y,,L,04,1,0,0,0,0,0,1,0,0,- ,- ,34.390968322753906,-119.2969970703125,VENTURA,UNINCORPORATED,-119.29693603515625,34.390945434570312
90991544,2019,2019-05-20,9765,2019-05-06,1505,020729,,1,2,9,5600,0,3,5,,2,005,ALVARADO STREET,ORANGE DRIVE,50.00,N,N,A,-,N,,,,,,,,,,N,4,0,1,2,A,-,11,21954,A,N,G,B,E,A,H,-,A,D,0,Y,,,,Y,,N,60,0,0,1,0,1,0,0,0,0,- ,- ,34.234779357910156,-119.15843200683594,VENTURA,UNINCORPORATED,-119.15879821777344,34.234447479248047
9100337,2020,2020-07-20,5606,2020-03-17,1926,1129,5606,2,5,4,5606,0,0,0,,0,001,HARVARD W BL,STECKEL S DR,474.00,E,N,A,-,N,,,,,,,,,,N,4,0,1,2,A,-,05,21650,1,N,D,G,A,A,H,-,C,D,0,,Y,,,Y,,L,04,0,0,1,0,0,0,1,0,0,- ,- ,,,VENTURA,SANTA PAULA,-119.07655334472656,34.344905853271484
91057609,2019,2019-08-22,9765,2019-08-15,1735,017395,,4,2,9,5600,0,1,3,,1,055,SR-118,GROVES PLACE,1056.00,W,N,A,-,Y,,,118,,,,,,,N,3,0,1,2,A,-,09,21801,A,N,D,G,A,A,H,-,A,D,0,,Y,,,Y,,A,07,0,1,0,0,0,0,1,0,0,- ,- ,34.263721466064453,-119.02358245849609,VENTURA,UNINCORPORATED,-119.02358245849609,34.263744354248047
9108916,2020,2020-06-26,5604,2020-03-23,1239,5592,,1,5,6,5604,0,0,0,,0,011,F ST,EASTWOOD ST,70.00,S,N,A,-,N,,,,,,,,,,N,4,0,1,2,A,-,09,21804,A,F,D,G,A,A,H,-,A,D,0,,Y,,,Y,,L,04,0,0,1,0,0,0,1,0,0,- ,- ,34.212501525878906,-119.18521118164062,VENTURA,OXNARD,-119.18498229980469,34.21221923828125
9124351,2020,2020-09-04,5608,2020-06-28,2206,461,,7,5,6,5608,0,0,0,,0,001,NORTH VENTURA AV,W SIMPSON ST,0.00,,Y,A,-,N,,,,,,,,,,N,3,0,1,2,A,-,09,21801,A,F,D,G,A,A,H,-,C,D,0,,Y,Y,,Y,,L,04,0,1,0,0,0,0,1,0,0,- ,- ,,,VENTURA,VENTURA,-119.29865264892578,34.288539886474609
9124401,2020,2020-09-14,5604,2020-06-18,1504,4942,,4,5,6,5604,0,0,0,,0,031,SAN GORGONIO ST,GIBRALTAR ST,100.00,W,N,B,-,N,,,,,,,,,,N,4,0,1,2,A,-,05,21650,,N,B,G,A,A,H,-,A,D,0,,Y,,,Y,,L,04,0,0,1,0,0,0,1,0,0,- ,- ,,,VENTURA,OXNARD,-119.15450286865234,34.204788208007812
9124409,2020,2020-09-14,5604,2020-06-16,1012,5614,,2,5,6,5604,0,0,0,,0,022,W 7TH ST,S  I ST,0.00,,Y,B,-,N,,,,,,,,,,N,3,0,1,2,A,-,10,21950,A,N,G,B,B,A,H,-,A,D,0,Y,,,,Y,,D,22,0,1,0,0,1,0,0,0,0,- ,- ,34.195381164550781,-119.19029235839844,VENTURA,OXNARD,-119.19004058837891,34.195209503173828
9125091,2020,2020-09-10,5604,2020-06-22,0545,5614,,1,5,6,5604,0,0,0,,0,032,S OXNARD BL,S ROSE AV,0.00,,Y,B,-,N,,,,,,,,,,N,2,0,1,2,A,-,17,21451,A,N,C,G,A,A,H,-,C,A,0,,Y,,,Y,,A,01,1,0,0,0,0,0,1,0,0,- ,- ,34.175228118896484,-119.15998077392578,VENTURA,OXNARD,-119.159885,34.175454000000002