CASE_ID,ACCIDENT_YEAR,PROC_DATE,JURIS,COLLISION_DATE,COLLISION_TIME,OFFICER_ID,REPORTING_DISTRICT,DAY_OF_WEEK,CHP_SHIFT,POPULATION,CNTY_CITY_LOC,SPECIAL_COND,BEAT_TYPE,CHP_BEAT_TYPE,CITY_DIVISION_LAPD,CHP_BEAT_CLASS,BEAT_NUMBER,PRIMARY_RD,SECONDARY_RD,DISTANCE,DIRECTION,INTERSECTION,WEATHER_1,WEATHER_2,STATE_HWY_IND,CALTRANS_COUNTY,CALTRANS_DISTRICT,STATE_ROUTE,ROUTE_SUFFIX,POSTMILE_PREFIX,POSTMILE,LOCATION_TYPE,RAMP_INTERSECTION,SIDE_OF_HWY,TOW_AWAY,COLLISION_SEVERITY,NUMBER_KILLED,NUMBER_INJURED,PARTY_COUNT,PRIMARY_COLL_FACTOR,PCF_CODE_OF_VIOL,PCF_VIOL_CATEGORY,PCF_VIOLATION,PCF_VIOL_SUBSECTION,HIT_AND_RUN,TYPE_OF_COLLISION,MVIW,PED_ACTION,ROAD_SURFACE,ROAD_COND_1,ROAD_COND_2,LIGHTING,CONTROL_DEVICE,CHP_ROAD_TYPE,PEDESTRIAN_ACCIDENT,BICYCLE_ACCIDENT,MOTORCYCLE_ACCIDENT,TRUCK_ACCIDENT,NOT_PRIVATE_PROPERTY,ALCOHOL_INVOLVED,STWD_VEHTYPE_AT_FAULT,CHP_VEHTYPE_AT_FAULT,COUNT_SEVERE_INJ,COUNT_VISIBLE_INJ,COUNT_COMPLAINT_PAIN,COUNT_PED_KILLED,COUNT_PED_INJURED,COUNT_BICYCLIST_KILLED,COUNT_BICYCLIST_INJURED,COUNT_MC_KILLED,COUNT_MC_INJURED,PRIMARY_RAMP,SECONDARY_RAMP,LATITUDE,LONGITUDE,COUNTY,CITY,POINT_X,POINT_Y
91496269,2021,2021-06-14,9770,2021-06-08,1054,018659,,2,1,9,5600,0,2,4,,1,087,SANTA SUSANA PASS ROAD,KATHERINE ROAD,200.00,E,N,A,-,N,,,,,,,,,,N,3,0,1,2,A,-,03,22350,,N,C,G,A,A,H,-,A,D,0,,Y,,,Y,,L,04,0,1,0,0,0,0,1,0,0,- ,- ,34.260341644287109,-118.65972900390625,VENTURA,UNINCORPORATED,-118.6597900390625,34.260303497314453
91514758,2021,2021-07-07,9765,2021-06-25,1320,016549,,5,1,9,5600,0,3,5,,2,003,VICTORIA AVENUE S/B,OLIVAS PARK DRIVE,125.00,S,N,A,-,N,,,,,,,,,,N,2,0,1,2,A,-,03,22350,,N,C,G,A,A,H,-,A,D,0,,Y,,,Y,,D,22,1,0,0,0,0,0,1,0,0,- ,- ,34.243728637695312,-119.21533203125,VENTURA,UNINCORPORATED,-119.21522521972656,34.243816375732422
91541839,2021,2021-08-10,9765,2021-08-01,1240,022182,,7,1,9,5600,0,1,3,,1,062,SR-1 (PACIFIC COAST HIGHWAY),TONGA STREET,2112.00,S,N,A,-,Y,,,1,,,,,,,N,2,0,1,2,A,-,08,22107,,N,B,G,A,A,H,-,A,D,0,,Y,,,Y,,D,22,1,0,0,0,0,0,1,0,0,- ,- ,34.048599243164062,-118.95024108886719,VENTURA,UNINCORPORATED,-118.95027160644531,34.048507690429688
91578219,2021,2021-09-23,9765,2021-09-15,2040,019988,,3,2,9,5600,0,1,3,,1,020,SR-33 SB,ENCINO DR.,682.00,S,N,A,-,Y,,,33,,,,,,S,N,2,0,1,2,A,-,11,21954,A,N,G,B,E,A,H,-,D,D,0,Y,,,,Y,,N,60,1,0,0,0,1,0,0,0,0,- ,- ,34.409801483154297,-119.29611206054688,VENTURA,UNINCORPORATED,-119.29610443115234,34.409797668457031
9158900,2020,2021-03-08,5600,2020-08-30,1635,4844,5100,7,5,4,5690,0,0,0,,0,2B01,MILLARD ST,SHERMAN AV,5.00,N,N,A,-,N,,,,,,,,,,N,3,0,1,2,A,-,05,21650,1,N,A,G,A,A,H,-,A,D,0,,Y,,,Y,,L,04,0,1,0,0,0,0,1,0,0,- ,- ,34.279399871826172,-118.87882232666016,VENTURA,MOORPARK,-118.87880706787109,34.279434204101562
91645785,2021,2021-12-07,9765,2021-11-29,1820,019988,,1,2,9,5600,0,1,2,,1,104,SR-33,WOODLAND AVE.,107.00,N,N,A,-,N,,,33,,,,,,,N,3,0,1,2,A,-,11,21955,,N,G,B,D,A,H,-,C,A,0,Y,,,,Y,,N,60,0,1,0,0,1,0,0,0,0,- ,- ,34.422378540039062,-119.28990936279297,VENTURA,UNINCORPORATED,-119.28995513916016,34.422409057617188
91678419,2022,2022-01-14,9765,2022-01-08,0915,022182,,6,1,9,5600,0,3,5,,2,005,SANTA PAULA STREET,PECK ROAD,2112.00,W,N,A,-,N,,,,,,,,,,N,3,0,1,2,A,-,06,21760,C,F,H,G,A,A,H,-,A,D,0,,Y,,,Y,,-,99,0,1,0,0,0,0,1,0,0,- ,- ,34.342689514160156,-119.09564208984375,VENTURA,UNINCORPORATED,-119.09574890136719,34.342670440673828
9168843,2020,2020-12-14,5608,2020-10-03,0613,519,,6,5,6,5608,0,0,0,,0,001,MISSION AV,VENTURA AV,120.00,W,N,A,-,N,,,,,,,,,,N,3,0,1,2,A,-,08,22107,,F,G,B,E,A,H,-,C,A,0,Y,,,,Y,,A,01,0,1,0,0,1,0,0,0,0,- ,- ,,,VENTURA,VENTURA,-119.30000305175781,34.285430908203125
9169335,2020,2020-11-17,5604,2020-09-27,1116,5583,,7,5,6,5604,0,0,0,,0,014,GLENWOOD DR,OXNARD BL,100.00,W,N,A,-,N,,,,,,,,,,N,4,0,1,2,A,-,09,21804,A,N,B,G,A,A,H,-,A,D,0,,Y,,,Y,,L,04,0,0,1,0,0,0,1,0,0,- ,- ,34.214321136474609,-119.17720031738281,VENTURA,OXNARD,-119.17781066894531,34.214340209960938
9172089,2020,2020-11-25,5600,2020-10-02,1045,5160,1006,5,5,2,5603,0,0,0,,0,1B01,RT 150,MONTGOMERY ST,8.00,E,N,A,-,Y,VEN,7,150,-,-,17.711,I,5,E,,3,0,1,2,A,-,08,22107,,N,B,G,A,A,H,-,A,A,0,,Y,,,Y,,L,04,0,1,0,0,0,0,1,0,0,- ,- ,34.447471618652344,-119.24301910400391,VENTURA,OJAI,-119.24150085449219,34.448131561279297
91831551,2022,2022-08-02,9765,2022-07-25,0800,017253,,1,1,9,5600,0,1,3,,1,020,SR-33,PORTAL RD,600.00,S,N,A,-,Y,VEN,,33,,,8.298,H,,R,N,3,0,1,2,A,-,08,22107,,N,G,B,F,A,H,-,A,D,0,Y,,,,Y,,A,07,0,1,0,0,1,0,0,0,0,- ,- ,34.389751434326172,-119.30152893066406,VENTURA,UNINCORPORATED,-119.30160522460938,34.389751434326172
9185019,2020,2021-02-10,5600,2020-12-11,1007,5525,9113,5,5,6,5607,0,0,0,,0,9H01,LAWRENCE DR,VENTU PARK RD,0.00,,Y,A,-,N,,,,,,,,,,,3,0,1,2,A,-,11,21453,D,N,G,B,B,A,H,-,A,A,0,Y,,,,Y,,N,60,0,1,0,0,1,0,0,0,0,- ,- ,,,VENTURA,THOUSAND OAKS,-118.91372680664062,34.191661834716797
9187095,2020,2021-02-01,5608,2020-11-17,1338,525,,2,5,6,5608,0,0,0,,0,002,EAST THOMPSON BL,MACMILLAN AV,98.00,W,N,A,-,N,,,,,,,,,,Y,3,0,1,4,A,-,08,22107,,N,B,B,E,A,H,-,A,D,0,Y,,,,Y,,A,07,0,1,0,0,1,0,0,0,0,- ,- ,,,VENTURA,VENTURA,-119.27737426757812,34.2757568359375
9187268,2020,2021-02-24,5608,2020-11-12,1350,515,,4,5,6,5608,0,0,0,,0,004,BRISTOL RD,KATHERINE AV,0.00,,Y,A,-,N,,,,,,,,,,N,3,0,1,2,A,-,12,22450,,N,D,G,A,A,H,-,A,D,0,,Y,,,Y,,L,04,0,1,0,0,0,0,1,0,0,- ,- ,,,VENTURA,VENTURA,-119.20427703857422,34.253520965576172
91874237,2022,2022-10-17,9765,2022-09-13,1750,022083,,2,2,9,5600,0,3,5,,2,002,SANTA ANA ROAD,SKYHIGH DR.,580.00,S,N,A,-,N,,,,,,,,,,N,2,0,1,2,A,-,08,22107,,F,B,G,A,A,H,-,A,D,0,,Y,,,Y,,L,04,1,0,0,0,0,0,1,0,0,- ,- ,34.360980987548828,-119.31472778320312,VENTURA,UNINCORPORATED,-119.31474304199219,34.361083984375
9189398,2020,2020-12-15,5604,2020-09-20,0137,5563,,7,5,6,5604,0,0,0,,0,022,7TH ST,D ST,30.00,W,N,A,-,N,,,,,,,,,,N,3,0,1,3,A,-,08,22107,,M,B,B,E,-,H,-,C,D,0,Y,,,,Y,,-,99,0,1,0,0,1,0,0,0,0,- ,- ,,,VENTURA,OXNARD,-119.18248748779297,34.195079803466797
9192366,2020,2021-01-12,5600,2020-11-14,1217,4878,,6,5,4,5690,0,0,0,,0,,WALNUT CANYON RD,CHAMPIONSHIP DR,315.00,S,N,A,-,N,,,,,,,,,,N,3,0,1,2,A,-,06,21750,A,F,B,G,A,A,H,-,A,D,0,,Y,,,Y,,A,08,0,1,0,0,0,0,1,0,0,- ,- ,34.303920745849609,-118.87886810302734,VENTURA,MOORPARK,-118.87845611572266,34.303150177001953
91927661,2022,2022-11-28,9765,2022-11-15,0940,017253,,2,1,9,5600,0,3,5,,2,001,RINCON BIKE PATH (US-101 S/B),SANTA BARBARA AVE,1950.00,N,N,A,-,N,,,,,,,,,,N,3,0,2,2,A,-,03,22350,,N,C,G,A,A,H,-,A,D,0,,Y,,,Y,,L,04,0,2,0,0,0,0,2,0,0,- ,- ,34.366260528564453,-119.45172882080078,VENTURA,UNINCORPORATED,-119.45164489746094,34.366329193115234
91933764,2022,2022-12-05,9765,2022-11-21,1705,022443,,1,2,9,5600,0,1,3,,1,020,SR-33 S/B,OAKVIEW AVE,0.00,,Y,A,-,Y,VEN,,33,,,8.784,H,,L,N,4,0,1,2,A,-,10,21950,A,N,G,B,B,A,H,-,B,A,0,Y,,,,Y,Y,D,22,0,0,1,0,1,0,0,0,0,- ,- ,34.396759033203125,-119.29969787597656,VENTURA,UNINCORPORATED,-119.2996826171875,34.396759033203125
91937732,2022,2022-12-08,9765,2022-12-06,1703,021167,,2,2,9,5600,0,3,5,,2,001,SR-1,HOBSON ROAD,2000.00,S,N,A,-,N,,,,,,,,,,N,4,0,1,2,A,-,08,22107,,M,G,B,E,A,H,-,D,D,0,Y,,,,Y,,-,99,0,0,1,0,1,0,0,0,0,- ,- ,34.321441650390625,-119.37580108642578,VENTURA,UNINCORPORATED,-119.37580108642578,34.321376800537109
91958270,2022,2023-01-03,9765,2022-12-23,1140,016234,,5,1,9,5600,0,3,5,,2,005,BALCOM CANYON ROAD,BRADLEY ROAD,0.00,,Y,A,-,N,,,,,,,,,,N,4,0,1,2,A,-,09,21802,A,F,D,G,A,A,H,-,A,A,0,,Y,,,Y,,E,22,0,0,1,0,0,0,1,0,0,- ,- ,34.313129425048828,-118.97215270996094,VENTURA,UNINCORPORATED,-118.97216796875,34.313076019287109
92017845,2022,2023-03-14,9765,2022-08-10,0920,019988,,3,1,9,5600,0,1,3,,1,012,SR-1 (PACIFIC COAST HIGHWAY),SOLIMAR BEACH DRIVE,3266.00,S,N,A,-,Y,VEN,,1,,,22.462,H,,R,N,1,1,0,2,A,-,01,23152,F,N,G,B,F,A,H,-,A,D,0,Y,,,,Y,Y,D,22,0,0,0,1,0,0,0,0,0,- ,- ,34.303909301757812,-119.34848785400391,VENTURA,UNINCORPORATED,-119.34839630126953,34.303981781005859
9204339,2020,2021-01-08,5604,2020-10-14,1700,5583,,3,5,6,5604,0,0,0,,0,012,WILLIAMS DR,ZOCOLO ST,0.00,,Y,A,-,,,,,,,,,,,N,4,0,1,2,A,-,06,21750,A,F,B,G,A,-,H,-,A,D,0,,Y,,,Y,,-,,0,0,1,0,0,0,1,0,0,- ,- ,34.217868804931641,-119.154052734375,VENTURA,OXNARD,-119.15406799316406,34.217899322509766
92050251,2023,2023-04-21,9765,2023-04-12,755 ,017253,,3,1,9,5600,0,3,5,,2,002,LOMA DR,SR-150,17.00,N,N,B,-,N,,,,,,,,,,N,3,0,1,2,A,-,11,21456,B,N,G,B,A,A,H,-,A,A,0,,,,,Y,,M,94,0,1,0,0,0,0,0,0,0,- ,- ,34.432380676269531,-119.28012847900391,VENTURA,UNINCORPORATED,,
9211648,2020,2021-02-25,5608,2020-12-18,1734,451,,5,5,6,5608,0,0,0,,0,004,VICTORIA AV,VALENTINE RD,177.00,N,N,A,-,N,,,,,,,,,,Y,1,1,0,2,A,-,11,21955,,N,G,B,D,A,H,-,C,D,0,Y,,,,Y,,N,60,0,0,0,1,0,0,0,0,0,- ,- ,,,VENTURA,VENTURA,-119.21150970458984,34.251972198486328
9216747,2020,2021-02-11,5608,2020-12-26,1242,532,,6,5,6,5608,0,0,0,,0,001,BRAKEY RD,SUMMIT DR,0.00,,N,A,-,N,,,,,,,,,,N,2,0,2,2,A,-,00,21956,B,N,G,B,E,A,H,-,A,D,0,Y,,Y,,Y,,N,60,1,1,0,0,1,0,0,0,1,- ,- ,34.2864990234375,-119.29319763183594,VENTURA,VENTURA,-119.29273223876953,34.286708831787109
9218342,2021,2021-03-17,5608,2021-01-24,0804,514,VENTU,7,5,6,5608,0,0,0,,0,002,SCHOONER DR,ANCHORS WY DR,9.00,E,N,A,-,N,,,,,,,,,,N,3,0,1,2,A,-,09,21804,A,N,D,G,A,A,H,-,A,A,0,,Y,,,Y,,A,01,0,1,0,0,0,0,1,0,0,- ,- ,,,VENTURA,VENTURA,-119.26035308837891,34.248664855957031
9220651,2020,2021-02-17,5604,2020-12-26,1455,5475,4031,6,5,6,5604,0,0,0,,0,011,DEVONSHIRE DR,VENTURA RD,0.00,,Y,A,-,N,,,,,,,,,,N,2,0,1,2,A,-,10,21950,A,N,G,B,B,A,H,-,A,A,0,Y,,,,Y,,A,01,1,0,0,0,1,0,0,0,0,- ,- ,34.211498260498047,-119.19454193115234,VENTURA,OXNARD,-119.19464111328125,34.211509704589844
92238389,2023,2023-11-16,9765,2023-11-10,1625,021852,,5,2,9,5600,0,3,5,,2,004,FOOTHILL ROAD,ADAMS CANYON,300.00,W,N,A,-,N,,,,,,,,,,N,4,0,1,2,A,-,03,22350,,N,B,G,A,A,H,-,A,D,0,,Y,,,Y,,D,22,0,0,1,0,0,0,1,0,0,- ,- ,34.345771789550781,-119.1043701171875,VENTURA,UNINCORPORATED,-119.10425567626953,34.345748901367188
9226233,2021,2021-03-05,5600,2021-01-13,1918,4646,5117,3,5,4,5690,0,0,0,,0,2A01,TIERRA REJADA RD,WALNUT CREEK RD,0.00,,Y,A,-,N,,,,,,,,,,N,2,0,1,2,A,-,12,21453,A,N,D,G,A,A,H,-,C,A,0,,Y,,,Y,,L,04,1,0,0,0,0,0,1,0,0,- ,- ,34.263698577880859,-118.88655090332031,VENTURA,MOORPARK,-118.88668823242188,34.263637542724609
9226341,2021,2021-04-06,5608,2021-02-03,0715,472,,3,5,6,5608,0,0,0,,0,002,N DOS CAMINOS AVE,MCKINLEY DR,0.00,,Y,A,-,N,,,,,,,,,,Y,3,0,1,2,A,-,08,22107,,N,D,G,A,A,H,-,B,D,0,,Y,,,Y,,A,07,0,1,0,0,0,0,1,0,0,- ,- ,,,VENTURA,VENTURA,-119.25640869140625,34.278400421142578
9231572,2021,2021-03-23,5604,2021-02-14,0057,5567,,7,5,6,5604,0,0,0,,0,032,DATE ST,PINE ST,50.00,S,N,A,-,N,,,,,,,,,,N,4,0,1,2,A,-,11,21953,,N,G,B,E,A,H,-,C,D,0,Y,,,,Y,Y,N,60,0,0,1,0,1,0,0,0,0,- ,- ,34.184959411621094,-119.17075347900391,VENTURA,OXNARD,-119.16976165771484,34.184928894042969
9232345,2021,2021-03-24,5608,2021-02-02,1250,515,,2,5,6,5608,0,0,0,,0,002,MAIN ST,CALLENS DR,0.00,,Y,A,-,N,,,,,,,,,,N,4,0,1,2,A,-,08,22107,,N,-,G,A,A,H,-,A,A,0,,Y,,,Y,,A,01,0,0,1,0,0,0,1,0,0,- ,- ,,,VENTURA,VENTURA,-119.23946380615234,34.263431549072266
9232944,2021,2021-03-08,5600,2021-01-20,1453,5007,9050,3,5,6,5607,0,0,0,,0,1453,MOORPARK RD,COLUMBIA RD,13.00,S,N,A,-,,,,,,,,,,,,3,0,1,2,A,-,10,21950,A,N,G,B,B,A,H,-,A,A,0,Y,,,,Y,,A,08,0,1,0,0,1,0,0,0,0,- ,- ,34.202201843261719,-118.86824035644531,VENTURA,THOUSAND OAKS,-118.86836242675781,34.202182769775391
92361862,2023,2024-04-11,9765,2023-05-26,2016,022318,,5,2,4,5606,0,1,3,,2,041,SR-126 W/B (SANTA PAULA FREEWAY),10TH STREET,730.00,E,N,A,-,Y,VEN,,126, ,R,12.203,H,,L,N,1,1,0,2,A,-,09,21804,A,N,D,G,A,A,H,-,C,D,0,,Y,,,Y,,L,04,0,0,0,0,0,1,0,0,0,- ,- ,34.35089111328125,-119.05577850341797,VENTURA,SANTA PAULA,-119.0557861328125,34.350902557373047
9239240,2021,2021-04-23,5604,2021-03-17,2000,5567,,3,5,6,5604,0,0,0,,0,022,E ST,WEST 5TH ST,0.00,,Y,A,-,N,,,,,,,,,,N,4,0,1,2,A,-,10,21950,A,F,G,B,B,A,H,-,C,A,0,Y,,,Y,Y,,F,21,0,0,1,0,1,0,0,0,0,- ,- ,,,VENTURA,OXNARD,-119.18362426757812,34.197723388671875
92440255,2024,2024-07-16,9765,2024-07-08,929 ,022106,,1,1,9,5600,0,3,5,,2,002,SR-150,BURNHAM ROAD,0.00,,Y,A,-,Y,VEN,,150, ,R,13.340,H,,R,N,3,0,1,2,A,-,08,22107,,N,D,G,A,A,H,-,A,D,0,,Y,,,Y,,L,04,0,1,0,0,0,0,1,0,0,- ,- ,34.424640655517578,-119.30477142333984,VENTURA,UNINCORPORATED,-119.30477905273438,34.424697875976562
9248224,2021,2021-04-16,5600,2021-03-23,0902,4045,9000,2,5,6,5607,0,0,0,,0,9A01,AVENIDA DE LOS ARBOLES,CANNA ST,194.00,W,N,A,-,,,,,,,,,,,,3,0,1,2,A,-,09,21804,A,N,G,B,E,A,H,-,A,D,0,Y,,,,Y,,A,07,0,1,0,0,1,0,0,0,0,- ,- ,34.21630859375,-118.89157104492188,VENTURA,THOUSAND OAKS,-118.892333984375,34.216415405273438
9252429,2021,2021-04-20,5604,2021-03-16,1601,5360,,2,5,6,5604,0,0,0,,0,031,COLONIA RD,N GRANT AV,0.00,,Y,A,-,N,,,,,,,,,,N,3,0,1,2,A,-,05,21650,1,F,A,G,A,A,H,-,A,A,0,,Y,,,Y,,L,04,0,1,0,0,0,0,1,0,0,- ,- ,34.206428527832031,-119.17433929443359,VENTURA,OXNARD,-119.17436218261719,34.206443786621094
9252431,2021,2021-04-20,5604,2021-03-16,1341,4950,,2,5,6,5604,0,0,0,,0,032,EL DORADO AV,SAN BENITO ST,300.00,N,N,A,-,N,,,,,,,,,,N,3,0,1,2,A,-,09,21804,A,N,D,G,A,A,H,-,A,D,0,,Y,,,Y,,L,04,0,1,0,0,0,0,1,0,0,- ,- ,34.176048278808594,-119.14893341064453,VENTURA,OXNARD,-119.14898681640625,34.174583435058594
9261382,2021,2021-05-07,5600,2021-04-21,1731,5284,6018,3,5,3,5602,0,0,0,,0,6B01,CENTRAL AV,SESPE AV,246.00,S,N,A,-,,,,,,,,,,,Y,3,0,1,2,A,-,09,21804,A,N,D,G,A,A,H,-,A,D,0,,Y,,,Y,,-,- ,0,1,0,0,0,0,1,0,0,- ,- ,,,VENTURA,FILLMORE,-118.91362762451172,34.400012969970703
9261802,2021,2021-05-05,5604,2021-04-03,1515,5422,,6,5,6,5604,0,0,0,,0,024,W KAMALA ST,C ST,25.00,W,N,A,-,N,,,,,,,,,,Y,4,0,1,3,A,-,11,21954,A,F,B,B,E,A,H,-,A,D,0,Y,,,,Y,,N,60,0,0,1,0,1,0,0,0,0,- ,- ,34.178920745849609,-119.182861328125,VENTURA,OXNARD,-119.18138885498047,34.178730010986328
9274021,2021,2021-06-28,5604,2021-05-24,1800,5572,,1,5,6,5604,0,0,0,,0,021,SOUTH VICTORIA AV,W WOOLEY RD W,0.00,,Y,A,-,N,,,,,,,,,,N,4,0,1,2,A,-,05,21650,1,N,D,G,A,A,H,-,A,A,0,,Y,,,Y,,L,04,0,0,1,0,0,0,1,0,0,- ,- ,34.186851501464844,-119.22164154052734,VENTURA,OXNARD,-119.22135162353516,34.190387725830078
9277124,2021,2021-06-09,5604,2021-05-04,1557,5540,,2,5,6,5604,0,0,0,,0,022,HULL PL,M ST,20.00,N,N,A,-,N,,,,,,,,,,N,3,0,1,2,A,-,03,22350,,F,G,B,D,A,H,-,A,D,0,Y,,,,Y,Y,-,,0,1,0,0,1,0,0,0,0,- ,- ,34.197010040283203,-119.19377899169922,VENTURA,OXNARD,,
9278157,2021,2021-07-13,5600,2021-06-01,1845,5070,9124,2,5,6,5607,0,0,0,,0,9C01,MICHAEL DR,BORCHARD RD,0.00,,Y,A,-,N,,,,,,,,,,N,3,0,1,2,A,-,09,21801,A,N,H,G,A,A,H,-,A,A,0,,Y,,,Y,,A,01,0,1,0,0,0,0,1,0,0,- ,- ,34.181938171386719,-118.92749786376953,VENTURA,THOUSAND OAKS,-118.92739105224609,34.181911468505859
9293188,2021,2021-08-21,5608,2021-07-03,1413,525,,6,5,6,5608,0,0,0,,0,004,TELEPHONE RD,WESTINGHOUSE,127.00,W,N,A,-,N,,,,,,,,,,N,4,0,2,3,A,-,09,21804,A,N,G,B,D,A,H,-,A,D,0,Y,,,,Y,,A,01,0,0,2,0,2,0,0,0,0,- ,- ,,,VENTURA,VENTURA,,
9294504,2021,2021-08-05,5608,2021-06-19,1607,397,VENTU,6,5,6,5608,0,0,0,,0,001,HARBOR BL,CALIFORNIA ST,0.00,,Y,A,-,N,,,,,,,,,,N,4,0,1,2,A,-,09,21804,A,N,D,G,A,A,H,-,A,D,0,,Y,,,Y,,-,,0,0,1,0,0,0,1,0,0,- ,- ,,,VENTURA,VENTURA,-119.29302978515625,34.276878356933594
9302220,2021,2021-08-28,5608,2021-07-01,2102,495,,4,5,6,5608,0,0,0,,0,002,HARBOR BL,SANJON RD,0.00,,Y,A,-,N,,,,,,,,,,N,3,0,1,2,A,-,12,21453,A,F,G,B,B,A,H,-,C,A,0,Y,,,,Y,,-,,0,1,0,0,1,0,0,0,0,- ,- ,,,VENTURA,VENTURA,-119.28482818603516,34.273117065429688
9339332,2021,2021-11-17,5606,2021-03-08,0442,1134,5606,1,5,4,5606,0,0,0,,0,001,HARVARD W BL,STECKEL DR,19.00,W,N,B,-,N,,,,,,,,,,N,4,0,1,2,A,-,14,21201,D,N,D,G,A,B,H,-,C,A,0,,Y,,,Y,,L,04,0,0,1,0,0,0,1,0,0,- ,- ,,,VENTURA,SANTA PAULA,-119.07807922363281,34.344417572021484
9353050,2021,2021-11-10,5608,2021-10-14,0511,507,,4,5,6,5608,0,0,0,,0,003,WELLS RD,CITRUS RD,10.00,S,N,A,-,N,,,,,,,,,,N,3,0,1,2,-,-,- ,,1,N,H,G,A,A,H,-,C,A,0,,Y,,,Y,,L,04,0,1,0,0,0,0,1,0,0,- ,- ,,,VENTURA,VENTURA,-119.15821075439453,34.291431427001953
9353055,2021,2021-11-29,5608,2021-10-15,0258,495,,5,5,6,5608,0,0,0,,0,004,PALMA DR,MARKET ST,216.00,N,N,A,-,N,,,,,,,,,,N,3,0,1,1,A,-,03,22350,,N,E,G,A,A,H,-,C,D,0,,Y,,,Y,,L,04,0,1,0,0,0,0,1,0,0,- ,- ,,,VENTURA,VENTURA,-119.22757720947266,34.258033752441406
9354228,2021,2021-12-06,5604,2021-09-17,0507,5135,,5,5,6,5604,0,0,0,,0,042,PLEASANT VALLEY RD,SAVIERS RD,120.00,W,N,A,-,N,,,,,,,,,,N,3,0,1,2,A,-,11,21954,A,N,G,B,D,A,H,-,C,A,0,Y,,,,Y,,N,60,0,1,0,0,1,0,0,0,0,- ,- ,34.154708862304688,-119.17774963378906,VENTURA,OXNARD,-119.17824554443359,34.154720306396484
9368191,2021,2021-12-17,5608,2021-11-02,1707,520,,2,5,6,5608,0,0,0,,0,004,RALSTON ST,VICTORIA AV,0.00,,Y,A,-,N,,,,,,,,,,N,3,0,1,2,A,-,10,21950,A,N,G,G,A,A,H,-,A,A,0,,Y,,,Y,,A,01,0,1,0,0,0,0,1,0,0,- ,- ,,,VENTURA,VENTURA,-119.21165466308594,34.261054992675781
9370696,2021,2021-12-24,5604,2021-11-16,1640,5285,,2,5,6,5604,0,0,0,,0,022,9TH ST,VENTURA RD,0.00,,Y,A,-,N,,,,,,,,,,N,3,0,1,2,A,-,06,21755,A,N,D,G,A,A,H,-,A,A,0,,Y,,,Y,,L,04,0,1,0,0,0,0,1,0,0,- ,- ,34.192390441894531,-119.19508361816406,VENTURA,OXNARD,-119.195068359375,34.192386627197266
9373056,2021,2021-12-09,5604,2021-10-15,1844,5458,,5,5,6,5604,0,0,0,,0,014,VINEYARD AV,ESPLANADE DR,500.00,W,N,A,-,N,,,,,,,,,,N,4,0,1,2,A,-,01,23152,A,N,B,G,A,A,H,-,C,D,0,,Y,,,Y,Y,L,04,0,0,1,0,0,0,1,0,0,- ,- ,34.229328155517578,-119.17584228515625,VENTURA,OXNARD,-119.17559814453125,34.228897094726562
9392043,2021,2022-01-24,5608,2021-12-23,1749,406,,4,5,6,5608,0,0,0,,0,001,OLIVE ST,BELL WY,153.00,S,N,C,-,N,,,,,,,,,,N,3,0,1,2,A,-,17,24250,,N,G,B,D,B,H,-,C,D,0,Y,,,,Y,,-,,0,1,0,0,1,0,0,0,0,- ,- ,,,VENTURA,VENTURA,-119.30108642578125,34.291301727294922
9392202,2022,2022-02-03,5608,2022-01-03,0701,448,,1,5,6,5608,0,0,0,,0,004,EASTMAN AV,MCGRATH ST,0.00,,Y,A,-,N,,,,,,,,,,N,3,0,1,2,-,-,- ,,A,N,D,G,A,A,H,-,A,D,0,,Y,,,Y,,L,04,0,1,0,0,0,0,1,0,0,- ,- ,,,VENTURA,VENTURA,-119.23001861572266,34.254531860351562
9407662,2022,2022-03-08,5604,2022-02-20,0816,5214,,7,5,6,5604,0,0,0,,0,042,W PLEASANT VALLEY RD,S C ST S,0.00,,Y,A,-,N,,,,,,,,,,N,3,0,1,2,A,-,10,21950,A,N,G,B,B,A,H,-,A,A,0,Y,,,,Y,,A,01,0,1,0,0,1,0,0,0,0,- ,- ,34.154720306396484,-119.18058776855469,VENTURA,OXNARD,-119.18060302734375,34.154720306396484
9407679,2022,2022-03-08,5604,2022-02-13,0100,5641,,7,5,6,5604,0,0,0,,0,014,N OXNARD BL,VINEYARD AV,600.00,N,N,A,-,N,,,,,,,,,,N,2,0,1,2,A,-,11,21954,A,N,G,B,D,A,H,-,C,D,0,Y,,,,Y,Y,N,60,1,0,0,0,1,0,0,0,0,- ,- ,34.228469848632812,-119.17761993408203,VENTURA,OXNARD,-119.17802429199219,34.228107452392578