CASE_ID,ACCIDENT_YEAR,PROC_DATE,JURIS,COLLISION_DATE,COLLISION_TIME,OFFICER_ID,REPORTING_DISTRICT,DAY_OF_WEEK,CHP_SHIFT,POPULATION,CNTY_CITY_LOC,SPECIAL_COND,BEAT_TYPE,CHP_BEAT_TYPE,CITY_DIVISION_LAPD,CHP_BEAT_CLASS,BEAT_NUMBER,PRIMARY_RD,SECONDARY_RD,DISTANCE,DIRECTION,INTERSECTION,WEATHER_1,WEATHER_2,STATE_HWY_IND,CALTRANS_COUNTY,CALTRANS_DISTRICT,STATE_ROUTE,ROUTE_SUFFIX,POSTMILE_PREFIX,POSTMILE,LOCATION_TYPE,RAMP_INTERSECTION,SIDE_OF_HWY,TOW_AWAY,COLLISION_SEVERITY,NUMBER_KILLED,NUMBER_INJURED,PARTY_COUNT,PRIMARY_COLL_FACTOR,PCF_CODE_OF_VIOL,PCF_VIOL_CATEGORY,PCF_VIOLATION,PCF_VIOL_SUBSECTION,HIT_AND_RUN,TYPE_OF_COLLISION,MVIW,PED_ACTION,ROAD_SURFACE,ROAD_COND_1,ROAD_COND_2,LIGHTING,CONTROL_DEVICE,CHP_ROAD_TYPE,PEDESTRIAN_ACCIDENT,BICYCLE_ACCIDENT,MOTORCYCLE_ACCIDENT,TRUCK_ACCIDENT,NOT_PRIVATE_PROPERTY,ALCOHOL_INVOLVED,STWD_VEHTYPE_AT_FAULT,CHP_VEHTYPE_AT_FAULT,COUNT_SEVERE_INJ,COUNT_VISIBLE_INJ,COUNT_COMPLAINT_PAIN,COUNT_PED_KILLED,COUNT_PED_INJURED,COUNT_BICYCLIST_KILLED,COUNT_BICYCLIST_INJURED,COUNT_MC_KILLED,COUNT_MC_INJURED,PRIMARY_RAMP,SECONDARY_RAMP,LATITUDE,LONGITUDE,COUNTY,CITY,POINT_X,POINT_Y
9419350,2022,2022-04-22,5604,2022-03-30,0715,4919,,3,5,6,5604,0,0,0,,0,042,PLEASANT VALLEY RD,SAVIERS RD,0.00,,Y,A,-,N,,,,,,,,,,N,3,0,1,2,A,-,10,21950,A,F,G,B,B,A,H,-,A,A,0,Y,,,,Y,,D,22,0,1,0,0,1,0,0,0,0,- ,- ,,,VENTURA,OXNARD,-119.17784881591797,34.154731750488281
9420066,2022,2022-04-20,5604,2022-03-21,1656,5216,,1,5,6,5604,0,0,0,,0,014,N OXNARD BL,TOWN CENTER DR,0.00,,Y,A,-,N,,,,,,,,,,N,3,0,1,2,A,-,03,22350,,N,D,G,A,A,H,-,A,A,0,,Y,,,Y,,L,04,0,1,0,0,0,0,1,0,0,- ,- ,34.241531372070312,-119.18009948730469,VENTURA,OXNARD,-119.18025207519531,34.241527557373047
9428768,2022,2022-04-21,5605,2022-03-08,1923,218,PATRO,2,5,3,5605,0,0,0,,0,001,CROSSJACK ST,SEASIDE DR,95.00,E,N,A,-,N,,,,,,,,,,N,3,0,1,2,A,-,08,22107,,N,G,B,E,A,H,-,B,D,0,Y,,,,Y,,A,01,0,1,0,0,1,0,0,0,0,- ,- ,34.178478240966797,-119.21488189697266,VENTURA,PORT HUENEME,-119.21453857421875,34.178554534912109
9430217,2022,2022-04-11,5604,2022-03-04,0939,5172,,5,5,6,5604,0,0,0,,0,042,S J ST,E CLARA ST E,0.00,,Y,A,-,N,,,,,,,,,,N,3,0,1,2,A,-,05,21650,,N,A,G,A,A,H,-,A,D,0,,Y,,,Y,,L,04,0,1,0,0,0,0,1,0,0,- ,- ,34.151531219482422,-119.18618774414062,VENTURA,OXNARD,-119.1861572265625,34.151542663574219
9434783,2022,2022-04-25,5608,2022-03-13,1002,530,,7,5,6,5608,0,0,0,,0,002,TRANSPORT ST,TELEPHONE RD,0.00,,Y,A,-,N,,,,,,,,,,N,3,0,1,2,A,-,11,21954,A,N,G,B,E,A,H,-,A,A,0,Y,,,,Y,,A,01,0,1,0,0,1,0,0,0,0,- ,- ,34.254261016845703,-119.23489379882812,VENTURA,VENTURA,-119.23482513427734,34.25433349609375
94390632,2024,2024-09-11,9765,2024-09-09,729 ,020832,,1,1,9,5600,0,3,5,,2,006,HUENEME ROAD,NAVAL AIR ROAD,1045.00,W,N,A,-,N,,,,,,,,,,Y,2,0,1,2,A,-,08,22107,,N,D,G,A,A,H,-,A,D,0,,Y,,,Y,,L,04,1,0,0,0,0,0,1,0,0,- ,- ,34.146980285644531,-119.11641693115234,VENTURA,UNINCORPORATED,-119.1160888671875,34.146984100341797
9443461,2022,2022-05-12,5608,2022-04-20,0954,430,,3,5,6,5608,0,0,0,,0,,MAIN ST,MILLS RD,0.00,,Y,A,-,N,,,,,,,,,,N,3,0,1,2,A,-,10,21950,A,N,D,G,A,A,H,-,A,A,0,,Y,,,Y,,A,01,0,1,0,0,0,0,1,0,0,- ,- ,,,VENTURA,VENTURA,-119.24604797363281,34.264926910400391
94443623,2024,2024-10-24,9770,2024-06-23,2245,023517,,7,3,9,5600,0,1,3,,1,052,SR-118 W/B (LOS ANGELES AVENUE),MONTAIR DR,835.00,W,N,A,-,Y,VEN,,118, , ,15.406,H,,L,N,1,1,0,2,A,-,08,22107,,F,G,B,E,A,H,-,D,D,0,Y,,,,Y,,-,99,0,0,0,1,0,0,0,0,0,- ,- ,34.278938293457031,-118.91961669921875,VENTURA,UNINCORPORATED,-118.91961669921875,34.278900146484375
9444543,2022,2022-06-17,5608,2022-05-11,0907,537,,3,5,6,5608,0,0,0,,0,002,CALLENS RD,MARKET ST,85.00,S,N,A,-,N,,,,,,,,,,N,3,0,1,2,A,-,21,22106,,N,G,B,F,A,H,-,A,D,0,Y,,,,Y,,A,01,0,1,0,0,1,0,0,0,0,- ,- ,,,VENTURA,VENTURA,-119.24103546142578,34.259391784667969
94567532,2025,2025-02-06,9770,2025-02-04,1636,019849,,2,2,9,5600,0,2,4,,2,079,TAMARIND ST,PINEWOOD AVE,0.00,,Y,A,-,N,,,,,,,,,,N,3,0,1,2,A,-,12,22450,A,N,D,G,A,A,H,-,A,A,0,,Y,,,Y,,M,91,0,1,0,0,0,0,1,0,0,- ,- ,34.168491363525391,-118.75559997558594,VENTURA,UNINCORPORATED,-118.75559997558594,34.168491363525391
94598782,2025,2025-03-12,9765,2025-02-17,1303,019930,,1,1,6,5604,0,3,5,,2,005,HELSAM AVENUE,ALVARADO STREET,0.00,,Y,A,-,N,,,,,,,,,,N,2,0,1,3,A,-,05,21650,,N,D,G,A,A,H,-,A,D,0,,Y,,,Y,,L,04,1,0,0,0,0,0,1,0,0,- ,- ,34.236949920654297,-119.1563720703125,VENTURA,OXNARD,-119.15629577636719,34.236953735351562
94609102,2024,2025-03-18,9770,2024-12-13,1830,021911,,5,2,6,5609,0,1,3,,2,082,SR-118 W/B FROM KUEHNER DRIVE,KUEHNER DRIVE,33.00,W,N,A,-,Y,,,,,,,,,,Y,2,0,1,2,A,-,11,21954,A,N,G,B,D,A,H,-,C,D,0,Y,,,,Y,,-,- ,1,0,0,0,1,0,0,0,0,- ,- ,34.279468536376953,-118.66229248046875,VENTURA,SIMI VALLEY,,
9465283,2022,2022-12-16,5604,2022-11-03,0805,5065,,4,5,6,5604,0,0,0,,0,011,H ST,GLENWOOD DT,5.00,N,N,A,-,N,,,,,,,,,,N,2,0,1,2,A,-,10,21950,A,N,G,B,B,A,H,-,A,A,0,Y,,,,Y,,A,08,1,0,0,0,1,0,0,0,0,- ,- ,34.214481353759766,-119.18795776367188,VENTURA,OXNARD,-119.18795776367188,34.214523315429688
94675867,2025,2025-05-05,9765,2025-05-01,615 ,024183,,4,1,9,5600,0,3,5,,2,006,NAVAL AIR RD,HUENEME ROAD,2640.00,S,N,B,-,N,,,,,,,,,,N,3,0,1,2,A,-,08,22107,,N,G,B,E,A,H,-,B,D,0,Y,,,,Y,,D,22,0,1,0,0,1,0,0,0,0,- ,- ,34.141410827636719,-119.105712890625,VENTURA,UNINCORPORATED,-119.10640716552734,34.1419677734375
9469641,2023,2023-09-12,5604,2023-08-04,1430,4755,2,5,5,6,5604,0,0,0,,0,014,TOWN CENTER DR,RIVER PARK BL,0.00,,Y,A,-,N,,,,,,,,,,N,4,0,1,2,A,-,05,21650,1,F,D,G,A,A,H,-,A,A,0,,Y,,,Y,Y,L,04,0,0,1,0,0,0,1,0,0,- ,- ,34.238048553466797,-119.17548370361328,VENTURA,OXNARD,-119.175537109375,34.238059997558594
9469682,2023,2023-09-14,5604,2023-08-11,2257,5696,,5,5,6,5604,0,0,0,,0,011,W ROBERT AV,AMBROSIA ST,0.00,,Y,A,-,N,,,,,,,,,,N,3,0,1,2,A,-,06,21760,C,F,A,G,A,A,H,-,C,D,0,,Y,,,Y,,D,22,0,1,0,0,0,0,1,0,0,- ,- ,34.211189270019531,-119.17791748046875,VENTURA,OXNARD,-119.17790985107422,34.211196899414062
9469730,2023,2023-09-14,5604,2023-08-19,1210,5569,,6,5,6,5604,0,0,0,,0,021,SOUTH VICTORIA AV,MONACO DR,0.00,,Y,A,-,N,,,,,,,,,,N,4,0,1,2,A,-,08,22107,,N,B,G,A,A,H,-,A,D,0,,Y,,,Y,,L,04,0,0,1,0,0,0,1,0,0,- ,- ,34.177520751953125,-119.22161102294922,VENTURA,OXNARD,-119.22171020507812,34.177528381347656
94697726,2025,2025-05-22,9770,2025-05-12,1544,023812,,1,2,9,5600,0,3,5,,2,004,SHANNON LANE,ALLEY EAST OF TANGO AVENUE,0.00,,Y,A,-,N,,,,,,,,,,N,2,0,1,2,A,-,09,21804,A,N,D,G,A,A,D,-,A,D,0,,Y,,,Y,,L,04,1,0,0,0,0,0,1,0,0,- ,- ,34.408649444580078,-118.79515838623047,VENTURA,UNINCORPORATED,,
9484986,2022,2022-08-31,5605,2022-08-06,1716,224,PATRO,6,5,3,5605,0,0,0,,0,001,CHANNEL ISLANDS BL,VICTORIA AV,400.00,E,N,A,-,N,,,,,,,,,,Y,3,0,1,2,A,-,09,21802,B,N,D,G,A,A,H,-,A,D,0,,Y,,,Y,,L,04,0,1,0,0,0,0,1,0,0,- ,- ,,,VENTURA,PORT HUENEME,-119.22025299072266,34.176071166992188
94915980,2025,2025-11-13,9765,2025-11-01,947 ,024186,,6,1,9,5600,0,3,5,,2,006,YERBA BUENA ROAD,COTHARIN ROAD,465.00,N,N,A,-,N,,,,,,,,,,N,3,0,1,2,A,-,08,22107,,N,A,6,A,A,H,-,A,D,0,,Y,,,Y,,L,04,0,1,0,0,0,0,1,0,0,- ,- ,34.091178894042969,-118.94631958007812,VENTURA,UNINCORPORATED,-118.94635009765625,34.091037750244141
9508083,2022,2022-11-01,5608,2022-10-07,1430,442,,5,5,6,5608,0,0,0,,0,002,EAST MAIN ST,SEAWARD AV,0.00,,Y,B,-,N,,,,,,,,,,N,4,0,1,2,A,-,09,21804,A,N,D,G,A,A,H,-,A,B,0,,Y,,,Y,,A,01,0,0,1,0,0,0,1,0,0,- ,- ,,,VENTURA,VENTURA,-119.26526641845703,34.276500701904297
9509819,2022,2022-12-15,5605,2022-11-10,1820,231,PATRO,4,5,3,5605,0,0,0,,0,002,VENTURA RD,SUNKIST ST,0.00,,Y,A,-,N,,,,,,,,,,N,4,0,1,2,A,-,05,21650,1,N,D,G,A,A,H,-,C,A,0,,Y,,,Y,,L,04,0,0,1,0,0,0,1,0,0,- ,- ,34.168498992919922,-119.19509887695312,VENTURA,PORT HUENEME,-119.19500732421875,34.168426513671875
95100553,2026,2026-04-27,9765,2026-03-10,1515,025066,,2,2,9,5600,0,3,5,,2,002,OJAI VALLEY TRAIL,PEPPERTREE LANE,390.00,N,N,B,-,Y,VEN,,33, , ,10.197,H,,R,N,3,0,1,2,A,-,03,22350,,N,A,B,F,A,H,-,A,D,0,Y,Y,,,Y,,M,91,0,1,0,0,1,0,0,0,0,- ,- ,34.416069030761719,-119.29398345947266,VENTURA,UNINCORPORATED,-119.29381561279297,34.416038513183594
9512914,2022,2022-11-14,5604,2022-09-21,1433,4868,,3,5,6,5604,0,0,0,,0,021,DUNKIRK DR,PATTERSON RD,0.00,,Y,A,-,N,,,,,,,,,,N,3,0,1,2,A,-,10,21950,A,N,B,B,B,A,H,-,A,A,0,Y,,,,Y,,-,99,0,1,0,0,1,0,0,0,0,- ,- ,34.196949005126953,-119.21183776855469,VENTURA,OXNARD,-119.20783996582031,34.196250915527344
9521672,2022,2022-11-16,5604,2022-08-11,0600,5434,,4,5,6,5604,0,0,0,,0,032,COOPER RD,ROOSEVELT AV,0.00,,Y,A,-,N,,,,,,,,,,N,4,0,1,2,A,-,10,21950,A,N,G,B,D,A,H,-,B,A,0,Y,,,,Y,,A,01,0,0,1,0,1,0,0,0,0,- ,- ,34.204521179199219,-119.17270660400391,VENTURA,OXNARD,-119.17272186279297,34.20452880859375
9521687,2022,2022-11-15,5604,2022-09-19,1930,5615,,1,5,6,5604,0,0,0,,0,031,N RICE AV,CAMINO DEL ARBOL,0.00,,Y,A,-,N,,,,,,,,,,N,3,0,1,2,A,-,09,21801,B,N,D,G,A,A,H,-,C,A,0,,Y,,,Y,,D,22,0,1,0,0,0,0,1,0,0,- ,- ,,,VENTURA,OXNARD,-119.14227294921875,34.206157684326172
9521930,2022,2022-11-16,5604,2022-09-19,1450,5586,,1,5,6,5604,0,0,0,,0,023,E 6TH ST,META ST,300.00,E,N,A,-,N,,,,,,,,,,N,4,0,1,2,A,-,11,21954,A,N,G,B,E,A,H,-,A,D,0,Y,,,,Y,,N,60,0,0,1,0,1,0,0,0,0,- ,- ,34.189910888671875,-119.16484832763672,VENTURA,OXNARD,,
9525261,2023,2023-02-24,5608,2023-01-27,1632,524,VENTU,5,5,6,5608,0,0,0,,0,003,TELEPHONE RD,HOLLYHOCK AV,300.00,E,N,A,-,N,,,,,,,,,,N,2,0,1,2,A,-,17,21209,,N,C,G,A,A,H,-,A,A,0,,Y,,Y,Y,,F,26,1,0,0,0,0,0,1,0,0,- ,- ,,,VENTURA,VENTURA,-119.15519714355469,34.281402587890625
9531533,2022,2022-11-22,5604,2022-07-18,2010,4759,,1,5,6,5604,0,0,0,,0,012,GONZALES RD,WILIAMS DR,0.00,,Y,A,-,N,,,,,,,,,,Y,2,0,1,2,A,-,12,21453,A,N,D,G,A,A,H,-,A,A,0,,Y,,,Y,,L,04,1,0,0,0,0,0,1,0,0,- ,- ,34.218860626220703,-119.1539306640625,VENTURA,OXNARD,-119.15392303466797,34.218936920166016
9537518,2022,2022-12-28,5604,2022-10-02,1104,5515,,7,5,6,5604,0,0,0,,0,031,E GONZALES RD,ROSE AV,150.00,S,N,A,-,N,,,,,,,,,,N,4,0,1,2,B,-,22,,,N,G,G,A,A,H,-,A,D,0,,Y,,,Y,Y,L,04,0,0,1,0,0,0,1,0,0,- ,- ,34.218898773193359,-119.15827941894531,VENTURA,OXNARD,,
9549146,2023,2023-04-06,5608,2023-02-28,1519,495,,2,5,6,5608,0,0,0,,0,002,EAST THOMPSON BL,FRANCES ST,0.00,,Y,A,-,N,,,,,,,,,,N,3,0,1,2,A,-,05,21650,1,N,D,G,A,A,H,-,A,D,0,,Y,,,Y,,L,04,0,1,0,0,0,0,1,0,0,- ,- ,,,VENTURA,VENTURA,-119.25859069824219,34.272026062011719
9559419,2023,2023-05-10,5608,2023-03-09,800 ,409,,4,5,6,5608,0,0,0,,0,002,LOMA VISTA RD,BRENT ST,415.00,W,N,A,-,N,,,,,,,,,,N,3,0,1,2,A,-,09,21804,A,F,D,G,A,A,H,-,A,A,0,,Y,,,Y,,A,01,0,1,0,0,0,0,1,0,0,- ,- ,,,VENTURA,VENTURA,-119.25905609130859,34.275150299072266
9571776,2023,2023-05-01,5604,2023-03-24,1622,5597,,5,5,6,5604,0,0,0,,0,023,5TH ST,E ST,0.00,,Y,A,-,N,,,,,,,,,,N,4,0,1,2,A,-,05,21650,1,N,D,G,A,A,H,-,A,A,0,,Y,,,Y,,L,04,0,0,1,0,0,0,1,0,0,- ,- ,,,VENTURA,OXNARD,-119.18362426757812,34.197723388671875
9574494,2023,2023-04-21,5604,2023-02-19,1234,5454,,7,5,6,5604,0,0,0,,0,032,SAN MARINO ST,CHANNEL ISLANDS BL,5.00,N,N,A,-,N,,,,,,,,,,N,3,0,1,2,A,-,06,21760,C,N,C,G,A,A,H,-,A,D,0,,Y,,,Y,,A,01,0,1,0,0,0,0,1,0,0,- ,- ,34.175121307373047,-119.17655944824219,VENTURA,OXNARD,-119.17610931396484,34.173435211181641
9579193,2023,2023-05-25,5604,2023-05-01,1355,5018,,1,5,6,5604,0,0,0,,0,032,5TH ST,RICHMOND AV,0.00,,Y,A,-,N,,,,,,,,,,N,4,0,1,2,A,-,06,21755,A,N,B,G,A,A,H,-,A,A,0,,Y,,,Y,,L,04,0,0,1,0,0,0,1,0,0,- ,- ,34.196891784667969,-119.16951751708984,VENTURA,OXNARD,-119.1695556640625,34.196643829345703
9589280,2023,2023-06-28,5604,2023-04-18,1210,5065,,2,5,6,5604,0,0,0,,0,011,N OXNARD BL,GLENWOOD DR,0.00,,Y,A,-,N,,,,,,,,,,N,3,0,1,2,A,-,12,22450,A,F,D,G,A,A,H,-,A,A,0,,Y,,Y,Y,,F,76,0,1,0,0,0,0,1,0,0,- ,- ,34.219058990478516,-119.17717742919922,VENTURA,OXNARD,-119.17747497558594,34.214336395263672
9591988,2023,2023-08-09,5608,2023-07-06,1849,447,,4,5,6,5608,0,0,0,,0,002,THOMPSON BL,SANTA ROSA ST,0.00,,Y,A,-,N,,,,,,,,,,N,3,0,2,3,A,-,10,21950,A,N,G,B,B,A,H,-,A,A,0,Y,,,,Y,,D,22,0,2,0,0,2,0,0,0,0,- ,- ,,,VENTURA,VENTURA,-119.27320861816406,34.274932861328125
9605148,2023,2024-02-21,5608,2023-12-03,1736,519,,7,5,6,5608,0,0,0,,0,004,TELEPHONE RD,PORTOLA RD,5.00,E,N,A,-,N,,,,,,,,,,N,3,0,1,2,A,-,08,22107,,F,G,G,A,A,H,-,C,A,0,,Y,,,Y,Y,A,01,0,1,0,0,0,0,1,0,0,- ,- ,,,VENTURA,VENTURA,-119.22513580322266,34.263591766357422
9608687,2023,2023-09-11,5608,2023-08-05,2118,538,,6,5,6,5608,0,0,0,,0,001,NORTH VENTURA AV,W HARRISON AV,8.00,W,N,A,-,N,,,,,,,,,,N,3,0,1,2,A,-,03,22350,,N,G,B,B,A,H,-,C,D,0,Y,,,,Y,,A,01,0,1,0,0,1,0,0,0,0,- ,- ,,,VENTURA,VENTURA,-119.29942321777344,34.286029815673828
9627098,2023,2023-10-09,5604,2023-08-28,2338,5678,,1,5,6,5604,0,0,0,,0,021,WEST 5TH ST,PATTERSON RD,0.00,,Y,A,-,N,,,,,,,,,,Y,2,0,1,2,A,-,11,21954,A,N,G,B,C,A,H,-,C,A,0,Y,,,,Y,,D,72,1,0,0,0,1,0,0,0,0,- ,- ,34.197540283203125,-119.20793151855469,VENTURA,OXNARD,-119.20795440673828,34.197559356689453
9638673,2023,2023-12-05,5608,2023-10-15,1750,514,,7,5,6,5608,0,0,0,,0,001,THOMPSON AV,ASH ST,5.00,W,N,A,-,N,,,,,,,,,,N,3,0,1,2,A,-,10,21950,A,N,G,B,B,A,H,-,A,A,0,Y,,,,Y,,A,01,0,1,0,0,1,0,0,0,0,- ,- ,,,VENTURA,VENTURA,-119.28850555419922,34.278278350830078
9643289,2023,2023-12-11,5604,2023-10-10,1500,5306,,2,5,6,5604,0,0,0,,0,032,SAVIERS ROAD RD,SAVIERS ROAD RD 2800,0.00,,N,A,-,N,,,,,,,,,,N,4,0,1,2,A,-,21,22106,,N,G,B,D,A,H,-,A,D,0,Y,,,,Y,,A,01,0,0,1,0,1,0,0,0,0,- ,- ,34.173881530761719,-119.17659759521484,VENTURA,OXNARD,-119.177559,34.173884999999999
9643477,2023,2023-12-27,5604,2023-09-13,600 ,5539,,3,5,6,5604,0,0,0,,0,012,CAMINO DEL SOL,N GIBRALTAR ST N,0.00,,Y,A,-,N,,,,,,,,,,N,4,0,1,2,A,-,10,21950,A,N,G,G,A,A,H,-,C,A,0,,Y,,,Y,,-,99,0,0,1,0,0,0,1,0,0,- ,- ,34.206779479980469,-119.15599822998047,VENTURA,OXNARD,-119.15415954589844,34.206298828125
9653632,2023,2024-02-23,5604,2023-12-01,1544,5135,,5,5,6,5604,0,0,0,,0,012,GONZALES RD,INDIANA DR,0.00,,Y,A,-,N,,,,,,,,,,N,3,0,1,2,A,-,09,21801,A,N,D,G,A,A,H,-,A,A,0,,Y,,,Y,,L,04,0,1,0,0,0,0,1,0,0,- ,- ,34.219001770019531,-119.17034912109375,VENTURA,OXNARD,-119.17033386230469,34.218952178955078
9654010,2023,2024-02-02,5604,2023-11-30,1618,5597,,4,5,6,5604,0,0,0,,0,011,PATTERSON RD,BERMUDA DUNES DR,0.00,,Y,A,-,N,,,,,,,,,,N,3,0,1,2,A,-,10,21950,A,N,D,G,A,A,H,-,B,D,0,,Y,,,Y,,A,01,0,1,0,0,0,0,1,0,0,- ,- ,34.223159790039062,-119.20757293701172,VENTURA,OXNARD,-119.20767974853516,34.223209381103516
9672962,2024,2024-04-16,5608,2024-02-06,628 ,477,,2,5,6,5608,0,0,0,,0,004,GRAND AVE,MOON DRIVE,0.00,,Y,C,-,N,,,,,,,,,,N,4,0,1,2,A,-,10,21950,A,N,G,B,B,B,H,-,C,A,0,Y,,,,Y,,A,08,0,0,1,0,1,0,0,0,0,- ,- ,,,VENTURA,VENTURA,-119.20790100097656,34.256214141845703
9673183,2024,2024-03-06,5604,2024-01-29,543 ,5018,,1,5,6,5604,0,0,0,,0,011,N H ST,W VINEYARD AV W,0.00,,Y,A,-,N,,,,,,,,,,N,4,0,1,2,A,-,09,21800,A,F,G,G,A,A,H,-,C,A,0,,,Y,,Y,,-,99,0,0,1,0,0,0,0,0,1,- ,- ,34.229290008544922,-119.18618011474609,VENTURA,OXNARD,-119.18618011474609,34.229251861572266
9683642,2024,2024-04-10,5604,2024-02-29,1638,5699,,4,5,6,5604,0,0,0,,0,024,W CHANNEL ISLANDS BL,VENTURA RD,100.00,E,N,A,-,N,,,,,,,,,,N,3,0,1,2,A,-,05,21650,,N,G,G,A,A,H,-,A,D,0,,Y,,,Y,,L,04,0,1,0,0,0,0,1,0,0,- ,- ,34.176128387451172,-119.19441223144531,VENTURA,OXNARD,-119.194580078125,34.175685882568359
9686637,2024,2024-08-12,5608,2024-06-04,1710,520,,2,5,6,5608,0,0,0,,0,003,TELEGRAPH RD,HOOVER AV,0.00,,Y,A,-,N,,,,,,,,,,N,3,0,1,2,D,-,00,,,N,G,B,F,A,H,-,A,D,0,Y,Y,,,Y,,-,- ,0,1,0,0,1,0,0,0,0,- ,- ,,,VENTURA,VENTURA,-119.19818115234375,34.280387878417969
9691489,2024,2024-06-26,5604,2024-03-15,1940,5614,,5,5,6,5604,0,0,0,,0,023,W 4TH ST,S A ST S,0.00,,Y,A,-,N,,,,,,,,,,N,3,0,1,2,A,-,05,21650,,N,G,G,A,A,H,-,C,A,0,,Y,,,Y,,L,04,0,1,0,0,0,0,1,0,0,- ,- ,34.199001312255859,-119.17855834960938,VENTURA,OXNARD,-119.17858123779297,34.199001312255859
9691491,2024,2024-05-09,5604,2024-03-14,1608,5772,,4,5,6,5604,0,0,0,,0,021,W HEMLOCK ST,MASTHEAD DR,150.00,E,N,A,-,N,,,,,,,,,,N,4,0,1,2,A,-,11,21954,A,N,G,B,D,A,H,-,A,D,0,Y,,,,Y,,N,60,0,0,1,0,1,0,0,0,0,- ,- ,,,VENTURA,OXNARD,-119.21278381347656,34.181255340576172
9706947,2024,2024-07-25,5604,2024-05-21,1510,5623,,2,5,6,5604,0,0,0,,0,041,S C ST,W BARD RD,50.00,N,N,A,-,N,,,,,,,,,,N,4,0,1,2,A,-,06,21750,A,N,G,B,D,A,H,-,A,D,0,Y,,,,Y,,A,01,0,0,1,0,1,0,0,0,0,- ,- ,,,VENTURA,OXNARD,-119.18052673339844,34.161178588867188
9706964,2024,2024-07-24,5604,2024-05-17,1540,5703,,5,5,6,5604,0,0,0,,0,022,NOONTIDE WAY,W 7TH ST,0.00,,Y,A,-,N,,,,,,,,,,N,4,0,1,2,A,-,11,21954,A,N,G,B,D,A,H,-,A,D,0,Y,,,,Y,,N,60,0,0,1,0,1,0,0,0,0,- ,- ,34.195121765136719,-119.19600677490234,VENTURA,OXNARD,-119.19602966308594,34.195140838623047
9709212,2024,2024-08-21,5608,2024-07-04,1817,566,,4,5,6,5608,0,0,0,,0,002,CATALINA ST,THOMPSON BL,131.00,S,N,A,-,N,,,,,,,,,,N,3,0,1,2,A,-,01,21200,5,N,D,G,A,A,H,-,A,D,0,,Y,,,Y,Y,L,04,0,1,0,0,0,0,1,0,0,- ,- ,34.272998809814453,-119.27020263671875,VENTURA,VENTURA,-119.27030944824219,34.273990631103516
9714516,2024,2024-07-31,5604,2024-02-08,1830,5005,,4,5,6,5604,0,0,0,,0,021,MOONSTONE WY,SEAHORSE WY,200.00,W,N,A,-,N,,,,,,,,,,N,2,0,1,2,D,-,00,,,N,G,B,D,A,H,-,C,D,0,Y,,,,Y,,-,- ,1,0,0,0,1,0,0,0,0,- ,- ,34.188999176025391,-119.24009704589844,VENTURA,OXNARD,-119.23991394042969,34.189926147460938
9716516,2024,2024-07-31,5604,2024-06-19,1051,5354,,3,5,6,5604,0,0,0,,0,012,ELEVAR ST,CHALLENGER PL,195.00,N,N,A,-,N,,,,,,,,,,N,3,0,1,2,A,-,11,21954,A,N,G,B,D,A,H,-,A,D,0,Y,,,,Y,,N,60,0,1,0,0,1,0,0,0,0,- ,- ,,,VENTURA,OXNARD,-119.13826751708984,34.200176239013672
9717892,2024,2024-08-14,5604,2024-06-22,1830,5415,,6,5,6,5604,0,0,0,,0,014,W ESPLANADE DR,N OXNARD BL,800.00,E,N,A,-,N,,,,,,,,,,N,4,0,1,2,A,-,21,22106,,N,C,B,F,A,H,-,A,D,0,Y,,,,Y,Y,A,01,0,0,1,0,1,0,0,0,0,- ,- ,34.235000610351562,-119.177001953125,VENTURA,OXNARD,,
9718916,2024,2024-08-29,5608,2024-07-09,1109,553,,2,5,6,5608,0,0,0,,0,001,E MAIN ST,KALORAMA ST,0.00,,Y,A,-,N,,,,,,,,,,N,3,0,1,2,A,-,08,22107,,N,A,G,A,A,H,-,A,D,0,,Y,,,Y,,D,22,0,1,0,0,0,0,1,0,0,- ,- ,,,VENTURA,VENTURA,-119.28701019287109,34.280838012695312
9724323,2024,2024-08-15,5604,2024-06-17,2035,5608,,1,5,6,5604,0,0,0,,0,021,CAPSTAN DR,W HEMLOCK ST W,0.00,,Y,A,-,N,,,,,,,,,,N,2,0,1,2,A,-,10,21950,A,N,G,B,B,A,H,-,C,D,0,Y,,,,Y,,A,07,1,0,0,0,1,0,0,0,0,- ,- ,34.181270599365234,-119.21591949462891,VENTURA,OXNARD,-119.21590423583984,34.181289672851562
9724985,2024,2024-09-12,5608,2024-07-20,1503,397,VENTU,6,5,6,5608,0,0,0,,0,001,THOMPSON BL,CHRISMAN AV,0.00,,Y,A,-,N,,,,,,,,,,N,2,0,1,2,A,-,06,21951,,N,G,B,B,A,H,-,A,A,0,Y,,,,Y,,A,01,1,0,0,0,1,0,0,0,0,- ,- ,,,VENTURA,VENTURA,-119.27860260009766,34.275997161865234