CASE_ID,ACCIDENT_YEAR,PROC_DATE,JURIS,COLLISION_DATE,COLLISION_TIME,OFFICER_ID,REPORTING_DISTRICT,DAY_OF_WEEK,CHP_SHIFT,POPULATION,CNTY_CITY_LOC,SPECIAL_COND,BEAT_TYPE,CHP_BEAT_TYPE,CITY_DIVISION_LAPD,CHP_BEAT_CLASS,BEAT_NUMBER,PRIMARY_RD,SECONDARY_RD,DISTANCE,DIRECTION,INTERSECTION,WEATHER_1,WEATHER_2,STATE_HWY_IND,CALTRANS_COUNTY,CALTRANS_DISTRICT,STATE_ROUTE,ROUTE_SUFFIX,POSTMILE_PREFIX,POSTMILE,LOCATION_TYPE,RAMP_INTERSECTION,SIDE_OF_HWY,TOW_AWAY,COLLISION_SEVERITY,NUMBER_KILLED,NUMBER_INJURED,PARTY_COUNT,PRIMARY_COLL_FACTOR,PCF_CODE_OF_VIOL,PCF_VIOL_CATEGORY,PCF_VIOLATION,PCF_VIOL_SUBSECTION,HIT_AND_RUN,TYPE_OF_COLLISION,MVIW,PED_ACTION,ROAD_SURFACE,ROAD_COND_1,ROAD_COND_2,LIGHTING,CONTROL_DEVICE,CHP_ROAD_TYPE,PEDESTRIAN_ACCIDENT,BICYCLE_ACCIDENT,MOTORCYCLE_ACCIDENT,TRUCK_ACCIDENT,NOT_PRIVATE_PROPERTY,ALCOHOL_INVOLVED,STWD_VEHTYPE_AT_FAULT,CHP_VEHTYPE_AT_FAULT,COUNT_SEVERE_INJ,COUNT_VISIBLE_INJ,COUNT_COMPLAINT_PAIN,COUNT_PED_KILLED,COUNT_PED_INJURED,COUNT_BICYCLIST_KILLED,COUNT_BICYCLIST_INJURED,COUNT_MC_KILLED,COUNT_MC_INJURED,PRIMARY_RAMP,SECONDARY_RAMP,LATITUDE,LONGITUDE,COUNTY,CITY,POINT_X,POINT_Y
9731008,2024,2024-10-02,5604,2024-08-08,2008,5747,,4,5,6,5604,0,0,0,,0,021,KELP LN,WOOLEY RD,200.00,N,N,A,-,N,,,,,,,,,,N,4,0,1,2,A,-,10,21950,A,N,G,B,C,A,H,-,C,D,0,Y,,,,Y,,A,01,0,0,1,0,1,0,0,0,0,- ,- ,,,VENTURA,OXNARD,-119.21109771728516,34.190879821777344
9733683,2024,2024-09-20,5604,2024-08-13,1259,5532,,2,5,6,5604,0,0,0,,0,022,W 7TH ST,S I ST S,0.00,,Y,A,-,N,,,,,,,,,,N,4,0,1,2,A,-,05,21650,1,N,D,G,A,A,H,-,A,A,0,,Y,,,Y,,L,04,0,0,1,0,0,0,1,0,0,- ,- ,34.1951904296875,-119.19004058837891,VENTURA,OXNARD,-119.19004058837891,34.195213317871094
9736052,2024,2024-09-18,5604,2024-07-06,1537,5563,,6,5,6,5604,0,0,0,,0,011,VENTURA RD,GONZALES RD,50.00,S,N,A,-,N,,,,,,,,,,N,3,0,1,2,A,-,11,21956,,N,G,B,D,A,H,-,A,D,0,Y,,,,Y,,N,60,0,1,0,0,1,0,0,0,0,- ,- ,34.219268798828125,-119.19454956054688,VENTURA,OXNARD,-119.19464111328125,34.219081878662109
9742310,2024,2024-10-17,5604,2024-09-06,1759,5673,,5,5,6,5604,0,0,0,,0,031,COOPER RD,GARFIELD AV,20.00,W,N,A,-,N,,,,,,,,,,N,4,0,1,2,A,-,11,21954,A,F,G,B,D,A,H,-,A,D,0,Y,,,,Y,,A,01,0,0,1,0,1,0,0,0,0,- ,- ,34.20452880859375,-119.17375183105469,VENTURA,OXNARD,-119.173828125,34.204540252685547
9751749,2024,2024-11-08,5604,2024-10-10,1355,5401,,4,5,6,5604,0,0,0,,0,032,E CHANNEL ISLANDS BL,STATHAM BL,0.00,,Y,A,-,N,,,,,,,,,,N,3,0,1,2,B,-,22,,,F,G,B,F,A,H,-,A,A,0,Y,Y,,,Y,,L,04,0,1,0,0,1,0,0,0,0,- ,- ,34.173370361328125,-119.16562652587891,VENTURA,OXNARD,-119.1656494140625,34.173324584960938
9760326,2024,2024-12-06,5604,2024-11-06,1558,5789,,3,5,6,5604,0,0,0,,0,022,S OXNARD BL S,W COLONIA RD W,0.00,,Y,A,-,N,,,,,,,,,,N,4,0,1,2,A,-,10,21950,A,M,G,B,B,A,H,-,A,A,0,Y,,,,Y,Y,A,01,0,0,1,0,1,0,0,0,0,- ,- ,34.206439971923828,-119.17726898193359,VENTURA,OXNARD,-119.1773681640625,34.206462860107422
9760960,2024,2024-12-20,5608,2024-12-02,1208,507,,1,5,6,5608,0,0,0,,0,004,PALMA DR,MARKET ST,400.00,S,N,A,-,N,,,,,,,,,,N,3,0,1,2,A,-,08,22107,,N,G,B,D,A,H,-,A,D,0,Y,,,,Y,,D,22,0,1,0,0,1,0,0,0,0,- ,- ,,,VENTURA,VENTURA,-119.22747802734375,34.256343841552734
9763527,2024,2025-01-16,5604,2024-11-21,1720,5747,,4,5,6,5604,0,0,0,,0,031,MARTIN LUTHER KING JR DR,INCA DR,0.00,,Y,A,-,N,,,,,,,,,,N,4,0,1,2,A,-,05,21650,,F,G,B,D,A,H,-,B,D,0,Y,,,,Y,,D,22,0,0,1,0,1,0,0,0,0,- ,- ,34.215351104736328,-119.17008209228516,VENTURA,OXNARD,-119.17008972167969,34.215354919433594
9770863,2024,2025-01-07,5608,2024-12-18,2230,568,,3,5,6,5608,0,0,0,,0,001,POLI ST,N ANN ST,0.00,,Y,A,-,N,,,,,,,,,,N,2,0,1,2,A,-,12,22450,A,N,D,G,A,A,H,-,C,D,0,,Y,,,Y,Y,L,04,1,0,0,0,0,0,1,0,0,- ,- ,34.282138824462891,-119.28394317626953,VENTURA,VENTURA,-119.28395080566406,34.282161712646484
9772164,2024,2025-07-03,5604,2024-11-29,908 ,5454,,5,5,6,5604,0,0,0,,0,022,N OXNARD BL,COOPER RD,5.00,W,N,B,-,N,,,,,,,,,,N,3,0,1,2,A,-,09,21802,A,N,B,G,A,A,H,-,A,A,0,,Y,,,Y,,A,01,0,1,0,0,0,0,1,0,0,- ,- ,34.204559326171875,-119.17752075195312,VENTURA,OXNARD,,
9777727,2025,2025-03-19,5608,2025-02-20,1531,472,,4,5,6,5608,0,0,0,,0,002,SAN NICHOLAS ST,SOUTH SANTA CRUZ SR,0.00,,Y,A,-,N,,,,,,,,,,N,3,0,1,2,A,-,12,22450,,N,D,G,A,A,H,-,A,A,0,,Y,,,Y,,A,01,0,1,0,0,0,0,1,0,0,- ,- ,,,VENTURA,VENTURA,-119.271728515625,34.276462554931641
9781702,2024,2025-02-12,5604,2024-12-30,746 ,5802,,1,5,6,5604,0,0,0,,0,022,N J ST,W WOOLEY RD W,0.00,,Y,A,-,N,,,,,,,,,,Y,4,0,3,2,A,-,10,21952,,N,H,G,A,A,H,-,A,A,0,,Y,,,Y,,A,01,0,0,3,0,0,0,1,0,0,- ,- ,,,VENTURA,OXNARD,-119.18952178955078,34.190036773681641
9782432,2024,2025-02-13,5604,2024-12-29,1445,5776,,7,5,6,5604,0,0,0,,0,012,N ROSE AV,GONZALES RD,2112.00,N,N,A,-,N,,,,,,,,,,N,4,0,1,2,B,-,22,,,F,G,B,D,A,H,-,A,D,0,Y,,,,Y,,A,01,0,0,1,0,1,0,0,0,0,- ,- ,34.221210479736328,-119.16140747070312,VENTURA,OXNARD,-119.15876770019531,34.224742889404297
9794378,2025,2025-03-26,5608,2025-03-06,1635,536,,4,5,6,5608,0,0,0,,0,901,OLIVE ST,PARK ROW,0.00,,Y,C,-,N,,,,,,,,,,N,4,0,1,2,A,-,05,21650,1,N,B,G,A,B,H,-,A,D,0,,Y,,,Y,,L,04,0,0,1,0,0,0,1,0,0,- ,- ,,,VENTURA,VENTURA,-119.30290222167969,34.285087585449219
9794379,2025,2025-03-26,5608,2025-03-05,1719,568,,3,5,6,5608,0,0,0,,0,001,VENTURA AV,LEWIS ST,40.00,S,N,A,C,N,,,,,,,,,,N,4,0,1,2,A,-,00,21954,,F,B,G,A,B,H,-,A,D,0,,Y,,,Y,Y,L,04,0,0,1,0,0,0,1,0,0,- ,- ,34.294780731201172,-119.19679260253906,VENTURA,VENTURA,-119.29674530029297,34.294872283935547
9808028,2025,2025-08-26,5608,2025-07-16,1856,574,,3,5,6,5608,0,0,0,,0,003,KIMBALL RD,TELEPHONE RD,0.00,,Y,A,-,N,,,,,,,,,,N,3,0,1,2,A,-,03,22350,,F,C,G,A,A,H,-,A,A,0,,Y,,,Y,,A,07,0,1,0,0,0,0,1,0,0,- ,- ,34.268928527832031,-119.18878936767578,VENTURA,VENTURA,-119.18865966796875,34.268867492675781
9813342,2025,2025-05-20,5604,2025-04-17,803 ,5817,,4,5,6,5604,0,0,0,,0,022,7TH ST,G ST,168.00,E,N,A,-,N,,,,,,,,,,N,4,0,1,2,A,-,09,21801,B,N,D,G,A,A,H,-,A,D,0,,Y,,,Y,,L,04,0,0,1,0,0,0,1,0,0,- ,- ,34.195079803466797,-119.18614196777344,VENTURA,OXNARD,-119.18560791015625,34.195098876953125
9814262,2025,2025-06-26,5608,2025-06-02,2015,441,,1,5,6,5608,0,0,0,,0,003,VICTORIA AV,CLOVERLY ST,0.00,,Y,A,-,N,,,,,,,,,,N,4,0,1,2,A,-,05,21650,1,N,D,G,A,A,H,-,B,A,0,,Y,,,Y,,L,04,0,0,1,0,0,0,1,0,0,- ,- ,,,VENTURA,VENTURA,-119.21430206298828,34.274906158447266
9814961,2025,2025-06-03,5604,2025-03-31,740 ,5676,,1,5,6,5604,0,0,0,,0,022,S A ST,W 7TH ST W,0.00,,Y,B,-,N,,,,,,,,,,N,4,0,1,2,A,-,05,21650,1,F,D,G,A,B,-,-,A,D,0,,Y,,,Y,,L,04,0,0,1,0,0,0,1,0,0,- ,- ,34.195240020751953,-119.17830657958984,VENTURA,OXNARD,-119.17861175537109,34.195049285888672
9814975,2025,2025-06-19,5608,2025-05-14,1450,540,,3,5,6,5608,0,0,0,,0,001,E FRONT ST,E FRONT ST 1076,0.00,,N,A,-,N,,,,,,,,,,N,4,0,1,2,A,-,09,21804,A,N,D,G,A,A,H,-,A,D,0,,Y,,,Y,,A,01,0,0,1,0,0,0,1,0,0,- ,- ,34.276969909667969,-119.28450012207031,VENTURA,VENTURA,,
9817983,2025,2025-06-19,5604,2025-05-16,1941,5814,,5,5,6,5604,0,0,0,,0,041,S VENTURA RD,SPRUCE ST,0.00,,Y,A,-,N,,,,,,,,,,N,3,0,1,2,A,-,05,21202,A,N,D,G,A,A,H,-,B,A,0,,,,,Y,,M,94,0,1,0,0,0,0,0,0,0,- ,- ,34.172748565673828,-119.19502258300781,VENTURA,OXNARD,-119.19495391845703,34.172767639160156
9817992,2025,2025-06-19,5604,2025-05-29,750 ,5796,,4,5,6,5604,0,0,0,,0,041,S J ST,OLEANDER DR,0.00,,Y,A,-,N,,,,,,,,,,N,3,0,1,2,A,-,05,21650,1,N,G,G,A,A,H,-,A,D,0,,,,,Y,,M,94,0,1,0,0,0,0,0,0,0,- ,- ,34.174770355224609,-119.18573760986328,VENTURA,OXNARD,-119.18588256835938,34.174800872802734
9818017,2025,2025-08-05,5604,2025-06-17,940 ,5637,,2,5,6,5604,0,0,0,,0,012,E GONZALES RD,N ROSE AV,30.00,W,N,A,-,N,,,,,,,,,,N,4,0,1,2,A,-,09,21802,A,F,G,B,B,A,H,-,A,A,0,Y,,,,Y,Y,-,,0,0,1,0,1,0,0,0,0,- ,- ,34.218898773193359,-119.15827941894531,VENTURA,OXNARD,-119.15853118896484,34.218990325927734
9818066,2025,2025-08-05,5604,2025-07-03,1645,5800,,4,5,6,5604,0,0,0,,0,011,N M ST,DEVONSHIRE DR,140.00,N,N,A,-,N,,,,,,,,,,N,3,0,1,2,A,-,09,21804,A,N,D,G,A,A,H,-,A,D,0,,Y,,,Y,Y,-,,0,1,0,0,0,0,1,0,0,- ,- ,34.211471557617188,-119.19225311279297,VENTURA,OXNARD,-119.1922607421875,34.211875915527344
9819192,2025,2025-08-21,5608,2025-07-03,1437,519,,4,5,6,5608,0,0,0,,0,004,VICTORIA AV,AVOCET DR,0.00,,N,A,-,N,,,,,,,,,,N,3,0,1,2,A,-,08,22107,,F,D,G,A,A,H,-,A,D,0,,Y,,,Y,,L,04,0,1,0,0,0,0,1,0,0,- ,- ,,,VENTURA,VENTURA,-119.21108245849609,34.258411407470703
9824213,2025,2025-10-28,5608,2025-09-12,1730,565,,5,5,6,5608,0,0,0,,0,003,TELEGRAPH RD,DUNNING ST,0.00,,Y,A,-,N,,,,,,,,,,N,3,0,1,2,A,-,05,21650,1,N,D,G,A,A,H,-,A,A,0,,Y,,,Y,,L,04,0,1,0,0,0,0,1,0,0,- ,- ,34.272449493408203,-119.25155639648438,VENTURA,VENTURA,-119.25167083740234,34.272514343261719
9828963,2025,2025-06-25,5604,2025-05-19,1132,5817,,1,5,6,5604,0,0,0,,0,042,COURTLAND ST,W HUENEME RD,0.00,,Y,A,-,N,,,,,,,,,,N,4,0,1,2,A,-,09,21801,A,N,D,G,A,A,H,-,A,D,0,,Y,,,Y,,A,01,0,0,1,0,0,0,1,0,0,- ,- ,34.147449493408203,-119.17948150634766,VENTURA,OXNARD,-119.17948150634766,34.147411346435547
9833698,2025,2025-07-31,5604,2025-06-07,1700,5789,,6,5,6,5604,0,0,0,,0,023,WEST 5TH ST,S OXNARD BLVD,0.00,,Y,A,-,N,,,,,,,,,,N,4,0,1,2,A,-,10,21950,A,F,G,B,B,A,H,-,A,A,0,Y,,,Y,Y,,F,26,0,0,1,0,1,0,0,0,0,- ,- ,34.197681427001953,-119.17738342285156,VENTURA,OXNARD,-119.17746734619141,34.197685241699219
9868372,2025,2025-08-28,5608,2025-08-04,1340,573,,1,5,6,5608,0,0,0,,0,001,MAIN ST,OLIVE ST,0.00,,Y,A,-,N,,,,,,,,,,N,2,0,1,2,A,-,12,21453,A,F,D,G,A,A,H,-,A,A,0,,Y,,,Y,,L,04,1,0,0,0,0,0,1,0,0,- ,- ,,,VENTURA,VENTURA,-119.30387878417969,34.281440734863281
9874117,2025,2025-09-22,5605,2025-08-20,1715,242,PATRO,3,5,3,5605,0,0,0,,0,003,PONOMA ST,CLARA ST,0.00,,Y,A,-,N,,,,,,,,,,N,3,0,1,2,A,-,09,21802,A,F,D,G,A,A,H,-,A,D,0,,Y,,,Y,Y,A,01,0,1,0,0,0,0,1,0,0,- ,- ,,,VENTURA,PORT HUENEME,-119.20001983642578,34.151588439941406
9883529,2025,2025-12-01,5608,2025-10-02,1740,573,,4,5,6,5608,0,0,0,,0,001,MAIN ST,PARK ACCESS RD,175.00,E,N,A,-,N,,,,,,,,,,N,3,0,1,2,A,-,08,22107,,N,B,G,A,A,H,-,B,A,0,,Y,,,Y,,L,04,0,1,0,0,0,0,1,0,0,- ,- ,,,VENTURA,VENTURA,,
9885600,2025,2025-11-24,5604,2025-09-22,2000,5401,,1,5,6,5604,0,0,0,,0,041,SAMUEL AV,LA CANADA AV,75.00,S,N,F,-,N,,,,,,,,,,N,4,0,1,2,A,-,21,22106,,N,G,B,F,-,H,-,C,D,0,Y,,,,Y,,A,08,0,0,1,0,1,0,0,0,0,- ,- ,,,VENTURA,OXNARD,-119.17672729492188,34.167575836181641
9885831,2025,2025-11-07,5604,2025-06-16,2115,5732,,1,5,6,5604,0,0,0,,0,041,W BARD RD,S A ST S,0.00,,Y,A,-,N,,,,,,,,,,N,3,0,1,2,A,-,05,21460,A,N,C,G,A,A,H,-,C,D,0,,Y,,,Y,,L,04,0,1,0,0,0,0,1,0,0,- ,- ,34.160999298095703,-119.17768859863281,VENTURA,OXNARD,-119.17922210693359,34.161029815673828
9891821,2025,2025-12-17,5604,2025-11-03,1927,5831,,1,5,6,5604,0,0,0,,0,021,SOUTH VICTORIA AV,KETCH AV,0.00,,Y,A,-,N,,,,,,,,,,N,3,0,1,2,D,-,00,,,N,G,B,B,A,H,-,C,A,0,Y,,,,Y,,-,- ,0,1,0,0,1,0,0,0,0,- ,- ,34.183979034423828,-119.22129821777344,VENTURA,OXNARD,-119.22126007080078,34.183971405029297
9891974,2025,2025-12-10,5608,2025-10-20,744 ,456,,1,5,6,5608,0,0,0,,0,002,MARKET ST,FLEET AV,0.00,,Y,A,-,N,,,,,,,,,,N,3,0,1,2,A,-,09,21801,A,N,D,G,A,A,A,-,A,D,0,,Y,,,Y,,-,99,0,1,0,0,0,0,1,0,0,- ,- ,,,VENTURA,VENTURA,-119.24384307861328,34.260478973388672
9893061,2025,2026-02-06,5608,2025-11-13,1116,521,,4,5,6,5608,0,0,0,,0,003,VICTORIA AV,RT 126,0.00,,Y,A,-,Y,VEN,7,126,-,-,1.563,R,4,W,N,3,0,1,2,A,-,05,21650,1,F,D,G,A,A,H,-,A,D,0,,Y,,,Y,,L,04,0,1,0,0,0,0,1,0,0,- ,WF,,,VENTURA,VENTURA,-119.21178436279297,34.271678924560547
9895871,2025,2026-01-16,5604,2025-12-19,1329,5790,,5,5,6,5604,0,0,0,,0,012,PASEO ORTEGA,JACINTO DR,0.00,,Y,A,-,N,,,,,,,,,,N,3,0,1,2,A,-,10,21950,A,N,G,B,D,A,H,-,A,D,0,Y,,,,Y,,A,01,0,1,0,0,1,0,0,0,0,- ,- ,34.209590911865234,-119.148681640625,VENTURA,OXNARD,-119.14869689941406,34.209613800048828
9895877,2025,2026-01-16,5604,2025-12-21,1538,5714,,7,5,6,5604,0,0,0,,0,032,EMERSON AV,ALEXANDER ST,138.00,E,N,A,-,N,,,,,,,,,,N,4,0,1,2,A,-,09,21804,A,N,B,G,A,A,H,-,A,D,0,,Y,,,Y,Y,L,04,0,0,1,0,0,0,1,0,0,- ,- ,34.182441711425781,-119.15406799316406,VENTURA,OXNARD,-119.15626525878906,34.182483673095703
9898193,2025,2026-04-14,5608,2025-03-03,1923,533,,1,5,6,5608,0,0,0,,0,004,VICTORIA AV,AVOCET DR,5.91,N,N,A,-,N,,,,,,,,,,Y,1,1,0,2,A,-,03,22350,,N,G,B,B,A,H,-,C,A,0,Y,,,,Y,Y,A,01,0,0,0,1,0,0,0,0,0,- ,- ,,,VENTURA,VENTURA,-119.21108245849609,34.258426666259766
9903837,2026,2026-02-17,5604,2026-01-06,1623,5834,,2,5,6,5604,0,0,0,,0,014,N VENTURA RD,TOWN CENTER DR,528.00,S,N,A,-,N,,,,,,,,,,N,3,0,1,2,A,-,05,21650,1,N,D,G,A,A,H,-,A,D,0,,Y,,,Y,,L,04,0,1,0,0,0,0,1,0,0,- ,- ,34.242488861083984,-119.18541717529297,VENTURA,OXNARD,-119.18605804443359,34.242591857910156
9910674,2026,2026-04-24,5608,2026-02-20,1920,528,,5,5,6,5608,0,0,0,,0,002,MAIN ST,RT 126,0.00,,N,A,-,Y,VEN,7,126,-,-,0.000,R,4,E,N,3,0,1,2,A,-,00,21966,A,N,G,B,E,A,H,-,C,A,0,Y,,,,Y,,N,60,0,1,0,0,1,0,0,0,0,- ,- ,,,VENTURA,VENTURA,-119.23735046386719,34.264900207519531
9912485,2026,2026-02-19,5608,2026-01-30,1353,552,,5,5,6,5608,0,0,0,,0,002,SEAWARD AV,MAIN ST,167.00,S,N,A,-,N,,,,,,,,,,N,3,0,1,2,A,-,08,22107,,N,H,G,A,A,H,-,A,D,0,,Y,,,Y,,L,04,0,1,0,0,0,0,1,0,0,- ,- ,,,VENTURA,VENTURA,-119.26541137695312,34.276054382324219
9914688,2026,2026-04-13,5608,2026-03-17,2058,472,,2,5,6,5608,0,0,0,,0,002,PORTSIDE DR,PUERTO PLACE,0.00,,Y,A,-,N,,,,,,,,,,N,3,0,1,2,A,-,03,22350,,N,G,B,B,A,H,-,C,A,0,Y,,,,Y,,A,07,0,1,0,0,1,0,0,0,0,- ,- ,34.247978210449219,-119.26170349121094,VENTURA,VENTURA,,
6292384,2015,2017-04-25,9765,2015-03-19,2001,19988,,4,2,9,5600,0,1,3,,1,012,RT 1,SAN MIGUELITO RD,11616.00,N,N,A,-,Y,VEN,7,1,-,-,26.110,H,-,N,Y,1,1,0,2,A,-,11,21954,A,N,G,B,E,A,H,-,D,D,0,Y,,,,Y,,N,60,0,0,0,1,0,0,0,0,0,- ,- ,34.194200000000002,-119.2354,VENTURA,UNINCORPORATED,-119.39749906999999,34.327551139999997
6335047,2014,2014-06-03,9765,2014-01-14,1645,020323,,2,2,9,5600,0,3,5,,2,003,FOOTHILL RD,SATICOY AV,322.00,W,N,A,-,N,,,,,,,,,,N,3,0,1,2,A,-,03,22350,,N,H,G,A,A,H,-,B,C,0,,Y,,,Y,,D,22,0,1,0,0,0,0,1,0,0,- ,- ,34.29468,-119.12806999999999,VENTURA,UNINCORPORATED,-119.1742301,34.296539660000001
6341035,2014,2014-06-02,5608,2014-01-08,1728,284,,3,5,6,5608,0,0,0,,0,001,POLI ST,KALORAMA ST,0.00,,Y,A,-,N,,,,,,,,,,N,4,0,1,2,A,-,10,21950,A,N,G,B,B,A,H,-,C,D,0,Y,,,,Y,,-,,0,0,1,0,1,0,0,0,0,- ,- ,,,VENTURA,VENTURA,-119.28700997999999,34.28216003
6346574,2014,2014-06-06,5600,2014-01-11,1013,3816,9158,6,5,6,5607,0,0,0,,0,09D,HAMPSHIRE RD,LAKEFIELD RD,0.00,,Y,A,-,N,,,,,,,,,,N,3,0,1,2,A,-,09,21802,A,N,H,G,A,A,H,-,A,D,0,,Y,,,Y,,A,01,0,1,0,0,0,0,1,0,0,- ,- ,,,VENTURA,THOUSAND OAKS,-118.83224008000001,34.156600019999999
6352034,2014,2014-06-16,5608,2014-01-13,1743,354,,1,5,6,5608,0,0,0,,0,003,MILLS RD,MAIN ST,0.00,,Y,A,-,N,,,,,,,,,,N,3,0,1,2,A,-,08,22107,,N,D,G,A,A,H,-,B,A,0,,Y,,,Y,,-,,0,1,0,0,0,0,1,0,0,- ,- ,,,VENTURA,VENTURA,-119.24604991,34.265060069999997
6370887,2014,2015-12-28,5604,2014-01-30,1240,00001,,4,5,6,5604,0,0,0,,0,,OXNARD BL,RT 101,5.00,N,N,A,-,Y,VEN,7,101,-,-,22.598,R,1,N,N,4,0,1,2,A,-,10,21950,A,F,D,G,A,A,H,-,A,D,0,,Y,,,Y,,A,01,0,0,1,0,0,0,1,0,0,- ,NF,34.239789999999999,-119.18071,VENTURA,OXNARD,-119.17937658,34.238673560000002
6373927,2014,2014-06-09,5600,2014-01-19,1844,2693,8106,7,5,5,5601,0,0,0,,0,08B,MOBIL AV,DAILY DR,10.00,N,N,A,-,N,,,,,,,,,,N,3,0,1,2,A,-,10,21950,A,N,G,B,B,A,H,-,C,A,0,Y,,,,Y,,A,01,0,1,0,0,1,0,0,0,0,- ,- ,34.21781,-119.04304999999999,VENTURA,CAMARILLO,-119.04298966,34.217727439999997
6387240,2014,2014-06-03,5609,2014-01-22,1610,437,317,3,5,6,5609,0,0,0,,0,,PATRICIA AV,HUBBARD ST,0.00,,Y,A,-,N,,,,,,,,,,N,3,0,1,2,A,-,11,21950,B,N,G,B,E,A,H,-,A,D,0,Y,,,,Y,,N,60,0,1,0,0,1,0,0,0,0,- ,- ,,,VENTURA,SIMI VALLEY,-118.77011009,34.269980060000002
6431072,2014,2014-07-17,5608,2014-03-23,2134,424,,7,5,6,5608,0,0,0,,0,002,OCEAN AV,SEAWARD AV,0.00,,Y,A,-,N,,,,,,,,,,N,3,0,1,2,A,-,09,21801,A,N,G,G,A,A,H,-,C,A,0,,Y,,,Y,,-,,0,1,0,0,0,0,1,0,0,- ,- ,,,VENTURA,VENTURA,-119.26699988999999,34.27154007
6432204,2014,2014-06-27,5609,2014-03-28,1707,389,,5,5,6,5609,0,0,0,,0,003,DUNCAN ST,LOS ANGELES AV,10.00,S,N,A,-,N,,,,,,,,,,N,2,0,1,2,A,-,05,21650,1,N,D,G,A,A,H,-,A,A,0,,Y,,,Y,,L,04,1,0,0,0,0,0,1,0,0,- ,- ,,,VENTURA,SIMI VALLEY,-118.76685000000001,34.271772560000002
6438248,2014,2015-11-09,9770,2014-02-16,0920,18230,,7,1,9,5600,0,1,3,,1,052,RT 118,GRIMES CANYON RD,2640.00,W,N,A,-,Y,VEN,7,118,-,-,14.070,H,-,W,N,2,0,2,2,A,-,03,22350,,N,H,G,A,A,H,-,A,D,5,,Y,,,Y,,L,04,2,0,0,0,0,0,2,0,0,- ,- ,34.271389999999997,-118.94016999999999,VENTURA,UNINCORPORATED,-118.94044624999999,34.271379109999998
6455053,2014,2016-04-25,5608,2014-04-14,0639,411,,1,5,6,5608,0,0,0,,0,004,SOUTH VICTORIA AV,RT 101,16.00,N,N,A,-,Y,VEN,7,101,-,R,24.560,R,4,N,N,3,0,1,2,A,-,05,21650,1,N,A,G,A,A,H,-,A,A,0,,Y,,,Y,,L,04,0,1,0,0,0,0,1,0,0,- ,NF,,,VENTURA,VENTURA,-119.20956774,34.251766189999998
6462742,2014,2014-07-26,5608,2014-04-10,1700,455,,4,5,6,5608,0,0,0,,0,004,VICTORIA AV,AVOCET DR,0.00,,Y,A,-,N,,,,,,,,,,N,3,0,1,2,A,-,08,22107,,F,D,G,A,A,H,-,A,A,0,,Y,,,Y,,-,- ,0,1,0,0,0,0,1,0,0,- ,- ,,,VENTURA,VENTURA,-119.21108991,34.258490080000001
6477453,2014,2014-07-22,5600,2014-04-22,1006,4405,1000,2,5,2,5603,0,0,0,,0,1A11,EL PASEO RD,CANADA ST,35.00,W,N,A,-,N,,,,,,,,,,N,3,0,1,2,A,-,05,21650,1,N,D,G,A,A,H,-,A,D,0,,Y,,,Y,,L,04,0,1,0,0,0,0,1,0,0,- ,- ,,,VENTURA,OJAI,-119.24948569,34.447523390000001
6482849,2014,2014-07-16,5600,2014-04-27,1122,4404,6020,7,5,3,5602,0,0,0,,0,6B01,SESPE ST,CLAY ST,0.00,,Y,A,-,N,,,,,,,,,,N,4,0,1,2,A,-,11,21954,A,N,G,B,D,A,H,-,A,D,0,Y,,,,Y,,N,60,0,0,1,0,1,0,0,0,0,- ,- ,,,VENTURA,FILLMORE,-118.91019003,34.401160070000003
6482874,2014,2014-07-16,5608,2014-04-25,2056,414,,5,5,6,5608,0,0,0,,0,003,TELEPHONE RD,CACHUMA AV,10.00,E,N,A,-,N,,,,,,,,,,N,3,0,1,2,A,-,10,21950,A,N,G,B,B,A,H,-,C,A,0,Y,,,,Y,Y,-,,0,1,0,0,1,0,0,0,0,- ,- ,,,VENTURA,VENTURA,-119.1623932,34.277116079999999
6486213,2014,2016-04-20,5600,2014-05-05,0942,4405,1000,1,5,2,5603,0,0,0,,0,01A,RT 150,N SIGNAL ST,0.00,,Y,A,-,Y,VEN,7,150,-,-,17.551,I,5,E,N,3,0,1,2,A,-,11,21954,A,N,G,B,E,A,H,-,A,A,0,Y,,,,Y,,N,60,0,1,0,0,1,0,0,0,0,- ,- ,,,VENTURA,OJAI,-119.24407816999999,34.44794984
6504553,2014,2014-07-28,5600,2014-05-28,2031,2740,9068,3,5,6,5607,0,0,0,,0,09B,HILLCREST DR,ENCINO VISTA DR,0.00,,Y,A,-,N,,,,,,,,,,Y,3,0,3,2,A,-,09,21801,A,N,H,G,A,A,H,-,C,A,0,,,,,Y,,A,01,0,2,1,0,0,0,0,0,0,- ,- ,,,VENTURA,THOUSAND OAKS,-118.85847011,34.181120059999998
6511376,2014,2016-04-20,9765,2014-06-04,0630,020302,,3,1,9,5600,0,2,4,,1,290,S LA LUNA AV,RT 150,7.00,N,N,A,-,Y,VEN,7,150,-,R,14.300,I,6,W,N,3,0,1,2,A,-,10,21950,A,N,G,B,B,A,H,-,A,D,0,Y,,,,Y,,D,22,0,1,0,0,1,0,0,0,0,- ,- ,34.430210000000002,-119.29008,VENTURA,UNINCORPORATED,-119.28991643000001,34.43013869