CASE_ID,ACCIDENT_YEAR,PROC_DATE,JURIS,COLLISION_DATE,COLLISION_TIME,OFFICER_ID,REPORTING_DISTRICT,DAY_OF_WEEK,CHP_SHIFT,POPULATION,CNTY_CITY_LOC,SPECIAL_COND,BEAT_TYPE,CHP_BEAT_TYPE,CITY_DIVISION_LAPD,CHP_BEAT_CLASS,BEAT_NUMBER,PRIMARY_RD,SECONDARY_RD,DISTANCE,DIRECTION,INTERSECTION,WEATHER_1,WEATHER_2,STATE_HWY_IND,CALTRANS_COUNTY,CALTRANS_DISTRICT,STATE_ROUTE,ROUTE_SUFFIX,POSTMILE_PREFIX,POSTMILE,LOCATION_TYPE,RAMP_INTERSECTION,SIDE_OF_HWY,TOW_AWAY,COLLISION_SEVERITY,NUMBER_KILLED,NUMBER_INJURED,PARTY_COUNT,PRIMARY_COLL_FACTOR,PCF_CODE_OF_VIOL,PCF_VIOL_CATEGORY,PCF_VIOLATION,PCF_VIOL_SUBSECTION,HIT_AND_RUN,TYPE_OF_COLLISION,MVIW,PED_ACTION,ROAD_SURFACE,ROAD_COND_1,ROAD_COND_2,LIGHTING,CONTROL_DEVICE,CHP_ROAD_TYPE,PEDESTRIAN_ACCIDENT,BICYCLE_ACCIDENT,MOTORCYCLE_ACCIDENT,TRUCK_ACCIDENT,NOT_PRIVATE_PROPERTY,ALCOHOL_INVOLVED,STWD_VEHTYPE_AT_FAULT,CHP_VEHTYPE_AT_FAULT,COUNT_SEVERE_INJ,COUNT_VISIBLE_INJ,COUNT_COMPLAINT_PAIN,COUNT_PED_KILLED,COUNT_PED_INJURED,COUNT_BICYCLIST_KILLED,COUNT_BICYCLIST_INJURED,COUNT_MC_KILLED,COUNT_MC_INJURED,PRIMARY_RAMP,SECONDARY_RAMP,LATITUDE,LONGITUDE,COUNTY,CITY,POINT_X,POINT_Y
6511964,2014,2014-08-08,5600,2014-06-06,1710,4346,8123,5,5,5,5601,0,0,0,,0,08C,E PONDEROSA DR,FULTON ST,0.00,,Y,A,-,N,,,,,,,,,,N,3,0,1,2,A,-,10,21950,A,N,G,B,B,A,H,-,A,A,0,Y,,,,Y,,A,01,0,1,0,0,1,0,0,0,0,- ,- ,34.223930000000003,-119.03673000000001,VENTURA,CAMARILLO,-119.03681007,34.223980060000002
6513814,2014,2016-04-19,9770,2014-04-29,1630,20641,,2,2,6,5607,0,1,2,,2,072,RT 101,VENTU PARK RD,165.00,N,N,A,-,Y,VEN,7,101,-,R,6.308,R,3,N,N,3,0,1,2,A,-,09,21804,A,N,D,G,A,A,H,-,A,D,1,,Y,,,Y,,L,04,0,1,0,0,0,0,1,0,0,FR,- ,34.185609999999997,-118.91135,VENTURA,THOUSAND OAKS,-118.91326769,34.184447730000002
6518193,2014,2015-11-09,5600,2014-03-13,1930,4630,1005,4,5,2,5603,0,0,0,,0,1B01,OJAI AV,SIGNAL ST,0.00,,Y,A,-,Y,VEN,7,150,-,-,17.551,I,6,W,N,4,0,1,2,A,-,09,21804,A,N,D,G,A,A,H,-,C,A,0,,Y,,,Y,,L,04,0,0,1,0,0,0,1,0,0,- ,- ,,,VENTURA,OJAI,-119.24405015000001,34.447884010000003
6534277,2014,2014-08-06,5608,2014-06-09,1440,391,,1,5,6,5608,0,0,0,,0,004,NORTHBANK DR,REDROCK AV,0.00,,Y,A,-,N,,,,,,,,,,N,3,0,1,2,A,-,05,21650,1,N,-,G,A,A,H,-,A,-,0,,Y,,,Y,,L,04,0,1,0,0,0,0,1,0,0,- ,- ,,,VENTURA,VENTURA,-119.1649905,34.268472000000003
6534301,2014,2014-08-06,5608,2014-06-05,2249,423,,4,5,6,5608,0,0,0,,0,001,THOMPSON BL,FIR ST,200.00,E,N,A,-,N,,,,,,,,,,N,3,0,1,2,A,-,10,21954,B,N,G,B,D,A,H,-,C,D,0,Y,,,,Y,Y,A,,0,1,0,0,1,0,0,0,0,- ,- ,,,VENTURA,VENTURA,-119.28935867,34.278280000000002
6541112,2014,2014-08-26,5600,2014-07-10,0950,4483,9030,4,5,6,5607,0,0,0,,0,09A,PEDERSON RD,RUSTIC GLEN DR,650.00,W,N,A,-,N,,,,,,,,,,N,3,0,1,2,D,-,00,,,F,G,B,E,A,H,-,A,D,0,Y,,,,Y,,-,- ,0,1,0,0,1,0,0,0,0,- ,- ,,,VENTURA,THOUSAND OAKS,-118.84799326,34.21771725
6541119,2014,2014-08-26,5600,2014-07-22,1838,2740,9020,2,5,6,5607,0,0,0,,0,09A,CALLE CASTANO,CALLE FRESNO,0.00,,Y,A,-,N,,,,,,,,,,Y,3,0,1,2,A,-,11,21954,A,N,G,B,E,A,H,-,A,D,0,Y,,,,Y,,N,60,0,1,0,0,1,0,0,0,0,- ,- ,,,VENTURA,THOUSAND OAKS,-118.86333003,34.217200089999999
6541754,2014,2016-06-09,9770,2014-07-10,1227,19185,,4,1,9,5600,0,1,3,,1,046,RT 126,CENTER ST,7920.00,E,N,A,-,Y,VEN,7,126,-,R,30.650,H,-,W,N,3,0,1,2,A,-,08,22107,,N,H,G,A,A,H,-,A,D,5,,Y,,,Y,,L,04,0,1,0,0,0,0,1,0,0,- ,- ,,,VENTURA,UNINCORPORATED,-118.75721059999999,34.406909550000002
6544473,2014,2014-08-14,5609,2014-06-17,1344,214,,2,5,6,5609,0,0,0,,0,,E LOS ANGELES AV,SINALOA RD,178.00,E,N,A,-,N,,,,,,,,,,N,3,0,1,2,A,-,05,21650,1,N,D,G,A,A,H,-,A,D,0,,Y,,,Y,,L,04,0,1,0,0,0,0,1,0,0,- ,- ,,,VENTURA,SIMI VALLEY,-118.78700511,34.271639999999998
6549047,2014,2014-08-14,5608,2014-06-30,1707,284,,1,5,6,5608,0,0,0,,0,001,STANLEY AV,OLIVE ST,300.00,W,N,A,-,N,,,,,,,,,,N,3,0,1,2,A,-,10,21950,A,N,D,G,A,A,H,-,A,D,0,,Y,,,Y,,-,,0,1,0,0,0,0,1,0,0,- ,- ,,,VENTURA,VENTURA,-119.29912588000001,34.300350770000001
6553191,2014,2014-08-26,5608,2014-07-07,0754,453,,1,5,6,5608,0,0,0,,0,003,TELEPHONE RD,KIMBALL RD,0.00,,Y,A,-,N,,,,,,,,,,N,3,0,1,2,A,-,08,22107,,N,B,G,A,A,H,-,A,A,0,,Y,,,Y,,-,,0,1,0,0,0,0,1,0,0,- ,- ,,,VENTURA,VENTURA,-119.18866009,34.26887009
6567120,2014,2014-08-28,5609,2014-07-20,2044,388,,7,5,6,5609,0,0,0,,0,005,TAPO ST,EILEEN ST,0.00,,Y,A,-,N,,,,,,,,,,N,4,0,1,2,A,-,10,21950,A,F,G,B,B,A,H,-,C,A,0,Y,,,,Y,,-,,0,0,1,0,1,0,0,0,0,- ,- ,,,VENTURA,SIMI VALLEY,-118.70895003,34.27543009
6571211,2014,2014-08-27,5600,2014-07-01,1120,3411,8151,2,5,5,5601,0,0,0,,0,8B01,VENTURA BL,LEWIS RD,390.00,W,N,A,-,N,,,,,,,,,,N,4,0,1,2,D,-,00,,,N,G,B,B,A,H,-,A,A,0,Y,,,,Y,,-,- ,0,0,1,0,1,0,0,0,0,- ,- ,34.216070000000002,-119.03619,VENTURA,CAMARILLO,-119.03598208,34.216195730000003
6577714,2014,2014-08-28,5600,2014-07-03,2149,4689,5126,4,5,4,5690,0,0,0,,0,2A01,MOUNTAIN TRAIL ST,CEDAR SPRINGS ST,0.00,,Y,A,-,N,,,,,,,,,,N,3,0,1,2,A,-,11,21954,A,N,G,B,B,A,H,-,C,A,0,Y,,,,Y,Y,N,60,0,1,0,0,1,0,0,0,0,- ,- ,,,VENTURA,MOORPARK,-118.89836006,34.266850099999999
6585916,2014,2014-08-19,5600,2014-07-29,1449,4537,9150,2,5,6,5607,0,0,0,,0,09G,WILLOW LN,FAIRVIEW RD,0.00,,Y,A,-,N,,,,,,,,,,N,3,0,1,2,A,-,09,21801,A,N,H,G,A,A,H,-,A,D,0,,Y,,,Y,,A,01,0,1,0,0,0,0,1,0,0,- ,- ,,,VENTURA,THOUSAND OAKS,-118.83961006,34.16610008
6593398,2014,2014-09-08,5600,2014-08-01,1010,4455,8218,5,5,5,5601,0,0,0,,0,8D01,UPLAND RD,WOODCREEK RD,10.00,W,N,A,-,N,,,,,,,,,,N,3,0,1,2,A,-,10,21950,A,N,G,B,B,A,H,-,A,A,0,Y,,,,Y,,A,01,0,1,0,0,1,0,0,0,0,- ,- ,34.237189999999998,-118.99778000000001,VENTURA,CAMARILLO,-118.99767297,34.237188170000003
6605530,2014,2014-09-11,5600,2014-08-10,1930,4633,9034,7,5,6,5607,0,0,0,,0,09A,CALLE TULIPAN,AVENIDA DE LAS PLANTAS,61.00,W,N,A,-,N,,,,,,,,,,N,4,0,1,2,A,-,09,21804,A,N,H,G,A,A,G,-,A,D,0,,Y,,,Y,,L,04,0,0,1,0,0,0,1,0,0,- ,- ,,,VENTURA,THOUSAND OAKS,-118.85967148,34.214399999999998
6605542,2014,2014-09-11,5600,2014-08-13,2017,3364,9154,3,5,6,5607,0,0,0,,0,09G,THOUSAND OAKS BL,OAKVIEW DR,14.00,E,N,A,-,N,,,,,,,,,,N,2,0,1,2,A,-,10,21950,A,N,G,B,B,A,H,-,C,A,0,Y,,,,Y,,A,01,1,0,0,0,1,0,0,0,0,- ,- ,,,VENTURA,THOUSAND OAKS,-118.84169473,34.173455179999998
6609264,2014,2016-06-09,9770,2014-08-02,1000,19185,,6,1,9,5600,0,1,3,,1,045,RT 126,CENTER ST,60.00,E,N,A,-,Y,VEN,7,126,-,R,29.310,H,-,E,N,3,0,1,2,A,-,09,21802,A,N,H,G,A,A,H,-,A,A,5,,Y,,,Y,,L,04,0,1,0,0,0,0,1,0,0,- ,- ,34.410299999999999,-118.7801,VENTURA,UNINCORPORATED,-118.78003864999999,34.41036467
6622817,2014,2014-11-04,5608,2014-09-04,1709,337,,4,5,6,5608,0,0,0,,0,002,E MAIN ST,MILLS RD,11.00,W,N,A,-,N,,,,,,,,,,N,2,0,1,2,A,-,09,21453,C,F,-,B,B,A,H,-,-,A,0,Y,,,,Y,,-,,1,0,0,0,1,0,0,0,0,- ,- ,,,VENTURA,VENTURA,-119.24608443,34.26506973
6634715,2014,2014-09-30,5608,2014-09-12,2231,401,,5,5,6,5608,0,0,0,,0,003,TELEGRAPH RD,N DUNNING ST,0.00,,Y,A,-,N,,,,,,,,,,N,4,0,1,2,A,-,10,21950,A,N,G,B,D,A,H,-,C,D,0,Y,,,,Y,Y,-,,0,0,1,0,1,0,0,0,0,- ,- ,,,VENTURA,VENTURA,-119.25167992,34.272570080000001
6640943,2014,2014-10-27,5600,2014-09-15,1330,4438,8205,1,5,5,5601,0,0,0,,0,8D1,SANTA ROSA RD,VERDUGO WY,0.00,,Y,A,-,N,,,,,,,,,,N,2,0,1,2,A,-,11,21456,B,N,G,B,D,A,H,-,A,A,0,Y,,,,Y,,N,60,1,0,0,0,1,0,0,0,0,- ,- ,34.216560000000001,-119.00629000000001,VENTURA,CAMARILLO,-119.00627009999999,34.216560100000002
6642564,2014,2014-10-29,5608,2014-09-23,1206,370,,2,5,6,5608,0,0,0,,0,002,CATALINA ST,FOSTER AV,0.00,,Y,A,-,N,,,,,,,,,,N,3,0,1,2,A,-,12,22450,A,N,D,G,A,A,H,-,A,A,0,,Y,,,Y,,L,04,0,1,0,0,0,0,1,0,0,- ,- ,,,VENTURA,VENTURA,-119.26819997,34.282250060000003
6643942,2014,2016-06-24,5600,2014-11-03,1947,3942,6003,1,5,3,5602,0,0,0,,0,6A01,RT 126,B ST,10.00,W,N,A,-,Y,VEN,7,126,-,-,20.861,I,5,E,N,4,0,1,2,A,-,11,21453,D,N,G,B,B,A,H,-,C,A,0,Y,,,Y,Y,Y,N,60,0,0,1,0,1,0,0,0,0,- ,- ,,,VENTURA,FILLMORE,-118.92252797,34.395537040000001
6644889,2014,2016-06-04,9765,2014-09-22,0655,20323,,1,1,9,5600,0,1,3,,1,020,RT 33,LARMEIR AV,0.00,,Y,A,-,Y,VEN,7,33,-,-,8.511,I,5,N,N,4,0,1,2,A,-,17,21451,A,N,G,B,B,A,H,-,A,A,0,Y,,,,Y,,A,01,0,0,1,0,1,0,0,0,0,- ,- ,34.392899999999997,-119.30107,VENTURA,UNINCORPORATED,-119.30112839,34.392845829999999
6651602,2014,2014-10-29,5608,2014-09-26,0622,446,,5,5,6,5608,0,0,0,,0,002,OLIVE ST,MAIN ST,257.00,N,N,A,-,N,,,,,,,,,,N,3,0,1,2,A,-,11,21954,A,N,A,B,D,A,H,-,B,A,0,Y,,,,Y,,-,- ,0,1,0,0,1,0,0,0,0,- ,- ,,,VENTURA,VENTURA,,
6652025,2014,2014-11-17,5609,2014-10-01,1722,388,,3,5,6,5609,0,0,0,,0,005,TAPO ST,EILEEN ST,0.00,,Y,A,-,N,,,,,,,,,,N,3,0,1,2,A,-,08,22107,,N,D,G,A,A,H,-,A,A,0,,Y,,,Y,,A,07,0,1,0,0,0,0,1,0,0,- ,- ,,,VENTURA,SIMI VALLEY,-118.70895003,34.27543009
6652136,2014,2014-10-23,5609,2014-09-26,0815,227,,5,5,6,5609,0,0,0,,0,006,AURELIA ST,STOW ST,0.00,,Y,A,-,N,,,,,,,,,,N,4,0,1,2,A,-,10,21950,A,N,G,B,B,A,H,-,A,D,0,Y,,,,Y,,A,01,0,0,1,0,1,0,0,0,0,- ,- ,,,VENTURA,SIMI VALLEY,-118.68276007999999,34.268790019999997
6661817,2014,2014-12-18,5608,2014-10-06,1906,313,,1,5,6,5608,0,0,0,,0,001,MAIN ST,GARDEN ST,50.00,E,N,A,-,N,,,,,,,,,,N,3,0,1,2,A,-,17,21208,A,N,C,G,A,A,H,-,C,A,0,,Y,,,Y,,L,04,0,1,0,0,0,0,1,0,0,- ,- ,,,VENTURA,VENTURA,-119.30212657,34.281219200000002
6678450,2014,2014-12-17,5609,2014-10-15,1832,389,,3,5,6,5609,0,0,0,,0,002,COUNTRY CLUB DR,RED LAKES PL,0.00,,Y,A,-,N,,,,,,,,,,N,4,0,1,2,A,-,10,21950,A,N,G,B,-,A,H,-,D,D,0,Y,,,,Y,,A,01,0,0,1,0,1,0,0,0,0,- ,- ,,,VENTURA,SIMI VALLEY,-118.81768003000001,34.250920110000003
6679102,2014,2014-12-19,5608,2014-10-21,0619,428,VTA,2,5,6,5608,0,0,0,,0,,E MAIN ST,LEMON GROVE AV,18.00,W,N,A,-,N,,,,,,,,,,Y,2,0,1,2,A,-,11,21456,B,N,G,B,-,A,H,-,C,A,0,Y,,,,Y,,N,60,1,0,0,0,1,0,0,0,0,- ,- ,,,VENTURA,VENTURA,-119.24910611,34.266161230000002
6682655,2014,2014-12-26,5600,2014-10-16,0820,3754,8021,4,5,5,5601,0,0,0,,0,08B,LANTANA ST,PINEHURST PL,5.00,S,N,A,-,N,,,,,,,,,,N,3,0,1,2,A,-,05,21650,1,N,H,G,A,A,H,-,A,A,0,,Y,,,Y,,L,04,0,1,0,0,0,0,1,0,0,- ,- ,34.226439999999997,-119.05481,VENTURA,CAMARILLO,-119.05488774,34.22637641
6682994,2014,2014-12-24,5600,2014-10-20,1519,4438,8203,1,5,5,5601,0,0,0,,0,1519,RANCHO CALLEGUAS DR,ADOLFO RD,5.00,S,N,A,-,N,,,,,,,,,,N,4,0,1,2,A,-,21,22106,,N,D,G,A,A,H,-,A,A,0,,Y,,,Y,,A,01,0,0,1,0,0,0,1,0,0,- ,- ,34.223909999999997,-119.01318999999999,VENTURA,CAMARILLO,-119.01318634,34.223977329999997
6702182,2014,2014-12-10,5600,2014-10-30,1854,4455,8252,4,5,5,5601,0,0,0,,0,8C01,CASTLETON ST,COMMONS PARK DR,8.00,S,N,A,-,N,,,,,,,,,,N,3,0,1,2,A,-,10,21950,A,N,G,B,B,A,H,-,C,D,0,Y,,,,Y,,A,01,0,1,0,0,1,0,0,0,0,- ,- ,34.210720000000002,-119.02837,VENTURA,CAMARILLO,-119.02841146,34.210714359999997
6705448,2014,2015-01-23,9765,2014-11-05,0743,020880,,3,1,9,5600,0,2,4,,2,590,CENTRAL AV,STRICKLAND DR,365.00,E,N,A,-,N,,,,,,,,,,N,3,0,1,2,A,-,08,22107,,N,G,B,E,A,H,-,A,D,0,Y,,,,Y,,A,01,0,1,0,0,1,0,0,0,0,- ,- ,34.25497,-119.14867,VENTURA,UNINCORPORATED,-119.14875751,34.254944909999999
6717324,2014,2016-06-24,5600,2014-11-14,0818,2337,1005,5,5,2,5603,0,0,0,,0,1B01,OJAI AV,SIGNAL ST,12.00,E,N,A,-,Y,VEN,7,150,-,-,17.551,I,5,E,N,4,0,1,2,A,-,10,21950,A,N,G,B,B,A,H,-,A,A,0,Y,,,,Y,,A,01,0,0,1,0,1,0,0,0,0,- ,- ,,,VENTURA,OJAI,-119.245806,34.447794000000002
6721237,2014,2015-01-29,5608,2014-11-21,1835,466,VENTU,5,5,6,5608,0,0,0,,0,002,MAIN ST,DONLON ST,368.00,E,N,B,-,N,,,,,,,,,,N,4,0,1,2,A,-,09,21801,A,N,D,G,A,A,H,-,C,D,0,,Y,,,Y,,L,04,0,0,1,0,0,0,1,0,0,- ,- ,,,VENTURA,VENTURA,-119.23435628,34.262755370000001
6746228,2014,2014-12-19,5606,2014-08-29,0128,1115,5606,5,5,4,5606,0,0,0,,0,001,HARVARD BL,PECK RD,0.00,,Y,A,-,N,,,,,,,,,,N,2,0,1,2,A,-,10,21950,A,F,G,B,B,A,H,-,C,A,0,Y,,,,Y,,A,07,1,0,0,0,1,0,0,0,0,- ,- ,,,VENTURA,SANTA PAULA,-119.08504009000001,34.340290009999997
6750039,2014,2015-02-03,9765,2014-12-17,0740,015117,,3,1,9,5600,0,1,3,,1,020,RT 33,SANTA ANNA BL,0.00,,Y,B,-,Y,,,33,,,,,,,N,4,0,1,2,A,-,09,21801,A,N,G,B,B,A,H,-,A,A,0,Y,,,,Y,,D,22,0,0,1,0,1,0,0,0,0,- ,- ,34.400219999999997,-119.29973,VENTURA,UNINCORPORATED,-119.29969545,34.400216499999999
6754671,2014,2015-02-10,5608,2014-12-05,1344,390,5608,5,5,6,5608,0,0,0,,0,001,SAN NICHOLAS,CHRISMAN,278.00,E,N,A,-,N,,,,,,,,,,N,2,0,1,2,A,-,11,21954,A,N,G,B,D,A,H,-,A,D,0,Y,,,,Y,,N,60,1,0,0,0,1,0,0,0,0,- ,- ,,,VENTURA,VENTURA,-119.27718561,34.277621910000001
6754941,2014,2015-02-02,5608,2014-12-22,1445,411,,1,5,6,5608,0,0,0,,0,004,MEADOWLARK ST,TERN CT,0.00,,Y,A,-,N,,,,,,,,,,N,3,0,1,2,A,-,11,21954,A,N,D,B,D,A,H,-,A,D,0,Y,,,,Y,,N,60,0,1,0,0,1,0,0,0,0,- ,- ,34.154499999999999,-119.1157,VENTURA,VENTURA,-119.19900007,34.262560090000001
6754947,2014,2015-02-02,5608,2014-12-23,1610,337,,2,5,6,5608,0,0,0,,0,002,TELEGRAPH RD,DUNNING ST,10.00,E,N,A,-,N,,,,,,,,,,N,3,0,1,2,A,-,10,21950,A,F,G,B,B,A,H,-,A,D,0,Y,,,,Y,,A,01,0,1,0,0,1,0,0,0,0,- ,- ,,,VENTURA,VENTURA,-119.25164748,34.27257496
6755829,2014,2015-02-04,5609,2014-12-15,1832,433,316,1,5,6,5609,0,0,0,,0,003,ERRINGER RD,PATRICIA AV,17.00,N,N,A,-,N,,,,,,,,,,Y,3,0,1,2,A,-,10,21950,A,N,G,B,B,A,H,-,E,B,0,Y,,,,Y,,A,01,0,1,0,0,1,0,0,0,0,- ,- ,,,VENTURA,SIMI VALLEY,-118.76139999999999,34.270046639999997
6764073,2014,2015-02-03,5600,2014-12-16,1533,4438,8021,2,5,5,5601,0,0,0,,0,8B1,CARMEN DR,BURNLEY ST,7.00,S,N,A,-,N,,,,,,,,,,N,3,0,1,2,A,-,09,21802,A,N,G,B,B,A,H,-,A,A,0,Y,,,,Y,,A,01,0,1,0,0,1,0,0,0,0,- ,- ,34.225360000000002,-119.05082,VENTURA,CAMARILLO,-119.05078,34.225420790000001
6768185,2014,2015-01-28,5600,2014-11-20,1820,4429,8133,4,5,5,5601,0,0,0,,0,08C,LAS POSAS RD,PONDEROSA DR,0.00,,Y,A,-,N,,,,,,,,,,N,4,0,1,2,A,-,10,21950,A,N,G,B,B,A,H,-,C,A,0,Y,,,,Y,,A,01,0,0,1,0,1,0,0,0,0,- ,- ,34.24042,-119.0224,VENTURA,CAMARILLO,-119.06977008,34.223710060000002
6774146,2014,2015-01-14,5608,2014-09-29,0732,452,,1,5,6,5608,0,0,0,,0,003,DAY RD,WEST POINT ST,84.00,S,N,A,-,N,,,,,,,,,,N,4,0,1,2,A,-,17,21208,A,N,B,G,A,A,H,-,A,D,0,,Y,,,Y,,L,04,0,0,1,0,0,0,1,0,0,- ,- ,,,VENTURA,VENTURA,-119.22724343,34.280901450000002
6783864,2016,2016-07-14,5600,2016-06-18,1935,4615,8027,6,5,5,5601,0,0,0,,0,08B,PASEO CAMARILLO,CARMEN DR,476.00,W,N,A,-,N,,,,,,,,,,Y,3,0,2,2,A,-,05,21460,A,N,G,B,F,A,H,-,B,D,0,Y,,Y,,Y,,C,02,0,2,0,0,1,0,0,0,1,- ,- ,34.221069999999997,-119.05243,VENTURA,CAMARILLO,-119.05227205,34.220998000000002
6783907,2016,2017-02-18,5600,2016-06-27,0745,4704,1005,1,5,2,5603,0,0,0,,0,01B,RT 150,NORTH MONTGOMERY ST,0.00,,Y,A,-,Y,VEN,7,150,-,-,17.711,I,5,W,N,2,0,1,2,A,-,09,21801,A,N,D,G,A,A,-,-,A,D,0,,Y,,,Y,,A,01,1,0,0,0,0,0,1,0,0,- ,- ,,,VENTURA,OJAI,-119.24147674,34.448063419999997
6793591,2015,2015-02-23,5608,2015-01-12,1425,282,VENTU,1,5,6,5608,0,0,0,,0,002,SAN NICHOLAS AV,SAN ROSA ST,145.00,W,N,A,-,N,,,,,,,,,,N,4,0,1,2,A,-,09,21801,A,N,D,G,A,A,H,-,A,D,0,,Y,,,Y,,-,,0,0,1,0,0,0,1,0,0,- ,- ,,,VENTURA,VENTURA,-119.273163,34.276813349999998
6803825,2015,2015-02-24,5609,2015-01-08,1854,433,615,4,5,6,5609,0,0,0,,0,006,YOSEMITE AV,LOS ANGELES AV,17.00,S,N,A,-,N,,,,,,,,,,N,2,0,1,2,A,-,11,21456,B,N,G,B,B,A,H,-,C,A,0,Y,,,,Y,,N,60,1,0,0,0,1,0,0,0,0,- ,- ,,,VENTURA,SIMI VALLEY,-118.67839889,34.271693370000001
6803835,2015,2015-04-09,5608,2015-01-25,1608,451,,7,5,6,5608,0,0,0,,0,004,VICTORIA AV,AVOCET DR,150.00,N,N,A,-,N,,,,,,,,,,N,3,0,1,2,A,-,08,22107,,N,H,G,A,A,H,-,A,D,0,,Y,,,Y,,-,,0,1,0,0,0,0,1,0,0,- ,- ,,,VENTURA,VENTURA,-119.21086179,34.258290240000001
6804752,2015,2015-03-17,5608,2015-01-23,0745,451,,5,5,6,5608,0,0,0,,0,002,HARBOR BL,SEAWARD AV,0.00,E,N,A,-,N,,,,,,,,,,Y,4,0,1,2,A,-,11,21956,,N,G,B,E,A,H,-,A,D,0,Y,,,,Y,,N,60,0,0,1,0,1,0,0,0,0,- ,- ,,,VENTURA,VENTURA,-119.27023993,34.264860030000001
6804760,2015,2015-03-05,5608,2015-01-24,1244,447,,6,5,6,5608,0,0,0,,0,001,THOMPSON BL,ASH ST,0.00,,Y,A,-,N,,,,,,,,,,N,4,0,1,2,A,-,08,22107,,N,H,G,A,A,H,-,A,A,0,,Y,,,Y,,-,,0,0,1,0,0,0,1,0,0,- ,- ,,,VENTURA,VENTURA,-119.28848997,34.278280019999997
6807813,2015,2015-03-05,5608,2015-02-02,1159,456,,1,5,6,5608,0,0,0,,0,004,VICTORIA AV,RALSTON ST,686.00,S,N,A,-,N,,,,,,,,,,N,4,0,1,2,A,-,09,21804,A,N,G,B,F,A,H,-,A,D,0,Y,,,,Y,,-,,0,0,1,0,1,0,0,0,0,- ,- ,,,VENTURA,VENTURA,-119.21122033,34.259211469999997
6809161,2015,2015-03-06,5600,2015-02-06,1850,3364,9026,5,5,6,5607,0,0,0,,0,09A,AVENIDA DE LOS ARBOLES,ARCTURUS ST,0.00,,Y,A,-,N,,,,,,,,,,N,4,0,1,2,A,-,05,21650,1,N,H,G,A,A,H,-,D,D,0,,Y,,,Y,,L,04,0,0,1,0,0,0,1,0,0,- ,- ,,,VENTURA,THOUSAND OAKS,-118.87004004000001,34.217750000000002
6815901,2015,2016-09-23,9765,2015-02-01,0940,20912,,7,1,9,5600,0,1,3,,1,012,RT 1,DULAH RD,3696.00,S,N,A,-,Y,VEN,7,1,-,-,22.530,H,-,S,N,2,0,2,2,A,-,03,22350,,N,H,G,A,A,H,-,A,D,0,,Y,,,Y,,L,04,2,0,0,0,0,0,2,0,0,- ,- ,34.30424,-119.34875,VENTURA,UNINCORPORATED,-119.34859662,34.30416408
6825141,2015,2015-03-12,5608,2015-02-16,1844,462,,1,5,6,5608,0,0,0,,0,004,NORTH BANK DR,POTOMAC AV,0.00,,Y,A,-,N,,,,,,,,,,N,2,0,1,2,A,-,10,21950,A,N,G,B,B,A,H,-,C,D,0,Y,,,,Y,,-,,1,0,0,0,1,0,0,0,0,- ,- ,,,VENTURA,VENTURA,-119.17269002,34.264640100000001
6836521,2014,2015-04-27,5608,2014-02-24,1752,469,,1,5,6,5608,0,0,0,,0,004,TELEPHONE RD,PORTOLA RD,0.00,,Y,A,-,N,,,,,,,,,,N,2,0,1,2,A,-,11,21456,B,N,D,B,B,A,H,-,A,A,0,Y,,,,Y,,N,60,1,0,0,0,1,0,0,0,0,- ,- ,,,VENTURA,VENTURA,-119.22514996,34.263590010000001
6843639,2015,2015-03-18,5600,2015-02-19,2030,3364,9150,4,5,6,5607,0,0,0,,0,09G,FOOTHILL DR,HAMPSHIRE RD,10.00,W,N,A,-,N,,,,,,,,,,N,3,0,1,2,A,-,05,21650,1,F,H,G,A,A,H,-,C,A,0,,Y,,,Y,,L,04,0,1,0,0,0,0,1,0,0,- ,- ,,,VENTURA,THOUSAND OAKS,-118.83822300999999,34.16212032
6849346,2015,2015-03-23,5608,2015-03-09,1623,417,,1,5,6,5608,0,0,0,,0,002,MAIN ST,TELEPHONE RD,8.00,W,N,A,-,N,,,,,,,,,,N,4,0,1,2,A,-,10,21950,A,N,D,G,A,A,H,-,A,A,0,,Y,,,Y,,-,,0,0,1,0,0,0,1,0,0,- ,- ,,,VENTURA,VENTURA,-119.23187528,34.261926440000003
6858033,2015,2015-04-08,5608,2015-03-26,1838,373,,4,5,6,5608,0,0,0,,0,004,TELEPHONE RD,COUNTY SQUARE DR,180.00,W,N,A,-,N,,,,,,,,,,N,2,0,1,2,A,-,17,21209,A,N,C,G,A,A,H,-,A,D,0,,Y,,,Y,,-,,1,0,0,0,0,0,1,0,0,- ,- ,,,VENTURA,VENTURA,-119.21486535,34.265081090000002
6874221,2015,2015-08-22,5600,2015-02-05,0752,3924,5104,4,5,4,5690,0,0,0,,0,02B,CAMPUS PARK DR,COLLINS DR,0.00,,Y,A,-,N,,,,,,,,,,N,2,0,1,2,A,-,08,22100,B,N,B,G,A,A,H,-,A,A,0,,Y,,,Y,,L,04,1,0,0,0,0,0,1,0,0,- ,- ,,,VENTURA,MOORPARK,-118.84171012,34.296040050000002
6882888,2015,2015-06-17,5608,2015-03-31,0732,441,,2,5,6,5608,0,0,0,,0,001,E MAIN ST,N LAUREL ST,103.00,E,N,B,-,N,,,,,,,,,,N,3,0,1,2,A,-,08,22107,,N,D,G,A,A,H,-,A,D,0,,Y,,,Y,,-,,0,1,0,0,0,0,1,0,0,- ,- ,,,VENTURA,VENTURA,-119.28513941,34.280850000000001
6883330,2015,2015-04-23,5608,2015-04-01,1745,323,,3,5,6,5608,0,0,0,,0,004,JOHNSON DR,NORTHBANK DR,175.00,S,N,A,-,N,,,,,,,,,,N,4,0,1,2,A,-,05,21650,1,N,D,G,A,A,H,-,A,A,0,,Y,,,Y,,L,04,0,0,1,0,0,0,1,0,0,- ,- ,,,VENTURA,VENTURA,-119.19430554,34.246658920000002