CASE_ID,ACCIDENT_YEAR,PROC_DATE,JURIS,COLLISION_DATE,COLLISION_TIME,OFFICER_ID,REPORTING_DISTRICT,DAY_OF_WEEK,CHP_SHIFT,POPULATION,CNTY_CITY_LOC,SPECIAL_COND,BEAT_TYPE,CHP_BEAT_TYPE,CITY_DIVISION_LAPD,CHP_BEAT_CLASS,BEAT_NUMBER,PRIMARY_RD,SECONDARY_RD,DISTANCE,DIRECTION,INTERSECTION,WEATHER_1,WEATHER_2,STATE_HWY_IND,CALTRANS_COUNTY,CALTRANS_DISTRICT,STATE_ROUTE,ROUTE_SUFFIX,POSTMILE_PREFIX,POSTMILE,LOCATION_TYPE,RAMP_INTERSECTION,SIDE_OF_HWY,TOW_AWAY,COLLISION_SEVERITY,NUMBER_KILLED,NUMBER_INJURED,PARTY_COUNT,PRIMARY_COLL_FACTOR,PCF_CODE_OF_VIOL,PCF_VIOL_CATEGORY,PCF_VIOLATION,PCF_VIOL_SUBSECTION,HIT_AND_RUN,TYPE_OF_COLLISION,MVIW,PED_ACTION,ROAD_SURFACE,ROAD_COND_1,ROAD_COND_2,LIGHTING,CONTROL_DEVICE,CHP_ROAD_TYPE,PEDESTRIAN_ACCIDENT,BICYCLE_ACCIDENT,MOTORCYCLE_ACCIDENT,TRUCK_ACCIDENT,NOT_PRIVATE_PROPERTY,ALCOHOL_INVOLVED,STWD_VEHTYPE_AT_FAULT,CHP_VEHTYPE_AT_FAULT,COUNT_SEVERE_INJ,COUNT_VISIBLE_INJ,COUNT_COMPLAINT_PAIN,COUNT_PED_KILLED,COUNT_PED_INJURED,COUNT_BICYCLIST_KILLED,COUNT_BICYCLIST_INJURED,COUNT_MC_KILLED,COUNT_MC_INJURED,PRIMARY_RAMP,SECONDARY_RAMP,LATITUDE,LONGITUDE,COUNTY,CITY,POINT_X,POINT_Y
6888908,2015,2015-04-24,5600,2015-03-30,1126,3924,5117,1,5,4,5690,0,0,0,,0,02A,WALNUT CREEK RD,CRESCENT MEADOW CT,4.00,E,N,A,-,N,,,,,,,,,,N,3,0,1,2,A,-,09,21802,A,N,H,G,A,A,H,-,A,A,0,,Y,,,Y,,A,01,0,1,0,0,0,0,1,0,0,- ,- ,,,VENTURA,MOORPARK,-118.88714695,34.27018932
6889463,2015,2015-04-30,5608,2015-03-22,1201,469,,7,5,6,5608,0,0,0,,0,003,WELLS RD,EVEREST ST,32.00,N,N,A,-,N,,,,,,,,,,N,3,0,1,2,A,-,11,21950,B,N,G,B,D,A,H,-,A,A,0,Y,,,,Y,,N,60,0,1,0,0,1,0,0,0,0,- ,- ,,,VENTURA,VENTURA,,
6901837,2015,2015-05-07,5606,2015-03-27,1948,1025,5606,5,5,4,5606,0,0,0,,0,002,ORCHARD ST,OAK ST,128.00,W,N,A,-,N,,,,,,,,,,N,3,0,1,2,A,-,03,22350,,N,G,B,D,A,H,-,D,D,0,Y,,,,Y,,A,01,0,1,0,0,1,0,0,0,0,- ,- ,,,VENTURA,SANTA PAULA,-119.06038408000001,34.361571169999998
6923126,2015,2015-05-26,9765,2015-04-25,0940,18001,,6,1,9,5600,0,2,4,,2,064,LAS POSAS RD,HUENEME RD,992.00,S,N,B,-,N,,,,,,,,,,N,3,0,1,2,A,-,03,22350,,N,H,G,A,A,H,-,A,D,0,,Y,,,Y,,L,04,0,1,0,0,0,0,1,0,0,- ,- ,34.154260000000001,-119.07668,VENTURA,UNINCORPORATED,-119.07671168,34.15464764
6942245,2015,2016-11-07,9770,2015-05-08,2348,020964,,5,3,6,5609,0,1,3,,2,082,RT 118,ROCKY PEAK RD,528.00,W,N,A,-,Y,VEN,7,118,-,R,32.140,H,-,W,N,4,0,1,2,A,-,11,21954,A,N,G,B,E,A,H,-,D,D,1,Y,,,,Y,,N,60,0,0,1,0,1,0,0,0,0,- ,- ,34.26681,-118.63894000000001,VENTURA,SIMI VALLEY,-118.64016527,34.266601860000002
6947013,2015,2015-07-01,5608,2015-05-24,1130,466,,7,5,6,5608,0,0,0,,0,004,VICTORIA AV,TELEGRAPH RD,0.00,,Y,A,-,N,,,,,,,,,,N,3,0,1,2,A,-,00,21760,D,N,B,G,A,A,H,-,A,A,0,,Y,,,Y,,-,,0,1,0,0,0,0,1,0,0,- ,- ,,,VENTURA,VENTURA,-119.21462990000001,34.278010080000001
6987860,2015,2015-07-23,5608,2015-07-01,1515,429,1,3,5,6,5608,0,0,0,,0,001,MAIN ST,VENTURA AV,0.00,,Y,B,-,N,,,,,,,,,,N,4,0,1,2,A,-,12,21453,A,N,B,G,A,A,H,-,A,A,0,,Y,,,Y,,L,04,0,0,1,0,0,0,1,0,0,- ,- ,,,VENTURA,VENTURA,-119.30075999,34.281070100000001
6991378,2015,2015-07-27,9765,2015-07-02,1320,018490,,4,1,9,5600,0,3,5,,2,002,LOMITA AV,EL ROBLAR DR,0.00,,Y,A,-,N,,,,,,,,,,N,4,0,1,2,A,-,12,22450,A,N,D,G,A,A,H,-,A,A,0,,Y,,,Y,Y,L,04,0,0,1,0,0,0,1,0,0,- ,- ,34.448599999999999,-119.27679999999999,VENTURA,UNINCORPORATED,-119.27630995,34.448490049999997
6995089,2015,2016-07-19,5608,2015-07-16,0349,446,,4,5,6,5608,0,0,0,,0,004,VENTURA RD,AUTO CENTER DR,11.00,S,N,A,-,N,,,,,,,,,,N,3,0,1,2,A,-,05,21650,,F,A,B,F,A,H,-,C,A,0,Y,,,,Y,Y,-,,0,1,0,0,1,0,0,0,0,- ,- ,,,VENTURA,VENTURA,-119.19432,34.242849810000003
7018604,2015,2015-08-24,5600,2015-06-06,1224,4636,1005,6,5,2,5603,0,0,0,,0,1B01,GRAND AV,DALY RD,41.00,W,N,A,-,N,,,,,,,,,,N,3,0,1,2,A,-,08,22107,,N,B,G,A,A,H,-,A,D,0,,Y,,,Y,,-,- ,0,1,0,0,0,0,1,0,0,- ,- ,,,VENTURA,OJAI,-119.24164441000001,34.45362368
7019245,2015,2015-08-27,5600,2015-07-24,1851,4615,8124,5,5,5,5601,0,0,0,,0,08C,PICKWICK DR,ARNEILL RD,125.00,E,N,A,-,N,,,,,,,,,,N,4,0,1,2,A,-,11,21954,A,N,G,B,D,A,H,-,A,D,0,Y,,,,Y,,N,60,0,0,1,0,1,0,0,0,0,- ,- ,34.222299999999997,-119.03841,VENTURA,CAMARILLO,-119.03863703,34.222279999999998
7022786,2015,2015-08-21,5608,2015-08-05,1425,438,,3,5,6,5608,0,0,0,,0,001,SANTA CLARA ST,VENTURA AV,0.00,,Y,A,-,N,,,,,,,,,,N,3,0,1,2,A,-,09,21801,A,N,D,G,A,A,H,-,A,A,0,,Y,,,Y,Y,-,,0,1,0,0,0,0,1,0,0,- ,- ,,,VENTURA,VENTURA,-119.30076993,34.279520060000003
7033778,2015,2015-08-21,9770,2015-07-07,1312,020964,,2,1,9,5600,0,2,4,,2,079,ROCKFIELD ST,TUSCANY DR,0.00,,Y,A,-,N,,,,,,,,,,N,2,0,1,2,A,-,08,22107,,N,H,G,A,A,H,-,A,D,0,,Y,,,Y,,L,04,1,0,0,0,0,0,1,0,0,- ,- ,34.175460000000001,-118.78543999999999,VENTURA,UNINCORPORATED,-118.78540006999999,34.175520069999997
7056066,2015,2015-09-30,5609,2015-09-04,0650,437,,5,5,6,5609,0,0,0,,0,002,ROYAL AV,ROYAL AV 1400,0.00,,N,A,-,N,,,,,,,,,,N,4,0,1,2,A,-,05,21650,,F,D,G,A,A,H,-,A,D,0,,Y,,,Y,,L,04,0,0,1,0,0,0,1,0,0,- ,- ,,,VENTURA,SIMI VALLEY,-118.77288759,34.264465379999997
7056075,2015,2015-09-29,5600,2015-09-16,0857,4698,8111,3,5,5,5601,0,0,0,,0,8B01,ARNEILL RD,CHANDLER ST,16.50,S,N,A,-,N,,,,,,,,,,N,3,0,1,2,A,-,07,21658,A,N,B,G,A,A,H,-,A,D,0,,Y,,,Y,,L,04,0,1,0,0,0,0,1,0,0,- ,- ,34.225580000000001,-119.03907,VENTURA,CAMARILLO,-119.03907,34.225524720000003
7064195,2015,2015-12-01,5606,2015-09-07,1747,1097,5605,1,5,4,5606,0,0,0,,0,001,HARVARD BL,VERNON WY,0.00,,Y,A,-,N,,,,,,,,,,N,4,0,1,2,A,-,09,21802,A,N,G,B,A,A,H,-,A,D,0,,Y,,,Y,,A,01,0,0,1,0,0,0,1,0,0,- ,- ,,,VENTURA,SANTA PAULA,-119.07194008,34.34632002
7067579,2015,2015-09-22,5600,2015-09-01,1348,2740,9092,2,5,6,5607,0,0,0,,0,09H,HILLCREST DR,WILBUR RD,0.00,,Y,A,-,N,,,,,,,,,,N,3,0,1,2,A,-,17,21451,A,N,H,G,A,A,H,-,A,A,0,,Y,,,Y,,A,07,0,1,0,0,0,0,1,0,0,- ,- ,,,VENTURA,THOUSAND OAKS,-118.88188011,34.181160050000003
7073556,2015,2015-10-12,5600,2015-09-06,1433,1929,9024,7,5,6,5607,0,0,0,,0,09B,ERBES RD,AVENIDA DE LOS ARBOLES,0.00,,Y,A,-,N,,,,,,,,,,N,2,0,1,2,A,-,12,21453,A,N,H,G,A,A,H,-,A,A,0,,Y,,Y,Y,Y,L,04,1,0,0,0,0,0,1,0,0,- ,- ,,,VENTURA,THOUSAND OAKS,-118.84014002000001,34.211800070000002
7093386,2015,2015-11-07,5609,2015-10-05,0746,310,517,1,5,6,5609,0,0,0,,0,005,BUYERS ST,SHOPPING LN,132.00,S,N,A,-,N,,,,,,,,,,N,2,0,1,2,A,-,11,21950,B,N,G,B,D,A,H,-,A,D,0,Y,,,,Y,,N,60,1,0,0,0,1,0,0,0,0,- ,- ,,,VENTURA,SIMI VALLEY,-118.71196999999999,34.270447849999996
7097561,2015,2015-10-21,5600,2015-10-09,1546,1936,9016,5,5,6,5607,0,0,0,,0,09A,AVENIDA DE LOS ARBOLES,LYNN RD,0.00,,Y,A,-,N,,,,,,,,,,N,3,0,1,2,A,-,05,21650,1,N,H,G,A,A,H,-,A,A,0,,Y,,,Y,,L,04,0,1,0,0,0,0,1,0,0,- ,- ,,,VENTURA,THOUSAND OAKS,-118.88828008999999,34.216700039999999
7109399,2015,2015-11-19,5608,2015-10-29,2300,398,,4,5,6,5608,0,0,0,,0,002,PIERPONT BL,S SEAWARD AV,45.00,W,N,A,-,N,,,,,,,,,,N,3,0,1,2,A,-,11,21956,A,F,G,B,E,A,H,-,C,D,0,Y,,,,Y,,N,60,0,1,0,0,1,0,0,0,0,- ,- ,,,VENTURA,VENTURA,-119.27215926,34.264308819999997
7112842,2015,2015-11-13,5608,2015-10-15,1004,464,,4,5,6,5608,0,0,0,,0,004,VICTORIA AV,RALSTON ST,0.00,,Y,B,-,N,,,,,,,,,,N,3,0,1,2,A,-,12,21453,A,N,D,G,A,A,H,-,A,A,0,,Y,,,Y,,L,04,0,1,0,0,0,0,1,0,0,- ,- ,,,VENTURA,VENTURA,-119.21164992,34.261060069999999
7119560,2015,2015-11-25,5600,2015-11-09,1732,2740,9158,1,5,6,5607,0,0,0,,0,09D,HAMPSHIRE RD,TOWNSGATE RD,0.00,,Y,A,-,N,,,,,,,,,,N,4,0,1,2,A,-,05,21650,1,N,H,G,A,A,H,-,C,A,0,,Y,,,Y,,L,04,0,0,1,0,0,0,1,0,0,- ,- ,,,VENTURA,THOUSAND OAKS,-118.83796,34.160960119999999
7121070,2015,2015-12-07,5608,2015-11-18,1515,398,,3,5,6,5608,0,0,0,,0,002,LOMA VISTA RD,N JOANNE AV,0.00,,Y,A,-,N,,,,,,,,,,N,3,0,1,2,A,-,09,21801,A,N,D,G,A,A,H,-,A,D,0,,Y,,,Y,,-,,0,1,0,0,0,0,1,0,0,- ,- ,,,VENTURA,VENTURA,-119.25649989999999,34.275540059999997
7121097,2015,2015-12-01,5608,2015-11-16,2013,476,VNTRA,1,5,6,5608,0,0,0,,0,002,MILLS RD,MAIN ST,4.00,N,N,A,-,N,,,,,,,,,,N,4,0,1,2,A,-,10,21950,A,N,G,B,B,A,H,-,C,A,0,Y,,,,Y,,-,,0,0,1,0,1,0,0,0,0,- ,- ,,,VENTURA,VENTURA,-119.24604647,34.26507058
7123032,2015,2015-11-24,5600,2015-10-13,1705,4218,5100,2,5,4,5690,0,0,0,,0,02B,SPRING RD,FLINN ST,15.00,S,N,A,-,N,,,,,,,,,,N,3,0,1,2,A,-,09,21801,A,N,H,G,A,A,H,-,A,A,0,,Y,,,Y,,A,01,0,1,0,0,0,0,1,0,0,- ,- ,,,VENTURA,MOORPARK,-118.87472098000001,34.28277885
7125896,2015,2015-12-01,5600,2015-11-13,0909,4789,8110,5,5,5,5601,0,0,0,,0,8B01,ANACAPA DR,LAS POSAS RD,11.00,N,N,A,-,N,,,,,,,,,,N,2,0,1,2,A,-,10,21950,A,N,G,B,B,A,H,-,A,A,0,Y,,,,Y,,A,01,1,0,0,0,1,0,0,0,0,- ,- ,34.235489999999999,-119.04684,VENTURA,CAMARILLO,-119.0437707,34.235488850000003
7129472,2015,2015-12-08,5600,2015-11-18,1834,2740,9128,3,5,6,5607,0,0,0,,0,09H,HILLCREST DR,SHADY OAKS DR,0.00,,Y,A,-,N,,,,,,,,,,N,4,0,1,2,A,-,10,21950,A,N,G,B,B,A,H,-,C,A,0,Y,,,,Y,,A,01,0,0,1,0,1,0,0,0,0,- ,- ,,,VENTURA,THOUSAND OAKS,-118.91999006,34.187630030000001
7129514,2015,2015-12-07,5600,2015-11-22,1149,4731,9134,7,5,6,5607,0,0,0,,0,09C,CAPITAN ST,CYPRESS ST,0.00,,Y,A,-,N,,,,,,,,,,N,3,0,1,2,A,-,05,21650,1,N,H,G,A,A,H,-,A,D,0,,Y,,,Y,,L,04,0,1,0,0,0,0,1,0,0,- ,- ,,,VENTURA,THOUSAND OAKS,-118.90090008999999,34.178460029999997
7139221,2015,2016-01-07,5608,2015-12-17,1229,373,,4,5,6,5608,0,0,0,,0,004,TELEPHONE RD,VICTORIA AV,230.00,E,N,A,-,N,,,,,,,,,,Y,2,0,6,7,A,-,03,22350,,N,B,B,B,A,H,-,A,A,0,Y,,,,Y,,-,,1,3,2,0,3,0,0,0,0,- ,- ,,,VENTURA,VENTURA,-119.21180938000001,34.265560749999999
7139253,2015,2016-01-07,5608,2015-12-18,1352,282,VENTU,5,5,6,5608,0,0,0,,0,003,MILLS RD,MAPLE DR,0.00,,Y,A,-,N,,,,,,,,,,N,3,0,1,2,A,-,11,21954,A,N,A,B,B,A,H,-,A,A,0,Y,,,,Y,,N,60,0,1,0,0,1,0,0,0,0,- ,- ,,,VENTURA,VENTURA,-119.24694992000001,34.268950050000001
7140214,2015,2015-12-18,5608,2015-12-03,1150,471,,4,5,6,5608,0,0,0,,0,001,NORTH VENTURA AV,E PROSPECT ST,0.00,,Y,A,-,N,,,,,,,,,,Y,3,0,1,2,A,-,05,21650,1,N,A,G,A,A,H,-,A,D,0,,Y,,,Y,,L,04,0,1,0,0,0,0,1,0,0,- ,- ,,,VENTURA,VENTURA,-119.29920987,34.286700060000001
7166025,2015,2016-01-25,5609,2015-12-30,0919,374,,3,5,6,5609,0,0,0,,0,,LOS ANGELES AV,GALT ST,306.00,E,N,A,-,N,,,,,,,,,,N,3,0,1,2,A,-,02,22400,A,N,C,G,A,A,H,-,A,D,0,,Y,,,Y,,A,01,0,1,0,0,0,0,1,0,0,- ,- ,34.27176,-118.76582000000001,VENTURA,SIMI VALLEY,-118.76487869,34.271799999999999
7187848,2016,2017-02-11,5600,2016-01-27,1830,2693,1005,3,5,2,5603,0,0,0,,0,01B,OJAI AV,SIGNAL ST,306.00,E,N,A,-,Y,VEN,7,150,-,-,17.610,H,-,W,N,4,0,1,2,A,-,10,21950,A,N,G,B,C,A,H,-,C,A,0,Y,,,,Y,,D,23,0,0,1,0,1,0,0,0,0,- ,- ,,,VENTURA,OJAI,-119.24310221,34.447958790000001
7193490,2016,2016-03-03,5609,2016-02-10,0837,310,607,3,5,6,5609,0,0,0,,0,006,LOS ANGELES AV,STEARNS ST,0.00,,Y,A,-,N,,,,,,,,,,N,3,0,1,2,A,-,10,21950,A,N,G,B,B,A,H,-,A,A,0,Y,,,,Y,,A,07,0,1,0,0,1,0,0,0,0,- ,- ,,,VENTURA,SIMI VALLEY,-118.69141009000001,34.271740010000002
7193494,2016,2016-03-03,5609,2016-02-11,1257,374,,4,5,6,5609,0,0,0,,0,,TIERRA REJADA RD,RIDGEGATE LN,10.00,E,N,A,-,N,,,,,,,,,,N,4,0,1,2,A,-,12,21453,A,N,-,B,B,A,H,-,A,A,0,Y,,,,Y,,A,01,0,0,1,0,1,0,0,0,0,- ,- ,34.272919999999999,-118.79965,VENTURA,SIMI VALLEY,-118.79972385000001,34.272863219999998
7194049,2016,2016-02-29,5608,2016-02-06,1244,447,,6,5,6,5608,0,0,0,,0,001,POLI ST,CALIFORNIA ST,0.00,,Y,A,-,N,,,,,,,,,,N,3,0,1,2,A,-,09,21802,A,N,D,G,A,A,H,-,A,A,0,,Y,,,Y,,A,01,0,1,0,0,0,0,1,0,0,- ,- ,,,VENTURA,VENTURA,-119.29351986,34.282130090000003
7198481,2016,2016-03-16,5608,2016-02-21,1147,449,,7,5,6,5608,0,0,0,,0,001,S VENTURA AV,THOMPSON BL,195.00,N,N,A,-,N,,,,,,,,,,N,4,0,1,2,A,-,08,22107,,N,B,G,A,A,H,-,A,D,0,,Y,,,Y,,-,,0,0,1,0,0,0,1,0,0,- ,- ,,,VENTURA,VENTURA,-119.30075225,34.278795119999998
7198484,2016,2016-03-16,5608,2016-02-21,1821,482,,7,5,6,5608,0,0,0,,0,002,PIERPONT,SEAWARD,0.00,,Y,A,-,N,,,,,,,,,,N,3,0,1,2,A,-,09,21802,A,N,C,G,A,A,H,-,B,A,0,,Y,,,Y,,-,,0,1,0,0,0,0,1,0,0,- ,- ,,,VENTURA,VENTURA,-119.27206988,34.264210050000003
7200151,2016,2018-09-24,5608,2016-08-06,1821,435,VTA,6,5,6,5608,0,0,0,,0,003,TELEPHONE RD,RAMELLI AV,0.00,,Y,A,-,N,,,,,,,,,,Y,1,1,0,2,A,-,10,21950,A,N,G,B,B,A,H,-,A,A,0,Y,,,,Y,Y,-,,0,0,0,1,0,0,0,0,0,- ,- ,,,VENTURA,VENTURA,-119.19355012,34.268180059999999
7200951,2016,2016-03-10,5600,2016-02-23,0720,4498,9116,2,5,6,5607,0,0,0,,0,096,LYNN RD,KNOLLWOOD DR,6.00,E,N,A,-,N,,,,,,,,,,N,3,0,1,2,A,-,09,21802,A,N,H,G,A,A,H,-,B,A,0,,Y,,,Y,,L,04,0,1,0,0,0,0,1,0,0,- ,- ,,,VENTURA,THOUSAND OAKS,-118.95471035,34.16143795
7207288,2016,2016-03-16,5600,2016-02-24,1442,2913,9178,3,5,6,5607,0,0,0,,0,9D01,BRIDGEGATE ST,CLAYFORD AV,0.00,,Y,A,-,N,,,,,,,,,,N,3,0,1,2,A,-,05,21650,1,N,H,G,A,A,H,-,A,D,0,,Y,,,Y,,L,04,0,1,0,0,0,0,1,0,0,- ,- ,,,VENTURA,THOUSAND OAKS,-118.84357008000001,34.147780019999999
7210648,2016,2016-03-23,5600,2016-03-03,1225,2110,9064,4,5,6,5607,0,0,0,,0,09B,JANSS RD,MOORPARK RD,486.00,E,N,A,-,N,,,,,,,,,,N,4,0,1,2,A,-,10,21952,,F,G,B,E,A,H,-,A,A,0,Y,,,,Y,,-,99,0,0,1,0,1,0,0,0,0,- ,- ,,,VENTURA,THOUSAND OAKS,-118.86696806,34.199615889999997
8002668,2016,2016-04-01,5606,2016-02-12,0743,1018,5606,5,5,4,5606,0,0,0,,0,001,4TH ST,HARVARD BL,0.00,,Y,A,-,N,,,,,,,,,,N,3,0,1,2,A,-,11,21950,B,N,D,G,A,A,H,-,A,A,0,,Y,,,Y,,L,04,0,1,0,0,0,0,1,0,0,- ,- ,,,VENTURA,SANTA PAULA,-119.06722007,34.34778008
8002926,2016,2016-04-01,5608,2016-03-21,1821,428,VTA,1,5,6,5608,0,0,0,,0,002,E MAIN ST,CHRISMAN AV,84.00,E,N,A,-,N,,,,,,,,,,N,2,0,1,2,A,-,08,22107,,N,D,G,A,A,H,-,A,D,0,,Y,,,Y,,-,,1,0,0,0,0,0,1,0,0,- ,- ,,,VENTURA,VENTURA,-119.27724301000001,34.279766430000002
8002928,2016,2016-04-14,5608,2016-03-22,1956,469,,2,5,6,5608,0,0,0,,0,002,HARBOR BL,PENINSULA,800.00,W,N,A,-,N,,,,,,,,,,N,3,0,1,2,A,-,08,22107,,N,B,G,A,A,H,-,C,D,0,,Y,,,Y,,-,,0,1,0,0,0,0,1,0,0,- ,- ,,,VENTURA,VENTURA,-119.26675135000001,34.262934260000002
8008764,2014,2016-04-27,5608,2014-10-17,1735,390,5608,5,5,6,5608,0,0,0,,0,001,W PARK ROW,OLIVE ST,262.00,W,N,A,-,N,,,,,,,,,,N,4,0,1,2,A,-,08,22107,,N,D,G,A,A,H,-,A,D,0,,Y,,,Y,,L,04,0,0,1,0,0,0,1,0,0,- ,- ,,,VENTURA,VENTURA,-119.3037502,34.285228500000002
8018122,2016,2016-04-25,5600,2016-04-08,0736,4438,8211,5,5,5,5601,0,0,0,,0,8D1,WOODCREEK RD,MISSION OAKS BL,13.00,W,N,B,-,N,,,,,,,,,,N,3,0,1,2,A,-,21,22106,,N,D,G,A,A,H,-,A,A,0,,Y,,,Y,,A,01,0,1,0,0,0,0,1,0,0,- ,- ,34.2288,-118.9973,VENTURA,CAMARILLO,-118.9972015,34.228800890000002
8018720,2016,2016-04-27,5600,2016-04-03,1047,4631,9050,7,5,6,5607,0,0,0,,0,9B01,GAINSBOROUGH RD,YORKSHIRE AV,48.00,W,N,A,-,N,,,,,,,,,,N,3,0,1,2,A,-,12,22450,A,N,H,G,A,A,H,-,A,D,0,,Y,,,Y,,L,04,0,1,0,0,0,0,1,0,0,- ,- ,,,VENTURA,THOUSAND OAKS,-118.86760962,34.18966863
8018888,2016,2017-02-28,5600,2016-04-10,1500,2877,8251,7,5,5,5601,0,0,0,,0,8C01,RT 34,PLEASANT VALLEY RD,26.00,N,N,A,-,Y,VEN,7,34,-,-,12.790,H,-,E,N,3,0,1,2,A,-,09,21453,B,N,D,G,A,A,H,-,A,A,0,,Y,,,Y,,A,01,0,1,0,0,0,0,1,0,0,- ,- ,34.205629999999999,-119.03449000000001,VENTURA,CAMARILLO,-119.03462694,34.205530670000002
8019039,2016,2016-04-28,5600,2016-04-16,1829,4438,8101,6,5,5,5601,0,0,0,,0,8A1,DAPHNE ST,LYNDHURST AV,51.00,E,N,A,-,N,,,,,,,,,,N,3,0,1,2,A,-,21,22106,,N,H,G,A,A,H,-,A,D,0,,Y,,,Y,,A,01,0,1,0,0,0,0,1,0,0,- ,- ,34.23892,-119.04934,VENTURA,CAMARILLO,-119.04938779,34.238917960000002
8025796,2016,2016-04-21,5608,2016-04-13,1343,430,,3,5,6,5608,0,0,0,,0,,VENTURA AV,HARRISON AV,0.00,,Y,B,-,N,,,,,,,,,,N,4,0,1,2,A,-,10,21950,A,N,G,B,B,A,H,-,A,D,0,Y,,,,Y,,-,,0,0,1,0,1,0,0,0,0,- ,- ,,,VENTURA,VENTURA,-119.29941993,34.286050029999998
8025836,2016,2016-04-20,5608,2016-04-10,1831,465,,7,5,6,5608,0,0,0,,0,004,RAVEN AV,RAVEN AV 1316,140.00,E,N,A,-,N,,,,,,,,,,N,3,0,1,1,A,-,13,22515,,N,G,B,A,A,H,-,A,D,0,,,,,Y,,-,,0,1,0,0,0,0,0,0,0,- ,- ,,,VENTURA,VENTURA,-119.2112291,34.262846850000003
8027222,2016,2016-08-29,5608,2016-04-14,1558,322,,4,5,6,5608,0,0,0,,0,003,TELEGRAPH RD,W DUNNING ST,269.00,E,N,A,-,N,,,,,,,,,,,4,0,1,2,A,-,05,21650,1,N,D,G,A,A,H,-,A,D,0,,Y,,,Y,,L,04,0,0,1,0,0,0,1,0,0,- ,- ,,,VENTURA,VENTURA,-119.25080391,34.272696910000001
8058962,2016,2016-06-14,5609,2016-05-26,2123,437,,4,5,6,5609,0,0,0,,0,003,E LOS ANGELES AV,SYCAMORE DR,36.00,E,N,A,-,N,,,,,,,,,,N,4,0,1,2,A,-,05,21650,1,N,H,G,A,A,H,-,C,D,0,,Y,,,Y,Y,L,04,0,0,1,0,0,0,1,0,0,- ,- ,,,VENTURA,SIMI VALLEY,-118.74366102,34.271650000000001
8059037,2016,2016-06-14,5609,2016-05-26,1548,366,,4,5,6,5609,0,0,0,,0,,TIERRA REJADA RD,RIDGEGATE LN,0.00,,Y,A,-,N,,,,,,,,,,N,3,0,1,2,A,-,05,21650,1,N,D,G,A,A,H,-,A,A,0,,Y,,,Y,,L,04,0,1,0,0,0,0,1,0,0,- ,- ,34.272919999999999,-118.79965,VENTURA,SIMI VALLEY,-118.79975009,34.272880030000003
8061832,2016,2016-06-21,5600,2016-05-28,1217,2889,9036,6,5,6,5607,0,0,0,,0,09B,AVENIDA DE LAS FLORES,BAMBOO CT,100.00,W,N,A,-,N,,,,,,,,,,N,3,0,1,2,A,-,17,22517,,N,H,G,A,A,H,-,A,D,0,,Y,,,Y,,A,01,0,1,0,0,0,0,1,0,0,- ,- ,,,VENTURA,THOUSAND OAKS,-118.84613489,34.207416469999998
8066749,2016,2016-06-23,5608,2016-06-14,1542,463,,2,5,6,5608,0,0,0,,0,001,HARBOR BL,CALIFORNIA ST,85.00,E,N,A,-,N,,,,,,,,,,N,4,0,1,2,A,-,10,21950,A,N,-,B,B,A,H,-,A,D,0,Y,,,,Y,,-,,0,0,1,0,1,0,0,0,0,- ,- ,,,VENTURA,VENTURA,-119.29274894,34.276879999999998
8069502,2016,2016-07-05,5605,2016-02-17,1652,158,PATRO,3,5,3,5605,0,0,0,,0,003,VENTURA RD,PORT HUENEME RD,0.00,,Y,C,-,N,,,,,,,,,,N,3,0,1,2,A,-,06,21755,,N,B,G,A,B,H,-,A,A,0,,Y,,,Y,,L,04,0,1,0,0,0,0,1,0,0,- ,- ,,,VENTURA,PORT HUENEME,-119.19559012000001,34.147770090000002
8080420,2016,2016-08-03,5600,2016-07-08,1358,4529,9160,5,5,6,5607,0,0,0,,0,09D,AUTO MALL DR,CORD AV,0.00,,Y,A,-,N,,,,,,,,,,N,3,0,1,3,A,-,08,22107,,N,G,B,E,A,H,-,A,D,0,Y,,,,Y,,D,22,0,1,0,0,1,0,0,0,0,- ,- ,,,VENTURA,THOUSAND OAKS,-118.82926011000001,34.161120070000003
8080576,2016,2016-07-27,5600,2016-07-05,1554,4877,5600,2,5,2,5603,0,0,0,,0,1B01,EAST OJAI AV,EDISON POLE #X5544E,121.00,W,N,A,-,N,,,,,,,,,,N,2,0,1,3,C,-,18,,,N,G,B,F,A,H,-,A,D,0,Y,,,,Y,,-,- ,1,0,0,0,1,0,0,0,0,- ,- ,,,VENTURA,OJAI,,
8094899,2016,2016-08-04,5608,2016-07-26,1905,474,,2,5,6,5608,0,0,0,,0,001,OAK ST,MAIN ST,0.00,,Y,A,-,N,,,,,,,,,,N,3,0,1,2,A,-,12,21453,A,N,D,G,A,A,H,-,A,A,0,,Y,,,Y,,L,04,0,1,0,0,0,0,1,0,0,- ,- ,,,VENTURA,VENTURA,-119.29465989000001,34.280820040000002
8107600,2016,2016-08-22,5608,2016-08-08,2212,486,,1,5,6,5608,0,0,0,,0,001,THOMPSON BL,FIGUEROA ST,17.00,S,N,A,-,N,,,,,,,,,,N,3,0,1,2,A,-,11,21456,B,N,G,B,B,A,H,-,C,A,0,Y,,,,Y,Y,N,60,0,1,0,0,1,0,0,0,0,- ,- ,,,VENTURA,VENTURA,,
8116356,2016,2016-09-26,5608,2016-08-10,1910,373,,3,5,6,5608,0,0,0,,0,001,W SANTA CLARA ST,GARDEN ST,0.00,,Y,A,-,N,,,,,,,,,,N,3,0,2,2,A,-,05,21650,1,N,D,G,A,A,H,-,A,D,0,,Y,,,Y,,L,04,0,1,1,0,0,0,2,0,0,- ,- ,,,VENTURA,VENTURA,-119.30232995999999,34.279510010000003
8117710,2016,2016-09-09,5608,2016-08-27,1010,365,,6,5,6,5608,0,0,0,,0,001,MAIN ST,PALM ST,209.00,W,N,A,-,N,,,,,,,,,,N,3,0,1,2,A,-,10,21950,A,N,A,B,C,A,H,-,A,A,0,Y,,,,Y,,-,,0,1,0,0,1,0,0,0,0,- ,- ,,,VENTURA,VENTURA,-119.29688111,34.280810000000002