CASE_ID,ACCIDENT_YEAR,PROC_DATE,JURIS,COLLISION_DATE,COLLISION_TIME,OFFICER_ID,REPORTING_DISTRICT,DAY_OF_WEEK,CHP_SHIFT,POPULATION,CNTY_CITY_LOC,SPECIAL_COND,BEAT_TYPE,CHP_BEAT_TYPE,CITY_DIVISION_LAPD,CHP_BEAT_CLASS,BEAT_NUMBER,PRIMARY_RD,SECONDARY_RD,DISTANCE,DIRECTION,INTERSECTION,WEATHER_1,WEATHER_2,STATE_HWY_IND,CALTRANS_COUNTY,CALTRANS_DISTRICT,STATE_ROUTE,ROUTE_SUFFIX,POSTMILE_PREFIX,POSTMILE,LOCATION_TYPE,RAMP_INTERSECTION,SIDE_OF_HWY,TOW_AWAY,COLLISION_SEVERITY,NUMBER_KILLED,NUMBER_INJURED,PARTY_COUNT,PRIMARY_COLL_FACTOR,PCF_CODE_OF_VIOL,PCF_VIOL_CATEGORY,PCF_VIOLATION,PCF_VIOL_SUBSECTION,HIT_AND_RUN,TYPE_OF_COLLISION,MVIW,PED_ACTION,ROAD_SURFACE,ROAD_COND_1,ROAD_COND_2,LIGHTING,CONTROL_DEVICE,CHP_ROAD_TYPE,PEDESTRIAN_ACCIDENT,BICYCLE_ACCIDENT,MOTORCYCLE_ACCIDENT,TRUCK_ACCIDENT,NOT_PRIVATE_PROPERTY,ALCOHOL_INVOLVED,STWD_VEHTYPE_AT_FAULT,CHP_VEHTYPE_AT_FAULT,COUNT_SEVERE_INJ,COUNT_VISIBLE_INJ,COUNT_COMPLAINT_PAIN,COUNT_PED_KILLED,COUNT_PED_INJURED,COUNT_BICYCLIST_KILLED,COUNT_BICYCLIST_INJURED,COUNT_MC_KILLED,COUNT_MC_INJURED,PRIMARY_RAMP,SECONDARY_RAMP,LATITUDE,LONGITUDE,COUNTY,CITY,POINT_X,POINT_Y
8122979,2016,2016-09-20,5609,2016-08-27,1745,388,,6,5,6,5609,0,0,0,,0,001,LARCH ST,ERRINGER RD,15.00,W,N,A,-,N,,,,,,,,,,N,3,0,1,2,A,-,10,21950,A,N,G,B,B,A,H,-,A,A,0,Y,,,,Y,,A,01,0,1,0,0,1,0,0,0,0,- ,- ,34.275359999999999,-118.76125999999999,VENTURA,SIMI VALLEY,-118.76144956,34.275388919999997
8129465,2016,2016-09-23,5600,2016-09-03,1952,4825,6009,6,5,3,5602,0,0,0,,0,6A1,B ST,OLD TELEGRAPH RD,21.00,N,N,A,-,N,,,,,,,,,,N,4,0,1,2,A,-,12,22450,A,N,D,G,A,A,H,-,C,A,0,,Y,,,Y,,L,04,0,0,1,0,0,0,1,0,0,- ,- ,,,VENTURA,FILLMORE,,
81381839,2020,2021-01-06,5609,2020-05-02,2025,435,,6,5,6,5609,0,0,0,,0,,TAPO CANYON RD,ALAMO ST,642.00,S,N,A,-,N,,,,,,,,,,N,3,0,1,2,A,-,10,21950,A,N,G,B,C,A,H,-,C,D,0,Y,,,,Y,,D,72,0,1,0,0,1,0,0,0,0,- ,- ,34.286369323730469,-118.71784210205078,VENTURA,SIMI VALLEY,-118.71784210205078,34.284618377685547
81381873,2020,2021-01-06,5609,2020-05-21,0953,452,617,4,5,6,5609,0,0,0,,0,006,KUEHNER DR,KATHERINE RD,16.00,N,N,A,-,N,,,,,,,,,,N,3,0,1,2,A,-,10,21950,A,N,G,B,B,A,H,-,A,A,0,Y,,,,Y,,D,22,0,1,0,0,1,0,0,0,0,- ,- ,34.265171051025391,-118.662109375,VENTURA,SIMI VALLEY,-118.66207122802734,34.265312194824219
81382007,2020,2021-01-06,5609,2020-07-19,1328,310,201,7,5,6,5609,0,0,0,,0,002,ELVADO DR,BONITA DR,177.00,S,N,A,-,N,,,,,,,,,,N,1,1,0,1,A,-,21,22106,,N,G,B,A,A,H,-,A,D,0,,,,,Y,,A,01,0,0,0,0,0,0,0,0,0,- ,- ,,,VENTURA,SIMI VALLEY,-118.79457092285156,34.267166137695312
81382162,2020,2021-01-06,5609,2020-01-23,0755,452,314,4,5,6,5609,0,0,0,,0,003,SEQUOIA AVE,ASPEN ST,0.00,,Y,A,F,N,,,,,,,,,,N,4,0,1,2,A,-,10,21950,A,N,G,B,B,B,H,-,A,A,0,Y,,,,Y,,A,08,0,0,1,0,1,0,0,0,0,- ,- ,,,VENTURA,SIMI VALLEY,-118.73076,34.249049999999997
81382272,2020,2021-01-06,5609,2020-11-01,1806,389,124,7,5,6,5609,0,0,0,,0,001,FIRST ST,PACIFIC AVE,26.00,N,N,A,-,N,,,,,,,,,,Y,2,0,1,2,A,-,11,21954,A,N,G,B,D,A,H,-,C,D,0,Y,,,,Y,,N,60,1,0,0,0,1,0,0,0,0,- ,- ,34.269561767578125,-118.77883148193359,VENTURA,SIMI VALLEY,-118.77888488769531,34.269760131835938
81382407,2020,2021-01-06,5609,2020-12-18,1537,435,,5,5,6,5609,0,0,0,,0,001,MADERA RD,COCHRAN ST,0.00,,Y,A,-,N,,,,,,,,,,N,3,0,1,2,A,-,05,21650,,N,D,G,A,A,H,-,A,A,0,,Y,,,Y,,L,04,0,1,0,0,0,0,1,0,0,- ,- ,34.28173828125,-118.79489135742188,VENTURA,SIMI VALLEY,-118.79498291015625,34.281761169433594
81382524,2021,2021-01-06,5609,2021-01-05,0634,452,217,2,5,6,5609,0,0,0,,0,002,WOOD RANCH PKWY,COUNTRY CLUB DR,15.00,S,N,A,-,N,,,,,,,,,,N,4,0,1,2,A,-,10,21950,A,N,G,B,B,A,H,-,C,A,0,Y,,,,Y,,A,01,0,0,1,0,1,0,0,0,0,- ,- ,34.252540588378906,-118.81197357177734,VENTURA,SIMI VALLEY,-118.81199645996094,34.252498626708984
8139370,2016,2016-12-21,5609,2016-11-28,1721,388,,1,5,6,5609,0,0,0,,0,004,ALAMO ST,CIMMARON AV,0.00,,Y,A,-,N,,,,,,,,,,N,4,0,1,2,A,-,03,22350,,N,H,G,A,A,H,-,C,A,0,,Y,,,Y,,L,04,0,0,1,0,0,0,1,0,0,- ,- ,34.2864,-118.74173999999999,VENTURA,SIMI VALLEY,-118.74182007,34.286430019999997
8140566,2016,2017-03-04,5600,2016-09-18,1032,4550,9166,7,5,6,5607,0,0,0,,0,09D,WESTLAKE BL,RT 101,0.00,,Y,A,-,Y,VEN,7,101,-,-,0.502,R,1,N,N,2,0,2,3,A,-,09,21453,B,N,G,B,B,A,H,-,A,A,0,Y,,,,Y,,A,07,1,1,0,0,2,0,0,0,0,- ,NF,,,VENTURA,THOUSAND OAKS,-118.82230860999999,34.15590211
8140577,2016,2016-10-11,5608,2016-09-23,1015,445,,5,5,6,5608,0,0,0,,0,004,THILLE,COUNTY SQUARE,173.00,E,N,A,-,N,,,,,,,,,,N,3,0,1,2,D,-,00,,,N,-,G,A,A,H,-,A,A,0,,Y,,,Y,,-,- ,0,1,0,0,0,0,1,0,0,- ,- ,,,VENTURA,VENTURA,-119.21430343999999,34.267955020000002
8141423,2016,2017-03-04,5600,2016-09-30,1449,4929,1B01,5,5,2,5603,0,0,0,,0,1005,RT 33,S FULTON ST,4.00,E,N,A,-,Y,VEN,7,150,-,-,17.937,I,5,E,N,4,0,1,2,A,-,05,21650,1,N,D,G,A,A,H,-,A,D,0,,Y,,,Y,,L,04,0,0,1,0,0,0,1,0,0,- ,- ,,,VENTURA,OJAI,-119.23786450999999,34.448379940000002
8146046,2016,2016-10-17,5609,2016-09-30,0320,444,,5,5,6,5609,0,0,0,,0,004,COCHRAN ST,WESTERIA ST,210.00,E,N,A,-,N,,,,,,,,,,N,4,0,1,2,A,-,11,21955,,N,G,B,D,A,H,-,D,D,0,Y,,,,Y,,N,60,0,0,1,0,1,0,0,0,0,- ,- ,,,VENTURA,SIMI VALLEY,-118.74669591999999,34.279012620000003
81476980,2021,2021-05-19,5609,2021-03-27,2033,443,200,6,5,6,5609,0,0,0,,0,002,TIERRA REJADA RD,MADERA RD,3.00,E,N,A,-,N,,,,,,,,,,N,3,0,1,2,A,-,10,21950,A,N,G,B,B,A,H,-,C,A,0,Y,,,,Y,,A,01,0,1,0,0,1,0,0,0,0,- ,- ,34.271701812744141,-118.79634094238281,VENTURA,SIMI VALLEY,,
81477009,2021,2021-05-19,5609,2021-04-21,1728,443,119,3,5,6,5609,0,0,0,,0,001,EASY ST,FIRST ST,8.00,E,N,A,-,N,,,,,,,,,,N,4,0,1,2,A,-,05,21651,B,N,D,G,A,A,H,-,A,A,0,,Y,,,Y,,L,04,0,0,1,0,0,0,1,0,0,- ,- ,34.273540496826172,-118.77886962890625,VENTURA,SIMI VALLEY,-118.77895355224609,34.273689270019531
81477100,2021,2021-05-19,5609,2021-02-23,1914,389,,2,5,6,5609,0,0,0,,0,004,COCHRAN ST,SEQUOIA AVE,16.00,W,N,A,-,N,,,,,,,,,,N,4,0,1,2,A,-,10,21950,A,N,G,B,B,A,H,-,C,A,0,Y,,,,Y,,A,01,0,0,1,0,1,0,0,0,0,- ,- ,34.278999328613281,-118.73052215576172,VENTURA,SIMI VALLEY,-118.73057556152344,34.279010772705078
81540580,2021,2021-08-09,5600,2021-08-01,1832,4637,,7,5,4,5690,0,0,0,,0,,LOS ANGELES AV,MOORPARK AV,0.00,,Y,A,-,Y,,,,,,,,,,N,3,0,1,2,A,-,08,22107,,N,H,G,A,A,H,-,A,A,0,,Y,,,Y,,A,01,0,1,0,0,0,0,1,0,0,- ,- ,34.2789306640625,-118.88210296630859,VENTURA,MOORPARK,-118.88211822509766,34.278938293457031
8155882,2016,2016-12-12,5608,2016-10-14,1514,446,,5,5,6,5608,0,0,0,,0,004,TELEPHONE RD,RAMELLI AV,50.00,W,N,A,-,N,,,,,,,,,,N,4,0,1,2,A,-,03,22350,,N,B,B,E,A,H,-,A,A,0,Y,,,,Y,,-,,0,0,1,0,1,0,0,0,0,- ,- ,,,VENTURA,VENTURA,-119.1937123,34.268153949999999
81567936,2021,2021-09-13,5600,2021-08-26,1840,2913,9032,4,5,6,5607,0,0,0,,0,9A01,CALLE BOUGANVILLA,CALLE TULIPAN,0.00,,Y,A,-,N,,,,,,,,,,N,3,0,1,2,A,-,12,22450,A,N,D,G,A,A,H,-,A,A,0,,Y,,,Y,,L,04,0,1,0,0,0,0,1,0,0,- ,- ,34.21051025390625,-118.8572998046875,VENTURA,THOUSAND OAKS,-118.85720825195312,34.210540771484375
81577383,2021,2021-09-23,5600,2021-09-08,1412,5180,8135,3,5,5,5601,0,0,0,,0,8C01,LEWIS RD,TEMPLE AV,0.00,,Y,A,-,N,,,,,,,,,,N,4,0,1,2,A,-,09,21804,A,N,D,G,A,A,H,-,B,A,0,,Y,,,Y,,A,01,0,0,1,0,0,0,1,0,0,- ,- ,34.2216796875,-119.02938079833984,VENTURA,CAMARILLO,-119.02928161621094,34.221565246582031
8158238,2016,2016-11-04,5608,2016-10-01,1021,474,,6,5,6,5608,0,0,0,,0,003,TELEPHONE RD,MONTGOMERY,10.00,E,N,A,-,N,,,,,,,,,,Y,2,0,1,2,D,-,00,,,N,G,B,B,A,H,-,A,A,0,Y,,,,Y,,-,- ,1,0,0,0,1,0,0,0,0,- ,- ,,,VENTURA,VENTURA,-119.17932750999999,34.270195059999999
81612950,2021,2021-11-02,5600,2021-10-21,1111,4750,8077,4,5,5,5601,0,0,0,,0,8A01,PONDEROSA DR,CAMINO TIERRA SANTA,20.00,E,N,A,-,N,,,,,,,,,,N,3,0,1,2,A,-,10,21950,A,N,G,B,B,A,H,-,A,A,0,Y,,,,Y,,A,07,0,1,0,0,1,0,0,0,0,- ,- ,34.2235107421875,-119.08152770996094,VENTURA,CAMARILLO,-119.08139801025391,34.223506927490234
81616852,2021,2021-11-05,5600,2021-11-01,1845,5653,9100,1,5,6,5607,0,0,0,,0,9B01,WILBUR RD,LAURIE LN,0.00,,Y,B,-,N,,,,,,,,,,N,3,0,1,2,A,-,11,21954,A,N,G,B,D,A,H,-,C,D,0,Y,,,,Y,,N,60,0,1,0,0,1,0,0,0,0,- ,- ,34.186119079589844,-118.87178039550781,VENTURA,THOUSAND OAKS,-118.87176513671875,34.1861572265625
81648534,2021,2021-12-10,5600,2021-12-06,1756,5653,9060,1,5,6,5607,0,0,0,,0,9B01,EL MONTE DR,JANSS RD,4.00,N,N,A,-,N,,,,,,,,,,N,4,0,1,2,A,-,10,21950,A,N,G,B,B,A,H,-,C,D,0,Y,,,,Y,,A,07,0,0,1,0,1,0,0,0,0,- ,- ,34.195758819580078,-118.85430908203125,VENTURA,THOUSAND OAKS,-118.85060119628906,34.199069976806641
8166832,2016,2017-04-01,5608,2016-02-19,0002,435,VTA,5,5,6,5608,0,0,0,,0,003,TELEGRAPH RD,SATICOY AV,0.00,,Y,A,-,N,,,,,,,,,,N,1,1,0,2,A,-,12,21453,A,F,D,G,A,A,H,-,C,A,0,,Y,,,Y,,L,04,0,0,0,0,0,1,0,0,0,- ,- ,,,VENTURA,VENTURA,-119.16814001,34.290950100000003
81672461,2021,2022-01-06,5609,2021-09-29,0725,389,,3,5,6,5609,0,0,0,,0,002,FIRST ST,ROYAL AVE,12.00,N,N,A,-,N,,,,,,,,,,N,3,0,1,2,A,-,10,21950,A,N,G,B,B,A,H,-,A,A,0,Y,,,,Y,,A,01,0,1,0,0,1,0,0,0,0,- ,- ,34.264251708984375,-118.77881622314453,VENTURA,SIMI VALLEY,-118.77901458740234,34.264484405517578
81672524,2021,2022-01-06,5609,2021-10-28,1851,499,,4,5,6,5609,0,0,0,,0,005,LOS ANGELES AVE,TAPO ST,32.00,E,N,A,-,N,,,,,,,,,,N,3,0,1,2,A,-,05,21650,1,N,D,G,A,A,H,-,C,A,0,,Y,,,Y,,L,04,0,1,0,0,0,0,1,0,0,- ,- ,34.271678924560547,-118.70913696289062,VENTURA,SIMI VALLEY,-118.70884704589844,34.271697998046875
81672547,2021,2022-01-06,5609,2021-11-07,1654,464,,7,5,6,5609,0,0,0,,0,004,BOALT AVE,COCHRAN ST,10.00,S,N,A,-,N,,,,,,,,,,N,4,0,1,2,A,-,09,21800,A,N,D,G,A,A,H,-,A,D,0,,Y,,,Y,,L,04,0,0,1,0,0,0,1,0,0,- ,- ,34.278968811035156,-118.72051239013672,VENTURA,SIMI VALLEY,-118.72055053710938,34.279010772705078
81672594,2021,2022-01-06,5609,2021-12-04,1817,499,,6,5,6,5609,0,0,0,,0,006,ANASTASIA AVE,LOS ANGELES AVE,123.00,N,N,A,-,N,,,,,,,,,,N,3,0,1,2,A,-,21,22106,,N,G,B,D,A,H,-,C,D,0,Y,,,,Y,,A,07,0,1,0,0,1,0,0,0,0,- ,- ,34.270858764648438,-118.66924285888672,VENTURA,SIMI VALLEY,-118.66937255859375,34.272075653076172
81706474,2022,2022-02-23,5600,2022-02-17,0904,5269,9002,4,5,6,5607,0,0,0,,0,9A01,MOUNTCLEF BLVD.,OLSEN RD,0.00,,Y,A,-,N,,,,,,,,,,N,3,0,1,2,A,-,10,21950,A,N,G,B,B,A,H,-,A,A,0,Y,,,,Y,,A,01,0,1,0,0,1,0,0,0,0,- ,- ,,,VENTURA,THOUSAND OAKS,-118.87564086914062,34.225795745849609
81717244,2022,2022-03-08,5600,2022-02-13,1634,5256,8020,7,5,5,5601,0,0,0,,0,8A01,PONDEROSA DR,ROSEWOOD AV,0.00,,Y,A,-,N,,,,,,,,,,N,3,0,1,2,D,-,00,,,N,G,B,B,A,H,-,A,A,0,Y,,,,Y,,-,- ,0,1,0,0,1,0,0,0,0,- ,- ,34.221931457519531,-119.06478118896484,VENTURA,CAMARILLO,-119.06149291992188,34.223526000976562
81728586,2022,2022-03-22,5600,2022-03-11,1739,5261,8122,5,5,5,5601,0,0,0,,0,8C01,ARNEILL RD,DUNNIGAN ST,0.00,,Y,A,-,N,,,,,,,,,,N,3,0,1,2,A,-,10,21950,A,N,G,B,B,A,H,-,A,A,0,Y,,,,Y,,A,01,0,1,0,0,1,0,0,0,0,- ,- ,34.227371215820312,-119.04219055175781,VENTURA,CAMARILLO,-119.03907012939453,34.22918701171875
81739365,2022,2022-04-04,5600,2022-03-22,0855,5411,8125,2,5,5,5601,0,0,0,,0,8C01,ARNEILL ROAD,BARRY STREET,0.00,,Y,A,-,N,,,,,,,,,,N,4,0,1,2,A,-,10,21950,A,N,G,B,B,A,H,-,A,A,0,Y,,,,Y,,-,- ,0,0,1,0,1,0,0,0,0,- ,- ,34.219589233398438,-119.03897857666016,VENTURA,CAMARILLO,-119.03900146484375,34.219493865966797
81747724,2022,2022-04-14,5600,2022-04-11,1717,4501,8252,1,5,5,5601,0,0,0,,0,8C01,BRIDGEHAMPTON WY,TOWN FOREST CT,0.00,W,Y,A,-,N,,,,,,,,,,N,3,0,1,2,A,-,11,21950,B,N,G,B,D,A,H,-,A,A,0,Y,,,,Y,,N,60,0,1,0,0,1,0,0,0,0,- ,- ,34.208560943603516,-119.02584838867188,VENTURA,CAMARILLO,-119.02582550048828,34.208530426025391
81750766,2022,2022-04-19,5600,2022-03-14,1432,3539,9086,1,5,4,5690,0,0,0,,0,9H01,US 101 N/B OFF-RAMP,LYNN ROAD,3.00,S,N,A,-,N,,,,,,,,,,N,4,0,1,2,A,-,05,21650,1,N,D,G,A,A,H,-,A,A,0,,Y,,,Y,Y,L,04,0,0,1,0,0,0,1,0,0,- ,- ,,,VENTURA,MOORPARK,,
8175994,2016,2016-12-02,5608,2016-11-20,1130,491,,7,5,6,5608,0,0,0,,0,003,DAY RD,EAST CAMPUS WY,140.00,S,N,A,-,N,,,,,,,,,,N,3,0,1,2,A,-,05,21650,1,N,A,G,A,A,H,-,A,D,0,,Y,,,Y,,L,04,0,1,0,0,0,0,1,0,0,- ,- ,,,VENTURA,VENTURA,-119.22677002,34.277628970000002
81773525,2022,2022-05-17,5600,2022-04-28,0825,5196,9212,4,5,6,5607,0,0,0,,0,9C01,VIA MIRABELLA,VIA RIO,300.00,N,N,B,-,N,,,,,,,,,,N,3,0,1,2,A,-,17,22517,,N,B,G,A,A,H,-,A,D,0,,Y,,,Y,,A,01,0,1,0,0,0,0,1,0,0,- ,- ,,,VENTURA,THOUSAND OAKS,,
81797274,2022,2022-06-17,5600,2022-06-03,1242,5336,9170,5,5,6,5607,0,0,0,,0,9D01,LAKEVIEW CANYON  ROAD,TOWNSGATE ROAD,0.00,,Y,A,-,N,,,,,,,,,,N,4,0,1,2,A,-,09,21801,A,N,G,B,E,A,H,-,A,A,0,Y,,,,Y,,A,01,0,0,1,0,1,0,0,0,0,- ,- ,,,VENTURA,THOUSAND OAKS,-118.81864166259766,34.150291442871094
81825727,2021,2022-07-27,5609,2021-12-24,1907,499,,5,5,6,5609,0,0,0,,0,002,ROYAL AVE,FIRST ST,52.00,W,N,A,-,N,,,,,,,,,,Y,1,1,0,2,A,-,03,22350,,N,D,G,A,A,H,-,C,A,0,,Y,,,Y,,D,22,0,0,0,0,0,1,0,0,0,- ,- ,34.264568328857422,-118.77890777587891,VENTURA,SIMI VALLEY,-118.77919006347656,34.264446258544922
8182573,2016,2017-03-04,5600,2016-11-10,0724,4745,1003,4,5,2,5603,0,0,0,,0,1A01,RT 150,EL PASEO RD,0.00,,Y,A,-,Y,VEN,7,150,-,-,16.711,I,5,W,N,3,0,1,2,A,-,05,21650,1,N,D,G,A,A,H,-,A,A,0,,Y,,,Y,,L,04,0,1,0,0,0,0,1,0,0,- ,- ,34.442419999999998,-119.25891,VENTURA,OJAI,-119.25679095,34.443210090000001
81856624,2022,2022-09-05,5600,2022-08-05,1823,5244,9060,5,5,6,5607,0,0,0,,0,9B01,LA GRANADA DR,EL SEGUNDO DR,18.00,E,N,A,-,N,,,,,,,,,,Y,4,0,1,2,A,-,11,21950,B,N,G,B,D,A,H,-,A,D,0,Y,,,,Y,Y,N,60,0,0,1,0,1,0,0,0,0,- ,- ,34.191841125488281,-118.85848999023438,VENTURA,THOUSAND OAKS,-118.85855102539062,34.191837310791016
81856656,2022,2022-09-05,5600,2022-08-17,0800,3101,6020,3,5,3,5602,0,0,0,,0,6B01,MAIN STREET,SARATOGA STREET,0.00,,Y,A,-,N,,,,,,,,,,N,3,0,1,2,A,-,11,21950,B,N,G,B,D,A,H,-,A,D,0,Y,,,,Y,,N,60,0,1,0,0,1,0,0,0,0,- ,- ,,,VENTURA,FILLMORE,-118.91105651855469,34.399448394775391
81864924,2022,2022-09-15,5600,2022-09-11,1642,3147,9150,7,5,6,5607,0,0,0,,0,9G01,HILLCREST DR,DUESENBERG DR,7.00,E,N,A,-,N,,,,,,,,,,N,3,0,1,2,A,-,17,21451,A,N,G,B,B,A,H,-,A,A,0,Y,,,,Y,,A,01,0,1,0,0,1,0,0,0,0,- ,- ,34.168380737304688,-118.8363037109375,VENTURA,THOUSAND OAKS,-118.83219909667969,34.171802520751953
81883564,2022,2022-10-06,5609,2022-10-04,0820,356,,2,5,6,5609,0,0,0,,0,005,LOS ANGELES AVE,HIDDEN RANCH DR,0.00,,Y,A,-,N,,,,,,,,,,N,3,0,1,2,A,-,10,21950,A,N,G,B,B,A,H,-,A,A,0,Y,,,,Y,,A,01,0,1,0,0,1,0,0,0,0,- ,- ,34.2718505859375,-118.69454956054688,VENTURA,SIMI VALLEY,-118.69455718994141,34.271739959716797
81891119,2022,2022-10-17,5600,2022-04-29,1252,4615,8120,5,5,5,5601,0,0,0,,0,8B01,LAS POSAS RD,TEMPLE AV,0.00,,Y,A,-,N,,,,,,,,,,Y,1,1,0,2,D,-,00,,,N,G,B,B,A,H,-,A,A,0,Y,,,,Y,,-,- ,0,0,0,1,0,0,0,0,0,- ,- ,34.237758636474609,-119.03370666503906,VENTURA,CAMARILLO,-119.03379821777344,34.23785400390625
81922658,2022,2022-11-21,5600,2022-10-12,1921,4637,5103,3,5,4,5690,0,0,0,,0,2B01,HIGH ST,MAGNOLIA ST,0.00,,Y,A,-,N,,,,,,,,,,Y,2,0,1,2,A,-,11,21953,,N,G,B,D,A,H,-,C,D,0,Y,,,,Y,,N,60,1,0,0,0,1,0,0,0,0,- ,- ,34.285419464111328,-118.87773132324219,VENTURA,MOORPARK,-118.87775421142578,34.285411834716797
81922670,2022,2022-11-21,5600,2022-11-15,0734,5204,6020,2,5,3,5602,0,0,0,,0,6B01,SR-126 (VENTURA ST.),MOUNTAIN VIEW ST.,26.00,E,N,A,-,Y,,,,,,,,,,N,4,0,1,2,A,-,10,21950,A,N,G,B,B,A,H,-,A,A,0,Y,,,,Y,,A,07,0,0,1,0,1,0,0,0,0,- ,- ,,,VENTURA,FILLMORE,-118.90824890136719,34.397789001464844
81929795,2022,2022-11-30,5609,2022-11-27,1841,5023,,7,5,6,5609,0,0,0,,0,006,STEARNS ST,ALAMO ST,16.00,S,N,A,-,N,,,,,,,,,,N,3,0,1,2,A,-,10,21950,A,N,G,B,B,A,H,-,C,A,0,Y,,,,Y,,A,07,0,1,0,0,1,0,0,0,0,- ,- ,34.286140441894531,-118.69148254394531,VENTURA,SIMI VALLEY,-118.69142150878906,34.286209106445312
81954949,2022,2022-12-29,5600,2022-12-02,1149,5769,9050,5,5,6,5607,0,0,0,,0,9B01,JANSS RD,MONTGOMERY RD,18.00,E,N,B,-,N,,,,,,,,,,N,3,0,1,2,A,-,10,21950,A,N,G,B,B,B,H,-,A,A,0,Y,,,,Y,,A,01,0,1,0,0,1,0,0,0,0,- ,- ,34.19940185546875,-118.864013671875,VENTURA,THOUSAND OAKS,-118.86396789550781,34.199436187744141
8196171,2016,2017-01-05,5608,2016-11-14,0450,417,,1,5,6,5608,0,0,0,,0,002,HARBOR BL,OLIVAS PARK DR,0.00,,Y,A,-,N,,,,,,,,,,N,3,0,1,2,A,-,09,21453,B,F,D,G,A,A,H,-,C,A,0,,Y,,,Y,,-,99,0,1,0,0,0,0,1,0,0,- ,- ,,,VENTURA,VENTURA,-119.25675991999999,34.244290069999998
8197239,2016,2017-03-04,5600,2016-12-06,1700,4646,5100,2,5,4,5690,0,0,0,,0,02B,RT 23,3RD ST,5.00,S,N,A,-,Y,LA,7,23,-,R,13.137,I,5,N,Y,3,0,1,2,A,-,10,21950,A,N,G,B,B,A,H,-,C,D,0,Y,,,,Y,,A,01,0,1,0,0,1,0,0,0,0,- ,- ,,,VENTURA,MOORPARK,-118.88213188,34.281908659999999
81980014,2023,2023-01-27,5609,2023-01-20,818 ,5004,,5,5,6,5609,0,0,0,,0,004,SYCAMORE DR,COCHRAN ST,14.00,S,N,A,-,N,,,,,,,,,,N,4,0,1,2,A,-,05,21650,1,N,D,G,A,A,H,-,A,A,0,,Y,,,Y,,L,04,0,0,1,0,0,0,1,0,0,- ,- ,34.278560638427734,-118.74358367919922,VENTURA,SIMI VALLEY,-118.74391174316406,34.278961181640625
81985565,2023,2023-02-03,5600,2023-01-30,730 ,2994,5100,1,5,4,5690,0,0,0,,0,2B01,2ND ST,MILLARD ST,0.00,,Y,B,-,N,,,,,,,,,,N,3,0,1,2,A,-,10,21950,A,N,G,B,B,B,H,-,A,A,0,Y,,,,Y,,A,01,0,1,0,0,1,0,0,0,0,- ,- ,34.282798767089844,-118.87850952148438,VENTURA,MOORPARK,-118.87849426269531,34.282810211181641
81993658,2022,2023-02-14,5600,2022-11-14,1546,5150,9024,1,5,6,5607,0,0,0,,0,9B01,RIKKARD DR,MEADOWSIDE DR,0.00,,Y,A,-,N,,,,,,,,,,N,1,1,0,2,A,-,10,21950,A,N,G,B,B,A,H,-,A,A,0,Y,,,,Y,,A,01,0,0,0,1,0,0,0,0,0,- ,- ,34.212608337402344,-118.83928680419922,VENTURA,THOUSAND OAKS,-118.83914184570312,34.212661743164062
81999555,2023,2023-02-22,5600,2023-02-11,858 ,5653,9112,6,5,6,5607,0,0,0,,0,9C01,LYNN RD,GREENDALE AV,0.00,,Y,A,-,N,,,,,,,,,,N,4,0,1,2,A,-,09,21801,A,N,D,G,A,A,H,-,A,D,0,,Y,,,Y,,A,01,0,0,1,0,0,0,1,0,0,- ,- ,34.159679412841797,-118.96576690673828,VENTURA,THOUSAND OAKS,-118.96153259277344,34.162082672119141
82026513,2023,2023-03-23,5600,2023-03-10,2229,5151,9080,5,5,6,5607,0,0,0,,0,9H01,MOORPARK RD,WILBUR RD,3.00,N,N,B,-,N,,,,,,,,,,N,3,0,1,2,A,-,10,21950,A,N,G,B,B,B,H,-,C,A,0,Y,,,,Y,,D,22,0,1,0,0,1,0,0,0,0,- ,- ,34.186569213867188,-118.87493896484375,VENTURA,THOUSAND OAKS,-118.87503814697266,34.186599731445312
82043897,2023,2023-04-13,5600,2023-04-05,710 ,5284,6008,3,5,3,5602,0,0,0,,0,6A01,SR 126 (VENTURA STREET),B STREET,27.00,W,N,A,-,Y,,,,,,,,,,N,2,0,1,2,A,-,11,21950,B,N,G,B,C,A,H,-,A,A,0,Y,,,Y,Y,,N,60,1,0,0,0,1,0,0,0,0,- ,- ,,,VENTURA,FILLMORE,-118.92254638671875,34.395587921142578
82048235,2023,2023-04-19,5600,2023-04-13,1900,5103,5106,4,5,4,5690,0,0,0,,0,2A01,WALNUT CANYON RD,CASEY RD,300.00,N,N,A,-,N,,,,,,,,,,N,3,0,1,2,A,-,17,22517,,N,H,G,A,A,H,-,A,D,0,,Y,,,Y,,A,01,0,1,0,0,0,0,1,0,0,- ,- ,34.288509368896484,-118.88350677490234,VENTURA,MOORPARK,-118.88337707519531,34.289196014404297
82057197,2023,2023-05-01,5600,2023-04-21,1138,5058,1002,5,5,2,5603,0,0,0,,0,1A01,MARICOPA HWY (SR 33),CARILLO RD,192.00,E,N,A,-,Y,VEN,,33, , ,11.331,H,,R,N,4,0,1,2,A,-,05,21650,1,N,D,G,A,A,H,-,A,D,0,,Y,,,Y,,L,04,0,0,1,0,0,0,1,0,0,- ,- ,34.441989898681641,-119.26264953613281,VENTURA,OJAI,-119.26264953613281,34.441974639892578