CASE_ID,ACCIDENT_YEAR,PROC_DATE,JURIS,COLLISION_DATE,COLLISION_TIME,OFFICER_ID,REPORTING_DISTRICT,DAY_OF_WEEK,CHP_SHIFT,POPULATION,CNTY_CITY_LOC,SPECIAL_COND,BEAT_TYPE,CHP_BEAT_TYPE,CITY_DIVISION_LAPD,CHP_BEAT_CLASS,BEAT_NUMBER,PRIMARY_RD,SECONDARY_RD,DISTANCE,DIRECTION,INTERSECTION,WEATHER_1,WEATHER_2,STATE_HWY_IND,CALTRANS_COUNTY,CALTRANS_DISTRICT,STATE_ROUTE,ROUTE_SUFFIX,POSTMILE_PREFIX,POSTMILE,LOCATION_TYPE,RAMP_INTERSECTION,SIDE_OF_HWY,TOW_AWAY,COLLISION_SEVERITY,NUMBER_KILLED,NUMBER_INJURED,PARTY_COUNT,PRIMARY_COLL_FACTOR,PCF_CODE_OF_VIOL,PCF_VIOL_CATEGORY,PCF_VIOLATION,PCF_VIOL_SUBSECTION,HIT_AND_RUN,TYPE_OF_COLLISION,MVIW,PED_ACTION,ROAD_SURFACE,ROAD_COND_1,ROAD_COND_2,LIGHTING,CONTROL_DEVICE,CHP_ROAD_TYPE,PEDESTRIAN_ACCIDENT,BICYCLE_ACCIDENT,MOTORCYCLE_ACCIDENT,TRUCK_ACCIDENT,NOT_PRIVATE_PROPERTY,ALCOHOL_INVOLVED,STWD_VEHTYPE_AT_FAULT,CHP_VEHTYPE_AT_FAULT,COUNT_SEVERE_INJ,COUNT_VISIBLE_INJ,COUNT_COMPLAINT_PAIN,COUNT_PED_KILLED,COUNT_PED_INJURED,COUNT_BICYCLIST_KILLED,COUNT_BICYCLIST_INJURED,COUNT_MC_KILLED,COUNT_MC_INJURED,PRIMARY_RAMP,SECONDARY_RAMP,LATITUDE,LONGITUDE,COUNTY,CITY,POINT_X,POINT_Y
82079795,2023,2023-06-08,5609,2023-05-25,1749,472,,4,5,6,5609,0,0,0,,0,005,TAPO CANYON RD,ALAMO ST,0.00,,Y,B,-,N,,,,,,,,,,N,2,0,1,2,A,-,10,21950,A,N,G,B,B,A,H,-,A,A,0,Y,,,,Y,,A,07,1,0,0,0,1,0,0,0,0,- ,- ,34.285781860351562,-118.71743774414062,VENTURA,SIMI VALLEY,-118.71784210205078,34.286380767822266
82081941,2023,2023-05-31,5609,2023-05-25,1718,5058,,4,5,6,5609,0,0,0,,0,004,LARCH ST,MARTER CT,35.00,W,N,A,-,N,,,,,,,,,,N,3,0,1,2,A,-,08,22107,,N,B,G,A,A,H,-,A,D,0,,Y,,,Y,,L,04,0,1,0,0,0,0,1,0,0,- ,- ,34.275379180908203,-118.75985717773438,VENTURA,SIMI VALLEY,-118.76009368896484,34.275379180908203
82086560,2023,2023-06-09,5600,2023-05-02,1503,4704,8012,2,5,5,5601,0,0,0,,0,8A01,CALLE LA RODA,PONDEROSA DR,0.00,,Y,A,-,N,,,,,,,,,,N,4,0,1,2,A,-,05,21650,1,N,D,G,A,A,H,-,A,A,0,,Y,,,Y,,L,04,0,0,1,0,0,0,1,0,0,- ,- ,34.223701477050781,-119.06646728515625,VENTURA,CAMARILLO,-119.06645965576172,34.223705291748047
82114610,2023,2023-07-12,5600,2023-06-27,1400,4617,9073,2,5,6,5607,0,0,0,,0,9G01,THOUSAND OAKS BL,DALLAS DR,268.00,W,N,A,-,N,,,,,,,,,,N,3,0,1,2,A,-,11,21954,A,F,G,B,E,A,H,-,A,D,0,Y,,,,Y,,N,60,0,1,0,0,1,0,0,0,0,- ,- ,34.176200866699219,-118.84882354736328,VENTURA,THOUSAND OAKS,,
82127169,2023,2023-08-04,5600,2023-07-18,1941,5260,9094,2,5,6,5607,0,0,0,,0,9G01,MOORPARK RD,BRAZIL ST,20.00,N,N,A,-,N,,,,,,,,,,N,2,0,1,2,A,-,11,21453,D,N,G,B,B,A,H,-,A,A,0,Y,,,,Y,Y,N,60,1,0,0,0,1,0,0,0,0,- ,- ,34.180988311767578,-118.87930297851562,VENTURA,THOUSAND OAKS,-118.87551116943359,34.184135437011719
82135929,2023,2023-08-04,5600,2023-07-17,922 ,5688,8113,1,5,5,5601,0,0,0,,0,8B01,MOBIL AV,DAILY DR,0.00,,Y,A,-,N,,,,,,,,,,N,4,0,1,2,A,-,05,21202,A,N,D,G,A,A,H,-,A,D,0,,Y,,,Y,,L,04,0,0,1,0,0,0,1,0,0,- ,- ,34.217628479003906,-119.04297637939453,VENTURA,CAMARILLO,-119.04299163818359,34.217704772949219
82164138,2023,2023-09-12,5600,2023-08-20,1346,3147,9050,7,5,6,5607,0,0,0,,0,9B01,MOORPARK RD,GAINSBOROUGH RD,15.00,S,N,B,C,N,,,,,,,,,,N,4,0,1,2,A,-,10,21950,A,N,G,B,B,B,H,-,A,A,0,Y,,,,Y,,D,22,0,0,1,0,1,0,0,0,0,- ,- ,34.194881439208984,-118.8721923828125,VENTURA,THOUSAND OAKS,-118.87227630615234,34.19488525390625
82189844,2023,2023-10-04,5609,2023-10-01,613 ,5120,,7,5,6,5609,0,0,0,,0,005,COCHRAN ST,TAPO ST,0.00,,Y,A,-,N,,,,,,,,,,N,3,0,1,2,A,-,10,21950,A,N,G,B,B,A,H,-,C,A,0,Y,,,,Y,,-,- ,0,1,0,0,1,0,0,0,0,- ,- ,34.278999328613281,-118.70906829833984,VENTURA,SIMI VALLEY,-118.70896148681641,34.279010772705078
82206706,2023,2023-10-24,5600,2023-09-24,732 ,5291,1000,7,5,2,5603,0,0,0,,0,1A01,WEST OJAI AVE./SR-150,BLANCHE ST.,0.00,,Y,A,-,Y,VEN,,150, , ,17.411,H,,R,N,3,0,1,3,A,-,10,21950,A,N,G,B,B,A,H,-,A,D,0,Y,,,,Y,,A,01,0,1,0,0,1,0,0,0,0,- ,- ,34.447639465332031,-119.24825286865234,VENTURA,OJAI,-119.24824523925781,34.447566986083984
82236279,2023,2023-11-15,5609,2023-11-07,1809,464,,2,5,6,5609,0,0,0,,0,001,EASY ST,FIRST ST,12.00,E,N,A,-,N,,,,,,,,,,N,4,0,1,2,A,-,05,21650,,N,D,G,A,A,H,-,C,A,0,,Y,,,Y,,L,04,0,0,1,0,0,0,1,0,0,- ,- ,34.273441314697266,-118.77870178222656,VENTURA,SIMI VALLEY,-118.77893829345703,34.273689270019531
82262769,2023,2023-12-15,5600,2023-11-07,1100,5302,8211,2,5,5,5601,0,0,0,,0,8D01,WOODCREEK RD,MISSION OAKS BL,451.00,N,N,A,-,N,,,,,,,,,,N,4,0,1,2,A,-,11,21954,A,N,G,B,D,A,H,-,A,D,0,Y,,,,Y,,N,60,0,0,1,0,1,0,0,0,0,- ,- ,34.228649139404297,-118.99716186523438,VENTURA,CAMARILLO,-118.9979248046875,34.229843139648438
82263787,2023,2023-12-18,5609,2023-12-11,1416,5033,406,1,5,6,5609,0,0,0,,0,004,GALENA AVE,ALAMO ST,22.00,S,N,A,-,N,,,,,,,,,,N,2,0,1,2,A,-,10,21950,A,N,G,B,B,A,H,-,A,A,0,Y,,,,Y,,A,07,1,0,0,0,1,0,0,0,0,- ,- ,34.285881042480469,-118.73532867431641,VENTURA,SIMI VALLEY,-118.73564147949219,34.286251068115234
82265469,2023,2024-04-19,5600,2023-11-30,946 ,5293,8201,4,5,5,5601,0,0,0,,0,8D01,ADOLFO RD,FLYNN RD,0.00,,Y,A,-,N,,,,,,,,,,Y,4,0,1,2,A,-,09,21801,A,N,H,G,A,A,H,-,A,A,0,,Y,,,Y,,L,04,0,0,1,0,0,0,1,0,0,- ,- ,34.227340698242188,-119.02008056640625,VENTURA,CAMARILLO,-119.01693725585938,34.229312896728516
82301560,2023,2024-01-31,5608,2023-10-11,2040,547,,3,5,6,5608,0,0,0,,0,003,EL MONTE AVE,CHICO DR,45.00,N,N,A,-,N,,,,,,,,,,N,3,0,1,2,A,-,03,22350,,N,G,B,D,A,H,-,C,D,0,Y,,,,Y,,A,07,0,1,0,0,1,0,0,0,0,- ,- ,,,VENTURA,VENTURA,-119.17729187011719,34.279220581054688
82308564,2024,2024-02-08,5609,2024-01-26,1513,5004,,5,5,6,5609,0,0,0,,0,002,ROYAL AVE,SINALOA RD,21.00,W,N,A,-,N,,,,,,,,,,N,4,0,1,2,A,-,10,21950,A,N,D,B,B,A,H,-,A,A,0,Y,,,,Y,Y,A,01,0,0,1,0,1,0,0,0,0,- ,- ,34.264369964599609,-118.78771209716797,VENTURA,SIMI VALLEY,-118.78766632080078,34.264419555664062
82309806,2024,2024-02-09,5600,2024-01-27,1922,5399,9128,6,5,6,5607,0,0,0,,0,9H01,HILLCREST DR,RANCHO CONEJO BL,0.00,,Y,A,-,N,,,,,,,,,,N,4,0,1,2,A,-,05,21650,1,N,D,G,A,A,H,-,C,A,0,,Y,,,Y,,L,04,0,0,1,0,0,0,1,0,0,- ,- ,34.184299468994141,-118.92903137207031,VENTURA,THOUSAND OAKS,-118.92515563964844,34.187057495117188
82315638,2024,2024-02-16,5600,2024-02-08,1441,5986,,4,5,5,5601,0,0,0,,0,8A01,PONDEROSA DR,CALLE LA RODA,227.00,W,N,A,-,N,,,,,,,,,,N,3,0,1,2,A,-,11,21954,A,N,G,B,D,A,H,-,A,D,0,Y,,,,Y,,-,- ,0,1,0,0,1,0,0,0,0,- ,- ,34.223701477050781,-119.06646728515625,VENTURA,CAMARILLO,-119.06720733642578,34.223709106445312
82330805,2024,2024-06-14,5600,2024-02-24,1531,5983,,6,5,6,5607,0,0,0,,0,9C01,FELTON ST,WENDY DR,29.00,S,N,A,-,N,,,,,,,,,,N,4,0,1,2,A,-,09,21802,A,F,D,G,A,A,H,-,A,D,0,,Y,,,Y,,A,01,0,0,1,0,0,0,1,0,0,- ,- ,34.163619995117188,-118.94677734375,VENTURA,THOUSAND OAKS,,
82333920,2024,2024-03-11,5609,2024-01-04,1949,5004,,4,5,6,5609,0,0,0,,0,005,LOS ANGELES AVE,STEARNS ST,254.00,W,N,A,-,N,,,,,,,,,,N,2,0,1,2,A,-,11,21954,A,F,D,B,E,A,H,-,C,D,0,Y,,,,Y,,N,60,1,0,0,0,1,0,0,0,0,- ,- ,34.271831512451172,-118.69138336181641,VENTURA,SIMI VALLEY,-118.69225311279297,34.271739959716797
82345755,2024,2024-03-25,5600,2024-03-22,1354,5343,1006,5,5,2,5603,0,0,0,,0,1B01,OJAI AVENUE/SR-150,NORTH MONTGOMERY AVENUE,264.00,W,N,B,-,Y,VEN,,150, , ,17.697,H,,R,N,3,0,1,2,A,-,10,21952,,N,G,B,F,A,H,-,A,D,0,Y,Y,,,Y,,L,04,0,1,0,0,1,0,0,0,0,- ,- ,34.447921752929688,-119.24343872070312,VENTURA,OJAI,-119.24343872070312,34.447898864746094
82350995,2024,2024-04-01,5609,2024-03-17,1110,463,,7,5,6,5609,0,0,0,,0,003,HOLBROOK AVE,COVINGTON AVE,100.00,S,N,A,-,N,,,,,,,,,,N,3,0,1,2,A,-,08,22103,,N,D,G,A,A,H,-,A,D,0,,Y,,,Y,,A,01,0,1,0,0,0,0,1,0,0,- ,- ,34.255760192871094,-118.75977325439453,VENTURA,SIMI VALLEY,-118.75983428955078,34.255496978759766
82352075,2024,2024-04-23,5600,2024-03-23,1540,4946,9176,6,5,6,5607,0,0,0,,0,9D01,AGOURA RD,WESTLAKE BL,100.00,E,N,B,-,N,,,,,,,,,,N,3,0,1,2,A,-,03,22350,,F,C,G,A,A,H,-,A,A,0,,Y,,,Y,,A,07,0,1,0,0,0,0,1,0,0,- ,- ,34.148708343505859,-118.83345031738281,VENTURA,THOUSAND OAKS,-118.82871246337891,34.151935577392578
82384477,2024,2024-05-08,5600,2024-04-24,733 ,5780,,3,5,6,5607,0,0,0,,0,9C01,BORCHARD RD,NEWBURY CONNECTOR,0.00,,Y,A,-,Y,,,,,,,,,,N,3,0,1,2,A,-,10,21950,A,N,G,B,B,A,H,-,A,A,0,Y,,,,Y,,A,07,0,1,0,0,1,0,0,0,0,- ,- ,34.180160522460938,-118.93026733398438,VENTURA,THOUSAND OAKS,-118.92633819580078,34.182918548583984
82384478,2024,2024-05-09,5600,2024-04-27,1538,5495,,6,5,2,5603,0,0,0,,0,1B01,GRAND AV,LION ST,48.00,E,N,A,-,N,,,,,,,,,,N,1,1,0,2,A,-,03,22350,,N,G,B,E,A,H,-,A,A,0,Y,,,,Y,,A,01,0,0,0,1,0,0,0,0,0,- ,- ,34.453350067138672,-119.24411773681641,VENTURA,OJAI,-119.24411010742188,34.453338623046875
82385470,2024,2024-05-09,5609,2024-05-05,1218,5033,,7,5,6,5609,0,0,0,,0,004,SEQUOIA AVE,TOWNSHIP AVE,0.00,,Y,A,-,N,,,,,,,,,,N,3,0,1,2,A,-,12,22450,A,N,D,G,A,A,H,-,A,A,0,,Y,,,Y,,L,04,0,1,0,0,0,0,1,0,0,- ,- ,34.293571472167969,-118.73081970214844,VENTURA,SIMI VALLEY,-118.73080444335938,34.29351806640625
82390098,2024,2024-05-20,5600,2024-05-08,742 ,4874,,3,5,2,5603,0,0,0,,0,1A01,W. OJAI AVENUE/SR-150,DEL NORTE ROAD,0.00,,Y,A,-,Y,,,,,,,,,,N,2,0,1,2,A,-,09,21801,A,N,H,G,A,A,H,-,A,A,0,,Y,,,Y,,A,07,1,0,0,0,0,0,1,0,0,- ,- ,,,VENTURA,OJAI,-119.26047515869141,34.441703796386719
82396327,2024,2024-05-22,5608,2024-05-05,1728,533,,7,5,6,5608,0,0,0,,0,003,MADERA AVENUE,FREMONT STREET,0.00,,Y,A,-,N,,,,,,,,,,N,2,0,1,2,A,-,03,22350,,N,H,G,A,A,H,-,A,D,0,,Y,,,Y,,M,91,1,0,0,0,0,0,1,0,0,- ,- ,,,VENTURA,VENTURA,-119.21453094482422,34.280216217041016
82402782,2024,2024-06-03,5600,2024-05-21,1632,5011,,2,5,6,5607,0,0,0,,0,9G01,THOUSAND OAKS BL,SKYLINE DR,30.00,E,N,A,-,N,,,,,,,,,,N,2,0,1,2,A,-,11,21954,A,N,G,B,D,A,H,-,A,A,0,Y,,,,Y,,-,- ,1,0,0,0,1,0,0,0,0,- ,- ,34.170711517333984,-118.83808135986328,VENTURA,THOUSAND OAKS,-118.83800506591797,34.170661926269531
82423616,2024,2024-06-26,5600,2024-05-19,1356,5256,,7,5,5,5601,0,0,0,,0,8D01,MISSION OAKS BL,COLONY DR,38.00,N,N,A,-,N,,,,,,,,,,N,3,0,1,1,C,-,18,,,N,H,G,A,A,H,-,A,D,0,,Y,,,Y,,-,- ,0,1,0,0,0,0,1,0,0,- ,- ,34.224288940429688,-119.00437164306641,VENTURA,CAMARILLO,-119.00434112548828,34.224365234375
8280932,2017,2017-01-27,5608,2017-01-05,0639,451,,4,5,6,5608,0,0,0,,0,003,MILLS RD,MAPLE ST,4.00,S,N,C,-,N,,,,,,,,,,N,3,0,1,2,A,-,03,22350,,N,G,B,B,B,H,-,C,A,0,Y,,,,Y,,-,,0,1,0,0,1,0,0,0,0,- ,- ,,,VENTURA,VENTURA,-119.24694765,34.268939199999998
8283302,2017,2017-01-30,5600,2017-01-06,1808,2833,9160,5,5,6,5607,0,0,0,,0,09D,MARMON AV,AUTO MALL DR,149.00,N,N,B,-,N,,,,,,,,,,N,3,0,1,2,A,-,21,22106,,N,G,B,E,B,H,-,C,D,0,Y,,,,Y,,A,07,0,1,0,0,1,0,0,0,0,- ,- ,,,VENTURA,THOUSAND OAKS,-118.83042485999999,34.162353119999999
8285338,2017,2017-01-25,5600,2017-01-13,1923,3852,9154,5,5,6,5607,0,0,0,,0,9G01,THOUSAND OAKS BL,LIVE OAK ST,5.00,E,N,A,-,N,,,,,,,,,,N,4,0,1,2,A,-,10,21950,A,N,G,B,B,A,H,-,C,A,0,Y,,,,Y,,A,07,0,0,1,0,1,0,0,0,0,- ,- ,,,VENTURA,THOUSAND OAKS,-118.84046778,34.172520779999999
8294604,2017,2017-02-06,5600,2017-01-19,1835,4968,9062,4,5,6,5607,0,0,0,,0,9B01,ERBES RD,LA GRANADA DR,7.00,N,N,B,-,N,,,,,,,,,,N,4,0,1,2,A,-,10,21950,A,N,G,B,B,B,H,-,C,A,0,Y,,,,Y,,D,22,0,0,1,0,1,0,0,0,0,- ,- ,,,VENTURA,THOUSAND OAKS,-118.84292216999999,34.194378069999999
8294625,2017,2017-02-03,5600,2017-01-10,2156,2833,9076,2,5,6,5607,0,0,0,,0,09H,MOORPARK RD,MAYFLOWER ST,214.00,N,N,C,-,N,,,,,,,,,,N,3,0,1,2,A,-,11,21954,A,N,G,B,D,B,H,-,C,D,0,Y,,,,Y,Y,N,60,0,1,0,0,1,0,0,0,0,- ,- ,,,VENTURA,THOUSAND OAKS,-118.87425441000001,34.19173456
8297226,2017,2017-03-02,5600,2017-01-30,1806,4900,8215,1,5,5,5601,0,0,0,,0,8D01,UPLAND RD,SANTA ROSA RD,27.00,W,N,A,-,N,,,,,,,,,,N,2,0,1,2,A,-,11,21954,A,N,G,B,D,A,H,-,B,A,0,Y,,,,Y,Y,N,60,1,0,0,0,1,0,0,0,0,- ,- ,34.23321,-118.97331,VENTURA,CAMARILLO,-118.97334119999999,34.233210679999999
82996910,2024,2024-07-31,5609,2024-07-26,719 ,5033,,5,5,6,5609,0,0,0,,0,003,LOS ANGELES AVE,PATRICIA ST,15.00,W,N,A,-,N,,,,,,,,,,N,2,0,1,2,A,-,12,21453,A,N,D,G,A,A,H,-,A,A,0,,Y,,,Y,,D,22,1,0,0,0,0,0,1,0,0,- ,- ,34.271488189697266,-118.77652740478516,VENTURA,SIMI VALLEY,-118.77674102783203,34.271659851074219
8299870,2017,2017-02-27,5608,2017-02-10,1241,464,,5,5,6,5608,0,0,0,,0,002,MILLS RD,TELEPHONE RD,5.00,S,N,A,-,N,,,,,,,,,,N,3,0,1,2,A,-,10,21950,A,N,G,B,B,A,H,-,A,A,0,Y,,,,Y,,-,,0,1,0,0,1,0,0,0,0,- ,- ,,,VENTURA,VENTURA,-119.24777269000001,34.272963799999999
8301625,2017,2017-02-15,5609,2017-02-01,1818,388,,3,5,6,5609,0,0,0,,0,001,W EASY ST,MADERA RD,925.00,W,N,A,-,N,,,,,,,,,,N,4,0,1,2,A,-,05,21650,,N,D,G,A,A,H,-,C,D,0,,Y,,,Y,,L,04,0,0,1,0,0,0,1,0,0,- ,- ,,,VENTURA,SIMI VALLEY,-118.79939653,34.278864059999997
8308128,2017,2017-08-04,5608,2017-03-11,1909,451,,6,5,6,5608,0,0,0,,0,004,TELEPHONE RD,PETIT AV,0.00,,Y,A,-,N,,,,,,,,,,N,3,0,1,2,A,-,08,22107,,N,E,G,A,A,H,-,C,A,0,,Y,,,Y,,-,,0,1,0,0,0,0,1,0,0,- ,- ,34.272179999999999,-119.17048,VENTURA,VENTURA,-119.17057008,34.27224004
8312107,2017,2018-01-06,5600,2017-02-07,1825,4704,5600,2,5,2,5603,0,0,0,,0,01B,RT 150,PARK RD,0.00,,Y,B,-,Y,VEN,7,150,-,-,18.051,I,5,E,N,2,0,1,2,A,-,10,21950,A,N,G,B,B,A,H,-,C,A,0,Y,,,,Y,,A,01,1,0,0,0,1,0,0,0,0,- ,- ,,,VENTURA,OJAI,-119.23601767,34.44849619
8319349,2017,2017-03-03,5608,2017-02-13,1950,449,,1,5,6,5608,0,0,0,,0,003,LOMA VISTA RD,ALPINE AV,0.00,,Y,B,-,N,,,,,,,,,,N,4,0,1,2,A,-,08,22107,,N,G,B,D,A,H,-,E,D,0,Y,,,,Y,,-,,0,0,1,0,1,0,0,0,0,- ,- ,,,VENTURA,VENTURA,-119.16922011,34.294730010000002
8319865,2017,2017-03-13,5608,2017-02-17,1834,439,,5,5,6,5608,0,0,0,,0,001,WEST HARRISON AV,OLIVE ST,0.00,,Y,B,C,N,,,,,,,,,,N,4,0,1,2,A,-,10,21950,A,N,G,B,B,B,H,-,C,D,0,Y,,,,Y,,-,,0,0,1,0,1,0,0,0,0,- ,- ,,,VENTURA,VENTURA,-119.30249989000001,34.286680079999996
8324014,2017,2017-03-23,5600,2017-01-16,1417,4572,8124,1,5,5,5601,0,0,0,,0,08C,ARNEILL RD,PICKWICK DR,0.00,,Y,A,-,N,,,,,,,,,,N,4,0,1,2,A,-,09,21801,A,N,H,G,A,A,H,-,A,A,0,,Y,,,Y,,A,01,0,0,1,0,0,0,1,0,0,- ,- ,34.222290000000001,-119.03886,VENTURA,CAMARILLO,-119.03905014,34.222280019999999
8328969,2017,2017-04-04,5608,2017-03-15,1630,474,,3,5,6,5608,0,0,0,,0,001,SANTA CLARA ST,S LAUREL ST,5.00,E,N,A,-,N,,,,,,,,,,N,3,0,1,2,A,-,10,21950,A,F,D,G,A,A,H,-,A,A,0,,Y,,,Y,,-,,0,1,0,0,0,0,1,0,0,- ,- ,,,VENTURA,VENTURA,-119.28546347,34.279559999999996
8329660,2017,2017-03-29,5609,2017-02-09,1732,437,,4,5,6,5609,0,0,0,,0,003,ROYAL AV,DARRAH AV,396.00,W,N,A,-,N,,,,,,,,,,N,4,0,1,2,A,-,11,21950,B,N,G,B,D,A,H,-,B,D,0,Y,,,,Y,,N,60,0,0,1,0,1,0,0,0,0,- ,- ,34.266829999999999,-118.72427,VENTURA,SIMI VALLEY,-118.72508193,34.266055119999997
8332396,2017,2017-03-28,5600,2017-03-10,1915,2877,8007,5,5,5,5601,0,0,0,,0,8A01,LAS POSAS RD,DAILY DR,0.00,,Y,A,-,N,,,,,,,,,,N,4,0,1,2,A,-,10,21950,A,N,G,B,B,A,H,-,C,A,0,Y,,,,Y,,A,07,0,0,1,0,1,0,0,0,0,- ,- ,34.221739999999997,-119.06963,VENTURA,CAMARILLO,-119.06979004,34.221840010000001
8332983,2017,2017-03-30,5608,2017-03-16,0656,443,VENTU,4,5,6,5608,0,0,0,,0,001,FERRO DR,BRAKEY DR,150.00,W,N,A,-,N,,,,,,,,,,N,4,0,1,2,A,-,08,22107,,F,G,B,E,A,H,-,A,D,0,Y,,,,Y,,-,,0,0,1,0,1,0,0,0,0,- ,- ,,,VENTURA,VENTURA,-119.29589387999999,34.283593150000002
8334519,2017,2017-03-30,5600,2017-02-17,1432,2833,9160,5,5,6,5607,0,0,0,,0,09D,THOUSAND OAKS BL,PIERCE ARROW AV,4.00,E,N,C,-,N,,,,,,,,,,N,4,0,1,2,A,-,10,21950,A,N,G,B,B,B,H,-,A,A,0,Y,,,,Y,,A,01,0,0,1,0,1,0,0,0,0,- ,- ,,,VENTURA,THOUSAND OAKS,-118.82573892000001,34.162414030000001
8334698,2017,2017-04-04,5600,2017-03-16,1027,4498,9158,4,5,6,5607,0,0,0,,0,09D,RT 23,TOWNSGATE RD,295.00,N,N,A,-,Y,,,,,,,,,,N,3,0,1,2,A,-,07,21658,A,N,H,G,A,-,A,H,A,A,0,,Y,,,Y,,D,22,0,1,0,0,0,0,1,0,0,- ,- ,,,VENTURA,THOUSAND OAKS,,
8346838,2017,2017-04-14,5608,2017-04-01,1551,482,,6,5,6,5608,0,0,0,,0,004,TELEPHONE RD,CYPRESS POINT LN,704.00,E,N,A,-,N,,,,,,,,,,N,4,0,1,2,A,-,09,21804,B,N,D,G,A,A,H,-,A,D,0,,Y,,,Y,,L,04,0,0,1,0,0,0,1,0,0,- ,- ,,,VENTURA,VENTURA,-119.21361247,34.26528459
8350451,2017,2017-04-25,5609,2017-04-06,2258,437,,4,5,6,5609,0,0,0,,0,004,COCHRAN ST,SEQUOIA AV,0.00,,Y,A,-,N,,,,,,,,,,N,4,0,1,2,A,-,11,21456,B,F,G,B,B,A,H,-,C,A,0,Y,,,,Y,,N,60,0,0,1,0,1,0,0,0,0,- ,- ,34.279000000000003,-118.73052,VENTURA,SIMI VALLEY,-118.73052010000001,34.279010040000003
8356434,2016,2017-06-14,5606,2016-12-05,1338,1116,5606,1,5,4,5606,0,0,0,,0,002,MAIN ST,7TH ST,190.00,E,N,A,-,N,,,,,,,,,,N,3,0,1,2,A,-,21,22106,,F,G,B,D,A,H,-,A,D,0,Y,,,,Y,,D,22,0,1,0,0,1,0,0,0,0,- ,- ,,,VENTURA,SANTA PAULA,-119.06543203,34.35221421
8358717,2017,2017-05-05,5608,2017-03-06,2500,449,,1,5,6,5608,0,0,0,,0,003,KIMBALL RD,TELEPHONE RD,0.00,,Y,A,-,N,,,,,,,,,,N,3,0,1,2,A,-,08,22107,,N,G,G,A,A,H,-,A,A,0,,Y,,,Y,,-,,0,1,0,0,0,0,1,0,0,- ,- ,,,VENTURA,VENTURA,-119.18866009,34.26887009
8363937,2017,2017-05-18,5608,2017-04-06,0949,429,,4,5,6,5608,0,0,0,,0,002,CHRISMAN AV,SANTA BARBARA ST,0.00,,Y,A,-,N,,,,,,,,,,N,2,0,1,2,A,-,21,22106,,N,G,B,E,A,H,-,A,-,0,Y,,,,Y,,-,,1,0,0,0,1,0,0,0,0,- ,- ,,,VENTURA,VENTURA,-119.27784998999999,34.278640019999997
8364007,2017,2017-05-30,5608,2017-05-09,1239,474,,2,5,6,5608,0,0,0,,0,001,STANLEY AV,BIKE PATH,0.00,,N,A,-,N,,,,,,,,,,N,4,0,1,2,A,-,09,21804,A,N,B,G,A,A,H,-,A,D,0,,Y,,,Y,,L,04,0,0,1,0,0,0,1,0,0,- ,- ,34.180370000000003,-119.18024,VENTURA,VENTURA,,
83767564,2024,2024-08-07,5600,2024-04-26,815 ,5424,,5,5,5,5601,0,0,0,,0,8D01,COLONY DR,HILLCREST DR,0.00,,Y,A,-,N,,,,,,,,,,N,3,0,1,2,D,-,00,,,N,D,G,A,A,H,-,A,D,0,,Y,,,Y,,-,- ,0,1,0,0,0,0,1,0,0,- ,- ,34.224071502685547,-119.00747680664062,VENTURA,CAMARILLO,-119.00749969482422,34.224109649658203
8381585,2017,2017-06-08,5609,2017-05-13,1406,419,,6,5,6,5609,0,0,0,,0,001,MADERA RD,ARISTOTLE ST,0.00,,Y,A,-,N,,,,,,,,,,N,3,0,1,2,A,-,03,22350,,N,C,G,A,A,H,-,A,D,0,,Y,,,Y,,A,01,0,1,0,0,0,0,1,0,0,- ,- ,34.277270000000001,-118.79631000000001,VENTURA,SIMI VALLEY,-118.79646006,34.277300070000003
8383011,2017,2017-06-05,5606,2017-03-20,1438,1101,5605,1,5,4,5606,0,0,0,,0,001,VENTURA ST,4TH ST,24.00,W,N,A,-,N,,,,,,,,,,N,3,0,1,2,A,-,10,21950,A,N,G,B,D,A,H,-,A,A,0,Y,,,,Y,,A,07,0,1,0,0,1,0,0,0,0,- ,- ,,,VENTURA,SANTA PAULA,-119.06805418,34.349356499999999
8383581,2017,2017-06-08,5608,2017-05-24,2022,493,,3,5,6,5608,0,0,0,,0,004,SARATOGA AV,THILLE ST,0.00,,Y,A,-,N,,,,,,,,,,N,4,0,1,2,A,-,12,22450,A,N,G,B,B,A,H,-,C,A,0,Y,,,,Y,,-,,0,0,1,0,1,0,0,0,0,- ,- ,,,VENTURA,VENTURA,-119.22050989,34.267020100000003
8394641,2017,2017-06-26,5608,2017-06-12,2017,464,,1,5,6,5608,0,0,0,,0,003,MILLS RD,DEAN DR,212.00,S,N,A,-,N,,,,,,,,,,N,4,0,1,2,A,-,05,21650,1,N,D,G,A,A,H,-,B,D,0,,Y,,,Y,,L,04,0,0,1,0,0,0,1,0,0,- ,- ,,,VENTURA,VENTURA,-119.24646562,34.2667389