CASE_ID,ACCIDENT_YEAR,PROC_DATE,JURIS,COLLISION_DATE,COLLISION_TIME,OFFICER_ID,REPORTING_DISTRICT,DAY_OF_WEEK,CHP_SHIFT,POPULATION,CNTY_CITY_LOC,SPECIAL_COND,BEAT_TYPE,CHP_BEAT_TYPE,CITY_DIVISION_LAPD,CHP_BEAT_CLASS,BEAT_NUMBER,PRIMARY_RD,SECONDARY_RD,DISTANCE,DIRECTION,INTERSECTION,WEATHER_1,WEATHER_2,STATE_HWY_IND,CALTRANS_COUNTY,CALTRANS_DISTRICT,STATE_ROUTE,ROUTE_SUFFIX,POSTMILE_PREFIX,POSTMILE,LOCATION_TYPE,RAMP_INTERSECTION,SIDE_OF_HWY,TOW_AWAY,COLLISION_SEVERITY,NUMBER_KILLED,NUMBER_INJURED,PARTY_COUNT,PRIMARY_COLL_FACTOR,PCF_CODE_OF_VIOL,PCF_VIOL_CATEGORY,PCF_VIOLATION,PCF_VIOL_SUBSECTION,HIT_AND_RUN,TYPE_OF_COLLISION,MVIW,PED_ACTION,ROAD_SURFACE,ROAD_COND_1,ROAD_COND_2,LIGHTING,CONTROL_DEVICE,CHP_ROAD_TYPE,PEDESTRIAN_ACCIDENT,BICYCLE_ACCIDENT,MOTORCYCLE_ACCIDENT,TRUCK_ACCIDENT,NOT_PRIVATE_PROPERTY,ALCOHOL_INVOLVED,STWD_VEHTYPE_AT_FAULT,CHP_VEHTYPE_AT_FAULT,COUNT_SEVERE_INJ,COUNT_VISIBLE_INJ,COUNT_COMPLAINT_PAIN,COUNT_PED_KILLED,COUNT_PED_INJURED,COUNT_BICYCLIST_KILLED,COUNT_BICYCLIST_INJURED,COUNT_MC_KILLED,COUNT_MC_INJURED,PRIMARY_RAMP,SECONDARY_RAMP,LATITUDE,LONGITUDE,COUNTY,CITY,POINT_X,POINT_Y
8394681,2017,2017-06-26,5608,2017-06-08,1010,430,,4,5,6,5608,0,0,0,,0,,MAIN ST,LOMA VISTA RD,0.00,,Y,A,-,N,,,,,,,,,,N,2,0,1,2,A,-,09,21801,A,N,-,G,A,A,H,-,A,A,0,,Y,,,Y,,L,04,1,0,0,0,0,0,1,0,0,- ,- ,,,VENTURA,VENTURA,-119.26152998000001,34.274780110000002
8398612,2017,2017-06-28,5600,2017-06-20,0917,3147,9072,2,5,6,5607,0,0,0,,0,9G01,THOUSAND OAKS BL,MAEGAN PL,0.00,,Y,A,-,N,,,,,,,,,,N,4,0,1,2,A,-,05,21650,1,N,H,G,A,A,H,-,A,A,0,,Y,,,Y,,L,04,0,0,1,0,0,0,1,0,0,- ,- ,,,VENTURA,THOUSAND OAKS,-118.85302009,34.178130080000003
8400119,2016,2018-05-03,5604,2016-01-07,1515,5338,,4,5,6,5604,0,0,0,,0,041,SAVIERS RD,LARK ST,100.00,W,N,A,-,N,,,,,,,,,,N,4,0,1,2,B,-,22,,,N,G,B,F,A,H,-,A,D,0,Y,,,,Y,,D,22,0,0,1,0,1,0,0,0,0,- ,- ,34.171909999999997,-119.17828,VENTURA,OXNARD,,
8401201,2016,2018-05-02,5604,2016-07-10,1715,5342,,7,5,6,5604,0,0,0,,0,042,HOWELL RD,CYPRESS RD,300.00,E,N,A,-,N,,,,,,,,,,N,3,0,1,2,A,-,11,21954,A,N,G,B,E,A,H,-,A,D,0,Y,,,,Y,,N,60,0,1,0,0,1,0,0,0,0,- ,- ,34.152909999999999,-119.173,VENTURA,OXNARD,,
8401237,2016,2018-05-03,5604,2016-06-04,1300,4957,,6,5,6,5604,0,0,0,,0,012,NORTH ROSE AV,GONZALES RD,70.00,N,N,B,-,N,,,,,,,,,,N,4,0,1,2,B,-,22,,,N,G,B,F,A,H,-,A,D,0,Y,,,,Y,,D,22,0,0,1,0,1,0,0,0,0,- ,- ,34.220089999999999,-119.16139,VENTURA,OXNARD,-119.15842349,34.219182050000001
8401291,2016,2018-05-02,5604,2016-04-20,1642,4696,,3,5,6,5604,0,0,0,,0,012,VENTURA BL,ALVARADO ST,100.00,N,N,A,-,N,,,,,,,,,,N,3,0,1,2,B,-,22,,,N,G,B,D,A,H,-,A,D,0,Y,,,,Y,,N,60,0,1,0,0,1,0,0,0,0,- ,- ,34.226709999999997,-119.16142000000001,VENTURA,OXNARD,-119.16617764,34.227435630000002
8401320,2016,2018-05-02,5604,2016-04-12,1759,4696,,2,5,6,5604,0,0,0,,0,012,RIO LINDO ST,MIRAMONTE ST,10.00,E,N,A,-,N,,,,,,,,,,N,4,0,1,2,A,-,05,21650,1,N,D,G,A,A,H,-,A,D,0,,Y,,,Y,,L,04,0,0,1,0,0,0,1,0,0,- ,- ,34.223979999999997,-119.16613,VENTURA,OXNARD,-119.16610695999999,34.22399961
8401345,2016,2018-05-02,5604,2016-03-26,1026,5452,,6,5,6,5604,0,0,0,,0,022,J ST,WOOLEY RD,0.00,,Y,A,-,N,,,,,,,,,,N,3,0,1,2,A,-,11,21461,5,N,D,B,B,A,H,-,A,A,0,Y,,,,Y,Y,N,60,0,1,0,0,1,0,0,0,0,- ,- ,34.19023,-119.18951,VENTURA,OXNARD,-119.18952002,34.19004004
8403281,2017,2017-07-10,5608,2017-06-26,1800,365,,1,5,6,5608,0,0,0,,0,003,TELEGRAPH RD,PETIT AV,0.00,,Y,A,-,N,,,,,,,,,,N,3,0,1,2,A,-,09,21801,A,N,D,G,A,A,H,-,A,A,0,,Y,,,Y,,-,,0,1,0,0,0,0,1,0,0,- ,- ,34.282769999999999,-119.18231,VENTURA,VENTURA,-119.18211006,34.282800100000003
8404958,2018,2020-05-22,5604,2018-03-29,2021,5231,,4,5,6,5604,0,0,0,,0,031,COOPER RD,GRANT AV,0.00,,Y,A,-,N,,,,,,,,,,Y,1,1,0,2,A,-,01,23152,A,N,G,B,B,A,H,-,C,D,0,Y,,,,Y,Y,-,,0,0,0,1,0,0,0,0,0,- ,- ,,,VENTURA,OXNARD,-119.17436981201172,34.204540252685547
8410761,2017,2017-07-25,5608,2017-07-08,1633,475,,6,5,6,5608,0,0,0,,0,001,POLI ST,PALM ST,130.00,W,N,A,-,N,,,,,,,,,,N,3,0,1,2,A,-,08,22107,,N,B,G,A,A,H,-,A,A,0,,Y,,,Y,,-,,0,1,0,0,0,0,1,0,0,- ,- ,,,VENTURA,VENTURA,-119.29661984000001,34.28212456
8415805,2016,2018-04-25,5604,2016-05-02,0815,5359,,1,5,6,5604,0,0,0,,0,014,THAMES RIVER DR,FOREST PARK BL,0.00,,Y,A,-,N,,,,,,,,,,N,4,0,1,2,A,-,10,21950,A,N,G,B,B,A,H,-,A,A,0,Y,,,,Y,,A,01,0,0,1,0,1,0,0,0,0,- ,- ,34.242339999999999,-119.16903000000001,VENTURA,OXNARD,-119.17027004000001,34.241770090000003
8415837,2016,2018-04-24,5604,2016-10-10,1600,4721,,1,5,6,5604,0,0,0,,0,041,YUCCA ST,SAMUEL AV,50.00,E,N,A,-,N,,,,,,,,,,N,4,0,1,2,A,-,21,22106,,F,G,B,F,A,H,-,A,D,0,Y,,,,Y,Y,-,99,0,0,1,0,1,0,0,0,0,- ,- ,34.165689999999998,-119.17627,VENTURA,OXNARD,-119.17656493,34.165937380000003
8415840,2016,2018-04-26,5604,2016-06-16,1212,5189,,4,5,6,5604,0,0,0,,0,031,WOODLEY RD,RICHMOND AV,0.00,,Y,A,-,N,,,,,,,,,,N,3,0,1,2,A,-,05,21650,1,N,D,G,A,A,H,-,A,A,0,,Y,,,Y,,L,04,0,1,0,0,0,0,1,0,0,- ,- ,,,VENTURA,OXNARD,-119.16850049999999,34.189937999999998
84176302,2024,2024-08-13,5600,2024-08-09,1540,5039,,5,5,6,5607,0,0,0,,0,9B01,WILBUR RD,LAURIE LN,363.00,W,N,A,-,N,,,,,,,,,,N,3,0,1,2,A,-,05,21650,1,N,D,G,A,A,H,-,A,D,0,,Y,,,Y,,L,04,0,1,0,0,0,0,1,0,0,- ,- ,34.183021545410156,-118.87563323974609,VENTURA,THOUSAND OAKS,-118.87294006347656,34.186317443847656
8420812,2017,2018-04-10,5600,2017-06-23,0802,4610,9140,5,5,6,5607,0,0,0,,0,09D,RT 23,TOWNSGATE RD,306.00,N,N,B,-,Y,VEN,7,23,-,R,3.160,H,-,S,N,3,0,1,2,A,-,03,22350,,N,C,G,A,A,H,-,A,D,0,,Y,,,Y,,L,04,0,1,0,0,0,0,1,0,0,- ,- ,,,VENTURA,THOUSAND OAKS,-118.82671469,34.15557003
8421251,2017,2017-08-03,5608,2017-07-24,0014,459,5608,1,5,6,5608,0,0,0,,0,001,THOMPSON BL,FIGUEROA ST,219.00,E,N,A,-,N,,,,,,,,,,Y,3,0,1,2,A,-,01,23153,A,N,G,B,E,A,H,-,C,D,0,Y,,,,Y,Y,-,,0,1,0,0,1,0,0,0,0,- ,- ,,,VENTURA,VENTURA,-119.29700584,34.278260000000003
8421271,2017,2017-08-04,5608,2017-07-20,0613,441,,4,5,6,5608,0,0,0,,0,001,MAIN ST,OAK ST,0.00,,Y,B,-,N,,,,,,,,,,N,3,0,1,2,A,-,08,22107,,N,D,G,A,A,H,-,A,A,0,,Y,,,Y,,-,,0,1,0,0,0,0,1,0,0,- ,- ,,,VENTURA,VENTURA,-119.29465989000001,34.280820040000002
8421275,2017,2017-11-08,5608,2017-07-20,1934,437,,4,5,6,5608,0,0,0,,0,001,HARBOR BL,HARBOR BL 668,0.00,,N,A,-,N,,,101,,,,,,,N,3,0,2,3,A,-,10,21950,A,N,G,B,C,A,H,-,A,D,0,Y,,,,Y,,-,,0,2,0,0,2,0,0,0,0,- ,- ,34.276299999999999,-119.2903,VENTURA,VENTURA,-119.29015636,34.27667306
8424091,2017,2017-08-24,5608,2017-07-04,2008,490,VTA,2,5,6,5608,0,0,0,,0,002,S SEAWARD AV,PIERPONT BL,141.00,S,N,A,-,N,,,,,,,,,,N,3,0,1,2,A,-,09,21800,A,N,-,G,A,A,H,-,A,D,0,,Y,,,Y,Y,-,,0,1,0,0,0,0,1,0,0,- ,- ,,,VENTURA,VENTURA,-119.27244879,34.263984430000001
8434492,2017,2017-08-23,5600,2017-08-05,0710,4610,9144,6,5,6,5607,0,0,0,,0,09D,WESTLAKE BL,CRESTHAVEN DR,204.00,S,N,A,-,N,,,,,,,,,,N,4,0,1,2,A,-,03,22350,,N,H,G,A,A,H,-,A,D,0,,Y,,,Y,,L,04,0,0,1,0,0,0,1,0,0,- ,- ,,,VENTURA,THOUSAND OAKS,-118.82178393,34.181037340000003
84354776,2024,2024-08-15,5609,2024-08-10,1155,383,,6,5,6,5609,0,0,0,,0,003,LOS ANGELES AVE,SYCAMORE DR,47.00,E,N,A,-,N,,,,,,,,,,N,4,0,1,2,A,-,08,22107,,N,H,G,A,A,H,-,A,D,0,,Y,,,Y,,A,01,0,0,1,0,0,0,1,0,0,- ,- ,34.271770477294922,-118.74382781982422,VENTURA,SIMI VALLEY,-118.74362182617188,34.271648406982422
8437996,2017,2017-08-25,5609,2017-07-27,1707,435,,4,5,6,5609,0,0,0,,0,,ALAMO ST,KADOTA ST,0.00,,Y,A,-,N,,,,,,,,,,N,2,0,1,2,A,-,09,21804,A,N,D,G,A,A,H,-,A,D,0,,Y,,,Y,,A,01,1,0,0,0,0,0,1,0,0,- ,- ,34.286189999999998,-118.70034,VENTURA,SIMI VALLEY,-118.70028013,34.286260009999999
84387575,2024,2024-09-10,5600,2024-08-30,1547,5007,,5,5,6,5607,0,0,0,,0,9C01,CALLE DEL PRADO,CALLE NORTE,335.00,S,N,A,-,N,,,,,,,,,,N,4,0,1,2,A,-,08,22107,,N,D,G,A,A,H,-,A,D,0,,Y,,,Y,,L,04,0,0,1,0,0,0,1,0,0,- ,- ,34.171810150146484,-118.97245025634766,VENTURA,THOUSAND OAKS,,
84396414,2024,2024-09-17,5600,2024-08-20,1900,5278,,2,5,4,5690,0,0,0,,0,2B01,2ND ST,MILLARD ST,0.00,,Y,-,-,N,,,,,,,,,,N,3,0,1,2,A,-,12,22450,A,N,G,B,B,A,H,-,A,A,0,Y,,,,Y,,A,01,0,1,0,0,1,0,0,0,0,- ,- ,34.282798767089844,-118.87850952148438,VENTURA,MOORPARK,-118.87849426269531,34.282810211181641
84396420,2024,2024-09-17,5600,2024-09-04,1410,5244,,3,5,6,5607,0,0,0,,0,9B01,AVENIDA DE LAS FLORES,OLIVEWOOD DR,115.00,W,N,A,-,N,,,,,,,,,,N,3,0,1,2,A,-,03,22350,,N,C,G,A,A,H,-,A,D,0,,Y,,,Y,,L,04,0,1,0,0,0,0,1,0,0,- ,- ,34.204559326171875,-118.84635925292969,VENTURA,THOUSAND OAKS,-118.84317779541016,34.207908630371094
84403196,2024,2024-09-23,5600,2024-09-10,958 ,5562,,2,5,5,5601,0,0,0,,0,8D01,SANTA ROSA RD,ADOBE WY,245.00,N,N,A,-,N,,,,,,,,,,N,2,0,1,2,A,-,08,22107,,N,B,G,A,A,H,-,A,D,0,,Y,,,Y,,A,07,1,0,0,0,0,0,1,0,0,- ,- ,34.227569580078125,-119.98316192626953,VENTURA,CAMARILLO,-118.98229217529297,34.227962493896484
8441161,2017,2017-09-13,5608,2017-08-29,1653,474,,2,5,6,5608,0,0,0,,0,001,SEAWARD AV,HARBOR BL,211.00,S,N,A,-,N,,,,,,,,,,Y,3,0,1,2,A,-,08,22107,,N,D,G,A,A,-,-,A,D,0,,Y,,,Y,,L,04,0,1,0,0,0,0,1,0,0,- ,- ,,,VENTURA,VENTURA,-119.27092673,34.264759859999998
84419330,2024,2024-10-04,5608,2024-09-18,2241,533,,3,5,6,5608,0,0,0,,0,001,THOMPSON BOULEVARD,PALM STREET,55.76,E,N,A,-,N,,,,,,,,,,N,1,1,0,2,A,-,11,21954,A,N,B,B,D,A,H,-,C,D,0,Y,,,,Y,,N,60,0,0,0,1,0,0,0,0,0,- ,- ,,,VENTURA,VENTURA,-119.29600524902344,34.278266906738281
84423981,2024,2024-10-09,5600,2024-10-07,823 ,5568,,1,5,2,5603,0,0,0,,0,1A01,MARICOPA HW,CHURCH RD,0.00,,Y,A,-,N,,,,,,,,,,N,3,0,1,2,A,-,10,21950,A,N,B,G,A,A,D,-,A,D,0,,Y,,,Y,,A,07,0,1,0,0,0,0,1,0,0,- ,- ,34.443088531494141,-119.26741790771484,VENTURA,OJAI,-119.26737976074219,34.443008422851562
84432518,2024,2024-10-16,5600,2024-10-09,1509,5039,,3,5,6,5607,0,0,0,,0,9C01,WENDY DR,FELTON ST,35.00,N,N,A,-,N,,,,,,,,,,N,4,0,1,2,A,-,08,22100,B,N,D,G,A,A,H,-,A,D,0,,Y,,,Y,,L,04,0,0,1,0,0,0,1,0,0,- ,- ,34.166221618652344,-118.94252777099609,VENTURA,THOUSAND OAKS,-118.942626953125,34.166301727294922
8443966,2017,2017-09-12,5609,2017-08-15,1841,437,,2,5,6,5609,0,0,0,,0,003,ROYAL AV,SEQUOIA AV,0.00,,Y,A,-,N,,,,,,,,,,N,4,0,1,2,A,-,05,21650,1,N,H,G,A,A,H,-,A,A,0,,Y,,,Y,,L,04,0,0,1,0,0,0,1,0,0,- ,- ,34.264580000000002,-118.7306,VENTURA,SIMI VALLEY,-118.73049012,34.264580070000001
8443974,2017,2017-09-12,5609,2017-08-21,0838,472,318,1,5,6,5609,0,0,0,,0,002,CROCKER ST,ROYAL AV,0.00,,Y,B,-,N,,,,,,,,,,N,3,0,1,2,A,-,09,21804,A,N,D,G,A,A,H,-,A,A,0,,Y,,,Y,,L,04,0,1,0,0,0,0,1,0,0,- ,- ,34.264519999999997,-118.76889,VENTURA,SIMI VALLEY,-118.76889011999999,34.264480030000001
84453279,2024,2024-11-01,5609,2024-10-17,1554,447,,4,5,6,5609,0,0,0,,0,005,LOS ANGELES AVE,TAPO ST,0.00,,Y,A,-,N,,,,,,,,,,N,3,0,1,2,A,-,10,21950,A,N,G,B,B,A,H,-,A,A,0,Y,,,,Y,,A,01,0,1,0,0,1,0,0,0,0,- ,- ,34.271678924560547,-118.70913696289062,VENTURA,SIMI VALLEY,-118.70895385742188,34.271701812744141
84453287,2024,2024-11-01,5609,2024-10-29,759 ,482,,2,5,6,5609,0,0,0,,0,003,FITZGERALD RD,WHITCOMB AVE,8.00,E,N,A,-,N,,,,,,,,,,N,3,0,1,2,A,-,12,21453,A,N,G,B,B,A,H,-,A,A,0,Y,,,,Y,,A,01,0,1,0,0,1,0,0,0,0,- ,- ,34.257171630859375,-118.75314331054688,VENTURA,SIMI VALLEY,-118.75304412841797,34.257221221923828
84468892,2024,2024-11-14,5600,2024-10-08,830 ,4965,,2,5,5,5601,0,0,0,,0,8A01,PONDEROSA DR,CALLE LA RODA,0.00,,Y,B,-,N,,,,,,,,,,N,4,0,1,2,A,-,05,21650,1,N,D,G,A,A,H,-,A,A,0,,Y,,,Y,,L,04,0,0,1,0,0,0,1,0,0,- ,- ,34.223701477050781,-119.06646728515625,VENTURA,CAMARILLO,-119.06645965576172,34.223705291748047
84470460,2024,2024-11-15,5600,2024-10-22,1430,5208,,2,5,3,5602,0,0,0,,0,6B01,A ST,SANTA CLARA ST,0.00,,Y,A,-,N,,,,,,,,,,N,3,0,1,2,D,-,00,,,N,D,G,A,A,H,-,A,A,0,,Y,,,Y,Y,-,- ,0,1,0,0,0,0,1,0,0,- ,- ,34.394779205322266,-118.91869354248047,VENTURA,FILLMORE,-118.91806030273438,34.397586822509766
84477835,2024,2024-11-21,5609,2024-11-17,1455,5004,,7,5,6,5609,0,0,0,,0,001,FIRST ST,AGNEW ST,117.00,S,N,A,-,N,,,,,,,,,,N,3,0,1,2,A,-,05,21650,1,N,D,G,A,A,H,-,A,D,0,,Y,,,Y,,L,04,0,1,0,0,0,0,1,0,0,- ,- ,34.276641845703125,-118.77884674072266,VENTURA,SIMI VALLEY,-118.77896881103516,34.276477813720703
84483451,2024,2024-11-26,5600,2024-11-21,810 ,5256,,4,5,5,5601,0,0,0,,0,8D01,WOODCREEK RD,PASEO DEL CAMPO,2.00,S,N,A,-,N,,,,,,,,,,N,4,0,1,2,A,-,05,21650,1,N,D,G,A,A,H,-,A,A,0,,Y,,,Y,,L,04,0,0,1,0,0,0,1,0,0,- ,- ,34.229251861572266,-119.00187683105469,VENTURA,CAMARILLO,-118.99871826171875,34.23138427734375
84488152,2024,2024-12-02,5600,2024-11-16,1445,5207,,6,5,2,5603,0,0,0,,0,1B01,GRAND AV,MONTGOMERY ST,230.00,W,N,A,-,N,,,,,,,,,,N,3,0,1,3,A,-,01,23153,A,N,B,G,A,A,H,-,A,D,0,,Y,,,Y,Y,A,01,0,1,0,0,0,0,1,0,0,- ,- ,34.453468322753906,-119.24292755126953,VENTURA,OJAI,-119.24366760253906,34.453388214111328
84497794,2024,2024-12-13,5600,2024-12-04,2035,5244,,3,5,6,5607,0,0,0,,0,9H01,TELLER RD,MARION ST,0.00,,Y,A,-,N,,,,,,,,,,N,3,0,1,2,A,-,11,21950,B,N,G,B,D,A,H,-,C,D,0,Y,,,,Y,,N,60,0,1,0,0,1,0,0,0,0,- ,- ,34.190010070800781,-118.93329620361328,VENTURA,THOUSAND OAKS,-118.93325042724609,34.189918518066406
84497802,2024,2024-12-13,5600,2024-12-07,1930,5368,,6,5,6,5607,0,0,0,,0,9H01,VENTU PARK RD,HILLCREST DR,110.00,S,N,A,-,N,,,,,,,,,,N,2,0,1,2,A,-,11,21954,A,N,G,B,D,A,H,-,E,A,0,Y,,,,Y,Y,N,60,1,0,0,0,1,0,0,0,0,- ,- ,34.188240051269531,-118.91121673583984,VENTURA,THOUSAND OAKS,-118.91134643554688,34.187999725341797
84503974,2024,2024-12-16,5609,2024-12-11,1908,5023,,3,5,6,5609,0,0,0,,0,004,ERRINGER RD,LARCH ST,17.00,N,N,A,-,N,,,,,,,,,,N,4,0,1,2,A,-,11,21456,A,N,G,B,B,A,H,-,C,A,0,Y,,,,Y,,N,60,0,0,1,0,1,0,0,0,0,- ,- ,34.275360107421875,-118.76126098632812,VENTURA,SIMI VALLEY,-118.76139831542969,34.275436401367188
84537962,2025,2025-01-15,5600,2025-01-12,1500,5256,,7,5,5,5601,0,0,0,,0,8D01,MISSION OAKS BL,CREEKSIDE RD,21.00,E,N,A,-,N,,,,,,,,,,N,2,0,1,2,A,-,05,21650,1,N,A,G,A,A,H,-,A,A,0,,Y,,,Y,,M,91,1,0,0,0,0,0,1,0,0,- ,- ,34.227031707763672,-119.00171661376953,VENTURA,CAMARILLO,-119.00169372558594,34.227123260498047
84539304,2025,2025-01-17,5600,2025-01-06,1512,2913,,1,5,6,5607,0,0,0,,0,9H01,MOORPARK RD,WILBUR RD,0.00,,Y,A,-,N,,,,,,,,,,N,3,0,1,2,A,-,12,21453,A,F,D,G,A,A,H,-,A,A,0,,Y,,,Y,,L,04,0,1,0,0,0,0,1,0,0,- ,- ,34.1834716796875,-118.87879180908203,VENTURA,THOUSAND OAKS,-118.87504577636719,34.186588287353516
84551736,2025,2025-01-28,5600,2025-01-10,758 ,5007,,5,5,6,5607,0,0,0,,0,9C01,BORCHARD RD,MICHAEL DR,15.00,S,N,A,-,N,,,,,,,,,,N,2,0,1,2,A,-,10,21950,A,N,G,B,B,A,H,-,A,B,0,Y,,,,Y,,A,01,1,0,0,0,1,0,0,0,0,- ,- ,34.181938171386719,-118.92749786376953,VENTURA,THOUSAND OAKS,-118.92742156982422,34.181877136230469
84574850,2025,2025-02-12,5600,2025-01-28,1439,5256,,2,5,5,5601,0,0,0,,0,8C01,MAR VISTA DR,CAMINO ALVAREZ,3.00,E,N,A,-,N,,,,,,,,,,N,3,0,1,2,A,-,05,21650,1,N,D,G,A,A,H,-,A,A,0,,Y,,,Y,,M,91,0,1,0,0,0,0,1,0,0,- ,- ,34.244209289550781,-119.01275634765625,VENTURA,CAMARILLO,,
8458030,2017,2017-09-28,5600,2017-09-15,1226,4703,8014,5,5,5,5601,0,0,0,,0,08A,DAILY DR,ROSEWOOD AV,869.00,W,N,A,-,N,,,,,,,,,,N,3,0,1,2,A,-,17,22517,,N,B,G,A,A,H,-,A,D,0,,Y,,,Y,,A,01,0,1,0,0,0,0,1,0,0,- ,- ,34.219239999999999,-119.06453999999999,VENTURA,CAMARILLO,-119.06442853,34.2192115
84584745,2025,2025-02-20,5600,2025-02-10,1638,2913,,1,5,6,5607,0,0,0,,0,9A01,MOUNTCLEF BL,FACULTY CT,120.00,W,N,A,-,N,,,,,,,,,,Y,3,0,1,2,A,-,11,21950,B,N,G,B,D,A,F,H,A,D,0,Y,,,,Y,,N,60,0,1,0,0,1,0,0,0,0,- ,- ,34.220790863037109,-118.87571716308594,VENTURA,THOUSAND OAKS,,
84586753,2025,2025-02-24,5609,2025-02-19,2020,5033,,3,5,6,5609,0,0,0,,0,005,BIG SPRINGS AVE,FANNIN DR,0.00,,Y,A,-,N,,,,,,,,,,N,3,0,1,2,A,-,10,21950,A,N,G,B,B,A,H,-,C,A,0,Y,,,,Y,,D,22,0,1,0,0,1,0,0,0,0,- ,- ,34.292438507080078,-118.70166015625,VENTURA,SIMI VALLEY,-118.70201873779297,34.293121337890625
8459107,2017,2017-10-03,5600,2017-09-02,1942,2833,9090,6,5,6,5607,0,0,0,,0,09G,THOUSAND OAKS BL,MOORPARK RD,250.00,W,N,A,-,N,,,,,,,,,,N,3,0,1,2,A,-,09,21804,A,N,H,G,A,A,H,-,C,D,0,,Y,,,Y,Y,L,04,0,1,0,0,0,0,1,0,0,- ,- ,,,VENTURA,THOUSAND OAKS,,
84592356,2025,2025-02-28,5609,2025-02-20,1751,447,,4,5,6,5609,0,0,0,,0,006,LOS ANGELES AVE,YOSEMITE AVE,0.00,,Y,A,-,N,,,,,,,,,,N,3,0,1,2,A,-,12,21453,A,N,D,G,A,A,H,-,B,A,0,,Y,,,Y,,M,91,0,1,0,0,0,0,1,0,0,- ,- ,34.271751403808594,-118.67838287353516,VENTURA,SIMI VALLEY,-118.67839813232422,34.271739959716797
8462933,2017,2017-10-16,5600,2017-08-25,1219,4218,5101,5,5,4,5690,0,0,0,,0,02B,SPRING RD,2ND ST / FLINN ST,0.00,,Y,A,-,N,,,,,,,,,,N,4,0,1,2,A,-,10,21950,A,N,G,B,B,A,H,-,A,A,0,Y,,,,Y,,A,07,0,0,1,0,1,0,0,0,0,- ,- ,,,VENTURA,MOORPARK,-118.8747225,34.282826999999997
8463243,2017,2017-10-25,5608,2017-09-30,1331,481,VENTU,6,5,6,5608,0,0,0,,0,004,TELEPHONE RD,WELLS RD,570.00,W,N,A,-,N,,,,,,,,,,Y,3,0,1,2,A,-,08,22107,,N,B,G,A,A,H,-,A,D,0,,Y,,,Y,,L,04,0,1,0,0,0,0,1,0,0,- ,- ,,,VENTURA,VENTURA,-119.15276713,34.282872830000002
84672567,2025,2025-05-02,5600,2025-03-27,1713,5924,,4,5,6,5607,0,0,0,,0,9B01,MOORPARK RD,CONEJO V ALLEY PLAZA,5.00,W,N,A,B,N,,,,,,,,,,N,3,0,2,2,A,-,05,21650,1,N,D,G,A,A,H,-,A,A,0,,Y,,,Y,,L,04,0,1,1,0,0,0,2,0,0,- ,- ,34.197708129882812,-118.86992645263672,VENTURA,THOUSAND OAKS,-118.86959838867188,34.198249816894531
84679716,2025,2025-05-08,5609,2025-04-29,1127,443,,2,5,6,5609,0,0,0,,0,003,ERRINGER RD,PATRICIA AVE,0.00,,Y,A,-,N,,,,,,,,,,Y,2,0,1,2,A,-,09,21453,B,N,D,G,A,A,H,-,A,A,0,,Y,,,Y,,D,22,1,0,0,0,0,0,1,0,0,- ,- ,34.269981384277344,-118.76130676269531,VENTURA,SIMI VALLEY,-118.76139831542969,34.27001953125
8470584,2017,2017-11-09,5608,2017-09-29,0850,464,,5,5,6,5608,0,0,0,,0,003,TELEGRAPH RD,ASHWOOD AV,660.00,W,N,A,-,N,,,,,,,,,,N,4,0,1,2,A,-,09,21804,A,N,B,G,A,A,H,-,A,D,0,,Y,,,Y,,L,04,0,0,1,0,0,0,1,0,0,- ,- ,,,VENTURA,VENTURA,-119.24130649999999,34.274060640000002
8470646,2017,2017-11-03,5608,2017-10-03,1632,342,,2,5,6,5608,0,0,0,,0,002,BORCHARD DR,MAIN ST,12.00,N,N,A,-,N,,,,,,,,,,N,3,0,1,2,A,-,05,21650,1,N,D,G,A,A,H,-,A,A,0,,Y,,,Y,,L,04,0,1,0,0,0,0,1,0,0,- ,- ,,,VENTURA,VENTURA,,
84706616,2025,2025-05-30,5600,2025-05-21,2053,5244,,3,5,6,5607,0,0,0,,0,9G01,THOUSAND OAKS BL,MOORPARK RD,0.00,,Y,A,-,N,,,,,,,,,,N,4,0,1,2,A,-,05,21650,1,N,D,G,A,A,H,-,C,A,0,,Y,,,Y,,L,04,0,0,1,0,0,0,1,0,0,- ,- ,34.179019927978516,-118.87648773193359,VENTURA,THOUSAND OAKS,-118.87651824951172,34.178932189941406
84713901,2025,2025-06-05,5609,2025-05-30,1206,5120,,5,5,6,5609,0,0,0,,0,005,ALAMO ST,FORT WORTH DR,0.00,,Y,A,-,N,,,,,,,,,,N,3,0,1,2,A,-,05,21650,1,N,D,G,A,A,H,-,A,D,0,,Y,,,Y,,M,91,0,1,0,0,0,0,1,0,0,- ,- ,34.286209106445312,-118.70355224609375,VENTURA,SIMI VALLEY,-118.70349884033203,34.2862548828125
84728185,2025,2025-06-17,5600,2025-06-09,1524,6108,,1,5,3,5602,0,0,0,,0,,SESPE AV,CENTRAL AV,175.00,W,N,A,-,N,,,,,,,,,,N,3,0,1,2,A,-,09,21804,A,N,D,G,A,A,H,-,A,D,0,,Y,,,Y,,A,01,0,1,0,0,0,0,1,0,0,- ,- ,34.400669097900391,-118.91380310058594,VENTURA,FILLMORE,-118.91432189941406,34.400604248046875