CASE_ID,ACCIDENT_YEAR,PROC_DATE,JURIS,COLLISION_DATE,COLLISION_TIME,OFFICER_ID,REPORTING_DISTRICT,DAY_OF_WEEK,CHP_SHIFT,POPULATION,CNTY_CITY_LOC,SPECIAL_COND,BEAT_TYPE,CHP_BEAT_TYPE,CITY_DIVISION_LAPD,CHP_BEAT_CLASS,BEAT_NUMBER,PRIMARY_RD,SECONDARY_RD,DISTANCE,DIRECTION,INTERSECTION,WEATHER_1,WEATHER_2,STATE_HWY_IND,CALTRANS_COUNTY,CALTRANS_DISTRICT,STATE_ROUTE,ROUTE_SUFFIX,POSTMILE_PREFIX,POSTMILE,LOCATION_TYPE,RAMP_INTERSECTION,SIDE_OF_HWY,TOW_AWAY,COLLISION_SEVERITY,NUMBER_KILLED,NUMBER_INJURED,PARTY_COUNT,PRIMARY_COLL_FACTOR,PCF_CODE_OF_VIOL,PCF_VIOL_CATEGORY,PCF_VIOLATION,PCF_VIOL_SUBSECTION,HIT_AND_RUN,TYPE_OF_COLLISION,MVIW,PED_ACTION,ROAD_SURFACE,ROAD_COND_1,ROAD_COND_2,LIGHTING,CONTROL_DEVICE,CHP_ROAD_TYPE,PEDESTRIAN_ACCIDENT,BICYCLE_ACCIDENT,MOTORCYCLE_ACCIDENT,TRUCK_ACCIDENT,NOT_PRIVATE_PROPERTY,ALCOHOL_INVOLVED,STWD_VEHTYPE_AT_FAULT,CHP_VEHTYPE_AT_FAULT,COUNT_SEVERE_INJ,COUNT_VISIBLE_INJ,COUNT_COMPLAINT_PAIN,COUNT_PED_KILLED,COUNT_PED_INJURED,COUNT_BICYCLIST_KILLED,COUNT_BICYCLIST_INJURED,COUNT_MC_KILLED,COUNT_MC_INJURED,PRIMARY_RAMP,SECONDARY_RAMP,LATITUDE,LONGITUDE,COUNTY,CITY,POINT_X,POINT_Y
84738478,2025,2025-06-25,5600,2025-06-06,1604,5924,,5,5,6,5607,0,0,0,,0,9B01,MONTGOMERY RD,WAVERLY HEIGHTS DR,0.00,,Y,A,B,N,,,,,,,,,,N,3,0,1,2,A,-,09,21802,A,N,D,G,A,A,H,-,A,A,0,,Y,,,Y,,L,04,0,1,0,0,0,0,1,0,0,- ,- ,34.200099945068359,-118.86344146728516,VENTURA,THOUSAND OAKS,-118.86346435546875,34.200160980224609
84746943,2025,2025-07-07,5600,2025-06-24,2016,5244,,2,5,6,5607,0,0,0,,0,9B01,WILBUR RD,HODENCAMP RD,22.00,W,N,B,-,N,,,,,,,,,,Y,4,0,1,2,A,-,10,21950,A,N,G,B,B,A,H,-,B,A,0,Y,,,,Y,,A,07,0,0,1,0,1,0,0,0,0,- ,- ,34.185638427734375,-118.86843872070312,VENTURA,THOUSAND OAKS,-118.86848449707031,34.18572998046875
8475203,2017,2017-12-09,5608,2017-10-23,0815,451,,1,5,6,5608,0,0,0,,0,004,GOLF COURSE DR,GOLF COURSE DR 3111,0.00,,N,A,-,N,,,,,,,,,,N,3,0,1,2,A,-,02,22400,A,N,B,G,A,A,H,-,A,D,0,,Y,,,Y,,-,,0,1,0,0,0,0,1,0,0,- ,- ,,,VENTURA,VENTURA,-119.20767367000001,34.244144609999999
84752863,2025,2025-09-01,5600,2025-06-27,2113,5629,,5,5,6,5607,0,0,0,,0,9A01,PAIGE LN,JANSS RD,0.00,,Y,A,-,N,,,,,,,,,,N,4,0,1,2,A,-,10,21950,A,F,G,B,B,A,H,-,C,A,0,Y,,,,Y,,A,07,0,0,1,0,1,0,0,0,0,- ,- ,34.199558258056641,-118.85262298583984,VENTURA,THOUSAND OAKS,-118.85261535644531,34.199539184570312
84785492,2025,2025-08-01,5600,2025-07-10,1138,5256,,4,5,5,5601,0,0,0,,0,8C01,MISSION OAKS BL,CAMARILLO RANCH RD,0.00,,Y,A,-,N,,,,,,,,,,N,4,0,1,2,A,-,05,21650,1,N,D,G,A,A,H,-,A,A,0,,Y,,,Y,,L,04,0,0,1,0,0,0,1,0,0,- ,- ,34.216239929199219,-119.018798828125,VENTURA,CAMARILLO,-119.01869964599609,34.216262817382812
84800386,2025,2025-08-13,5600,2025-07-21,1722,5774,,1,5,5,5601,0,0,0,,0,8D01,AVENIDA ACASO,ADOLFO RD,0.00,S,Y,A,-,N,,,,,,,,,,N,3,0,1,2,A,-,10,21950,A,N,G,B,B,A,H,-,A,A,0,Y,,,,Y,,A,01,0,1,0,0,1,0,0,0,0,- ,- ,34.226951599121094,-119.01602935791016,VENTURA,CAMARILLO,-119.01615142822266,34.2269287109375
84802129,2025,2025-09-01,5600,2025-07-19,1912,5332,,6,5,6,5607,0,0,0,,0,9C01,ADRIAN ST,KELLEY RD,163.00,E,N,A,-,N,,,,,,,,,,N,2,0,1,2,A,-,09,21804,A,N,D,G,A,A,H,-,A,A,0,,Y,,,Y,,L,04,1,0,0,0,0,0,1,0,0,- ,- ,34.175979614257812,-118.92501068115234,VENTURA,THOUSAND OAKS,-118.92046356201172,34.178810119628906
84803853,2025,2025-08-18,5600,2025-07-25,1759,5600,,5,5,5,5601,0,0,0,,0,8B01,PASEO CAMARILLO,CARMEN DR,171.00,W,N,A,-,N,,,,,,,,,,N,3,0,1,2,A,-,11,21955,,N,G,B,D,A,H,-,A,D,0,Y,,,,Y,,N,60,0,1,0,0,1,0,0,0,0,- ,- ,34.220989227294922,-119.05074310302734,VENTURA,CAMARILLO,-119.05126190185547,34.22100830078125
84813511,2025,2025-08-22,5600,2025-08-20,646 ,5007,,3,5,6,5607,0,0,0,,0,9D01,EVENSTAR AV,HAMPSHIRE RD,8.00,W,N,A,-,N,,,,,,,,,,N,4,0,1,2,A,-,10,21950,A,N,G,B,B,A,H,-,A,A,0,Y,,,,Y,,A,01,0,0,1,0,1,0,0,0,0,- ,- ,34.15399169921875,-118.83114624023438,VENTURA,THOUSAND OAKS,-118.83125305175781,34.153980255126953
8481710,2017,2017-11-09,5600,2017-10-09,1748,4550,9128,1,5,6,5607,0,0,0,,0,09H,VENTU PARK RD,HILLCREST DR,468.00,S,N,A,-,N,,,,,,,,,,N,3,0,1,2,A,-,10,21950,A,N,G,B,B,A,H,-,A,A,0,Y,,,,Y,,A,08,0,1,0,0,1,0,0,0,0,- ,- ,,,VENTURA,THOUSAND OAKS,-118.9112418,34.187022059999997
8481788,2017,2017-12-20,5608,2017-10-15,1800,480,VENTU,7,5,6,5608,0,0,0,,0,003,TELEPHONE RD,HILL RD,0.00,,Y,A,-,N,,,,,,,,,,N,3,0,1,2,A,-,08,22100,B,N,B,G,A,A,H,-,A,A,0,,Y,,,Y,,-,,0,1,0,0,0,0,1,0,0,- ,- ,,,VENTURA,VENTURA,-119.20647002,34.266310019999999
8483557,2017,2017-11-07,5608,2017-10-13,0530,491,,5,5,6,5608,0,0,0,,0,003,TELEPHONE RD,KIMBALL RD,0.00,,Y,A,-,N,,,,,,,,,,N,3,0,1,2,A,-,12,21453,A,N,D,G,A,A,H,-,C,A,0,,Y,,,Y,,L,04,0,1,0,0,0,0,1,0,0,- ,- ,,,VENTURA,VENTURA,-119.18866009,34.26887009
8483593,2017,2017-11-06,5608,2017-10-22,1917,299,,7,5,6,5608,0,0,0,,0,,MAIN ST,HOSPITAL WY,62.00,E,N,A,-,N,,,,,,,,,,N,4,0,1,2,A,-,14,21201,D,N,-,G,A,A,H,-,C,D,0,,Y,,,Y,,L,04,0,0,1,0,0,0,1,0,0,- ,- ,,,VENTURA,VENTURA,,
84847369,2025,2025-09-17,5609,2025-09-13,1134,5120,,6,5,6,5609,0,0,0,,0,,TAPO ST,WALNUT ST,16.00,W,N,A,-,N,,,,,,,,,,N,3,0,1,2,A,-,10,21950,A,N,G,B,B,A,H,-,A,A,0,Y,,,,Y,,A,01,0,1,0,0,1,0,0,0,0,- ,- ,34.296558380126953,-118.70852661132812,VENTURA,SIMI VALLEY,,
84878903,2025,2025-10-10,5600,2025-10-03,1655,5280,,5,5,5,5601,0,0,0,,0,8A01,PONDEROSA DR,LAS POSAS RD (W),60.00,E,N,A,-,N,,,,,,,,,,N,3,0,1,2,A,-,09,21804,A,N,G,B,F,A,H,-,A,D,0,Y,,,,Y,,D,22,0,1,0,0,1,0,0,0,0,- ,- ,34.223670959472656,-119.06980133056641,VENTURA,CAMARILLO,,
84886760,2025,2025-10-15,5609,2025-10-11,1839,5004,,6,5,6,5609,0,0,0,,0,003,APPLETON RD,CURRIER AVE,181.00,S,N,A,-,N,,,,,,,,,,Y,3,0,1,2,A,-,05,21650,1,N,B,G,A,A,H,-,A,D,0,,Y,,,Y,,L,04,0,1,0,0,0,0,1,0,0,- ,- ,34.259998321533203,-118.74391937255859,VENTURA,SIMI VALLEY,-118.74388885498047,34.259613037109375
84895223,2025,2025-10-21,5600,2025-10-08,1401,4527,,3,5,6,5607,0,0,0,,0,9C01,REINO RD,DUNAWAY DR,30.00,N,N,A,-,N,,,,,,,,,,N,2,0,1,2,A,-,08,22107,,N,B,G,A,A,H,-,A,D,0,,Y,,,Y,,L,04,1,0,0,0,0,0,1,0,0,- ,- ,34.166408538818359,-118.95613098144531,VENTURA,THOUSAND OAKS,-118.95626068115234,34.166347503662109
84914493,2025,2025-11-06,5600,2025-10-24,841 ,5256,,5,5,5,5601,0,0,0,,0,8D01,SANTA ROSA RD,ADOLFO RD,11.00,S,N,A,-,N,,,,,,,,,,N,3,0,1,2,A,-,17,21200,A,N,H,G,A,A,H,-,A,A,0,,Y,,,Y,,M,91,0,1,0,0,0,0,1,0,0,- ,- ,34.218238830566406,-119.00505828857422,VENTURA,CAMARILLO,-119.00517272949219,34.218254089355469
84929438,2025,2025-11-14,5600,2025-11-04,1933,5985,,2,5,5,5601,0,0,0,,0,8D01,SANTA ROSA ROAD,VERDUGO WAY,420.00,S,N,A,-,N,,,,,,,,,,N,3,0,1,2,A,-,11,21955,,N,G,B,D,A,H,-,C,A,0,Y,,,,Y,,N,60,0,1,0,0,1,0,0,0,0,- ,- ,34.215221405029297,-119.00701904296875,VENTURA,CAMARILLO,-119.00675964355469,34.215484619140625
84931968,2025,2025-11-17,5600,2025-10-14,810 ,5207,,2,5,2,5603,0,0,0,,0,1B01,E. OJAI AVENUE / SR150,PARK ROAD,0.00,,Y,B,C,Y,,,,,,,,,,N,3,0,1,2,A,-,10,21950,A,N,G,B,B,B,H,-,A,D,0,Y,,,,Y,,A,01,0,1,0,0,1,0,0,0,0,- ,- ,,,VENTURA,OJAI,-119.23712158203125,34.448371887207031
84934947,2025,2025-11-19,5600,2025-11-04,1735,5807,,2,5,6,5607,0,0,0,,0,9A01,ERBES RD,OLSEN RD,0.00,,Y,A,-,N,,,,,,,,,,N,3,0,1,2,A,-,10,21950,A,N,G,B,B,A,H,-,C,A,0,Y,,,,Y,,A,01,0,1,0,0,1,0,0,0,0,- ,- ,34.235260009765625,-118.85106658935547,VENTURA,THOUSAND OAKS,-118.84797668457031,34.238620758056641
84934951,2025,2025-11-18,5600,2025-11-05,1535,5256,,3,5,5,5601,0,0,0,,0,8C01,RANCHO CALLEGUAS,PLACITA BUENA ROSA,0.00,,Y,A,-,N,,,,,,,,,,N,3,0,1,2,A,-,09,21801,A,N,H,G,A,A,H,-,A,A,0,,Y,,,Y,,A,07,0,1,0,0,0,0,1,0,0,- ,- ,34.220951080322266,-119.01239013671875,VENTURA,CAMARILLO,-119.01235961914062,34.220970153808594
84948184,2025,2025-12-05,5600,2025-11-13,831 ,6001,,4,5,6,5607,0,0,0,,0,9C01,FALLBROOK AV,KIMBER DR,5.00,S,N,B,-,N,,,,,,,,,,N,3,0,1,2,A,-,03,22350,,N,D,G,A,A,H,-,A,A,0,,Y,,,Y,,M,91,0,1,0,0,0,0,1,0,0,- ,- ,34.172378540039062,-118.95633697509766,VENTURA,THOUSAND OAKS,-118.95623016357422,34.172298431396484
84953596,2025,2025-12-04,5600,2025-11-18,2029,5507,,2,5,5,5601,0,0,0,,0,8C01,BRIDGEHAMPTON WY,VIA ROSAL,0.00,,Y,A,-,N,,,,,,,,,,N,2,0,1,2,A,-,05,21650,1,N,A,G,A,A,H,-,C,D,0,,Y,,,Y,,-,- ,1,0,0,0,0,0,1,0,0,- ,- ,34.207279205322266,-119.01853942871094,VENTURA,CAMARILLO,-119.01848602294922,34.207298278808594
84983060,2025,2026-01-09,5600,2025-11-20,1725,5563,,4,5,6,5607,0,0,0,,0,9G01,HILLCREST DR,140 W HILLCREST DRIVE (DRIVEWAY),5.00,W,N,C,-,N,,,,,,,,,,N,2,0,1,2,A,-,10,21950,A,F,G,B,B,B,H,-,C,A,0,Y,,,,Y,,A,07,1,0,0,0,1,0,0,0,0,- ,- ,34.17742919921875,-118.88416290283203,VENTURA,THOUSAND OAKS,,
84984876,2025,2025-12-24,5600,2025-12-19,1435,6108,,5,5,3,5602,0,0,0,,0,6B01,SESPE AV,CENTRAL AV,0.00,,Y,A,-,N,,,,,,,,,,N,3,0,1,2,A,-,10,21950,A,N,G,B,B,A,H,-,A,A,0,Y,,,,Y,,A,07,0,1,0,0,1,0,0,0,0,- ,- ,34.400669097900391,-118.91380310058594,VENTURA,FILLMORE,-118.91374969482422,34.400680541992188
8500642,2017,2017-12-07,5605,2017-11-15,0600,126,PATRO,3,5,3,5605,0,0,0,,0,002,VENTURA RD,PEARSON RD,1.00,W,N,A,-,N,,,,,,,,,,N,4,0,1,2,A,-,21,22106,,N,D,G,A,A,H,-,B,D,0,,Y,,,Y,,D,22,0,0,1,0,0,0,1,0,0,- ,- ,,,VENTURA,PORT HUENEME,,
85025802,2026,2026-01-23,5600,2026-01-16,1035,6001,,5,5,6,5607,0,0,0,,0,9D01,TOWNSGATE RD,WESTLAKE BL,52.00,E,N,A,-,N,,,,,,,,,,N,3,0,1,2,A,-,08,22107,,N,D,G,A,A,H,-,A,A,0,,Y,,,Y,,A,01,0,1,0,0,0,0,1,0,0,- ,- ,34.151260375976562,-118.83155822753906,VENTURA,THOUSAND OAKS,-118.82713317871094,34.154697418212891
85038048,2026,2026-02-09,5600,2026-01-27,1125,5637,,2,5,2,5603,0,0,0,,0,1A01,HERMOSA RD,OJAI VALLEY BIKE TL,20.00,W,N,A,-,N,,,,,,,,,,N,2,0,1,2,A,-,09,21800,B,N,D,G,A,A,H,-,A,A,0,,Y,,,Y,,D,22,1,0,0,0,0,0,1,0,0,- ,- ,34.435009002685547,-119.26439666748047,VENTURA,OJAI,,
85053352,2026,2026-02-12,5604,2026-01-23,1819,5817,,5,5,6,5604,0,0,0,,0,022,S F ST,W 7TH ST,0.00,,-,A,-,N,,,,,,,,,,N,4,0,1,2,A,-,11,21954,A,N,G,B,D,A,H,-,D,D,0,Y,,,,Y,,N,60,0,0,1,0,1,0,0,0,0,- ,- ,,,VENTURA,OXNARD,-119.18489837646484,34.195102691650391
85053355,2026,2026-02-12,5604,2026-01-29,1537,5715,,4,5,6,5604,0,0,0,,0,021,PATTERSON RD,DUNKIRK DR,0.00,,-,A,-,N,,,,,,,,,,N,3,0,1,2,A,-,09,21801,A,N,H,G,A,A,H,-,A,A,0,,Y,,,Y,,A,07,0,1,0,0,0,0,1,0,0,- ,- ,,,VENTURA,OXNARD,-119.20783996582031,34.196250915527344
8505349,2017,2017-12-01,5608,2017-10-22,1923,446,,7,5,6,5608,0,0,0,,0,001,EAST THOMPSON BL,HEMLOCK ST,165.00,E,N,A,-,N,,,,,,,,,,N,3,0,1,2,A,-,11,21954,A,N,G,B,E,A,H,-,C,D,0,Y,,,,Y,Y,N,60,0,1,0,0,1,0,0,0,0,- ,- ,,,VENTURA,VENTURA,-119.28192869999999,34.276682170000001
85053626,2026,2026-02-12,5609,2026-02-07,912 ,5120,,6,5,6,5609,0,0,0,,0,,LOS ANGELES AVE,DAVIDSON LN,9.00,E,N,A,-,N,,,,,,,,,,N,3,0,1,2,A,-,05,21650,1,N,D,G,A,A,H,-,A,D,0,,Y,,,Y,,L,04,0,1,0,0,0,0,1,0,0,- ,- ,34.270881652832031,-118.67173767089844,VENTURA,SIMI VALLEY,-118.67186737060547,34.271739959716797
85070415,2026,2026-02-25,5609,2026-02-17,2135,5023,,2,5,6,5609,0,0,0,,0,003,PATRICIA AVE,DUNCAN ST,5.00,W,N,B,C,N,,,,,,,,,,N,3,0,1,2,A,-,10,21950,A,F,G,B,B,B,H,-,C,D,0,Y,,,,Y,,A,01,0,1,0,0,1,0,0,0,0,- ,- ,34.27001953125,-118.76679992675781,VENTURA,SIMI VALLEY,-118.76689910888672,34.270000457763672
85081263,2025,2026-03-04,5600,2025-11-13,1725,5150,,4,5,6,5607,0,0,0,,0,9D01,LAKEVIEW CANYON RD,LINDERO CANYON RD,150.00,W,N,B,-,N,,,,,,,,,,Y,2,0,1,2,A,-,11,21954,A,N,G,B,D,A,H,-,D,D,0,Y,,,,Y,,N,60,1,0,0,0,1,0,0,0,0,- ,- ,34.183029174804688,-118.78630065917969,VENTURA,THOUSAND OAKS,-118.78684997558594,34.183124542236328
85084637,2026,2026-03-06,5604,2026-02-12,823 ,5678,,4,5,6,5604,0,0,0,,0,042,S C ST,BRUCKER RD,0.00,,-,A,-,N,,,,,,,,,,N,3,0,2,3,A,-,11,21954,A,N,G,B,D,A,H,-,A,D,0,Y,,,,Y,,N,60,0,2,0,0,2,0,0,0,0,- ,- ,,,VENTURA,OXNARD,-119.18053436279297,34.160327911376953
85102754,2026,2026-03-20,5609,2026-03-01,48  ,5120,,7,5,6,5609,0,0,0,,0,005,TAPO CANYON RD,ALAMO ST,547.00,S,-,A,-,N,,,,,,,,,,N,2,0,1,2,A,-,11,21954,A,N,G,B,D,A,H,-,C,D,0,Y,,,,Y,,N,60,1,0,0,0,1,0,0,0,0,- ,- ,,,VENTURA,SIMI VALLEY,-118.71784210205078,34.284877777099609
8510621,2017,2017-12-19,5608,2017-11-29,1330,483,VENTU,3,5,6,5608,0,0,0,,0,001,NORTH VENTURA AV,E MAIN ST,500.00,N,N,A,-,N,,,,,,,,,,N,3,0,1,2,A,-,08,22107,,F,G,B,E,A,H,-,A,D,0,Y,,,,Y,,-,,0,1,0,0,1,0,0,0,0,- ,- ,,,VENTURA,VENTURA,-119.30049956000001,34.282417410000001
85120313,2026,2026-03-31,5604,2026-03-13,1552,5773,,5,5,6,5604,0,0,0,,0,011,DORIS AVE,N G ST,0.00,,-,A,-,N,,,,,,,,,,N,3,0,1,2,A,-,08,22107,,N,H,G,A,A,H,-,A,D,0,,Y,,,Y,,L,04,0,1,0,0,0,0,1,0,0,- ,- ,,,VENTURA,OXNARD,-119.18695831298828,34.207973480224609
85127485,2026,2026-04-14,5604,2026-03-05,2118,5809,,4,5,6,5604,0,0,0,,0,014,WAGON WHEEL RD,CACTUS DR (N),0.00,,-,A,-,N,,,,,,,,,,N,4,0,1,2,D,-,00,,,F,G,B,E,A,H,-,C,D,0,Y,,,,Y,Y,-,- ,0,0,1,0,1,0,0,0,0,- ,- ,,,VENTURA,OXNARD,-119.18443298339844,34.23883056640625
85129096,2026,2026-04-14,5600,2026-03-28,1316,5039,,6,5,6,5607,0,0,0,,0,9A01,AVENIDA DE LOS ARBOLES,VELARDE DR (E),0.00,,Y,A,-,N,,,,,,,,,,N,3,0,1,2,A,-,09,21802,A,N,D,G,A,A,H,-,A,A,0,,Y,,,Y,,L,04,0,1,0,0,0,0,1,0,0,- ,- ,34.216991424560547,-118.89344787597656,VENTURA,THOUSAND OAKS,-118.89737701416016,34.218280792236328
85134137,2026,2026-04-16,5600,2026-03-31,1445,4750,,2,5,5,5601,0,0,0,,0,8C01,AVENIDA ACASO,FLYNN RD,15.00,E,N,B,-,N,,,,,,,,,,N,3,0,1,2,A,-,05,21650,1,N,D,G,A,A,H,-,A,A,0,,Y,,,Y,,M,91,0,1,0,0,0,0,1,0,0,- ,- ,34.234291076660156,-119.01170349121094,VENTURA,CAMARILLO,-119.01178741455078,34.23431396484375
8513489,2017,2018-02-15,5608,2017-12-18,1724,492,,1,5,6,5608,0,0,0,,0,001,EAST THOMPSON BL,FIR ST,0.00,,-,A,-,N,,,,,,,,,,N,2,0,1,2,A,-,00,21954,,N,-,B,D,A,H,-,C,D,0,Y,,,,Y,,N,60,1,0,0,0,1,0,0,0,0,- ,- ,34.278399999999998,-119.2901,VENTURA,VENTURA,-119.29001993999999,34.278280090000003
85152213,2026,2026-04-28,5604,2026-03-04,34  ,5648,,3,5,6,5604,0,0,0,,0,031,N MCKINLEY AVE,COOPER RD,0.00,,-,B,-,N,,,,,,,,,,N,2,0,1,2,A,-,09,21804,A,F,D,G,A,A,H,-,C,D,0,,Y,,,Y,,-,99,1,0,0,0,0,0,1,0,0,- ,- ,,,VENTURA,OXNARD,-119.17168426513672,34.204517364501953
85162224,2026,2026-05-06,5604,2026-03-28,2207,5800,,6,5,6,5604,0,0,0,,0,041,SAVIERS RD,JOHNSON RD,100.00,N,-,A,-,N,,,,,,,,,,N,2,0,1,3,A,-,11,21954,A,N,G,B,E,A,H,-,C,A,0,Y,,,,Y,Y,N,60,1,0,0,0,1,0,0,0,0,- ,- ,,,VENTURA,OXNARD,-119.17776489257812,34.162334442138672
8517967,2017,2017-12-26,5608,2017-11-30,1449,493,,4,5,6,5608,0,0,0,,0,004,PORTOLA RD,TELEPHONE RD,0.00,,Y,A,-,N,,,,,,,,,,N,3,0,1,2,A,-,05,21650,1,N,D,G,A,A,H,-,A,A,0,,Y,,,Y,,L,04,0,1,0,0,0,0,1,0,0,- ,- ,,,VENTURA,VENTURA,-119.22514996,34.263590010000001
8526597,2017,2018-01-09,5600,2017-11-17,1015,2877,8202,5,5,5,5601,0,0,0,,0,8C01,MISSION OAKS BL,CAMARILLO RANCH RD,348.00,E,N,A,-,N,,,,,,,,,,N,4,0,1,2,A,-,05,21650,1,N,D,G,A,A,H,-,A,A,0,,Y,,,Y,,L,04,0,0,1,0,0,0,1,0,0,- ,- ,34.125909999999998,-119.01027999999999,VENTURA,CAMARILLO,-119.01755043999999,34.216378990000003
8529856,2017,2018-06-14,5608,2017-12-23,0633,459,5608,6,5,6,5608,0,0,0,,0,002,E MAIN ST,RT 101,0.00,,Y,A,-,Y,VEN,7,101,-,-,26.925,R,4,N,N,3,0,1,2,A,-,11,21451,D,N,G,B,B,A,H,-,B,A,0,Y,,,,Y,,N,60,0,1,0,0,1,0,0,0,0,- ,NO,,,VENTURA,VENTURA,-119.24640325999999,34.26267309
8531353,2016,2018-04-24,5604,2016-10-13,1941,5360,,4,5,6,5604,0,0,0,,0,041,SAVIERS RD,BARD RD,0.00,,Y,A,-,N,,,,,,,,,,N,4,0,1,2,A,-,05,21650,1,N,D,G,A,A,H,-,C,A,0,,Y,,,Y,,L,04,0,0,1,0,0,0,1,0,0,- ,- ,34.161000000000001,-119.17769,VENTURA,OXNARD,-119.17778011,34.161000020000003
8531670,2017,2018-01-16,5608,2017-12-29,0738,459,5608,5,5,6,5608,0,0,0,,0,001,EAST THOMPSON BL,S KALORAMA DR,85.00,E,N,A,-,N,,,,,,,,,,N,4,0,1,2,A,-,10,21952,,F,G,B,F,A,H,-,A,D,0,Y,,,,Y,,-,,0,0,1,0,1,0,0,0,0,- ,- ,,,VENTURA,VENTURA,-119.28670896,34.27828306
8532713,2018,2018-07-23,5604,2018-06-22,0110,5405,,5,5,6,5604,0,0,0,,0,031,CAMINO DEL SOL,GOTITA WY,50.00,W,N,A,-,N,,,,,,,,,,N,2,0,1,2,A,-,11,21954,A,N,G,B,D,A,H,-,C,D,0,Y,,,,Y,Y,N,60,1,0,0,0,1,0,0,0,0,- ,- ,34.207328796386719,-119.16352081298828,VENTURA,OXNARD,-119.16442108154297,34.207695007324219
8534493,2018,2018-01-31,5600,2018-01-16,2019,4550,9072,2,5,6,5607,0,0,0,,0,09G,HILLCREST DR,ERBES RD,6.00,E,N,A,-,N,,,,,,,,,,N,4,0,1,2,A,-,10,21950,A,N,G,B,B,A,H,-,C,A,0,Y,,,,Y,,A,01,0,0,1,0,1,0,0,0,0,- ,- ,,,VENTURA,THOUSAND OAKS,-118.84741973876953,34.182415008544922
8538561,2017,2018-02-06,5600,2017-09-28,1545,5000,5103,4,5,4,5690,0,0,0,,0,02B,HIGH ST,BARD ST,0.00,,Y,-,-,N,,,,,,,,,,N,3,0,1,2,D,-,00,,,N,G,B,D,A,H,-,A,D,0,Y,,,,Y,,-,- ,0,1,0,0,1,0,0,0,0,- ,- ,,,VENTURA,MOORPARK,-118.87930007999999,34.28539001
8540292,2018,2018-04-23,5604,2018-04-09,1720,5359,,1,5,6,5604,0,0,0,,0,032,ROSE AV,CHANNEL ISLAND BL,100.00,N,N,A,-,N,,,,,,,,,,N,4,0,1,2,A,-,05,21650,,N,D,G,A,A,H,-,A,D,0,,Y,,Y,Y,,L,04,0,0,1,0,0,0,1,0,0,- ,- ,34.173751831054688,-119.15963745117188,VENTURA,OXNARD,-119.16016387939453,34.17364501953125
8543165,2018,2018-08-07,5600,2018-01-04,1813,2833,9122,4,5,6,5607,0,0,0,,0,09C,RANCHO CONEJO BL,RT 101,5.00,S,N,A,-,Y,VEN,7,101,-,-,6.890,R,4,S,N,4,0,1,2,A,-,11,21954,A,N,G,B,D,A,H,-,C,D,0,Y,,,,Y,,N,60,0,0,1,0,1,0,0,0,0,- ,SO,,,VENTURA,THOUSAND OAKS,-118.92350006103516,34.1842041015625
8544700,2017,2018-02-02,5600,2017-10-23,0752,2994,5117,1,5,4,5690,0,0,0,,0,02A,WILLOW SPRINGS DR,MOUNTAIN TRAIL ST,5.00,W,N,A,-,N,,,,,,,,,,N,4,0,1,2,A,-,03,22350,,N,G,B,B,A,H,-,A,A,0,Y,,,,Y,,A,07,0,0,1,0,1,0,0,0,0,- ,- ,,,VENTURA,MOORPARK,,
8548060,2017,2018-02-08,5600,2017-09-20,1504,4615,8102,3,5,5,5601,0,0,0,,0,08B,ROWLAND AV,HAYDEN ST,316.00,N,N,A,-,N,,,,,,,,,,N,3,0,1,2,A,-,11,21954,A,N,G,B,D,A,H,-,A,D,0,Y,,,,Y,Y,N,60,0,1,0,0,1,0,0,0,0,- ,- ,34.227699999999999,-119.04396,VENTURA,CAMARILLO,-119.04392647,34.227627220000002
8548145,2018,2018-02-08,5609,2018-01-11,1610,437,,4,5,6,5609,0,0,0,,0,001,ERRINGER RD,COCHRAN ST,0.00,,Y,A,-,N,,,,,,,,,,N,3,0,1,2,A,-,10,21950,A,N,G,B,B,A,H,-,A,A,0,Y,,,,Y,,A,01,0,1,0,0,1,0,0,0,0,- ,- ,34.278999328613281,-118.76123046875,VENTURA,SIMI VALLEY,-118.76139831542969,34.279010772705078
8553653,2018,2018-02-21,5608,2018-02-05,1637,496,VENTU,1,5,6,5608,0,0,0,,0,002,SANJON RD,HARBOR BL,0.00,,Y,A,-,N,,,,,,,,,,N,4,0,1,2,A,-,10,21950,A,N,B,B,B,A,H,-,A,A,0,Y,,,,Y,,-,,0,0,1,0,0,0,0,0,0,- ,- ,,,VENTURA,VENTURA,-119.28482818603516,34.273120880126953
8554657,2016,2018-04-30,5604,2016-01-23,2500,5415,,6,5,6,5604,0,0,0,,0,022,9TH ST,HOBSON WY,0.00,,Y,A,-,N,,,,,,,,,,N,4,0,1,2,A,-,10,21950,A,N,G,B,B,A,H,-,C,A,0,Y,,,,Y,Y,A,07,0,0,1,0,1,0,0,0,0,- ,- ,34.192450000000001,-119.18916,VENTURA,OXNARD,-119.18917002000001,34.19246004
8554661,2016,2018-04-30,5604,2016-01-22,2500,5422,,5,5,6,5604,0,0,0,,0,024,WOOLEY RD,E ST,0.00,,Y,A,-,N,,,,,,,,,,N,3,0,1,2,A,-,05,21650,1,N,D,G,A,A,H,-,C,A,0,,Y,,,Y,,L,04,0,1,0,0,0,0,1,0,0,- ,- ,34.18994,-119.18368,VENTURA,OXNARD,-119.18732004,34.190020029999999