CASE_ID,ACCIDENT_YEAR,PROC_DATE,JURIS,COLLISION_DATE,COLLISION_TIME,OFFICER_ID,REPORTING_DISTRICT,DAY_OF_WEEK,CHP_SHIFT,POPULATION,CNTY_CITY_LOC,SPECIAL_COND,BEAT_TYPE,CHP_BEAT_TYPE,CITY_DIVISION_LAPD,CHP_BEAT_CLASS,BEAT_NUMBER,PRIMARY_RD,SECONDARY_RD,DISTANCE,DIRECTION,INTERSECTION,WEATHER_1,WEATHER_2,STATE_HWY_IND,CALTRANS_COUNTY,CALTRANS_DISTRICT,STATE_ROUTE,ROUTE_SUFFIX,POSTMILE_PREFIX,POSTMILE,LOCATION_TYPE,RAMP_INTERSECTION,SIDE_OF_HWY,TOW_AWAY,COLLISION_SEVERITY,NUMBER_KILLED,NUMBER_INJURED,PARTY_COUNT,PRIMARY_COLL_FACTOR,PCF_CODE_OF_VIOL,PCF_VIOL_CATEGORY,PCF_VIOLATION,PCF_VIOL_SUBSECTION,HIT_AND_RUN,TYPE_OF_COLLISION,MVIW,PED_ACTION,ROAD_SURFACE,ROAD_COND_1,ROAD_COND_2,LIGHTING,CONTROL_DEVICE,CHP_ROAD_TYPE,PEDESTRIAN_ACCIDENT,BICYCLE_ACCIDENT,MOTORCYCLE_ACCIDENT,TRUCK_ACCIDENT,NOT_PRIVATE_PROPERTY,ALCOHOL_INVOLVED,STWD_VEHTYPE_AT_FAULT,CHP_VEHTYPE_AT_FAULT,COUNT_SEVERE_INJ,COUNT_VISIBLE_INJ,COUNT_COMPLAINT_PAIN,COUNT_PED_KILLED,COUNT_PED_INJURED,COUNT_BICYCLIST_KILLED,COUNT_BICYCLIST_INJURED,COUNT_MC_KILLED,COUNT_MC_INJURED,PRIMARY_RAMP,SECONDARY_RAMP,LATITUDE,LONGITUDE,COUNTY,CITY,POINT_X,POINT_Y
8554663,2016,2018-04-30,5604,2016-01-12,1238,4577,,2,5,6,5604,0,0,0,,0,012,NORTH OXNARD BL,VINEYARD AV,70.00,N,N,A,-,N,,,,,,,,,,N,2,0,1,2,B,-,22,,,F,G,B,D,A,H,-,A,D,0,Y,,,,Y,,A,01,1,0,0,0,1,0,0,0,0,- ,- ,,,VENTURA,OXNARD,-119.17760414,34.226696789999998
8554737,2016,2018-04-23,5604,2016-02-07,1254,4531,,7,5,6,5604,0,0,0,,0,021,HEMLOCK ST,VICTORIA AV,0.00,,Y,A,G,N,,,,,,,,,,N,3,0,1,2,D,-,00,,,N,D,G,A,A,H,-,A,A,0,,Y,,,Y,,-,- ,0,1,0,0,0,0,1,0,0,- ,- ,34.181319999999999,-119.22165,VENTURA,OXNARD,-119.22168990999999,34.18132009
8554762,2016,2018-04-23,5604,2016-02-09,0740,4907,,2,5,6,5604,0,0,0,,0,031,ENTRADA DR,MORADO PL,0.00,,Y,A,-,N,,,,,,,,,,N,3,0,1,2,A,-,09,21801,A,N,D,B,D,A,H,-,A,D,0,Y,,,,Y,,A,07,0,1,0,0,1,0,0,0,0,- ,- ,34.211799999999997,-119.17417,VENTURA,OXNARD,-119.17415004999999,34.211730039999999
8554778,2016,2018-04-23,5604,2016-02-16,1340,5473,4031,2,5,6,5604,0,0,0,,0,031,CAMPTON DR,MORRIS ST,30.00,N,N,A,-,N,,,,,,,,,,N,2,0,1,2,A,-,11,21954,A,N,G,B,E,A,H,-,A,D,0,Y,,,,Y,,N,60,1,0,0,0,1,0,0,0,0,- ,- ,34.202219999999997,-119.16467,VENTURA,OXNARD,-119.16442865,34.202132329999998
8554798,2016,2018-04-23,5604,2016-02-12,2500,5359,,5,5,6,5604,0,0,0,,0,041,SPRUCE ST,G ST,0.00,,Y,A,-,N,,,,,,,,,,N,3,0,1,2,A,-,10,21950,A,N,G,B,B,A,H,-,A,D,0,Y,,,,Y,,A,01,0,1,0,0,1,0,0,0,0,- ,- ,34.169289999999997,-119.18192000000001,VENTURA,OXNARD,-119.18478011000001,34.17270001
8554864,2016,2018-04-25,5604,2016-08-17,1608,5343,,3,5,6,5604,0,0,0,,0,023,OXNARD BL,8TH ST,0.00,,Y,A,-,N,,,1,,,,,,,N,3,0,1,2,A,-,05,21650,1,N,D,G,A,A,H,-,A,A,0,,Y,,,Y,,L,04,0,1,0,0,0,0,1,0,0,- ,- ,34.1937,-119.17742,VENTURA,OXNARD,-119.17738847,34.193699780000003
8554894,2016,2018-04-24,5604,2016-11-18,1542,5300,,5,5,6,5604,0,0,0,,0,022,9TH ST,VENTURA RD,10.00,W,N,A,-,N,,,,,,,,,,N,4,0,1,2,A,-,09,21801,A,N,D,G,A,A,H,-,B,A,0,,Y,,,Y,,A,01,0,0,1,0,0,0,1,0,0,- ,- ,34.192390000000003,-119.19508,VENTURA,OXNARD,-119.19510302,34.192390570000001
8554958,2016,2018-04-25,5604,2016-11-03,1040,4282,,4,5,6,5604,0,0,0,,0,041,SAVIERS RD,YUCCA ST,0.00,,Y,A,-,N,,,,,,,,,,N,4,0,1,2,A,-,12,21453,A,N,D,G,A,A,H,-,A,A,0,,Y,,,Y,,L,04,0,0,1,0,0,0,1,0,0,- ,- ,,,VENTURA,OXNARD,-119.17773010000001,34.1659401
8555065,2016,2018-04-26,5604,2016-03-21,1432,4577,,1,5,6,5604,0,0,0,,0,031,JUANITA AV,COOPER RD,0.00,,Y,A,-,N,,,,,,,,,,,4,0,1,2,A,-,08,22107,,M,B,B,B,A,H,-,A,D,0,Y,,,,Y,,-,99,0,0,1,0,1,0,0,0,0,- ,- ,,,VENTURA,OXNARD,-119.16849003,34.204490049999997
8555094,2016,2018-04-30,5604,2016-04-14,1432,5446,,4,5,6,5604,0,0,0,,0,032,EMERSON AV,ROSE AV,0.00,,Y,A,-,N,,,,,,,,,,N,4,0,1,2,A,-,08,22107,,N,G,G,A,A,A,H,A,A,0,,Y,,,Y,,A,01,0,0,1,0,0,0,1,0,0,- ,- ,34.182569999999998,-119.15994999999999,VENTURA,OXNARD,-119.16005002,34.182550040000002
8555117,2016,2018-04-30,5604,2016-04-10,0200,5450,,7,5,6,5604,0,0,0,,0,041,ROSE AV,CHANNEL ISLANDS BL,0.00,,Y,B,-,N,,,,,,,,,,N,3,0,1,2,A,-,09,21801,A,F,D,G,A,B,H,-,C,A,0,,Y,,,Y,Y,L,04,0,1,0,0,0,0,1,0,0,- ,- ,34.216349999999998,-119.1559,VENTURA,OXNARD,-119.16017008999999,34.173370009999999
8555534,2018,2018-02-16,5600,2018-01-23,0747,4455,8211,2,5,5,5601,0,0,0,,0,08D,PASEO DEL CAMPO,WOODCREEK RD,121.00,W,N,A,-,N,,,,,,,,,,N,3,0,1,2,A,-,10,21952,,N,G,B,F,A,H,-,A,A,0,Y,,,,Y,,A,07,0,1,0,0,1,0,0,0,0,- ,- ,34.231380462646484,-118.99920654296875,VENTURA,CAMARILLO,-118.99910736083984,34.231315612792969
8555542,2018,2018-02-16,5600,2018-01-21,1410,2877,8111,7,5,5,5601,0,0,0,,0,8B01,LAS POSAS RD,ARNEILL RD,158.00,W,N,A,-,N,,,,,,,,,,N,3,0,1,2,A,-,07,21658,A,N,B,G,A,A,H,-,A,A,0,,Y,,,Y,,A,01,0,1,0,0,0,0,1,0,0,- ,- ,34.141139984130859,-119.02224731445312,VENTURA,CAMARILLO,-119.03957366943359,34.236446380615234
8556402,2018,2018-02-23,5600,2018-02-02,1445,4529,9076,5,5,6,5607,0,0,0,,0,09H,MARLOWE ST,JANSS RD,331.00,S,N,A,-,N,,,,,,,,,,N,3,0,1,2,A,-,03,22350,,N,D,G,A,A,H,-,A,D,0,,Y,,,Y,,L,04,0,1,0,0,0,0,1,0,0,- ,- ,,,VENTURA,THOUSAND OAKS,-118.87976837158203,34.205162048339844
8557067,2018,2018-08-10,5606,2018-01-17,1618,1114,5606,3,5,4,5606,0,0,0,,0,002,RT 150,E MAIN ST,3.00,S,N,A,-,Y,VEN,7,150,-,-,34.100,I,5,E,N,4,0,1,2,A,-,11,21456,B,N,G,B,B,A,H,-,B,A,0,Y,,,,Y,,N,60,0,0,1,0,1,0,0,0,0,- ,- ,,,VENTURA,SANTA PAULA,-119.06003570556641,34.354019165039062
8557445,2016,2018-05-24,5604,2016-12-01,1416,5454,,4,5,6,5604,0,0,0,,0,014,THAMES RIVER DR,FOREST PARK BL,0.00,,Y,A,-,N,,,,,,,,,,N,3,0,1,3,A,-,10,21950,A,N,G,B,B,A,H,-,A,A,0,Y,,,,Y,,A,01,0,1,0,0,1,0,0,0,0,- ,- ,,,VENTURA,OXNARD,-119.17027004000001,34.241770090000003
8557476,2016,2018-05-03,5604,2016-09-22,0921,5463,,4,5,6,5604,0,0,0,,0,031,ROSE AV,LA PUERTA AV,8.00,E,N,A,-,N,,,,,,,,,,N,3,0,1,2,A,-,05,21650,1,N,D,G,A,A,H,-,A,A,0,,Y,,,Y,,L,04,0,1,0,0,0,0,1,0,0,- ,- ,,,VENTURA,OXNARD,,
8557486,2016,2018-05-31,5604,2016-09-13,1452,4954,,2,5,6,5604,0,0,0,,0,021,HARBOR BL,BEACHCOMBER WY,400.00,N,N,A,-,N,,,,,,,,,,N,3,0,1,2,A,-,07,21658,A,F,C,G,A,A,H,-,A,D,0,,Y,,,Y,,L,04,0,1,0,0,0,0,1,0,0,- ,- ,,,VENTURA,OXNARD,-119.24122982,34.195092090000003
8557606,2016,2018-05-31,5604,2016-09-01,1535,5407,,4,5,6,5604,0,0,0,,0,1535,ROSE AV,GONZALES RD,0.00,,Y,A,-,N,,,,,,,,,,N,4,0,1,2,A,-,10,21950,A,N,G,B,B,A,H,-,A,A,0,Y,,,,Y,,A,01,0,0,1,0,1,0,0,0,0,- ,- ,34.218899999999998,-119.15828,VENTURA,OXNARD,-119.15843006999999,34.218990079999998
8557626,2016,2018-04-27,5604,2016-01-22,1558,5430,,5,5,6,5604,0,0,0,,0,012,ROSE AV,RT 101,0.00,,Y,A,-,Y,VEN,7,101,-,-,21.185,R,1,S,N,4,0,1,2,A,-,10,21950,A,F,G,B,B,A,H,-,A,A,0,Y,,,,Y,,-,99,0,0,1,0,1,0,0,0,0,- ,- ,34.216349999999998,-119.1559,VENTURA,OXNARD,-119.16145466,34.225757649999998
8557628,2016,2018-05-03,5604,2016-09-08,2147,5392,,4,5,6,5604,0,0,0,,0,032,OXNARD BL,ASH ST,100.00,S,N,A,-,N,,,1,,,,,,,N,2,0,1,2,A,-,11,21954,A,N,G,B,D,A,H,-,C,D,0,Y,,,,Y,,N,60,1,0,0,0,1,0,0,0,0,- ,- ,34.186549999999997,-119.17336,VENTURA,OXNARD,-119.17333254,34.186585270000002
8557656,2016,2018-04-27,5604,2016-04-09,2005,4834,,6,5,6,5604,0,0,0,,0,014,RT 232,OLIVE ST,37.00,S,N,A,-,Y,VEN,7,232,-,-,0.660,H,-,N,Y,2,0,1,2,A,-,11,21954,A,N,G,B,D,A,H,-,C,-,0,Y,,,,Y,Y,N,60,1,0,0,0,1,0,0,0,0,- ,- ,,,VENTURA,OXNARD,-119.17131861999999,34.234528349999998
8557720,2016,2018-05-02,5604,2016-07-21,1900,5450,,4,5,6,5604,0,0,0,,0,041,SAVIERS RD,YUCCA ST,200.00,S,N,A,-,N,,,,,,,,,,N,4,0,1,2,A,-,21,22106,,N,G,B,E,A,H,-,A,D,0,Y,,,,Y,,A,01,0,0,1,0,1,0,0,0,0,- ,- ,34.216349999999998,-119.1559,VENTURA,OXNARD,-119.17773,34.165391059999997
8557735,2016,2018-05-03,5604,2016-07-28,2143,5422,,4,5,6,5604,0,0,0,,0,024,WOOLEY RD,J ST,13.00,E,N,A,-,N,,,,,,,,,,N,2,0,1,2,A,-,05,21650,1,N,A,G,A,A,H,-,C,A,0,,Y,,,Y,Y,L,04,1,0,0,0,0,0,1,0,0,- ,- ,34.19023,-119.18951,VENTURA,OXNARD,-119.18947707,34.190039229999996
8557739,2016,2018-05-24,5604,2016-07-30,2500,5435,,6,5,6,5604,0,0,0,,0,012,DEL NORTE BL,LUNAR CT,50.00,N,N,A,-,N,,,,,,,,,,N,3,0,1,2,B,-,22,,,N,G,B,F,A,-,-,A,D,0,Y,,,,Y,,A,01,0,1,0,0,1,0,0,0,0,- ,- ,34.211129999999997,-119.12645999999999,VENTURA,OXNARD,-119.12715763,34.21087721
8557757,2016,2018-05-02,5604,2016-07-31,1615,5408,,7,5,6,5604,0,0,0,,0,042,J ST,CLARA ST,0.00,,Y,A,-,N,,,,,,,,,,N,3,0,1,2,A,-,09,21804,A,F,A,G,A,A,H,-,A,D,0,,Y,,,Y,,A,01,0,1,0,0,0,0,1,0,0,- ,- ,34.160769999999999,-119.17895,VENTURA,OXNARD,-119.18620002999999,34.151150080000001
8558004,2018,2018-07-23,5604,2018-01-07,1910,5496,,7,5,6,5604,0,0,0,,0,031,RT 34 ST,ROSE AV,200.00,E,N,A,-,N,,,,,,,,,,N,4,0,1,2,A,-,03,22350,,N,B,G,A,A,H,-,-,D,0,,Y,,,Y,,A,01,0,0,1,0,0,0,1,0,0,- ,- ,34.197029113769531,-119.15978240966797,VENTURA,OXNARD,-119.15908050537109,34.196968078613281
8560623,2018,2018-03-01,5600,2018-02-14,1138,4964,8104,3,5,5,5601,0,0,0,,0,8B01,DAILY DR,CARMEN DR,575.00,E,N,B,-,N,,,,,,,,,,N,4,0,1,2,A,-,21,22106,,N,G,B,D,A,H,-,A,D,0,Y,,,,Y,,A,01,0,0,1,0,1,0,0,0,0,- ,- ,34.218360900878906,-119.04927062988281,VENTURA,CAMARILLO,-119.04926300048828,34.218482971191406
8561867,2018,2018-02-27,5608,2018-02-04,1504,451,,7,5,6,5608,0,0,0,,0,001,VENTURA AV,MAIN ST,0.00,,Y,A,-,N,,,,,,,,,,N,3,0,1,2,A,-,10,21950,A,F,B,B,B,A,H,-,A,A,0,Y,,,,Y,,-,,0,1,0,0,1,0,0,0,0,- ,- ,,,VENTURA,VENTURA,-119.30075836181641,34.281070709228516
8565633,2018,2018-03-08,5600,2018-02-19,2138,2913,9080,1,5,6,5607,0,0,0,,0,09H,HILLCREST DR,MCCLOUD AV,15.00,W,N,A,-,N,,,,,,,,,,N,2,0,1,2,A,-,10,21950,A,N,G,B,B,A,H,-,C,A,0,Y,,,,Y,,A,01,1,0,0,0,1,0,0,0,0,- ,- ,,,VENTURA,THOUSAND OAKS,-118.88739776611328,34.187004089355469
8569756,2018,2018-03-23,5608,2018-03-14,1706,475,,3,5,6,5608,0,0,0,,0,004,TELEPHONE RD,SCANDIA AV,0.00,,Y,C,-,N,,,,,,,,,,Y,4,0,3,3,A,-,08,22107,,N,B,B,E,B,H,-,A,A,0,Y,,,,Y,,-,,0,0,3,0,1,0,0,0,0,- ,- ,34.278278350830078,-119.16043090820312,VENTURA,VENTURA,-119.16039276123047,34.278301239013672
8571066,2016,2018-04-25,5604,2016-10-18,0626,4942,,2,5,6,5604,0,0,0,,0,041,CLOYNE ST,CHANNEL ISLANDS BL,0.00,,Y,F,-,N,,,,,,,,,,N,3,0,1,2,A,-,10,21950,A,F,G,B,B,A,H,-,C,A,0,Y,,,,Y,,A,01,0,1,0,0,1,0,0,0,0,- ,- ,,,VENTURA,OXNARD,-119.17267,34.17340008
8571067,2016,2018-04-25,5604,2016-10-18,1859,5418,,2,5,6,5604,0,0,0,,0,041,ROSE AV,GARY DR,5.00,N,N,A,-,N,,,,,,,,,,N,4,0,1,2,A,-,09,21804,A,N,D,G,A,A,H,-,C,D,0,,Y,,,Y,,L,04,0,0,1,0,0,0,1,0,0,- ,- ,34.169379999999997,-119.15904,VENTURA,OXNARD,-119.15964529,34.167983
8571208,2016,2018-05-03,5604,2016-12-16,1713,5496,,5,5,6,5604,0,0,0,,0,014,OXNARD BL,GONZALES RD,0.00,,Y,A,-,N,,,1,,,,,,,Y,3,0,1,2,A,-,10,21950,A,N,G,B,B,A,H,-,A,A,0,Y,,,,Y,,D,23,0,1,0,0,1,0,0,0,0,- ,- ,34.219059999999999,-119.17718000000001,VENTURA,OXNARD,-119.17725228,34.21906165
8571221,2016,2018-05-02,5604,2016-07-13,2003,5401,,3,5,6,5604,0,0,0,,0,042,CANTERBURY WY,CHARLES ST,80.00,W,N,A,-,N,,,,,,,,,,N,4,0,1,2,A,-,11,21954,A,N,G,B,D,A,H,-,B,D,0,Y,,,,Y,,N,60,0,0,1,0,1,0,0,0,0,- ,- ,34.153390000000002,-119.1793,VENTURA,OXNARD,-119.17904412,34.153570000000002
8571232,2016,2018-05-02,5604,2016-06-23,1200,5208,,4,5,6,5604,0,0,0,,0,021,HARBOUR ISLAND LN,VICTORIA AV,0.00,,Y,A,-,N,,,,,,,,,,N,3,0,1,2,A,-,05,21650,1,N,D,G,A,A,H,-,A,A,0,,Y,,,Y,,L,04,0,1,0,0,0,0,1,0,0,- ,- ,,,VENTURA,OXNARD,-119.22139987,34.183970049999999
8571263,2016,2018-05-02,5604,2016-06-27,0914,5359,2,1,5,6,5604,0,0,0,,0,001,OXNARD BL,GONZALES RD,0.00,,Y,A,-,N,,,1,,,,,,,N,3,0,1,2,A,-,03,22350,,N,D,G,A,A,H,-,C,A,0,,Y,,,Y,,L,04,0,1,0,0,0,0,1,0,0,- ,- ,34.219059999999999,-119.17718000000001,VENTURA,OXNARD,-119.17725228,34.21906165
8571264,2016,2018-05-02,5604,2016-06-26,0938,5311,,7,5,6,5604,0,0,0,,0,021,VICTORIA AV,CHANNEL ISLANDS BL,200.00,N,N,A,-,N,,,,,,,,,,N,4,0,1,2,A,-,05,21650,1,N,G,G,A,A,H,-,A,C,0,,Y,,,Y,,L,04,0,0,1,0,0,0,1,0,0,- ,- ,34.177520000000001,-119.22161,VENTURA,OXNARD,-119.22149847999999,34.176437270000001
8571902,2017,2018-03-27,5608,2017-02-28,0700,440,5608,2,5,6,5608,0,0,0,,0,004,MOON DR,GRAND AV,0.00,,Y,A,-,N,,,,,,,,,,N,4,0,1,2,A,-,10,21950,A,N,G,B,B,A,H,-,A,A,0,Y,,,,Y,,-,,0,0,1,0,1,0,0,0,0,- ,- ,,,VENTURA,VENTURA,-119.20790009,34.25621005
8573053,2018,2018-03-15,5605,2018-02-12,2129,147,PATRO,1,5,3,5605,0,0,0,,0,001,CHANNEL ISLANDS BL,WATERPLATE NEAR E ALLEY OF BOLKER,161.00,E,N,A,-,N,,,,,,,,,,Y,2,0,1,2,A,-,05,21202,A,N,A,G,A,A,H,-,C,D,0,,Y,,,Y,,L,04,1,0,0,0,0,0,1,0,0,- ,- ,,,VENTURA,PORT HUENEME,,
8580294,2018,2018-03-26,5600,2018-02-18,0930,4803,9086,7,5,6,5607,0,0,0,,0,09H,LYNN RD,HILLCREST DR,100.00,S,N,A,-,N,,,,,,,,,,N,2,0,1,2,A,-,07,21658,A,N,H,G,A,A,H,-,A,D,0,,Y,,,Y,,L,04,1,0,0,0,0,0,1,0,0,- ,- ,,,VENTURA,THOUSAND OAKS,-118.89206695556641,34.185520172119141
8596228,2018,2018-04-19,5608,2018-04-01,1138,475,,7,5,6,5608,0,0,0,,0,001,EAST THOMPSON BL,S CHESTNUT ST,30.00,W,N,A,-,N,,,,,,,,,,N,3,0,1,2,A,-,08,22107,,N,D,G,A,A,H,-,A,A,0,,Y,,,Y,,-,,0,1,0,0,0,0,1,0,0,- ,- ,,,VENTURA,VENTURA,-119.29164886474609,34.27825927734375
8598175,2017,2018-04-23,5604,2017-01-25,1901,5343,,3,5,6,5604,0,0,0,,0,023,A ST,2ND ST,200.00,S,N,A,-,N,,,,,,,,,,N,4,0,1,2,A,-,05,21650,1,M,D,G,A,A,H,-,C,D,0,,Y,,,Y,,L,04,0,0,1,0,0,0,1,0,0,- ,- ,34.205240000000003,-119.18773,VENTURA,OXNARD,-119.17855432,34.201071079999998
8598444,2018,2018-04-19,5604,2018-03-07,1927,5514,,3,5,6,5604,0,0,0,,0,032,ROSE AV,CHANNEL ISLANDS BL,100.00,N,N,A,-,N,,,,,,,,,,N,4,0,1,2,A,-,05,21650,1,N,D,G,A,A,H,-,A,D,0,,Y,,,Y,,L,04,0,0,1,0,0,0,1,0,0,- ,- ,34.174461364746094,-119.15969085693359,VENTURA,OXNARD,-119.16016387939453,34.17364501953125
8598723,2017,2018-04-18,5604,2017-05-25,1114,5405,,4,5,6,5604,0,0,0,,0,031,ROSE AV,3RD ST,0.00,,Y,A,-,N,,,,,,,,,,N,3,0,1,2,A,-,05,21650,1,N,D,G,A,A,H,-,A,A,0,,Y,,,Y,,L,04,0,1,0,0,0,0,1,0,0,- ,- ,,,VENTURA,OXNARD,-119.1598515,34.200449999999996
8598731,2017,2018-04-18,5604,2017-05-29,2000,5005,,1,5,6,5604,0,0,0,,0,022,6TH ST,F ST,40.00,W,N,A,-,N,,,,,,,,,,N,3,0,1,2,A,-,11,21954,A,F,G,B,D,A,H,-,B,D,0,Y,,,,Y,,N,60,0,1,0,0,1,0,0,0,0,- ,- ,34.216349999999998,-119.1559,VENTURA,OXNARD,-119.1850321,34.196402130000003
8598790,2017,2018-04-19,5604,2017-03-24,1630,5486,,5,5,6,5604,0,0,0,,0,023,5TH ST,META ST,0.00,,Y,A,-,N,,,,,,,,,,N,4,0,1,2,A,-,09,21801,A,N,D,G,A,A,H,-,A,A,0,,Y,,,Y,,A,01,0,0,1,0,0,0,1,0,0,- ,- ,,,VENTURA,OXNARD,-119.17597001,34.197660020000001
8598809,2018,2018-04-23,5604,2018-04-02,2033,5181,,1,5,6,5604,0,0,0,,0,031,EASTMAN AV,ROSE AV,5.00,E,N,A,-,N,,,,,,,,,,N,4,0,1,2,A,-,05,21650,1,N,D,G,A,A,H,-,C,A,0,,Y,,,Y,,L,04,0,0,1,0,0,0,1,0,0,- ,- ,34.198291778564453,-119.15975952148438,VENTURA,OXNARD,-119.15986633300781,34.198299407958984
8599135,2018,2018-04-26,5604,2018-02-16,2152,5435,,5,5,6,5604,0,0,0,,0,041,SPRUCE ST,JACKSON ST,0.00,,Y,A,-,N,,,,,,,,,,N,3,0,1,2,A,-,05,21650,,N,G,B,E,A,A,H,C,D,0,Y,,,,Y,,A,01,0,1,0,0,1,0,0,0,0,- ,- ,34.172901153564453,-119.18665313720703,VENTURA,OXNARD,-119.18678283691406,34.172721862792969
8600018,2017,2018-04-24,5604,2017-04-25,0630,5406,,2,5,6,5604,0,0,0,,0,031,1ST AV,ROSE AV,0.00,,Y,A,-,N,,,,,,,,,,N,3,0,1,2,A,-,10,21950,A,N,B,B,B,A,H,-,A,A,0,Y,,,,Y,,A,01,0,1,0,0,1,0,0,0,0,- ,- ,34.20261,-119.15971,VENTURA,OXNARD,-119.15981013,34.202620009999997
8600023,2017,2018-04-23,5604,2017-04-14,1148,4653,,5,5,6,5604,0,0,0,,0,021,VICTORIA AV,HEMLOCK ST,97.00,N,N,A,-,N,,,,,,,,,,N,3,0,1,2,A,-,11,21950,B,N,G,B,B,A,H,-,A,A,0,Y,,,,Y,,N,60,0,1,0,0,1,0,0,0,0,- ,- ,,,VENTURA,OXNARD,,
8600038,2017,2018-04-23,5604,2017-04-29,2158,4577,,6,5,6,5604,0,0,0,,0,031,OXNARD BL,1ST ST,33.00,N,N,A,-,N,,,,,,,,,,Y,2,0,3,3,A,-,11,21461,5,N,G,B,E,A,H,-,C,A,0,Y,,,,Y,,N,60,1,0,2,0,1,0,0,0,0,- ,- ,,,VENTURA,OXNARD,-119.17742371999999,34.203049110000002
8600059,2017,2018-04-23,5604,2017-04-30,1907,5474,,7,5,6,5604,0,0,0,,0,031,COOPER RD,GRANT AV,5.00,E,N,A,-,N,,,,,,,,,,N,4,0,1,2,A,-,10,21950,A,N,G,B,B,A,H,-,A,D,0,Y,,,,Y,,A,01,0,0,1,0,1,0,0,0,0,- ,- ,34.204540000000001,-119.17437,VENTURA,OXNARD,-119.17435347999999,34.204540000000001
8600067,2017,2018-05-07,5604,2017-04-02,1958,5422,,7,5,6,5604,0,0,0,,0,022,WOOLEY RD,VENTURA RD,10.00,W,N,A,-,N,,,,,,,,,,N,4,0,1,2,A,-,05,21650,1,N,D,G,A,A,H,-,C,A,0,,Y,,,Y,Y,L,04,0,0,1,0,0,0,1,0,0,- ,- ,34.19032,-119.19511,VENTURA,OXNARD,-119.19515281,34.190303180000001
8600074,2017,2018-05-07,5604,2017-04-02,2015,5474,,7,5,6,5604,0,0,0,,0,024,CHANNEL ISLANDS BL,J ST,0.00,,Y,A,-,N,,,,,,,,,,N,4,0,1,2,A,-,05,21650,1,F,D,G,A,A,H,-,C,A,0,,Y,,,Y,,L,04,0,0,1,0,0,0,1,0,0,- ,- ,34.175539999999998,-119.18616,VENTURA,OXNARD,-119.18617003999999,34.175580060000001
8600134,2017,2018-04-19,5604,2017-12-12,1633,5214,,2,5,6,5604,0,0,0,,0,031,3RD ST,GARFIELD AV,0.00,,Y,A,-,N,,,,,,,,,,N,4,0,1,2,A,-,11,21950,B,N,G,B,B,A,H,-,-,A,0,Y,,,,Y,,N,60,0,0,1,0,1,0,0,0,0,- ,- ,34.200580000000002,-119.17381,VENTURA,OXNARD,-119.17383004,34.200560039999999
8600156,2017,2018-05-02,5604,2017-12-29,1800,5521,,5,5,6,5604,0,0,0,,0,032,CHANNEL ISLANDS BL,ROSE AV,200.00,E,N,A,-,N,,,,,,,,,,N,4,0,1,2,A,-,08,22107,,F,G,B,F,A,H,-,C,D,0,Y,,,,Y,,-,99,0,0,1,0,1,0,0,0,0,- ,- ,34.1738,-119.16155000000001,VENTURA,OXNARD,-119.15950963,34.173367980000002
8600200,2017,2018-04-23,5604,2017-02-16,1030,5485,,4,5,6,5604,0,0,0,,0,021,5TH ST,PATTERSON RD,100.00,E,N,A,-,N,,,,,,,,,,N,3,0,1,2,A,-,05,21650,1,N,A,G,A,A,H,-,A,A,0,,Y,,,Y,,L,04,0,1,0,0,0,0,1,0,0,- ,- ,,,VENTURA,OXNARD,-119.20766972,34.197426139999997
8600202,2017,2018-04-25,5604,2017-02-18,0148,5407,,6,5,6,5604,0,0,0,,0,023,7TH ST,OXNARD BL,0.00,,Y,C,-,N,,,,,,,,,,N,4,0,1,2,A,-,10,21950,A,N,G,B,B,B,F,-,C,A,0,Y,,,,Y,,A,01,0,0,1,0,1,0,0,0,0,- ,- ,34.19502,-119.17740999999999,VENTURA,OXNARD,-119.17748001,34.195040110000001
8600347,2017,2018-05-01,5604,2017-11-11,1850,5502,,6,5,6,5604,0,0,0,,0,031,ROSE AV,CESAR CHAVEZ,6.00,S,N,A,-,N,,,,,,,,,,N,4,0,1,2,A,-,12,21453,A,N,G,G,A,A,H,-,C,A,0,,Y,,,Y,,L,04,0,0,1,0,0,0,1,0,0,- ,- ,34.213140000000003,-119.15958999999999,VENTURA,OXNARD,-119.1597,34.21313353
8600409,2017,2018-06-13,5604,2017-10-03,2120,5504,,2,5,6,5604,0,0,0,,0,041,OLDS RD,BLUEJAY AV,100.00,N,N,A,-,N,,,,,,,,,,N,4,0,1,2,A,-,11,21954,A,F,G,B,D,A,H,-,D,D,0,Y,,,,Y,,N,60,0,0,1,0,1,0,0,0,0,- ,- ,34.167430000000003,-119.1507,VENTURA,OXNARD,-119.15150851,34.163184459999997
8600470,2017,2018-04-30,5604,2017-11-30,0815,5018,,4,5,6,5604,0,0,0,,0,011,N M ST,FREMONT WY,0.00,,Y,A,-,N,,,,,,,,,,N,4,0,1,2,A,-,11,21954,A,N,G,B,D,A,H,-,A,D,0,Y,,,,Y,,N,60,0,0,1,0,1,0,0,0,0,- ,- ,34.213180000000001,-119.19018,VENTURA,OXNARD,-119.19223006,34.213690040000003
8600481,2017,2018-06-14,5604,2017-09-27,1914,4531,,3,5,6,5604,0,0,0,,0,012,ROSE AV,RT 101,0.00,,Y,A,-,Y,VEN,7,101,-,-,21.185,R,4,S,N,4,0,1,2,A,-,05,21650,1,N,D,G,A,A,H,-,C,A,0,,Y,,,Y,,L,04,0,0,1,0,0,0,1,0,0,- ,TO,34.225050000000003,-119.15876,VENTURA,OXNARD,-119.16145466,34.225757649999998