CASE_ID,ACCIDENT_YEAR,PROC_DATE,JURIS,COLLISION_DATE,COLLISION_TIME,OFFICER_ID,REPORTING_DISTRICT,DAY_OF_WEEK,CHP_SHIFT,POPULATION,CNTY_CITY_LOC,SPECIAL_COND,BEAT_TYPE,CHP_BEAT_TYPE,CITY_DIVISION_LAPD,CHP_BEAT_CLASS,BEAT_NUMBER,PRIMARY_RD,SECONDARY_RD,DISTANCE,DIRECTION,INTERSECTION,WEATHER_1,WEATHER_2,STATE_HWY_IND,CALTRANS_COUNTY,CALTRANS_DISTRICT,STATE_ROUTE,ROUTE_SUFFIX,POSTMILE_PREFIX,POSTMILE,LOCATION_TYPE,RAMP_INTERSECTION,SIDE_OF_HWY,TOW_AWAY,COLLISION_SEVERITY,NUMBER_KILLED,NUMBER_INJURED,PARTY_COUNT,PRIMARY_COLL_FACTOR,PCF_CODE_OF_VIOL,PCF_VIOL_CATEGORY,PCF_VIOLATION,PCF_VIOL_SUBSECTION,HIT_AND_RUN,TYPE_OF_COLLISION,MVIW,PED_ACTION,ROAD_SURFACE,ROAD_COND_1,ROAD_COND_2,LIGHTING,CONTROL_DEVICE,CHP_ROAD_TYPE,PEDESTRIAN_ACCIDENT,BICYCLE_ACCIDENT,MOTORCYCLE_ACCIDENT,TRUCK_ACCIDENT,NOT_PRIVATE_PROPERTY,ALCOHOL_INVOLVED,STWD_VEHTYPE_AT_FAULT,CHP_VEHTYPE_AT_FAULT,COUNT_SEVERE_INJ,COUNT_VISIBLE_INJ,COUNT_COMPLAINT_PAIN,COUNT_PED_KILLED,COUNT_PED_INJURED,COUNT_BICYCLIST_KILLED,COUNT_BICYCLIST_INJURED,COUNT_MC_KILLED,COUNT_MC_INJURED,PRIMARY_RAMP,SECONDARY_RAMP,LATITUDE,LONGITUDE,COUNTY,CITY,POINT_X,POINT_Y
8600499,2017,2018-05-02,5604,2017-09-26,0755,4868,,2,5,6,5604,0,0,0,,0,022,VENTURA RD,5TH ST,900.00,N,N,A,-,N,,,,,,,,,,N,3,0,1,2,A,-,05,21650,1,N,D,G,A,A,H,-,A,A,0,,Y,,,Y,,L,04,0,1,0,0,0,0,1,0,0,- ,- ,34.198419999999999,-119.19316000000001,VENTURA,OXNARD,-119.19476645,34.200177719999999
8600524,2017,2018-05-01,5604,2017-09-10,2150,5428,,7,5,6,5604,0,0,0,,0,032,SAVIERS RD,LAUREL ST,30.00,N,N,B,C,N,,,,,,,,,,N,3,0,1,2,A,-,11,21954,A,N,G,B,E,B,H,-,C,A,0,Y,,,,Y,,N,60,0,1,0,0,1,0,0,0,0,- ,- ,34.177329999999998,-119.17752,VENTURA,OXNARD,-119.17759853,34.177432330000002
8600557,2017,2018-05-01,5604,2017-08-19,1617,5473,,6,5,6,5604,0,0,0,,0,041,SAMUEL AV,JAMES AV,20.00,S,N,A,-,N,,,,,,,,,,N,3,0,1,2,A,-,05,21650,1,N,D,G,A,A,H,-,A,D,0,,Y,,,Y,,L,04,0,1,0,0,0,0,1,0,0,- ,- ,34.169110000000003,-119.17667,VENTURA,OXNARD,-119.17671,34.169095110000001
8600576,2017,2018-04-24,5604,2017-05-11,1858,5492,,4,5,6,5604,0,0,0,,0,021,5TH ST,VICTORIA RD,0.00,,Y,A,-,N,,,,,,,,,,N,4,0,1,2,A,-,03,22350,,N,D,G,A,A,H,-,A,A,0,,Y,,,Y,,A,01,0,0,1,0,0,0,1,0,0,- ,- ,34.19764,-119.22116,VENTURA,OXNARD,-119.22126991,34.197580000000002
8600605,2017,2018-04-30,5604,2017-08-22,1310,4750,,2,5,6,5604,0,0,0,,0,014,VINEYARD AV,SAINT MARYS DR,450.00,N,N,A,-,N,,,,,,,,,,N,3,0,1,2,A,-,05,21650,1,F,D,G,A,A,H,-,A,D,0,,Y,,,Y,,L,04,0,1,0,0,0,0,1,0,0,- ,- ,34.22842,-119.17634,VENTURA,OXNARD,-119.17563413000001,34.228523459999998
8600654,2017,2018-04-24,5604,2017-03-28,1903,4514,,2,5,6,5604,0,0,0,,0,042,PLEASANT VALLEY RD,CLOYNE ST,300.00,W,N,A,-,N,,,,,,,,,,N,4,0,1,2,A,-,03,22350,,N,B,G,A,A,H,-,A,A,0,,Y,,,Y,,A,01,0,0,1,0,0,0,1,0,0,- ,- ,34.154670000000003,-119.17298,VENTURA,OXNARD,-119.17399045000001,34.154719999999998
8600667,2017,2018-04-23,5604,2017-06-15,2239,4531,,4,5,6,5604,0,0,0,,0,011,VENTURA RD,GONZALES RD,0.00,,Y,A,-,N,,,,,,,,,,N,3,0,1,2,A,-,10,21950,A,N,G,B,B,A,H,-,C,A,0,Y,,,,Y,,A,01,0,1,0,0,1,0,0,0,0,- ,- ,34.219270000000002,-119.19455000000001,VENTURA,OXNARD,-119.19464013,34.219350079999998
8600676,2017,2018-04-23,5604,2017-06-17,1518,5211,,6,5,6,5604,0,0,0,,0,021,VICTORIA AV,CURLEW WY,0.00,,Y,A,B,N,,,,,,,,,,N,3,0,1,2,A,-,05,21650,1,N,G,G,A,A,H,-,A,A,0,,Y,,,Y,,L,04,0,1,0,0,0,0,1,0,0,- ,- ,34.170720000000003,-119.22154,VENTURA,OXNARD,-119.22162987999999,34.17073001
8600683,2017,2018-04-23,5604,2017-07-10,1410,5504,,1,5,6,5604,0,0,0,,0,031,ROSE AV,GONZALES RD,50.00,N,N,A,-,N,,,,,,,,,,N,4,0,1,2,B,-,22,,,N,D,G,A,A,H,-,A,D,0,,Y,,,Y,,L,04,0,0,1,0,0,0,1,0,0,- ,- ,34.213189999999997,-119.16426,VENTURA,OXNARD,-119.15842535,34.219127180000001
8600696,2017,2018-04-23,5604,2017-07-12,1234,5208,,3,5,6,5604,0,0,0,,0,011,M ST,DEVONSHIRE DR,50.00,N,N,A,-,N,,,,,,,,,,N,3,0,1,2,A,-,09,21801,A,N,G,G,A,A,H,-,A,D,0,,Y,,,Y,,L,04,0,1,0,0,0,0,1,0,0,- ,- ,,,VENTURA,OXNARD,-119.19226688000001,34.211627210000003
8600702,2017,2018-05-02,5604,2017-08-08,1640,4610,,2,5,6,5604,0,0,0,,0,031,CAMINO DEL SOL,GIBRALTER DR,400.00,E,N,A,-,N,,,,,,,,,,N,3,0,2,2,A,-,21,22106,,N,G,B,F,A,H,-,A,D,0,Y,,,,Y,,A,08,0,2,0,0,1,0,0,0,0,- ,- ,34.206049999999998,-119.15312,VENTURA,OXNARD,-119.15283868,34.206290000000003
8600725,2017,2018-05-03,5604,2017-10-08,1316,4734,,7,5,6,5604,0,0,0,,0,031,HAYES AV,COOPER RD,300.00,N,N,A,-,N,,,,,,,,,,Y,2,0,1,2,A,-,11,21954,A,N,G,B,D,A,H,-,A,D,0,Y,,,,Y,,N,60,1,0,0,0,1,0,0,0,0,- ,- ,34.205330000000004,-119.17552999999999,VENTURA,OXNARD,-119.17534426,34.205373369999997
8600732,2017,2018-05-07,5604,2017-10-10,1514,4531,,2,5,6,5604,0,0,0,,0,014,CITRUS GROVE LN,OXNARD BL,200.00,W,N,A,-,N,,,,,,,,,,N,3,0,1,2,A,-,11,21954,A,N,G,B,D,A,H,-,A,D,0,Y,,,,Y,,N,60,0,1,0,0,1,0,0,0,0,- ,- ,34.221139999999998,-119.17756,VENTURA,OXNARD,-119.17822077,34.22112722
8600745,2017,2018-04-20,5604,2017-02-01,1300,5160,,3,5,6,5604,0,0,0,,0,022,2ND ST,VENTURA PL,0.00,,Y,A,-,N,,,,,,,,,,N,4,0,1,2,A,-,05,21650,1,F,E,G,A,A,H,-,A,A,0,,Y,,,Y,,L,04,0,0,1,0,0,0,1,0,0,- ,- ,34.198030000000003,-119.19432,VENTURA,OXNARD,-119.19471000999999,34.202890109999998
8600868,2017,2018-05-01,5604,2017-05-26,1929,5335,,5,5,6,5604,0,0,0,,0,023,OXNARD BL,2ND ST,250.00,S,N,A,-,N,,,1,,,,,,,N,4,0,1,2,A,-,11,21954,A,N,G,B,D,A,H,-,B,D,0,Y,,,,Y,,N,60,0,0,1,0,1,0,0,0,0,- ,- ,34.200189999999999,-119.17726999999999,VENTURA,OXNARD,-119.17731137,34.200190450000001
8600882,2017,2018-04-24,5604,2017-09-22,0625,5431,,5,5,6,5604,0,0,0,,0,023,4TH ST,OXNARD BL,100.00,E,N,A,-,N,,,,,,,,,,N,3,0,1,2,A,-,10,21950,A,N,G,B,C,A,H,-,A,A,0,Y,,,,Y,,I,19,0,1,0,0,1,0,0,0,0,- ,- ,34.198970000000003,-119.17735,VENTURA,OXNARD,,
8600920,2017,2018-04-25,5604,2017-07-10,2134,5419,,1,5,6,5604,0,0,0,,0,022,VENTURA RD,5TH ST,0.00,,Y,A,-,N,,,,,,,,,,N,4,0,1,2,A,-,11,21950,B,N,G,B,B,A,H,-,C,A,0,Y,,,,Y,Y,N,60,0,0,1,0,1,0,0,0,0,- ,- ,34.197670000000002,-119.19473000000001,VENTURA,OXNARD,-119.19488001000001,34.197710069999999
8600967,2017,2018-04-24,5604,2017-11-11,0451,5378,,6,5,6,5604,0,0,0,,0,022,5TH ST,K ST,0.00,,Y,A,-,N,,,,,,,,,,N,4,0,1,2,A,-,09,21453,B,N,H,G,A,A,H,-,B,A,0,,Y,,,Y,,D,82,0,0,1,0,0,0,1,0,0,- ,- ,34.197769999999998,-119.19168000000001,VENTURA,OXNARD,-119.19168012,34.197850090000003
8601200,2017,2018-05-01,5604,2017-04-12,0913,4919,,3,5,6,5604,0,0,0,,0,,W 7TH ST,5TH ST,200.00,W,N,A,-,N,,,,,,,,,,N,3,0,1,2,B,-,22,,,N,G,B,F,A,H,-,A,D,0,Y,,,,Y,,D,22,0,1,0,0,1,0,0,0,0,- ,- ,,,VENTURA,OXNARD,,
8601535,2017,2018-05-01,5604,2017-05-20,1800,5430,,6,5,6,5604,0,0,0,,0,024,ALTURAS ST,GENEVA WY,0.00,,Y,A,-,N,,,,,,,,,,N,3,0,1,2,A,-,08,22107,,N,B,G,A,A,H,-,A,D,0,,Y,,,Y,,A,08,0,1,0,0,0,0,1,0,0,- ,- ,34.181899999999999,-119.20202,VENTURA,OXNARD,-119.20200011,34.181890029999998
8601540,2017,2018-05-01,5604,2017-06-12,0749,4442,,1,5,6,5604,0,0,0,,0,021,HEMLOCK ST,FISHER DR,0.00,,Y,A,-,N,,,,,,,,,,N,3,0,2,3,A,-,10,21950,A,N,G,B,D,A,H,-,A,A,0,Y,,,,Y,,A,01,0,1,1,0,2,0,0,0,0,- ,- ,34.181289999999997,-119.21850000000001,VENTURA,OXNARD,-119.21847993,34.181300030000003
8601560,2017,2018-05-02,5604,2017-09-21,2025,5501,,4,5,6,5604,0,0,0,,0,012,GONZALES RD,SONATA DR,20.00,E,N,A,-,N,,,,,,,,,,N,4,0,1,2,A,-,05,21650,1,N,D,G,A,A,H,-,C,D,0,,Y,,,Y,,L,04,0,0,1,0,0,0,1,0,0,- ,- ,34.21893,-119.16209000000001,VENTURA,OXNARD,-119.16204395,34.219011649999999
8601596,2017,2018-04-20,5604,2017-06-26,1825,4514,,1,5,6,5604,0,0,0,,0,042,CUESTA DEL MAR DR,PERKINS RD,200.00,E,N,A,-,N,,,,,,,,,,N,3,0,1,2,A,-,11,21954,A,N,G,B,D,A,H,-,A,D,0,Y,,,,Y,,N,60,0,1,0,0,1,0,0,0,0,- ,- ,34.148960000000002,-119.18235,VENTURA,OXNARD,-119.18324990000001,34.148848059999999
8601599,2017,2018-04-20,5604,2017-11-24,2200,5434,,5,5,6,5604,0,0,0,,0,012,E GONZALES RD,WILLIAMS DR,0.00,,Y,A,-,N,,,,,,,,,,N,4,0,2,3,A,-,10,21950,A,N,G,B,B,A,H,-,C,A,0,Y,,,,Y,Y,-,,0,0,2,0,2,0,0,0,0,- ,- ,34.218859999999999,-119.15393,VENTURA,OXNARD,-119.15392014,34.218940119999999
8602665,2018,2018-05-22,5600,2018-04-11,0539,4808,6009,3,5,3,5602,0,0,0,,0,6A01,B ST,1ST ST,0.00,,Y,A,-,N,,,,,,,,,,N,4,0,1,2,A,-,11,21950,B,N,G,B,B,A,H,-,C,A,0,Y,,,,Y,,N,60,0,0,1,0,1,0,0,0,0,- ,- ,,,VENTURA,FILLMORE,-118.92359924316406,34.401271820068359
8603209,2017,2018-05-02,5604,2017-05-19,1940,5313,,5,5,6,5604,0,0,0,,0,,VENTURA RD,KAMALA ST,10.00,N,N,A,-,N,,,,,,,,,,N,3,0,1,2,A,-,05,21650,1,F,D,G,A,A,H,-,A,A,0,,Y,,,Y,,L,04,0,1,0,0,0,0,1,0,0,- ,- ,34.181109999999997,-119.19531000000001,VENTURA,OXNARD,-119.19493921999999,34.178937439999999
8603299,2018,2018-05-07,5600,2018-04-24,1453,4615,8104,2,5,5,5601,0,0,0,,0,08B,PONDEROSA DR,BRENTLY AV,3.00,E,N,A,-,N,,,,,,,,,,N,3,0,1,2,A,-,03,22350,,N,D,G,A,A,H,-,A,A,0,,Y,,,Y,,L,04,0,1,0,0,0,0,1,0,0,- ,- ,34.223670959472656,-119.05062103271484,VENTURA,CAMARILLO,-119.04743957519531,34.223579406738281
8607495,2017,2018-05-11,5604,2017-12-21,1530,5151,,4,5,6,5604,0,0,0,,0,021,CHANNEL ISLANDS BL,VICTORIA AV,0.00,,Y,A,-,N,,,,,,,,,,N,3,0,1,2,A,-,12,21453,A,N,G,G,A,A,H,-,A,A,0,,Y,,,Y,Y,L,04,0,1,0,0,0,0,1,0,0,- ,- ,34.175829999999998,-119.22145999999999,VENTURA,OXNARD,-119.22154989000001,34.175890000000003
8608232,2018,2018-04-30,5604,2018-02-01,2016,5459,,4,5,6,5604,0,0,0,,0,012,KOHALA ST,CAMINO DEL SOL,0.00,,Y,A,-,N,,,,,,,,,,N,3,0,1,2,A,-,07,21658,A,F,G,B,-,A,H,-,A,A,0,Y,,,,Y,,A,01,0,1,0,0,1,0,0,0,0,- ,- ,34.211940765380859,-119.15312194824219,VENTURA,OXNARD,-119.15125274658203,34.206291198730469
8614422,2018,2018-04-27,5606,2018-02-23,1723,1096,5606,5,5,4,5606,0,0,0,,0,001,MAIN ST,STECKEL DR,0.00,,Y,A,-,N,,,,,,,,,,N,2,0,1,2,A,-,10,21950,A,N,G,B,B,A,H,-,A,D,0,Y,,,,Y,,A,01,1,0,0,0,1,0,0,0,0,- ,- ,,,VENTURA,SANTA PAULA,-119.08061981201172,34.347389221191406
8616989,2018,2018-05-17,5604,2018-04-14,1931,5306,,6,5,6,5604,0,0,0,,0,023,2ND ST,C ST,0.00,,Y,A,-,N,,,,,,,,,,N,4,0,1,2,A,-,10,21950,A,N,G,B,B,A,H,-,B,A,0,Y,,,,Y,,A,07,0,0,1,0,1,0,0,0,0,- ,- ,34.20166015625,-119.18105316162109,VENTURA,OXNARD,-119.18105316162109,34.20166015625
8617526,2018,2018-08-21,5600,2018-05-04,1500,4704,1000,5,5,2,5603,0,0,0,,0,01A,RT 33,CHURCH RD,12.00,N,N,A,-,Y,VEN,7,33,-,-,11.611,I,5,N,N,4,0,1,2,A,-,05,21650,1,N,B,G,A,A,H,-,A,D,0,,Y,,,Y,,L,04,0,0,1,0,0,0,1,0,0,- ,- ,,,VENTURA,OJAI,-119.26696014404297,34.442901611328125
8618691,2018,2018-08-17,5609,2018-04-02,1046,310,412,1,5,6,5609,0,0,0,,0,004,SYCAMORE DR,RT 118,0.00,,Y,A,-,Y,VEN,7,118,-,R,26.013,R,1,W,N,3,0,1,2,A,-,12,21453,A,N,D,G,A,A,H,-,A,A,0,,Y,,,Y,,L,04,0,1,0,0,0,0,1,0,0,- ,WF,,,VENTURA,SIMI VALLEY,-118.74057769775391,34.282424926757812
8622483,2018,2018-06-04,5609,2018-05-15,0814,310,615,2,5,6,5609,0,0,0,,0,006,LOS ANGELES AV,AVENIDA VISTA DEL MONTE,334.00,W,N,A,-,N,,,,,,,,,,N,3,0,1,2,A,-,05,21650,,N,D,G,A,A,H,-,A,D,0,,Y,,,Y,,L,04,0,1,0,0,0,0,1,0,0,- ,- ,,,VENTURA,SIMI VALLEY,-118.67609405517578,34.271751403808594
8622500,2018,2018-05-30,5609,2018-04-27,1517,356,,5,5,6,5609,0,0,0,,0,001,LOS ANGELES AV,HUBBARD ST,106.00,W,N,A,-,N,,,,,,,,,,N,4,0,1,2,A,-,05,21650,1,N,D,G,A,A,H,-,A,D,0,,Y,,,Y,,L,04,0,0,1,0,0,0,1,0,0,- ,- ,34.271778106689453,-118.77004241943359,VENTURA,SIMI VALLEY,-118.77049255371094,34.271800994873047
8625775,2018,2018-07-10,5605,2018-05-18,1430,139,PATRO,5,5,3,5605,0,0,0,,0,001,VICTORIA AV,MARINA VILLAGE DR,132.00,N,N,A,-,N,,,,,,,,,,N,4,0,1,2,A,-,21,22106,,N,G,B,E,A,H,-,A,D,0,Y,,,,Y,,D,22,0,0,1,0,1,0,0,0,0,- ,- ,,,VENTURA,PORT HUENEME,-119.22106170654297,34.179771423339844
8626446,2018,2018-06-05,5600,2018-04-26,2154,4964,8104,4,5,5,5601,0,0,0,,0,08B,CARMEN DR,RT 101,0.00,,Y,A,-,N,,,,,,,,,,N,2,0,1,2,A,-,05,21650,,N,D,G,A,A,H,-,C,A,0,,Y,,,Y,,L,04,1,0,0,0,0,0,1,0,0,- ,NF,34.218269348144531,-119.05059051513672,VENTURA,CAMARILLO,-119.05055999755859,34.217750549316406
8627392,2018,2018-06-06,5608,2018-05-20,1037,469,,7,5,6,5608,0,0,0,,0,002,ARUNDELL AV,MAIN ST,0.00,,Y,A,-,N,,,,,,,,,,N,3,0,1,2,A,-,09,21802,A,N,D,G,A,A,H,-,A,D,0,,Y,,,Y,,L,04,0,1,0,0,0,0,1,0,0,- ,- ,,,VENTURA,VENTURA,-119.24278259277344,34.264030456542969
8632458,2018,2018-06-08,5608,2018-05-26,1728,501,,6,5,6,5608,0,0,0,,0,001,CALIFORNIA ST,EAST THOMPSON BL,43.00,N,N,A,-,N,,,,,,,,,,N,4,0,1,2,A,-,08,22107,,N,B,G,A,A,H,-,A,A,0,,Y,,,Y,,A,01,0,0,1,0,0,0,1,0,0,- ,- ,,,VENTURA,VENTURA,-119.29306793212891,34.278366088867188
8648053,2018,2020-05-26,5606,2018-04-25,0536,1110,5606,3,5,4,5606,0,0,0,,0,002,RICHMOND RD,ERNEST DR,53.00,W,N,A,-,N,,,,,,,,,,Y,1,1,0,2,A,-,11,21954,A,N,G,B,C,A,H,-,C,D,0,Y,,,,Y,Y,N,60,0,0,0,1,0,0,0,0,0,- ,- ,,,VENTURA,SANTA PAULA,-119.05771636962891,34.365444183349609
8648175,2018,2020-05-22,5604,2018-07-20,2125,5231,,5,5,6,5604,0,0,0,,0,011,OXNARD BL,ROBERT AV,282.00,S,N,A,-,N,,,,,,,,,,Y,1,1,0,2,A,-,11,21954,A,N,G,B,D,A,H,-,C,D,0,Y,,,,Y,Y,N,60,0,0,0,1,0,0,0,0,0,- ,- ,,,VENTURA,OXNARD,-119.17733001708984,34.210426330566406
8648206,2018,2020-05-21,5608,2018-08-10,2037,499,,5,5,6,5608,0,0,0,,0,001,NORTH VENTURA AV,W PROSPECT ST,0.00,,Y,A,-,N,,,,,,,,,,N,1,1,0,2,A,-,11,21954,A,F,G,B,D,A,H,-,C,D,0,Y,,,,Y,,N,60,0,0,0,1,0,0,0,0,0,- ,- ,,,VENTURA,VENTURA,-119.29911804199219,34.286998748779297
8648348,2018,2018-11-27,5604,2018-02-10,2349,5243,,6,5,6,5604,0,0,0,,0,014,OXNARD BL,ESPLANADE DR,300.00,N,N,A,-,N,,,1,,,,,,,Y,1,1,0,2,A,-,11,21954,A,N,G,B,D,A,H,-,C,D,0,Y,,,,Y,,N,60,0,0,0,1,0,0,0,0,0,- ,- ,34.238998413085938,-119.18084716796875,VENTURA,OXNARD,-119.18091583251953,34.239002227783203
8648353,2018,2020-05-26,5600,2018-10-19,2237,4550,9128,5,5,6,5607,0,0,0,,0,09H,VENTU PARK RD,RT 101,95.00,S,N,A,-,Y,VEN,7,101,-,-,5.989,R,4,N,Y,1,1,0,2,A,-,11,21954,A,N,G,B,D,A,H,-,C,A,0,Y,,,,Y,Y,N,60,0,0,0,1,0,0,0,0,0,- ,NF,,,VENTURA,THOUSAND OAKS,-118.90773010253906,34.18450927734375
8650588,2018,2018-09-17,5608,2018-08-08,1744,500,,3,5,6,5608,0,0,0,,0,004,PERKIN AV,AUTO CENTER DR,0.00,,Y,A,-,N,,,,,,,,,,N,3,0,1,2,A,-,05,21650,1,N,D,G,A,A,H,-,A,A,0,,Y,,,Y,,L,04,0,1,0,0,0,0,1,0,0,- ,- ,34.245800018310547,-119.199951171875,VENTURA,VENTURA,-119.19992828369141,34.245861053466797
8651515,2018,2018-09-25,5604,2018-07-24,0128,5454,,2,5,6,5604,0,0,0,,0,023,S OXNARD BL,DRIFFILL,100.00,S,N,A,-,N,,,,,,,,,,N,3,0,1,2,A,-,03,22350,,N,D,G,A,A,H,-,C,D,0,,Y,,,Y,,L,04,0,1,0,0,0,0,1,0,0,- ,- ,,,VENTURA,OXNARD,-119.17740631103516,34.192096710205078
8656157,2018,2018-07-24,5608,2018-07-05,1618,422,VENTU,4,5,6,5608,0,0,0,,0,003,KIMBALL RD,THILLE ST,0.00,,Y,A,-,N,,,,,,,,,,N,4,0,1,2,A,-,10,21950,A,N,-,G,A,A,H,-,A,A,0,,Y,,,Y,,-,,0,0,1,0,0,0,1,0,0,- ,- ,,,VENTURA,VENTURA,-119.18914031982422,34.271099090576172
8657148,2018,2018-09-24,5600,2018-07-04,1611,5106,8201,3,5,5,5601,0,0,0,,0,08D,AVENIDA ACASO,CALLE BRISA,310.00,S,N,A,-,N,,,,,,,,,,N,3,0,1,2,A,-,09,21804,A,N,D,G,A,A,H,-,A,D,0,,Y,,,Y,,L,04,0,1,0,0,0,0,1,0,0,- ,- ,34.22991943359375,-119.01045989990234,VENTURA,CAMARILLO,-119.0103759765625,34.229953765869141
8661054,2018,2018-07-16,5604,2018-06-26,1530,5532,,2,5,6,5604,0,0,0,,0,012,ROSE AV,GONZALES RD,20.00,N,N,A,-,N,,,,,,,,,,N,3,0,1,2,A,-,12,21453,A,N,D,G,A,A,H,-,A,A,0,,Y,,,Y,,L,04,0,1,0,0,0,0,1,0,0,- ,- ,,,VENTURA,OXNARD,-119.15842437744141,34.219043731689453
8662864,2018,2018-09-25,5606,2018-06-02,1330,1116,5606,6,5,4,5606,0,0,0,,0,002,SANTA BARBARA ST EAST,MILL NORTH  ST,128.00,W,N,A,-,N,,,,,,,,,,N,4,0,1,2,A,-,09,21804,A,N,D,G,A,A,H,-,A,D,0,,Y,,,Y,,A,01,0,0,1,0,0,0,1,0,0,- ,- ,,,VENTURA,SANTA PAULA,-119.06224822998047,34.355155944824219
8685189,2018,2018-08-23,5608,2018-08-01,2350,498,,3,5,6,5608,0,0,0,,0,002,CALIFORNIA ST,MAIN ST,0.00,,Y,A,-,N,,,,,,,,,,N,3,0,1,2,A,-,12,21453,A,N,D,G,A,A,H,-,C,A,0,,Y,,,Y,,L,04,0,1,0,0,0,0,1,0,0,- ,- ,,,VENTURA,VENTURA,-119.29309844970703,34.280818939208984
8685935,2018,2018-10-05,5604,2018-08-08,1704,4531,,3,5,6,5604,0,0,0,,0,012,VINEYARD AV,ESPLANADE DR,400.00,S,N,A,-,N,,,,,,,,,,N,4,0,1,2,A,-,09,21804,A,N,D,G,A,A,H,-,A,D,0,,Y,,,Y,,A,07,0,0,1,0,0,0,1,0,0,- ,- ,34.229579925537109,-119.17421722412109,VENTURA,OXNARD,-119.17543029785156,34.229137420654297
8685959,2018,2018-10-05,5604,2018-08-04,1836,5496,,6,5,6,5604,0,0,0,,0,011,A ST,RODERICK AV,0.00,,Y,A,-,N,,,,,,,,,,N,3,0,1,2,A,-,09,21801,B,N,D,G,A,A,H,-,A,D,0,,Y,,,Y,Y,A,01,0,1,0,0,0,0,1,0,0,- ,- ,34.209751129150391,-119.17845153808594,VENTURA,OXNARD,-119.178466796875,34.209758758544922
8687714,2018,2018-10-04,5608,2018-08-10,2021,477,,5,5,6,5608,0,0,0,,0,004,SOUTH VICTORIA AV,AVOCET DR,0.00,,Y,A,-,N,,,,,,,,,,N,3,0,1,2,A,-,10,21950,A,N,-,B,B,A,H,-,C,A,0,Y,,,,Y,,A,08,0,1,0,0,1,0,0,0,0,- ,- ,,,VENTURA,VENTURA,-119.21109008789062,34.258491516113281
8690643,2018,2018-09-18,5600,2018-06-12,1756,121884,8111,2,5,5,5601,0,0,0,,0,8B1,PONDEROSA DR,MOBIL AV,0.00,,Y,A,-,N,,,,,,,,,,N,4,0,1,2,A,-,10,21950,A,N,G,B,B,A,H,-,A,A,0,Y,,,,Y,,N,60,0,0,1,0,1,0,0,0,0,- ,- ,34.224178314208984,-119.04206848144531,VENTURA,CAMARILLO,-119.04280090332031,34.223609924316406
8697416,2018,2018-11-09,5609,2018-09-20,1159,452,,4,5,6,5609,0,0,0,,0,001,FIRST ST,AUTO CENTER DR,0.00,,Y,A,-,N,,,,,,,,,,N,4,0,1,2,A,-,21,22106,,N,G,B,C,A,A,-,A,A,0,Y,,,,Y,,D,22,0,0,1,0,1,0,0,0,0,- ,- ,34.278068542480469,-118.77883911132812,VENTURA,SIMI VALLEY,-118.77879333496094,34.278209686279297
8700191,2018,2018-09-24,5604,2018-08-26,2035,5359,,7,5,6,5604,0,0,0,,0,042,SAVIERS RD,PLEASANT VALLEY RD,20.00,S,N,A,-,N,,,,,,,,,,N,2,0,1,2,A,-,05,21650,1,F,D,G,A,A,H,-,C,A,0,,Y,,,Y,,L,04,1,0,0,0,0,0,1,0,0,- ,- ,34.154708862304688,-119.17774963378906,VENTURA,OXNARD,-119.17784881591797,34.154674530029297
8700203,2018,2018-09-24,5604,2018-08-18,1620,5378,,6,5,6,5604,0,0,0,,0,022,NORTH A ST,MAGNOLIA AV,50.00,,N,A,-,N,,,,,,,,,,N,2,0,1,2,A,-,03,22350,,F,G,B,D,A,H,-,A,D,0,Y,,,,Y,,A,01,1,0,0,0,1,0,0,0,0,- ,- ,34.204788208007812,-119.17822265625,VENTURA,OXNARD,,
8705478,2018,2018-10-09,5604,2018-09-18,1958,4750,,2,5,6,5604,0,0,0,,0,024,WOOLEY RD,S E ST S,0.00,,Y,A,-,N,,,,,,,,,,N,2,0,1,2,A,-,10,21950,A,N,G,B,B,A,H,-,C,A,0,Y,,,,Y,,A,01,1,0,0,0,1,0,0,0,0,- ,- ,34.18994140625,-119.18367767333984,VENTURA,OXNARD,-119.18372344970703,34.189990997314453
8713939,2018,2018-10-19,5608,2018-09-19,2042,472,,3,5,6,5608,0,0,0,,0,001,CALIFORNIA ST,E MAIN ST,0.00,,Y,A,-,N,,,,,,,,,,N,4,0,1,2,A,-,10,21950,A,N,G,B,B,A,H,-,C,A,0,Y,,,,Y,,D,22,0,0,1,0,1,0,0,0,0,- ,- ,34.279998779296875,-119.29299926757812,VENTURA,VENTURA,-119.29309844970703,34.280818939208984
8716361,2018,2018-11-15,5609,2018-09-25,1030,367,,2,5,6,5609,0,0,0,,0,003,PATRICIA AV,LOS ANGELES AV,0.00,,Y,A,-,N,,,,,,,,,,N,4,0,1,2,A,-,09,21804,,N,H,G,A,A,H,-,A,A,0,,Y,,,Y,,L,04,0,0,1,0,0,0,1,0,0,- ,- ,,,VENTURA,SIMI VALLEY,-118.77668762207031,34.27178955078125