CASE_ID,ACCIDENT_YEAR,PROC_DATE,JURIS,COLLISION_DATE,COLLISION_TIME,OFFICER_ID,REPORTING_DISTRICT,DAY_OF_WEEK,CHP_SHIFT,POPULATION,CNTY_CITY_LOC,SPECIAL_COND,BEAT_TYPE,CHP_BEAT_TYPE,CITY_DIVISION_LAPD,CHP_BEAT_CLASS,BEAT_NUMBER,PRIMARY_RD,SECONDARY_RD,DISTANCE,DIRECTION,INTERSECTION,WEATHER_1,WEATHER_2,STATE_HWY_IND,CALTRANS_COUNTY,CALTRANS_DISTRICT,STATE_ROUTE,ROUTE_SUFFIX,POSTMILE_PREFIX,POSTMILE,LOCATION_TYPE,RAMP_INTERSECTION,SIDE_OF_HWY,TOW_AWAY,COLLISION_SEVERITY,NUMBER_KILLED,NUMBER_INJURED,PARTY_COUNT,PRIMARY_COLL_FACTOR,PCF_CODE_OF_VIOL,PCF_VIOL_CATEGORY,PCF_VIOLATION,PCF_VIOL_SUBSECTION,HIT_AND_RUN,TYPE_OF_COLLISION,MVIW,PED_ACTION,ROAD_SURFACE,ROAD_COND_1,ROAD_COND_2,LIGHTING,CONTROL_DEVICE,CHP_ROAD_TYPE,PEDESTRIAN_ACCIDENT,BICYCLE_ACCIDENT,MOTORCYCLE_ACCIDENT,TRUCK_ACCIDENT,NOT_PRIVATE_PROPERTY,ALCOHOL_INVOLVED,STWD_VEHTYPE_AT_FAULT,CHP_VEHTYPE_AT_FAULT,COUNT_SEVERE_INJ,COUNT_VISIBLE_INJ,COUNT_COMPLAINT_PAIN,COUNT_PED_KILLED,COUNT_PED_INJURED,COUNT_BICYCLIST_KILLED,COUNT_BICYCLIST_INJURED,COUNT_MC_KILLED,COUNT_MC_INJURED,PRIMARY_RAMP,SECONDARY_RAMP,LATITUDE,LONGITUDE,COUNTY,CITY,POINT_X,POINT_Y
8716477,2018,2018-10-22,5608,2018-10-07,2007,49,,7,5,6,5608,0,0,0,,0,005,MILLS RD,MAIN ST,75.00,N,N,A,-,N,,,,,,,,,,N,3,0,1,2,A,-,09,21804,B,N,B,G,A,A,H,-,C,D,0,,Y,,,Y,,-,,0,1,0,0,0,0,1,0,0,- ,- ,,,VENTURA,VENTURA,-119.24602508544922,34.2652587890625
8718014,2018,2018-10-16,5604,2018-09-17,0720,5561,,1,5,6,5604,0,0,0,,0,031,CAMINO DEL SOL AV,ROSE AV,600.00,E,N,A,-,N,,,,,,,,,,N,3,0,1,2,A,-,11,21954,A,N,G,B,D,A,H,-,A,D,0,Y,,,,Y,,N,60,0,1,0,0,1,0,0,0,0,- ,- ,34.206329345703125,-119.15966796875,VENTURA,OXNARD,-119.15770721435547,34.206329345703125
8718063,2018,2018-10-17,5604,2018-09-12,1813,5365,,3,5,6,5604,0,0,0,,0,031,CAMINO DEL SOL AV,COLONIA RD,5.00,W,N,A,-,N,,,,,,,,,,N,3,0,1,2,D,-,00,,,N,D,G,A,A,H,-,A,A,0,,Y,,,Y,,-,- ,0,1,0,0,0,0,1,0,0,- ,- ,34.207328796386719,-119.16352081298828,VENTURA,OXNARD,-119.16359710693359,34.207286834716797
8718391,2018,2018-11-06,5600,2018-09-24,1913,5388,9102,1,5,6,5607,0,0,0,,0,09G,MOORPARK RD,RT 101,0.00,,Y,A,-,Y,VEN,7,101,-,-,3.925,R,1,N,N,4,0,1,2,A,-,12,21453,A,N,G,B,B,A,H,-,A,A,0,Y,,,,Y,,A,01,0,0,1,0,1,0,0,0,0,- ,NF,,,VENTURA,THOUSAND OAKS,-118.8739013671875,34.177242279052734
8721588,2018,2018-10-18,5609,2018-09-20,1749,437,,4,5,6,5609,0,0,0,,0,005,COCHRAN ST,WINIFRED ST,8.00,W,N,A,-,N,,,,,,,,,,N,3,0,1,2,A,-,12,21453,A,N,G,B,B,A,H,-,A,A,0,Y,,,,Y,,A,01,0,1,0,0,1,0,0,0,0,- ,- ,34.279071807861328,-118.71121978759766,VENTURA,SIMI VALLEY,-118.71112823486328,34.279071807861328
8723553,2018,2018-11-20,5604,2018-09-13,1739,5263,,4,5,6,5604,0,0,0,,0,022,A ST,PALM DR,0.00,,Y,A,-,N,,,,,,,,,,N,4,0,1,2,A,-,08,22107,,N,D,G,A,A,H,-,A,D,0,,Y,,,Y,,L,04,0,0,1,0,0,0,1,0,0,- ,- ,34.205558776855469,-119.17830657958984,VENTURA,OXNARD,-119.17851257324219,34.205039978027344
8726689,2018,2018-11-08,5600,2018-10-23,0900,2110,9112,2,5,6,5607,0,0,0,,0,09C,S BRIAR AV,POTRERO RD,5.00,N,N,A,-,N,,,,,,,,,,N,3,0,1,2,A,-,10,21950,A,N,G,B,D,A,H,-,A,A,0,Y,,,,Y,,A,07,0,1,0,0,1,0,0,0,0,- ,- ,,,VENTURA,THOUSAND OAKS,-118.95950317382812,34.158412933349609
8729910,2018,2018-11-19,5604,2018-10-13,1418,4755,,6,5,6,5604,0,0,0,,0,023,OXNARD BL,3RD ST,0.00,,Y,A,-,N,,,1,,,,,,,N,4,0,1,2,A,-,09,21802,A,N,D,G,A,A,H,-,A,A,0,,Y,,,Y,,A,01,0,0,1,0,0,0,1,0,0,- ,- ,34.199001312255859,-119.17758178710938,VENTURA,OXNARD,-119.17745208740234,34.198997497558594
8731838,2018,2018-11-14,5608,2018-10-22,1246,417,,1,5,6,5608,0,0,0,,0,004,RALSTON ST,CYPRESS POINT LN,0.00,,Y,A,-,N,,,,,,,,,,N,3,0,1,2,A,-,10,21950,A,N,G,B,B,A,H,-,A,D,0,Y,,,,Y,,-,,0,1,0,0,1,0,0,0,0,- ,- ,,,VENTURA,VENTURA,-119.21485900878906,34.260349273681641
8734138,2018,2019-01-10,5604,2018-11-01,1812,5135,,4,5,6,5604,0,0,0,,0,014,EAST VENTURA BL,ROSE AV,100.00,E,N,A,-,N,,,,,,,,,,N,3,0,1,2,A,-,05,21202,A,N,D,G,A,A,H,-,B,D,0,,Y,,,Y,,L,04,0,1,0,0,0,0,1,0,0,- ,- ,34.227199554443359,-119.1568603515625,VENTURA,OXNARD,,
8735932,2019,2019-04-04,5609,2019-03-21,2134,435,,4,5,6,5609,0,0,0,,0,,1ST ST,EAST ST,0.00,,Y,A,-,N,,,,,,,,,,N,3,0,1,2,A,-,12,21453,A,N,D,G,A,A,H,-,C,A,0,,Y,,,Y,,L,04,0,1,0,0,0,0,1,0,0,- ,- ,34.273540496826172,-118.77886962890625,VENTURA,SIMI VALLEY,-118.77897900000001,34.273682000000001
8740337,2018,2019-06-04,5604,2018-09-29,1305,5561,,6,5,6,5604,0,0,0,,0,023,6TH ST,META ST,0.00,,Y,A,-,N,,,,,,,,,,N,3,0,1,2,A,-,06,21750,,N,B,G,A,A,H,-,A,A,0,,Y,,,Y,,L,04,0,1,0,0,0,0,1,0,0,- ,- ,34.196338653564453,-119.17595672607422,VENTURA,OXNARD,-119.17597961425781,34.19635009765625
8746272,2018,2019-01-23,5608,2018-11-15,1200,454,VENTU,4,5,6,5608,0,0,0,,0,001,E MAIN ST,E MAIN ST 327,0.00,,N,A,-,N,,,,,,,,,,N,3,0,1,2,A,-,08,22107,,N,B,G,A,A,H,-,A,D,0,,Y,,,Y,,A,01,0,1,0,0,0,0,1,0,0,- ,- ,34.280799865722656,-119.29570007324219,VENTURA,VENTURA,-119.2957,34.280799999999999
8750278,2018,2018-12-05,5609,2018-11-19,1158,310,512,1,5,6,5609,0,0,0,,0,005,TAPO ST,INDUSTRIAL ST,0.00,,Y,B,-,N,,,,,,,,,,N,4,0,1,2,A,-,09,21804,A,N,D,G,A,A,H,-,A,A,0,,Y,,,Y,,L,04,0,0,1,0,0,0,1,0,0,- ,- ,,,VENTURA,SIMI VALLEY,-118.70893859863281,34.273281097412109
8751917,2018,2019-01-17,5600,2018-11-13,1745,2740,9154,2,5,6,5607,0,0,0,,0,09G,HAMPSHIRE RD,THOUSAND OAKS BL,8.00,S,N,A,-,N,,,,,,,,,,N,3,0,1,2,A,-,10,21950,A,N,G,B,B,A,H,-,C,A,0,Y,,,,Y,,A,01,0,1,0,0,1,0,0,0,0,- ,- ,,,VENTURA,THOUSAND OAKS,-118.83615875244141,34.169223785400391
8752478,2018,2018-12-11,5600,2018-11-06,0731,4397,8130,2,5,5,5601,0,0,0,,0,08C,LOMA DR,LAS POSAS RD,0.00,,Y,A,-,N,,,,,,,,,,N,3,0,1,2,A,-,05,21650,,N,D,G,A,A,H,-,A,A,0,,Y,,,Y,,L,04,0,1,0,0,0,0,1,0,0,- ,- ,34.238998413085938,-119.02799987792969,VENTURA,CAMARILLO,-119.02871704101562,34.239070892333984
8752903,2018,2018-12-24,5604,2018-11-27,1421,5208,,2,5,6,5604,0,0,0,,0,024,S OXNARD BL,WOOLEY RD,0.00,,Y,A,-,N,,,,,,,,,,N,3,0,1,2,D,-,00,,,N,G,G,A,A,H,-,A,A,0,,Y,,,Y,,-,- ,0,1,0,0,0,0,1,0,0,- ,- ,,,VENTURA,OXNARD,-119.17754364013672,34.190059661865234
8753700,2018,2019-01-31,5608,2018-12-01,0900,513,,6,5,6,5608,0,0,0,,0,001,MAIN ST,CHESTNUT ST,60.00,W,N,A,-,N,,,,,,,,,,N,4,0,1,3,A,-,08,22107,,F,B,G,A,A,H,-,A,D,0,,Y,,,Y,,D,22,0,0,1,0,0,0,1,0,0,- ,- ,,,VENTURA,VENTURA,-119.291748046875,34.280830383300781
8753716,2018,2019-01-31,5608,2018-12-10,1146,474,,1,5,6,5608,0,0,0,,0,004,AVOCET,VICTORIA,16.00,W,N,A,-,N,,,,,,,,,,N,3,0,1,2,A,-,10,21950,A,N,G,B,B,A,H,-,A,A,0,Y,,,,Y,,D,22,0,1,0,0,1,0,0,0,0,- ,- ,,,VENTURA,VENTURA,,
8762408,2018,2019-01-02,5604,2018-10-21,1855,4755,,7,5,6,5604,0,0,0,,0,014,COLLECTION BL,DANVERS RIVER ST,150.00,S,N,A,-,N,,,,,,,,,,N,4,0,1,2,B,-,22,,,F,D,B,F,A,H,-,C,D,0,Y,,,,Y,,A,07,0,0,1,0,1,0,0,0,0,- ,- ,34.243160247802734,-119.17797088623047,VENTURA,OXNARD,,
8764081,2018,2019-01-30,5600,2018-11-24,1120,5106,8132,6,5,5,5601,0,0,0,,0,08C,LEWIS RD,ADOLFO RD,0.00,,Y,A,-,Y,VEN,7,34,-,-,14.951,I,6,E,N,3,0,1,2,A,-,05,21650,,N,D,G,A,A,H,-,A,A,0,,Y,,,Y,,L,04,0,1,0,0,0,0,1,0,0,- ,- ,34.135150909423828,-119.01107025146484,VENTURA,CAMARILLO,-119.01949310302734,34.231204986572266
8767887,2018,2019-01-08,5604,2018-12-07,1740,5475,,5,5,6,5604,0,0,0,,0,021,SOUTH VICTORIA AV,5TH ST,60.00,S,N,A,-,N,,,,,,,,,,N,3,0,1,2,B,-,22,,,N,C,B,F,A,H,-,C,D,0,Y,,,,Y,,A,01,0,1,0,0,1,0,0,0,0,- ,- ,34.198261260986328,-119.22023773193359,VENTURA,OXNARD,-119.22126770019531,34.197414398193359
8769825,2018,2019-02-06,5600,2018-12-18,1950,5388,9020,2,5,6,5607,0,0,0,,0,09A,CAMINO CALANDRIA,DARLINGTON DR,0.00,,Y,A,-,N,,,,,,,,,,N,3,0,1,2,A,-,11,21954,A,N,G,B,E,A,H,-,C,D,0,Y,,,,Y,,N,60,0,1,0,0,1,0,0,0,0,- ,- ,,,VENTURA,THOUSAND OAKS,-118.86540985107422,34.224658966064453
8774101,2019,2019-02-05,5608,2019-01-02,1419,503,,3,5,6,5608,0,0,0,,0,004,VICTORIA AV,MOON DR,10.00,S,N,A,-,N,,,,,,,,,,N,4,0,1,2,A,-,08,22107,,F,B,B,B,A,H,-,A,A,0,Y,,,,Y,,-,99,0,0,1,0,1,0,0,0,0,- ,- ,,,VENTURA,VENTURA,-119.21050262451172,34.255764007568359
8774105,2019,2019-02-25,5608,2019-01-02,1118,474,,3,5,6,5608,0,0,0,,0,002,MARKET,DONLAN,0.00,,Y,A,-,N,,,,,,,,,,N,3,0,1,2,A,-,10,21950,A,N,G,B,B,A,H,-,A,A,0,Y,,,,Y,,-,,0,1,0,0,1,0,0,0,0,- ,- ,,,VENTURA,VENTURA,-119.23722076416016,34.257740020751953
8776195,2018,2019-01-29,5604,2018-12-14,1357,5555,,5,5,6,5604,0,0,0,,0,041,SAVIERS RD,THOMAS AV,0.00,,Y,B,-,N,,,,,,,,,,N,3,0,3,2,A,-,11,21456,A,N,G,B,B,A,H,-,A,A,0,Y,,,,Y,,N,60,0,1,2,0,1,0,0,0,0,- ,- ,,,VENTURA,OXNARD,-119.17755126953125,34.169769287109375
8777815,2018,2019-01-28,5609,2018-12-26,1310,452,3,3,5,6,5609,0,0,0,,0,003,PATRICIA AV,HUBBARD ST,13.00,E,N,A,-,N,,,,,,,,,,Y,3,0,2,2,A,-,08,22107,,N,G,B,F,A,H,-,A,D,0,Y,,,,Y,,A,01,0,1,1,0,1,0,0,0,0,- ,- ,34.270038604736328,-118.77005004882812,VENTURA,SIMI VALLEY,-118.77006530761719,34.269981384277344
8783965,2018,2019-01-29,5604,2018-12-08,1107,5454,,6,5,6,5604,0,0,0,,0,031,COOPER RD,HAYES AV,0.00,,Y,A,-,N,,,,,,,,,,,4,0,1,2,A,-,10,21950,A,F,G,B,B,A,H,-,A,D,0,Y,,,,Y,,A,07,0,0,1,0,1,0,0,0,0,- ,- ,34.204540252685547,-119.17534637451172,VENTURA,OXNARD,-119.17534637451172,34.204551696777344
8786508,2019,2019-02-07,5600,2019-01-03,1826,4874,6025,4,5,3,5602,0,0,0,,0,6B01,CENTRAL AV,SESPE AV,0.00,,Y,A,-,N,,,,,,,,,,N,4,0,1,2,A,-,10,21950,A,N,G,B,B,A,H,-,C,A,0,Y,,,,Y,,A,01,0,0,1,0,1,0,0,0,0,- ,- ,,,VENTURA,FILLMORE,-118.91374969482422,34.400680541992188
8787694,2019,2019-02-02,5600,2019-01-05,1330,5359,9073,6,5,6,5607,0,0,0,,0,9G01,CONEJO SCHOOL RD,THOUSAND OAKS BL,10.00,S,N,B,-,N,,,,,,,,,,N,3,0,1,2,A,-,05,21650,1,N,D,G,A,A,H,-,A,A,0,,Y,,,Y,,L,04,0,1,0,0,0,0,1,0,0,- ,- ,,,VENTURA,THOUSAND OAKS,-118.84481048583984,34.174533843994141
8788274,2019,2019-02-04,5600,2019-01-09,0812,5180,8020,3,5,5,5601,0,0,0,,0,08A,PONDEROSA DR,ROSEWOOD AV,10.00,W,N,A,-,N,,,,,,,,,,N,4,0,1,2,A,-,08,22107,,N,H,G,A,A,H,-,A,A,0,,Y,,,Y,,A,07,0,0,1,0,0,0,1,0,0,- ,- ,34.223541259765625,-119.06137084960938,VENTURA,CAMARILLO,-119.0615234375,34.223602294921875
8789152,2018,2019-02-11,5604,2018-12-27,1149,5488,,4,5,6,5604,0,0,0,,0,011,N VENTURA RD,DEVONSHIRE DR,500.00,S,N,A,-,N,,,,,,,,,,N,3,0,1,3,B,-,22,,,N,G,B,F,A,H,-,A,D,0,Y,,,Y,Y,,F,26,0,1,0,0,1,0,0,0,0,- ,- ,,,VENTURA,OXNARD,-119.19465637207031,34.210136413574219
8789821,2019,2019-02-07,5604,2019-01-22,2015,4925,,2,5,6,5604,0,0,0,,0,022,VENTURA RD,W 5TH ST W,0.00,,Y,A,-,N,,,,,,,,,,N,3,0,1,2,A,-,11,21950,B,N,G,B,B,A,H,-,B,A,0,Y,,,,Y,,N,60,0,1,0,0,1,0,0,0,0,- ,- ,34.197669982910156,-119.19473266601562,VENTURA,OXNARD,-119.19487762451172,34.197711944580078
8795207,2019,2019-02-12,5600,2019-01-24,1553,4221,9080,4,5,6,5607,0,0,0,,0,09H,HILLCREST DR,MCCLOUD AV,15.00,W,N,A,-,N,,,,,,,,,,Y,3,0,1,2,A,-,10,21950,A,N,G,B,B,A,H,-,A,A,0,Y,,,,Y,,A,01,0,1,0,0,1,0,0,0,0,- ,- ,,,VENTURA,THOUSAND OAKS,-118.88739776611328,34.187004089355469
8795219,2019,2019-02-12,5600,2019-01-15,1035,4615,8211,2,5,5,5601,0,0,0,,0,08D,MISSION OAKS BL,WOODCREEK RD,9.00,W,N,B,-,N,,,,,,,,,,N,3,0,1,2,A,-,10,21950,A,N,G,B,B,B,H,-,A,A,0,Y,,,,Y,,A,01,0,1,0,0,1,0,0,0,0,- ,- ,34.228668212890625,-118.99729919433594,VENTURA,CAMARILLO,-118.99720764160156,34.228759765625
8795693,2019,2019-02-11,5604,2019-01-25,1800,5359,,5,5,6,5604,0,0,0,,0,032,RICHMOND AV,5TH ST,0.00,,Y,A,-,N,,,,,,,,,,N,3,0,1,2,A,-,09,21801,A,N,D,G,A,A,H,-,C,D,0,,,,,Y,,D,22,0,1,0,0,0,0,0,0,0,- ,- ,34.196891784667969,-119.16951751708984,VENTURA,OXNARD,-119.16956329345703,34.196891784667969
8800894,2019,2019-02-27,5604,2019-02-03,1446,5567,,7,5,6,5604,0,0,0,,0,022,K ST,2ND ST,20.00,S,N,C,-,N,,,,,,,,,,N,3,0,1,2,A,-,10,21950,A,N,G,B,B,B,H,-,A,A,0,Y,,,,Y,,N,60,0,1,0,0,1,0,0,0,0,- ,- ,34.201728820800781,-119.191650390625,VENTURA,OXNARD,,
8803452,2019,2019-02-27,5608,2019-02-07,1816,513,,4,5,6,5608,0,0,0,,0,001,VENTURA AV,WARNER ST,2.00,S,N,A,-,N,,,,,,,,,,N,2,0,2,2,A,-,03,22350,A,N,G,B,B,A,H,-,C,D,0,Y,,Y,,Y,,C,02,1,1,0,0,1,0,0,0,1,- ,- ,,,VENTURA,VENTURA,-119.29747009277344,34.292472839355469
8812884,2019,2019-05-22,5604,2019-02-15,0754,5572,,5,5,6,5604,0,0,0,,0,014,VINEYARD AV,RT 101,0.00,,Y,A,-,Y,VEN,7,101,-,-,22.180,R,1,S,N,4,0,1,2,A,-,10,21950,A,N,G,B,B,A,H,-,A,A,0,Y,,,,Y,,A,07,0,0,1,0,1,0,0,0,0,- ,SF,34.234420776367188,-119.17546081542969,VENTURA,OXNARD,-119.175048828125,34.233875274658203
8818569,2019,2019-03-25,5609,2019-03-02,1820,437,,6,5,6,5609,0,0,0,,0,003,LOS ANGELES AV,PATRICIA ST,0.00,,Y,C,-,N,,,,,,,,,,N,4,0,1,2,A,-,12,21453,A,N,H,G,A,B,H,-,C,A,0,,Y,,,Y,Y,L,04,0,0,1,0,0,0,1,0,0,- ,- ,34.271591186523438,-118.77668762207031,VENTURA,SIMI VALLEY,-118.77668762207031,34.27178955078125
8820445,2019,2019-03-21,5608,2019-03-10,1318,462,VTA,7,5,6,5608,0,0,0,,0,001,HARBOR BL,CALIFORNIA ST,6.00,W,N,A,-,N,,,,,,,,,,N,3,0,1,2,A,-,12,22450,A,N,G,B,B,A,H,-,A,D,0,Y,,,,Y,,-,,0,1,0,0,1,0,0,0,0,- ,- ,,,VENTURA,VENTURA,-119.29305267333984,34.276882171630859
8838848,2019,2019-04-12,5608,2019-03-27,2000,497,,3,5,6,5608,0,0,0,,0,001,E SANTA CLARA ST,CHESTNUT ST,100.00,W,N,A,-,N,,,,,,,,,,N,3,0,1,2,A,-,08,22107,,N,D,G,A,A,H,-,C,D,0,,Y,,,Y,,-,,0,1,0,0,0,0,1,0,0,- ,- ,,,VENTURA,VENTURA,-119.29187774658203,34.279537200927734
8840669,2019,2019-04-19,5600,2019-04-03,1537,4750,8201,3,5,5,5601,0,0,0,,0,801D,CALLE CANCUN,FLYNN RD,9.00,E,N,A,-,N,,,,,,,,,,N,4,0,1,2,A,-,05,21650,1,N,D,G,A,A,H,-,A,D,0,,Y,,,Y,,L,04,0,0,1,0,0,0,1,0,0,- ,- ,34.237159729003906,-119.01033782958984,VENTURA,CAMARILLO,-119.01055145263672,34.237113952636719
8841878,2019,2019-04-16,5605,2019-03-20,1722,126,PATRO,3,5,3,5605,0,0,0,,0,001,BOLKER DR,CHANNEL ISLANDS BL,3.00,N,N,A,-,N,,,,,,,,,,N,3,0,1,2,A,-,05,21650,1,N,B,G,A,A,H,-,A,D,0,,Y,,,Y,,L,04,0,1,0,0,0,0,1,0,0,- ,- ,,,VENTURA,PORT HUENEME,-119.20623779296875,34.175979614257812
8848549,2019,2019-04-26,5608,2019-04-06,2112,497,,6,5,6,5608,0,0,0,,0,001,EAST SANTA CLARA ST,FIGUEROA ST,5.00,E,N,A,-,N,,,,,,,,,,N,2,0,1,2,A,-,03,22350,,F,D,B,D,A,H,-,C,D,0,Y,,,,Y,Y,-,,1,0,0,0,1,0,0,0,0,- ,- ,,,VENTURA,VENTURA,-119.29770660400391,34.279510498046875
8856324,2019,2019-05-21,5600,2019-05-04,2249,4691,9127,6,5,6,5607,0,0,0,,0,09H,AVENIDA DEL PLATINO,WEST HILLCREST DR,7.00,S,N,A,-,N,,,,,,,,,,N,3,0,1,2,A,-,10,21950,A,N,G,B,B,A,H,-,C,A,0,Y,,,,Y,,A,01,0,1,0,0,1,0,0,0,0,- ,- ,,,VENTURA,THOUSAND OAKS,-118.91336822509766,34.188350677490234
8857549,2019,2019-05-28,5604,2019-04-29,1707,4950,,1,5,6,5604,0,0,0,,0,032,RICHMOND AV,MOUNTAIN VIEW AV,200.00,S,N,B,-,N,,,,,,,,,,N,3,0,1,2,A,-,21,22106,,N,G,B,E,A,H,-,A,D,0,Y,,,,Y,,-,,0,1,0,0,1,0,0,0,0,- ,- ,,,VENTURA,OXNARD,-119.16959381103516,34.192962646484375
8866372,2019,2019-05-24,5604,2019-03-23,1811,5572,,6,5,6,5604,0,0,0,,0,042,J ST,HUENEME RD,0.00,,Y,A,-,N,,,,,,,,,,,4,0,1,2,A,-,08,22107,,F,G,B,B,A,H,-,C,A,0,Y,,,,Y,,-,99,0,0,1,0,1,0,0,0,0,- ,- ,34.147510528564453,-119.18624114990234,VENTURA,OXNARD,-119.18607330322266,34.1474609375
8869219,2019,2019-06-06,5608,2019-05-25,0716,469,,6,5,6,5608,0,0,0,,0,002,POLI ST,LINCOLN DR,0.00,,Y,A,-,N,,,,,,,,,,N,3,0,1,2,A,-,09,21801,A,N,D,G,A,A,H,-,A,D,0,,Y,,,Y,,-,,0,1,0,0,0,0,1,0,0,- ,- ,,,VENTURA,VENTURA,-119.27690887451172,34.281288146972656
8869266,2019,2019-06-05,5608,2019-05-18,1257,492,VENTU,6,5,6,5608,0,0,0,,0,003,TELEGRAPH RD,VICTORIA AV,7.00,S,N,A,-,N,,,,,,,,,,N,3,0,1,2,A,-,10,21952,,N,G,G,A,A,H,-,A,D,0,,Y,,,Y,,-,,0,1,0,0,0,0,1,0,0,- ,- ,,,VENTURA,VENTURA,-119.21465301513672,34.278003692626953
8877685,2019,2019-06-18,5608,2019-05-23,1818,464,,4,5,6,5608,0,0,0,,0,001,THOMPSON BL,KALORAMA ST,5.00,W,N,A,-,N,,,,,,,,,,N,4,0,1,2,A,-,08,22107,,N,G,B,B,A,H,-,A,A,0,Y,,,,Y,,-,,0,0,1,0,1,0,0,0,0,- ,- ,,,VENTURA,VENTURA,-119.28701019287109,34.278278350830078
8877974,2019,2019-06-18,5608,2019-06-01,1534,522,31,6,5,6,5608,0,0,0,,0,001,FIR ST,THOMPSON BL,1.00,N,N,A,-,N,,,,,,,,,,N,3,0,1,2,A,-,03,22350,,N,D,G,A,A,H,-,A,D,0,,Y,,,Y,,L,04,0,1,0,0,0,0,1,0,0,- ,- ,,,VENTURA,VENTURA,-119.29002380371094,34.278282165527344
8879900,2019,2019-06-18,5600,2019-06-04,0755,2962,6012,2,5,3,5602,0,0,0,,0,6A01,4TH ST,A ST,7.00,W,N,A,-,N,,,,,,,,,,N,4,0,1,2,A,-,09,21800,C,N,D,G,A,A,H,-,A,A,0,,Y,,,Y,,L,04,0,0,1,0,0,0,1,0,0,- ,- ,,,VENTURA,FILLMORE,-118.9200439453125,34.407535552978516
8882612,2019,2019-10-02,5604,2019-06-23,2105,5496,,7,5,6,5604,0,0,0,,0,011,DORIS AV,C ST,0.00,,Y,A,-,N,,,,,,,,,,N,4,0,1,2,A,-,12,22450,A,N,D,G,A,A,H,-,C,D,0,,Y,,,Y,,L,04,0,0,1,0,0,0,1,0,0,- ,- ,34.207908630371094,-119.18099212646484,VENTURA,OXNARD,-119.18097686767578,34.207931518554688
8883317,2019,2019-07-11,5608,2019-06-17,0925,308,,1,5,6,5608,0,0,0,,0,004,VICTORIA AV,RALSTON,200.00,S,N,A,-,N,,,,,,,,,,N,3,0,1,2,A,-,00,21804,L,N,D,G,A,A,H,-,A,D,0,,Y,,,Y,,L,04,0,1,0,0,0,0,1,0,0,- ,- ,,,VENTURA,VENTURA,-119.21153259277344,34.260520935058594
8885126,2019,2019-08-09,5604,2019-06-12,1420,5555,,3,5,6,5604,0,0,0,,0,023,OXNARD BL,4TH ST,75.00,N,N,A,-,N,,,,,,,,,,N,4,0,1,2,A,-,11,21954,A,N,G,B,G,A,H,-,A,D,0,Y,,,,Y,,N,60,0,0,1,0,1,0,0,0,0,- ,- ,,,VENTURA,OXNARD,-119.17740631103516,34.199054718017578
8885130,2019,2019-07-19,5604,2019-06-12,1640,5536,,3,5,6,5604,0,0,0,,0,031,COLONIA RD,HAYES AV,0.00,,Y,A,-,N,,,,,,,,,,N,4,0,1,2,A,-,09,21801,A,N,G,G,A,A,H,-,A,D,0,,Y,,,Y,,-,- ,0,0,1,0,0,0,1,0,0,- ,- ,,,VENTURA,OXNARD,-119.17539215087891,34.206439971923828
8885134,2019,2019-08-01,5604,2019-06-06,1726,5263,,4,5,6,5604,0,0,0,,0,011,GONZALES RD,LANTANA ST,0.00,,Y,A,-,N,,,,,,,,,,N,3,0,1,2,A,-,10,21950,A,N,A,B,B,A,H,-,A,A,0,Y,,,,Y,,D,22,0,1,0,0,1,0,0,0,0,- ,- ,34.219169616699219,-119.19024658203125,VENTURA,OXNARD,-119.19024658203125,34.21923828125
8886276,2019,2019-07-23,5609,2019-06-14,1650,435,,5,5,6,5609,0,0,0,,0,,LOS ANGELES AV,SEQUOIA AV,0.00,,Y,A,-,N,,,,,,,,,,N,2,0,1,2,A,-,12,21453,A,N,D,G,A,A,H,-,A,A,0,,Y,,,Y,,L,04,1,0,0,0,0,0,1,0,0,- ,- ,34.271690368652344,-118.73056030273438,VENTURA,SIMI VALLEY,-118.73052978515625,34.271678924560547
8894148,2019,2019-07-31,5608,2019-06-29,0814,519,VTA,6,5,6,5608,0,0,0,,0,001,E MAIN ST,CHESTNUT ST,122.00,E,N,A,-,N,,,,,,,,,,N,3,0,1,2,A,-,09,21801,A,N,-,G,A,A,H,-,A,A,0,,Y,,,Y,,-,,0,1,0,0,0,0,1,0,0,- ,- ,,,VENTURA,VENTURA,-119.29114532470703,34.280830383300781
8895053,2019,2019-07-18,5600,2019-06-14,1135,4722,9054,5,5,6,5607,0,0,0,,0,09B,JANSS RD,PAIGE LN,0.00,,N,A,-,N,,,,,,,,,,N,3,0,1,2,B,-,22,,,F,H,G,A,A,H,-,A,D,0,,Y,,,Y,,L,04,0,1,0,0,0,0,0,0,0,- ,- ,,,VENTURA,THOUSAND OAKS,-118.85262298583984,34.199539184570312
8895057,2019,2019-07-18,5600,2019-06-07,2301,4844,5104,5,5,4,5690,0,0,0,,0,02B,SHAKESPEARE PL,COLLINS DR,5.00,W,N,A,-,N,,,,,,,,,,,3,0,1,2,A,-,10,21950,A,N,G,B,B,A,H,-,B,D,0,Y,,,,Y,,-,99,0,1,0,0,1,0,0,0,0,- ,- ,,,VENTURA,MOORPARK,,
8906719,2019,2019-08-05,5608,2019-07-25,2141,504,,4,5,6,5608,0,0,0,,0,003,SOUTH VICTORIA AV,WEBSTER ST,166.00,N,N,A,-,N,,,,,,,,,,N,2,0,1,2,A,-,00,29154,A,N,A,B,E,A,H,-,D,D,0,Y,,,,Y,Y,N,60,1,0,0,0,1,0,0,0,0,- ,- ,34.270801544189453,-119.21343231201172,VENTURA,VENTURA,-119.21343994140625,34.270858764648438