CASE_ID,ACCIDENT_YEAR,PROC_DATE,JURIS,COLLISION_DATE,COLLISION_TIME,OFFICER_ID,REPORTING_DISTRICT,DAY_OF_WEEK,CHP_SHIFT,POPULATION,CNTY_CITY_LOC,SPECIAL_COND,BEAT_TYPE,CHP_BEAT_TYPE,CITY_DIVISION_LAPD,CHP_BEAT_CLASS,BEAT_NUMBER,PRIMARY_RD,SECONDARY_RD,DISTANCE,DIRECTION,INTERSECTION,WEATHER_1,WEATHER_2,STATE_HWY_IND,CALTRANS_COUNTY,CALTRANS_DISTRICT,STATE_ROUTE,ROUTE_SUFFIX,POSTMILE_PREFIX,POSTMILE,LOCATION_TYPE,RAMP_INTERSECTION,SIDE_OF_HWY,TOW_AWAY,COLLISION_SEVERITY,NUMBER_KILLED,NUMBER_INJURED,PARTY_COUNT,PRIMARY_COLL_FACTOR,PCF_CODE_OF_VIOL,PCF_VIOL_CATEGORY,PCF_VIOLATION,PCF_VIOL_SUBSECTION,HIT_AND_RUN,TYPE_OF_COLLISION,MVIW,PED_ACTION,ROAD_SURFACE,ROAD_COND_1,ROAD_COND_2,LIGHTING,CONTROL_DEVICE,CHP_ROAD_TYPE,PEDESTRIAN_ACCIDENT,BICYCLE_ACCIDENT,MOTORCYCLE_ACCIDENT,TRUCK_ACCIDENT,NOT_PRIVATE_PROPERTY,ALCOHOL_INVOLVED,STWD_VEHTYPE_AT_FAULT,CHP_VEHTYPE_AT_FAULT,COUNT_SEVERE_INJ,COUNT_VISIBLE_INJ,COUNT_COMPLAINT_PAIN,COUNT_PED_KILLED,COUNT_PED_INJURED,COUNT_BICYCLIST_KILLED,COUNT_BICYCLIST_INJURED,COUNT_MC_KILLED,COUNT_MC_INJURED,PRIMARY_RAMP,SECONDARY_RAMP,LATITUDE,LONGITUDE,COUNTY,CITY,POINT_X,POINT_Y
8906962,2019,2019-08-09,5605,2019-07-11,1636,119,PATRO,4,5,3,5605,0,0,0,,0,001,LIDO BL,CHANNEL ISLANDS BL,2.00,N,N,A,-,N,,,,,,,,,,N,4,0,1,2,A,-,05,21650,1,N,D,G,A,A,H,-,A,A,0,,Y,,,Y,,L,04,0,0,1,0,0,0,1,0,0,- ,- ,,,VENTURA,PORT HUENEME,-119.20236968994141,34.175945281982422
8908512,2019,2019-08-23,5606,2019-06-07,1330,1125,5606,5,5,4,5606,0,0,0,,0,002,HARVARD E,MILLS  ST,0.00,,Y,-,-,N,,,,,,,,,,N,4,0,1,2,A,-,10,21950,A,M,G,B,-,-,-,-,-,-,0,Y,,,,Y,,A,01,0,0,1,0,1,0,0,0,0,- ,- ,,,VENTURA,SANTA PAULA,-119.05953216552734,34.350200653076172
8911908,2019,2020-12-18,5604,2019-10-10,1130,5357,,4,5,6,5604,0,0,0,,0,032,WOOLEY RD,INDUSTRIAL AV,127.00,E,N,A,G,N,,,,,,,,,,Y,1,1,0,2,A,-,05,21650,1,N,B,G,A,A,H,-,A,D,0,,Y,,Y,Y,,L,04,0,0,0,0,0,1,0,0,0,- ,- ,,,VENTURA,OXNARD,,
8914666,2019,2019-08-13,5600,2019-06-15,1922,4637,5100,6,5,4,5690,0,0,0,,0,2B01,MILLARD ST,ESTHER AV,0.00,,Y,A,-,N,,,,,,,,,,N,4,0,1,2,C,-,18,,,N,G,B,D,A,H,-,A,A,0,Y,,,,Y,,-,- ,0,0,1,0,1,0,0,0,0,- ,- ,,,VENTURA,MOORPARK,-118.87882232666016,34.280120849609375
8914869,2019,2019-09-03,5604,2019-07-16,2034,5586,,2,5,6,5604,0,0,0,,0,014,N VENTURA RD,TOWN CENTER DR,0.00,,Y,A,-,N,,,,,,,,,,N,4,0,1,2,A,-,12,21453,A,N,D,G,A,A,H,-,C,A,0,,Y,,,Y,,L,04,0,0,1,0,0,0,1,0,0,- ,- ,34.243251800537109,-119.18450164794922,VENTURA,OXNARD,-119.18450164794922,34.243198394775391
8941364,2019,2019-10-01,5608,2019-09-11,1051,514,VENTU,3,5,6,5608,0,0,0,,0,001,SANTA CLARA ST,S PALM ST,0.00,,Y,A,-,N,,,,,,,,,,N,4,0,1,2,A,-,12,22450,A,N,D,G,A,A,H,-,A,A,0,,Y,,,Y,,L,04,0,0,1,0,0,0,1,0,0,- ,- ,,,VENTURA,VENTURA,-119.29618835449219,34.279529571533203
8941388,2019,2019-10-01,5608,2019-09-12,0730,501,,4,5,6,5608,0,0,0,,0,001,W STANLEY AV,N OLIVE ST,200.00,W,N,A,-,N,,,,,,,,,,N,4,0,1,2,A,-,10,21950,A,N,D,G,A,A,H,-,A,A,0,,Y,,,Y,,A,01,0,0,1,0,0,0,1,0,0,- ,- ,,,VENTURA,VENTURA,-119.29879760742188,34.300296783447266
8941398,2019,2019-11-13,5604,2019-07-13,1648,5474,,6,5,6,5604,0,0,0,,0,031,E 3RD ST,S ROSE AV,0.00,,Y,A,-,N,,,,,,,,,,N,4,0,1,2,A,-,12,21453,A,N,D,G,A,A,H,-,A,A,0,,Y,,,Y,,-,- ,0,0,1,0,0,0,1,0,0,- ,- ,34.200439453125,-119.15973663330078,VENTURA,OXNARD,-119.15985107421875,34.200450897216797
8941402,2019,2019-11-13,5604,2019-07-23,1900,5098,,2,5,6,5604,0,0,0,,0,032,ALEXANDER ST,SAN MATEO AV,100.00,S,N,A,-,N,,,,,,,,,,N,3,0,1,2,A,-,03,22350,,N,G,B,D,A,H,-,A,A,0,Y,,,,Y,,-,- ,0,1,0,0,1,0,0,0,0,- ,- ,34.177478790283203,-119.15650939941406,VENTURA,OXNARD,-119.15677642822266,34.177585601806641
8942004,2019,2019-10-04,5606,2019-07-23,2143,1070,5606,2,5,4,5606,0,0,0,,0,002,SANTA BARBARA ST,7TH N ST,0.00,,Y,C,-,N,,,,,,,,,,N,4,0,1,2,A,-,09,21802,A,N,D,G,A,A,H,-,C,A,0,,Y,,,Y,,L,04,0,0,1,0,0,0,1,0,0,- ,- ,,,VENTURA,SANTA PAULA,-119.0667724609375,34.353721618652344
8943150,2019,2019-09-23,5609,2019-08-10,0746,452,609,6,5,6,5609,0,0,0,,0,006,LOS ANGELES AV,STOW ST,0.00,,Y,A,-,N,,,,,,,,,,N,3,0,1,2,A,-,09,21801,A,N,D,G,A,A,H,-,A,A,0,,Y,,,Y,,A,01,0,1,0,0,0,0,1,0,0,- ,- ,34.271778106689453,-118.6827392578125,VENTURA,SIMI VALLEY,-118.68276214599609,34.271739959716797
8945498,2019,2019-11-12,5608,2019-09-14,0853,439,,6,5,6,5608,0,0,0,,0,001,MAIN ST,VENTURA AV,0.00,,Y,A,-,N,,,,,,,,,,N,3,0,1,2,A,-,05,21650,1,N,D,G,A,A,H,-,A,A,0,,Y,,,Y,,L,04,0,1,0,0,0,0,1,0,0,- ,- ,,,VENTURA,VENTURA,-119.30075836181641,34.281070709228516
8949513,2019,2019-11-05,5600,2019-10-03,1650,2962,6025,4,5,3,5602,0,0,0,,0,06B,MAIN ST,SARATOGA ST,172.00,W,N,A,-,N,,,,,,,,,,N,3,0,1,2,A,-,11,21954,A,N,G,B,D,A,H,-,A,D,0,Y,,,,Y,,N,60,0,1,0,0,1,0,0,0,0,- ,- ,,,VENTURA,FILLMORE,-118.91162109375,34.399387359619141
8950234,2019,2019-10-15,5604,2019-09-12,1540,5592,,4,5,6,5604,0,0,0,,0,041,YUCCA ST,SAVIERS RD,0.00,,Y,A,-,N,,,,,,,,,,N,4,0,1,2,A,-,10,21950,A,F,G,B,B,A,H,-,A,A,0,Y,,,,Y,,-,99,0,0,1,0,1,0,0,0,0,- ,- ,34.161800384521484,-119.17690277099609,VENTURA,OXNARD,-119.17772674560547,34.165939331054688
8954924,2019,2019-10-29,5604,2019-09-20,2002,5529,,5,5,6,5604,0,0,0,,0,032,PACIFIC AV,WOOLEY RD,0.00,,Y,A,-,N,,,,,,,,,,N,3,0,1,2,A,-,11,21950,B,N,G,B,B,A,H,-,A,A,0,Y,,,,Y,,D,22,0,1,0,0,1,0,0,0,0,- ,- ,34.189910888671875,-119.16484832763672,VENTURA,OXNARD,-119.16486358642578,34.189918518066406
8956693,2019,2019-10-16,5600,2019-09-25,0911,4617,9C01,3,5,6,5607,0,0,0,,0,9124,BORCHARD RD,CAROB DR,1.00,E,N,A,-,N,,,,,,,,,,N,3,0,1,2,A,-,05,21650,1,N,D,G,A,A,H,-,A,A,0,,Y,,,Y,,L,04,0,1,0,0,0,0,1,0,0,- ,- ,,,VENTURA,THOUSAND OAKS,-118.92929077148438,34.180572509765625
8956842,2019,2019-10-16,5608,2019-10-02,0931,497,,3,5,6,5608,0,0,0,,0,001,S SANTA CLARA ST,S KALORAMA ST,0.00,,Y,A,-,N,,,,,,,,,,N,4,0,1,2,A,-,10,21950,A,N,D,B,B,A,H,-,A,D,0,Y,,,,Y,Y,-,,0,0,1,0,1,0,0,0,0,- ,- ,,,VENTURA,VENTURA,-119.28700256347656,34.279560089111328
8960454,2019,2020-01-16,5604,2019-10-16,1303,5428,,3,5,6,5604,0,0,0,,0,042,S C ST,ROSA ST,225.00,S,N,A,-,N,,,,,,,,,,N,3,0,1,2,A,-,09,21804,A,N,D,G,A,A,H,-,A,D,0,,Y,,,Y,,L,04,0,1,0,0,0,0,1,0,0,- ,- ,34.156490325927734,-119.18057250976562,VENTURA,OXNARD,-119.18061065673828,34.1558837890625
8964244,2019,2019-11-15,5609,2019-09-20,0846,356,,5,5,6,5609,0,0,0,,0,006,COCHRAN ST,STEARNS ST,103.00,E,N,A,-,N,,,,,,,,,,N,3,0,1,2,A,-,11,21954,A,N,G,B,D,A,H,-,A,D,0,Y,,,,Y,,N,60,0,1,0,0,1,0,0,0,0,- ,- ,34.279079437255859,-118.69132232666016,VENTURA,SIMI VALLEY,-118.69104766845703,34.279010772705078
8964870,2019,2020-02-03,5600,2019-10-17,0624,4054,6020,4,5,3,5602,0,0,0,,0,06B,CENTRAL AV,RT 126,0.00,,Y,A,-,Y,VEN,7,126,-,-,21.411,I,5,W,N,4,0,1,2,A,-,10,21950,A,N,G,B,B,A,H,-,C,A,0,Y,,,,Y,,A,01,0,0,1,0,1,0,0,0,0,- ,- ,,,VENTURA,FILLMORE,-118.91302490234375,34.396888732910156
8966576,2019,2019-10-31,5600,2019-10-08,1429,4877,1000,2,5,2,5603,0,0,0,,0,1A01,EL PASEO RD,FOOTHILL RD,135.00,W,N,A,-,N,,,,,,,,,,N,2,0,1,2,A,-,03,22350,,N,C,G,A,A,H,-,A,D,0,,Y,,,Y,,L,04,1,0,0,0,0,0,1,0,0,- ,- ,,,VENTURA,OJAI,-119.25179290771484,34.447055816650391
8972380,2019,2019-11-13,5609,2019-10-20,1831,482,,7,5,6,5609,0,0,0,,0,003,LOS ANGELES AV,DUNCAN ST,0.00,,Y,A,-,N,,,,,,,,,,,3,0,1,2,A,-,05,21650,1,N,D,G,A,A,H,-,B,D,0,,Y,,,Y,,L,04,0,1,0,0,0,0,1,0,0,- ,- ,,,VENTURA,SIMI VALLEY,-118.76685333251953,34.271800994873047
8979617,2019,2019-12-09,5604,2019-09-19,1740,4721,,4,5,6,5604,0,0,0,,0,042,DALLAS DR,BILLINGS ST,0.00,,Y,A,-,N,,,,,,,,,,N,4,0,1,2,A,-,11,21954,A,N,G,B,D,A,H,-,A,D,0,Y,,,,Y,,N,60,0,0,1,0,1,0,0,0,0,- ,- ,34.160030364990234,-119.16050720214844,VENTURA,OXNARD,-119.16020202636719,34.160251617431641
8982990,2019,2020-01-17,5604,2019-10-02,0011,5428,,3,5,6,5604,0,0,0,,0,041,RINCON WY,C ST,0.00,,Y,B,-,N,,,,,,,,,,N,2,0,1,2,A,-,08,22107,,F,G,G,A,A,H,-,E,D,0,,Y,,,Y,,A,01,1,0,0,0,0,0,1,0,0,- ,- ,34.168560028076172,-119.18179321289062,VENTURA,OXNARD,-119.18118286132812,34.168830871582031
8987977,2019,2019-12-02,5600,2019-07-17,2015,4722,9128,3,5,6,5607,0,0,0,,0,09H,VENTU PARK RD,HILLCREST DR,30.00,N,N,A,-,N,,,,,,,,,,N,4,0,1,2,A,-,05,21650,1,F,H,G,A,A,H,-,C,A,0,,Y,,,Y,Y,L,04,0,0,1,0,0,0,1,0,0,- ,- ,,,VENTURA,THOUSAND OAKS,-118.91139984130859,34.188381195068359
8992169,2019,2020-02-14,5608,2019-11-19,2148,516,VTA,2,5,6,5608,0,0,0,,0,001,OLIVE ST,SIMPSON ST,32.00,S,N,A,-,N,,,,,,,,,,N,4,0,1,3,A,-,03,22350,,F,C,G,A,A,H,-,C,D,0,,Y,,,Y,,-,,0,0,1,0,0,0,1,0,0,- ,- ,,,VENTURA,VENTURA,-119.30173492431641,34.289085388183594
8995920,2019,2020-01-08,5600,2019-12-10,0845,5360,9020,2,5,6,5607,0,0,0,,0,9A01,MOORPARK RD,AVENIDA DE LOS ARBOLES,4.00,S,N,A,-,N,,,,,,,,,,Y,4,0,1,2,A,-,05,21650,1,N,H,G,A,A,H,-,A,A,0,,Y,,,Y,,L,04,0,0,1,0,0,0,1,0,0,- ,- ,,,VENTURA,THOUSAND OAKS,-118.86840057373047,34.218059539794922
90022856,2015,2015-10-19,9770,2015-09-20,0752,020964,,7,1,9,5600,0,1,3,,1,053,SR-118 E/B (LOS ANGELES AVENUE),GRIMES CANYON ROAD,2640.00,W,N,A,-,Y,,,118,,,,,,E,N,4,0,1,1,A,-,03,22350,,N,H,G,A,A,H,-,A,D,0,,Y,,,Y,,L,04,0,0,1,0,0,0,1,0,0,- ,- ,34.271329999999999,-118.94053,VENTURA,UNINCORPORATED,-118.94053028,34.271336980000001
90025800,2015,2015-10-29,9765,2015-03-23,2014,020540,,1,2,9,5600,0,1,3,,1,055,SR-118,WALNUT AVENUE,146.00,W,N,A,-,Y,,,118,,,,,,,Y,2,0,1,2,A,-,11,21954,A,N,G,B,D,A,H,-,D,D,0,Y,,,,Y,,N,60,1,0,0,0,1,0,0,0,0,- ,- ,34.2637,-119.07686,VENTURA,UNINCORPORATED,-119.07686012000001,34.263677680000001
90036459,2015,2015-10-22,9770,2015-10-13,1130,012869,,2,1,6,5607,0,1,2,,2,074,US-101 N/B TO WESTLAKE BOULEVARD,WESTLAKE BOULEVARD,8.00,S,N,A,-,Y,,,101,,,,R,,N,N,3,0,1,2,A,-,21,22106,,N,G,B,B,A,H,-,A,A,0,Y,,,,Y,,A,01,0,1,0,0,1,0,0,0,0,- ,- ,34.158529999999999,-118.8242,VENTURA,THOUSAND OAKS,-118.8242,34.158529999999999
90038852,2015,2015-12-09,9765,2015-10-25,0920,020924,,7,1,9,5600,0,3,5,,2,006,POTRERO ROAD,3673 POTRERO ROAD,5808.00,E,N,A,-,N,,,,,,,,,,N,3,0,1,2,A,-,08,22107,,N,D,G,A,A,H,-,A,D,0,,Y,,,Y,,A,07,0,1,0,0,0,0,1,0,0,- ,- ,34.158679999999997,-119.00203,VENTURA,UNINCORPORATED,-119.02051449,34.156775519999997
90039652,2015,2015-10-29,9765,2015-08-25,1522,020866,,2,2,9,5600,0,3,5,,2,004,ALELIA AVE,NARDO ST.,64.00,S,N,A,-,N,,,,,,,,,,N,3,0,2,3,A,-,21,22106,,N,G,B,E,A,H,-,A,D,0,Y,,,Y,Y,,F,26,0,1,1,0,2,0,0,0,0,- ,- ,34.283360000000002,-119.14583,VENTURA,UNINCORPORATED,-119.14586392,34.283401380000001
90085815,2015,2015-12-30,9770,2015-12-27,1615,018572,,7,2,9,5600,0,2,4,,2,079,KANAN ROAD,SMOKETREE AVE,15.00,S,N,A,-,N,,,,,,,,,,N,3,0,1,2,A,-,10,21950,A,N,G,B,B,A,H,-,A,A,0,Y,,,,Y,,A,07,0,1,0,0,1,0,0,0,0,- ,- ,34.174759999999999,-118.75941,VENTURA,UNINCORPORATED,-118.75931727,34.174840230000001
9009797,2019,2020-02-07,5604,2019-11-20,1927,5521,,3,5,6,5604,0,0,0,,0,014,CITRUS GROVE LN,OXNARD BL,20.00,W,N,C,-,N,,,,,,,,,,N,3,0,1,2,A,-,10,21950,A,N,G,B,C,B,H,-,C,D,0,Y,,,,Y,,-,- ,0,1,0,0,1,0,0,0,0,- ,- ,34.216350555419922,-119.15589904785156,VENTURA,OXNARD,-119.17762756347656,34.221118927001953
90103706,2016,2016-01-27,9770,2016-01-14,1445,016727,,4,2,9,5600,0,1,3,,1,052,SR-118 (LOS ANGELES AVENUE),GRIMES CANYON ROAD,2640.00,W,N,A,-,Y,,,118,,,,,,,N,3,0,3,3,A,-,03,22350,,N,H,G,A,A,H,-,A,D,0,,Y,,,Y,,L,04,0,2,1,0,0,0,3,0,0,- ,- ,34.2714,-118.94005,VENTURA,UNINCORPORATED,-118.94004987,34.271397810000003
9014229,2019,2020-02-12,5608,2019-12-24,1957,491,VENTU,2,5,6,5608,0,0,0,,0,001,EAST RAMONA ST,VENTURA AV,0.00,,Y,A,-,N,,,,,,,,,,N,4,0,1,2,A,-,05,21650,1,N,C,G,A,A,H,-,C,A,0,,Y,,,Y,Y,L,04,0,0,1,0,0,0,1,0,0,- ,- ,,,VENTURA,VENTURA,-119.29833221435547,34.28961181640625
9014634,2019,2020-02-06,5600,2019-12-12,1500,4617,9126,4,5,6,5607,0,0,0,,0,9H01,HILLCREST DR,TELLER RD,0.00,,Y,A,-,N,,,,,,,,,,N,2,0,1,2,A,-,21,22106,,N,D,G,A,A,H,-,A,A,0,,Y,,,Y,,A,01,1,0,0,0,0,0,1,0,0,- ,- ,34.190109252929688,-118.93504333496094,VENTURA,THOUSAND OAKS,-118.93508148193359,34.189998626708984
90155477,2016,2016-04-12,9770,2016-03-30,0655,016561,,3,1,9,5600,0,2,4,,2,079,KANAN ROAD,DOUBLETREE ROAD,8.00,E,N,A,-,N,,,,,,,,,,N,4,0,1,2,A,-,10,21950,A,N,G,B,B,A,H,-,A,A,0,Y,,,,Y,,A,01,0,0,1,0,1,0,0,0,0,- ,- ,34.181040000000003,-118.76522,VENTURA,UNINCORPORATED,-118.7653136,34.181269389999997
9016767,2020,2020-06-04,5608,2020-02-08,1344,506,,6,5,6,5608,0,0,0,,0,003,FOOTHILL RD,SETON HALL AV,88.00,E,N,A,-,N,,,,,,,,,,N,3,0,1,2,A,-,09,21801,A,N,D,G,A,A,H,-,A,A,0,,Y,,,Y,,A,07,0,1,0,0,0,0,1,0,0,- ,- ,,,VENTURA,VENTURA,-119.23285675048828,34.283145904541016
9017612,2020,2020-03-03,5604,2020-01-23,1342,5401,,4,5,6,5604,0,0,0,,0,023,OXNARD BL,8TH ST,10.00,S,N,A,-,N,,,1,,,,,,,Y,2,0,1,2,A,-,11,21954,A,N,G,B,D,A,H,-,A,D,0,Y,,,,Y,,N,60,1,0,0,0,1,0,0,0,0,- ,- ,34.193698883056641,-119.17742156982422,VENTURA,OXNARD,-119.17739105224609,34.193698883056641
90190808,2016,2016-05-31,9765,2016-05-16,1856,020540,,1,2,9,5600,0,3,5,,2,002,FERNANDO DRIVE,ARNEZ AVENUE,82.00,W,N,A,-,N,,,,,,,,,,N,3,0,1,2,A,-,11,21954,A,N,G,B,D,A,H,-,A,D,0,Y,,,,Y,,N,60,0,1,0,0,1,0,0,0,0,- ,- ,34.451680000000003,-119.28136000000001,VENTURA,UNINCORPORATED,-119.28150012,34.451715030000003
90200830,2016,2016-06-14,9765,2016-06-04,1222,020358,,6,1,9,5600,0,3,5,,2,001,US-101 BICYCLE PATH,MUSSEL SHOALS,1056.00,N,N,B,-,N,,,101,,,,,,,N,3,0,2,3,B,-,22,,,N,H,G,A,A,H,-,A,D,0,,Y,,,Y,,L,04,0,1,1,0,0,0,2,0,0,- ,- ,34.360610000000001,-119.44663,VENTURA,UNINCORPORATED,-119.44654898,34.360685660000001
9021460,2019,2020-02-11,5604,2019-11-17,2054,5534,,7,5,6,5604,0,0,0,,0,041,LARK ST,SAVIERS RD,3.00,E,N,A,-,N,,,,,,,,,,N,3,0,1,2,A,-,12,22450,A,F,D,G,A,A,H,-,C,D,0,,Y,,,Y,,-,99,0,1,0,0,0,0,1,0,0,- ,- ,34.17340087890625,-119.17755126953125,VENTURA,OXNARD,-119.17751312255859,34.172569274902344
90218073,2016,2016-07-07,9765,2016-07-02,0830,020087,,6,1,9,5600,0,3,5,,2,004,GOODENOUGH ROAD,8TH STREET,2500.00,N,N,A,-,Y,,,,,,,,,,N,4,0,1,2,A,-,10,21950,A,N,G,B,E,A,H,-,A,D,0,Y,,,,Y,,A,01,0,0,1,0,1,0,0,0,0,- ,- ,34.423000000000002,-118.923,VENTURA,UNINCORPORATED,,
9022423,2020,2020-01-22,5608,2020-01-06,1826,508,,1,5,6,5608,0,0,0,,0,004,WALKER ST,WALKER ST 5555,528.00,W,N,A,-,N,,,,,,,,,,N,3,0,1,2,A,-,08,22107,,F,D,G,A,A,H,-,B,D,0,,Y,,,Y,,A,08,0,1,0,0,0,0,1,0,0,- ,- ,,,VENTURA,VENTURA,,
9023381,2019,2020-02-05,5604,2019-12-15,2150,5539,,7,5,6,5604,0,0,0,,0,031,JUANITA AV,1ST ST,50.00,S,N,A,-,N,,,,,,,,,,N,3,0,1,2,A,-,11,21954,A,N,G,B,D,A,H,-,D,D,0,Y,,,,Y,Y,-,,0,1,0,0,1,0,0,0,0,- ,- ,34.202110290527344,-119.16819763183594,VENTURA,OXNARD,-119.16850280761719,34.202743530273438
90235907,2016,2016-08-02,9765,2016-07-20,1220,018490,,3,1,9,5600,0,1,3,,2,061,SR-1 (PACIFIC COAST HIGHWAY),SYCAMORE CANYON RD.,7920.00,N,N,A,-,Y,,,,,,,,,,N,2,0,1,3,A,-,03,22350,,N,H,G,A,A,H,-,A,D,0,,Y,,,Y,,L,04,1,0,0,0,0,0,1,0,0,- ,- ,34.539000000000001,-119.45699999999999,VENTURA,UNINCORPORATED,,
90242948,2016,2016-08-11,9770,2016-08-10,0940,014675,,3,1,6,5607,0,1,3,,2,077,SR-23 SOUTHBOUND TO JANSS ROAD,JANSS ROAD,5.00,N,N,A,-,Y,,,23,,,,R,,S,N,3,0,1,2,A,-,09,21453,,N,G,B,B,A,H,-,A,A,0,Y,,,,Y,,J,48,0,1,0,0,1,0,0,0,0,- ,- ,34.200090000000003,-118.85824,VENTURA,THOUSAND OAKS,-118.85824,34.200090000000003
90266705,2016,2016-09-13,9765,2016-09-09,1250,013206,,5,1,9,5600,0,3,5,,2,004,OLD TELEGRAPH ROAD,CLIFF AVE,2100.00,W,N,A,-,N,,,,,,,,,,N,3,0,1,2,A,-,08,22107,,N,H,G,A,A,H,-,A,D,0,,Y,,,Y,,L,04,0,1,0,0,0,0,1,0,0,- ,- ,34.407249999999998,-118.94259,VENTURA,UNINCORPORATED,-118.94467998,34.405406890000002
90281734,2016,2016-10-03,9765,2016-09-25,0120,020540,,7,3,9,5600,0,3,5,,2,006,SR-34 (5TH STREET),LOS POSAS,6336.00,E,N,A,-,Y,,,,,,,,,,Y,2,0,1,2,A,-,11,21954,A,N,G,B,D,A,H,-,D,D,0,Y,,,,Y,Y,N,60,1,0,0,0,1,0,0,0,0,- ,- ,34.196300000000001,-119.04857,VENTURA,UNINCORPORATED,,
90295701,2016,2016-10-19,9770,2016-10-15,1010,018942,,6,1,9,5600,0,2,4,,1,062,HIDDEN VALLEY ROAD,POTRERO ROAD,1.00,S,N,A,-,N,,,,,,,,,,N,3,0,2,2,B,-,22,,,N,H,G,A,A,H,-,A,A,0,,Y,,,Y,,L,04,0,2,0,0,0,0,2,0,0,- ,- ,34.155670000000001,-118.92148,VENTURA,UNINCORPORATED,-118.92146080000001,34.155697340000003
90320613,2016,2016-11-16,9765,2016-11-07,1340,016712,,1,1,9,5600,0,1,3,,1,012,SR-1,FARIA COUNTY PARK,528.00,N,N,A,-,Y,,,,,,,,,,N,3,0,2,2,A,-,03,22350,,N,D,G,A,A,H,-,A,D,0,,Y,,,Y,,L,04,0,2,0,0,0,0,1,0,0,- ,- ,34.1935,-119.23613,VENTURA,UNINCORPORATED,,
90335833,2016,2016-12-02,9765,2016-11-18,1723,020585,,5,2,9,5600,0,3,5,,2,004,SANTA PAULA ST.,PECK RD.,3168.00,W,N,A,-,N,,,,,,,,,,N,4,0,1,2,A,-,03,22350,,N,H,G,A,A,H,-,D,D,0,,Y,,,Y,,A,01,0,0,1,0,0,0,1,0,0,- ,- ,34.340899999999998,-119.09869,VENTURA,UNINCORPORATED,-119.09854142,34.34098711
9034492,2019,2020-02-01,5600,2019-11-13,1353,6481,9062,3,5,6,5607,0,0,0,,0,9B01,ERBES RD,SAPRA ST,250.00,S,N,A,-,N,,,,,,,,,,N,3,0,1,2,A,-,08,22107,,N,D,G,A,A,H,-,A,D,0,,Y,,,Y,,L,04,0,1,0,0,0,0,1,0,0,- ,- ,,,VENTURA,THOUSAND OAKS,-118.84235382080078,34.198665618896484
9034500,2019,2020-02-01,5600,2019-12-13,0858,2110,9116,5,5,6,5607,0,0,0,,0,9C01,LYNN RD,WENDY DR,27.00,E,N,A,-,N,,,,,,,,,,Y,2,0,1,2,A,-,10,21950,A,N,G,B,B,A,H,-,A,A,0,Y,,,,Y,,A,01,1,0,0,0,1,0,0,0,0,- ,- ,34.161701202392578,-118.94583892822266,VENTURA,THOUSAND OAKS,-118.94585418701172,34.161590576171875
90359025,2016,2017-01-02,9770,2016-12-27,1755,018024,,2,2,9,5600,0,1,3,,1,057,SR-23 S/B (CHAMBERSBURG ROAD),RIVERSIDE AVENUE,25.00,N,N,A,G,Y,,,23,,,,,,S,Y,4,0,1,2,A,-,08,22107,,N,G,B,E,A,H,-,D,D,0,Y,,,,Y,,A,01,0,0,1,0,1,0,0,0,0,- ,- ,34.378979999999999,-118.91583,VENTURA,UNINCORPORATED,-118.91576631,34.378979409999999
90393615,2017,2017-02-15,9770,2017-02-11,0845,017662,,6,1,6,5607,0,1,2,,2,074,US-101 N/B TO MOORPARK ROAD,MOORPARK ROAD,15.00,S,N,B,-,Y,,,101,,,,R,,N,N,3,0,1,2,A,-,10,21950,A,N,G,B,B,A,H,-,A,A,0,Y,,,,Y,,A,01,0,1,0,0,1,0,0,0,0,- ,- ,34.177810000000001,-118.87632000000001,VENTURA,THOUSAND OAKS,-118.87632000000001,34.177810000000001
90423229,2017,2017-03-29,9765,2017-03-25,1210,015117,,6,1,9,5600,0,3,5,,2,005,COLLINS STREET,ROSE AVENUE,528.00,W,N,A,-,N,,,,,,,,,,N,3,0,1,2,A,-,11,21954,A,N,G,B,D,A,H,-,A,D,0,Y,,,,Y,,N,60,0,1,0,0,1,0,0,0,0,- ,- ,34.232140000000001,-119.15884,VENTURA,UNINCORPORATED,-119.15793916,34.231718919999999
90476436,2017,2017-06-13,9765,2017-06-06,1540,018754,,2,2,9,5600,0,3,5,,2,002,WOODLAND AVENUE,SR-33 (VENTURA AVENUE),15.00,W,N,A,-,N,,,,,,,,,,N,3,0,1,2,A,-,12,22450,A,N,D,G,A,A,H,-,A,A,0,,Y,,,Y,,L,04,0,1,0,0,0,0,1,0,0,- ,- ,34.42239,-119.29015,VENTURA,UNINCORPORATED,-119.29017842,34.422270500000003
9052426,2019,2020-03-03,5604,2019-12-20,1017,5172,,5,5,6,5604,0,0,0,,0,031,E GONZALES RD,INDIANA DR,50.00,W,N,A,-,N,,,,,,,,,,N,4,0,1,2,A,-,03,22350,,N,G,B,E,A,H,-,-,D,0,Y,,,,Y,,A,07,0,0,1,0,1,0,0,0,0,- ,- ,34.218288421630859,-119.17030334472656,VENTURA,OXNARD,-119.17049407958984,34.219081878662109