CASE_ID,ACCIDENT_YEAR,PROC_DATE,JURIS,COLLISION_DATE,COLLISION_TIME,OFFICER_ID,REPORTING_DISTRICT,DAY_OF_WEEK,CHP_SHIFT,POPULATION,CNTY_CITY_LOC,SPECIAL_COND,BEAT_TYPE,CHP_BEAT_TYPE,CITY_DIVISION_LAPD,CHP_BEAT_CLASS,BEAT_NUMBER,PRIMARY_RD,SECONDARY_RD,DISTANCE,DIRECTION,INTERSECTION,WEATHER_1,WEATHER_2,STATE_HWY_IND,CALTRANS_COUNTY,CALTRANS_DISTRICT,STATE_ROUTE,ROUTE_SUFFIX,POSTMILE_PREFIX,POSTMILE,LOCATION_TYPE,RAMP_INTERSECTION,SIDE_OF_HWY,TOW_AWAY,COLLISION_SEVERITY,NUMBER_KILLED,NUMBER_INJURED,PARTY_COUNT,PRIMARY_COLL_FACTOR,PCF_CODE_OF_VIOL,PCF_VIOL_CATEGORY,PCF_VIOLATION,PCF_VIOL_SUBSECTION,HIT_AND_RUN,TYPE_OF_COLLISION,MVIW,PED_ACTION,ROAD_SURFACE,ROAD_COND_1,ROAD_COND_2,LIGHTING,CONTROL_DEVICE,CHP_ROAD_TYPE,PEDESTRIAN_ACCIDENT,BICYCLE_ACCIDENT,MOTORCYCLE_ACCIDENT,TRUCK_ACCIDENT,NOT_PRIVATE_PROPERTY,ALCOHOL_INVOLVED,STWD_VEHTYPE_AT_FAULT,CHP_VEHTYPE_AT_FAULT,COUNT_SEVERE_INJ,COUNT_VISIBLE_INJ,COUNT_COMPLAINT_PAIN,COUNT_PED_KILLED,COUNT_PED_INJURED,COUNT_BICYCLIST_KILLED,COUNT_BICYCLIST_INJURED,COUNT_MC_KILLED,COUNT_MC_INJURED,PRIMARY_RAMP,SECONDARY_RAMP,LATITUDE,LONGITUDE,COUNTY,CITY,POINT_X,POINT_Y
90537964,2017,2017-08-31,9765,2017-08-06,0734,018490,,7,1,9,5600,0,3,5,,2,004,FOOTHILL ROAD,WELLS ROAD,1584.00,E,N,A,-,N,,,,,,,,,,Y,2,0,4,4,A,-,08,22107,,N,C,G,A,A,H,-,A,D,0,,Y,,,Y,,A,01,1,2,1,0,0,0,3,0,0,- ,- ,34.188000000000002,-119.94499999999999,VENTURA,UNINCORPORATED,-119.16159516,34.302729030000002
9055742,2020,2020-06-11,5604,2020-02-03,1151,5172,,1,5,6,5604,0,0,0,,0,014,VINEYARD AV,ESPLANADE DR,300.00,S,N,A,-,N,,,,,,,,,,N,3,0,1,2,A,-,05,21650,1,N,D,G,A,A,H,-,A,A,0,,Y,,,Y,,L,04,0,1,0,0,0,0,1,0,0,- ,- ,34.234031677246094,-119.17218780517578,VENTURA,OXNARD,-119.17526245117188,34.229373931884766
9055746,2020,2020-03-13,5604,2020-01-25,0012,5521,,6,5,6,5604,0,0,0,,0,031,ROSE AV,3RD ST,0.00,,Y,A,-,N,,,,,,,,,,N,3,0,1,2,A,-,11,21950,B,N,G,B,B,A,H,-,C,A,0,Y,,,,Y,,-,- ,0,1,0,0,1,0,0,0,0,- ,- ,34.200439453125,-119.15973663330078,VENTURA,OXNARD,-119.15985107421875,34.200450897216797
90566937,2017,2017-10-10,9765,2017-10-02,1400,016420,,1,2,6,5608,0,1,3,,2,030,SR-126 E/B,SR-118 (WELLS ROAD),1056.00,W,N,A,-,Y,,,126,,,,,,E,Y,3,0,1,2,A,-,08,22107,,N,G,B,E,A,H,-,A,D,0,Y,,,,Y,,A,01,0,1,0,0,1,0,0,0,0,- ,- ,34.288420000000002,-119.15823,VENTURA,VENTURA,-119.15823813,34.28843346
90588101,2017,2017-11-06,9765,2017-10-27,1000,016712,,5,1,9,5600,0,3,5,,2,001,VENTURA AVE.,NORWAY DR.,0.00,,Y,A,-,N,,,,,,,,,,N,3,0,1,2,A,-,09,21801,A,F,D,G,A,A,H,-,A,A,0,,Y,,,Y,Y,-,99,0,1,0,0,0,0,1,0,0,- ,- ,34.334499999999998,-119.292,VENTURA,UNINCORPORATED,-119.29195991,34.334630109999999
9061647,2020,2020-05-20,5604,2020-02-10,0012,5435,,1,5,6,5604,0,0,0,,0,031,N COOPER RD,GRANT AV,50.00,E,N,A,-,N,,,,,,,,,,N,4,0,1,2,A,-,21,22106,,N,G,B,E,A,H,-,C,D,0,Y,,,,Y,Y,A,01,0,0,1,0,1,0,0,0,0,- ,- ,34.204540252685547,-119.17436981201172,VENTURA,OXNARD,-119.17420196533203,34.204540252685547
9061651,2020,2020-05-20,5604,2020-02-07,0754,5512,,5,5,6,5604,0,0,0,,0,011,W GONZALES RD,MERION WY,90.00,W,N,-,-,N,,,,,,,,,,N,4,0,1,2,A,-,03,22350,,F,C,G,A,-,-,-,-,-,0,,Y,,,Y,,L,04,0,0,1,0,0,0,1,0,0,- ,- ,34.219470977783203,-119.21420288085938,VENTURA,OXNARD,-119.2144775390625,34.219486236572266
9062353,2020,2020-03-20,5600,2020-03-04,0819,5360,91128,3,5,6,5607,0,0,0,,0,9H01,HILLCREST DR,VENTU PARK RD,265.00,W,N,A,-,N,,,,,,,,,,N,4,0,1,2,A,-,06,21750,A,N,B,G,A,A,H,-,A,A,0,,Y,,,Y,,D,22,0,0,1,0,0,0,1,0,0,- ,- ,,,VENTURA,THOUSAND OAKS,-118.91225433349609,34.188396453857422
90657583,2018,2018-02-08,9765,2018-02-07,0917,015117,,3,1,5,5601,0,1,2,,2,504,US-101 N/B TO CARMEN DRIVE,CARMEN DRIVE,6.00,S,N,A,-,Y,,,101,,,,R,,N,Y,3,0,1,2,A,-,10,21950,A,N,G,B,B,A,H,-,A,A,0,Y,,,,Y,,D,22,0,1,0,0,1,0,0,0,0,- ,- ,34.217601776123047,-119.0469970703125,VENTURA,CAMARILLO,-119.0469970703125,34.217601776123047
90712465,2018,2018-04-25,9765,2018-04-13,1852,016420,,5,2,9,5600,0,3,5,,2,003,HARBOR BLVD.,GONZALES ROAD,1056.00,N,N,A,-,N,,,,,,,,,,N,3,0,1,2,A,-,16,24002,A,N,H,G,A,A,H,-,B,D,0,,Y,,,Y,,E,22,0,1,0,0,0,0,1,0,0,- ,- ,34.220981597900391,-119.25504302978516,VENTURA,UNINCORPORATED,-119.25517272949219,34.221118927001953
9073239,2020,2020-06-23,5604,2020-03-03,0723,5172,,2,5,6,5604,0,0,0,,0,024,SAVIERS RD,COACH C LN,0.00,,Y,A,-,N,,,,,,,,,,N,4,0,1,2,A,-,10,21950,A,N,G,B,B,A,H,-,B,A,0,Y,,,,Y,,A,07,0,0,1,0,1,0,0,0,0,- ,- ,34.177330017089844,-119.17752075195312,VENTURA,OXNARD,-119.177601,34.177354999999999
90740953,2018,2018-06-05,9765,2018-06-02,0905,018754,,6,1,9,5600,0,1,3,,1,022,SR-150,RED MOUNTAIN FIRE ROAD,3696.00,W,N,A,-,Y,,,150,,,,,,,N,2,0,2,2,A,-,03,22350,,N,H,G,A,A,H,-,A,D,0,,Y,,,Y,,L,04,1,1,0,0,0,0,2,0,0,- ,- ,34.384269714355469,-119.38993072509766,VENTURA,UNINCORPORATED,-119.38990020751953,34.384258270263672
90745398,2018,2018-06-11,9765,2018-06-06,1530,019884,,3,2,9,5600,0,3,5,,2,005,MESA DRIVE,LORI LANE,330.00,E,N,A,-,N,,,,,,,,,,N,3,0,1,2,A,-,08,22107,,F,G,B,E,A,H,-,A,D,0,Y,,,,Y,,D,22,0,1,0,0,1,0,0,0,0,- ,- ,34.246139526367188,-119.03582763671875,VENTURA,UNINCORPORATED,-119.03588104248047,34.246189117431641
90747968,2018,2018-06-14,9770,2018-06-10,0920,017732,,7,1,9,5600,0,1,3,,1,054,SR-34 (SOMIS ROAD),SR-118 (LOS ANGELES AVENUE),390.00,W,N,A,-,Y,,,34,,,,,,,N,4,0,1,2,A,-,03,22350,,N,H,G,A,A,H,-,A,D,0,,Y,,,Y,,L,04,0,0,1,0,0,0,1,0,0,- ,- ,34.262401580810547,-118.99463653564453,VENTURA,UNINCORPORATED,-118.99465179443359,34.262401580810547
9075241,2020,2020-06-19,5600,2020-03-03,1121,4045,9124,2,5,6,5607,0,0,0,,0,9C01,BORCHARD DR,MICHAEL DR,10.00,N,N,A,-,N,,,,,,,,,,N,4,0,1,2,A,-,10,21950,A,N,G,B,B,A,H,-,A,A,0,Y,,,,Y,,A,07,0,0,1,0,1,0,0,0,0,- ,- ,34.184368133544922,-118.92581939697266,VENTURA,THOUSAND OAKS,-118.9273681640625,34.181930541992188
9076315,2019,2020-05-12,5604,2019-12-19,1615,5064,,4,5,6,5604,0,0,0,,0,024,LAUREL ST,C ST,0.00,,Y,A,-,N,,,,,,,,,,N,2,0,1,2,A,-,11,21954,A,N,G,B,D,A,H,-,B,A,0,Y,,,,Y,,N,60,1,0,0,0,1,0,0,0,0,- ,- ,34.177391052246094,-119.18132019042969,VENTURA,OXNARD,-119.18134307861328,34.177421569824219
90772104,2018,2018-07-18,9765,2018-07-08,1110,020906,,7,1,9,5600,0,1,3,,1,012,SR-1,EMMA WOOD CAMPGROUND,2640.00,S,N,A,-,Y,,,1,,,,,,,N,3,0,1,2,A,-,09,21804,A,N,C,G,A,A,H,-,A,D,0,,Y,,,Y,,L,04,0,1,0,0,0,0,1,0,0,- ,- ,34.290271759033203,-119.33551788330078,VENTURA,UNINCORPORATED,-119.33552551269531,34.290260314941406
9078167,2020,2020-06-30,5600,2020-02-12,1028,5246,9156,3,5,6,5607,0,0,0,,0,961,THOUSAND OAKS BL,SKYLINE DR,105.00,E,N,A,-,N,,,,,,,,,,N,4,0,1,2,A,-,08,22107,,N,G,B,E,A,H,-,A,D,0,Y,,,,Y,,A,01,0,0,1,0,1,0,0,0,0,- ,- ,,,VENTURA,THOUSAND OAKS,-118.83782958984375,34.170520782470703
9079407,2020,2020-06-26,5604,2020-02-12,1859,5392,,3,5,6,5604,0,0,0,,0,032,E CHANNEL ISLANDS BL,EL DORADO AV,0.00,,Y,A,-,N,,,,,,,,,,N,3,0,1,2,A,-,03,22350,,N,G,B,D,A,H,-,C,D,0,Y,,,,Y,Y,A,01,0,1,0,0,1,0,0,0,0,- ,- ,34.173191070556641,-119.14900207519531,VENTURA,OXNARD,-119.14900970458984,34.173240661621094
9081395,2020,2020-06-19,5604,2020-03-04,1725,5609,,3,5,6,5604,0,0,0,,0,022,S VENTURA RD,W WOOLEY RD,0.00,,Y,A,-,N,,,,,,,,,,N,3,0,1,2,A,-,12,21453,A,N,D,G,A,A,H,-,A,A,0,,Y,,,Y,,L,04,0,1,0,0,0,0,1,0,0,- ,- ,34.1905517578125,-119.1944580078125,VENTURA,OXNARD,-119.19512176513672,34.190299987792969
90814782,2018,2020-03-10,9765,2018-09-16,1145,016234,,7,1,9,5600,0,1,3,,1,062,SR-1 (PACIFIC COAST HIGHWAY),MUGU STATE BEACH,1300.00,N,N,A,-,Y,,,1,,,,,,,N,3,0,1,2,A,-,09,21801,A,N,D,G,A,A,H,-,A,D,0,,Y,,,Y,,A,07,0,1,0,0,0,0,1,0,0,- ,- ,34.091640472412109,-119.06591033935547,VENTURA,UNINCORPORATED,-119.06598663330078,34.091571807861328
9081669,2019,2020-05-21,5606,2019-12-09,1734,1126,5606,1,5,4,5606,0,0,0,,0,002,SATICOY ST,OAK ST,12.00,W,N,A,-,N,,,,,,,,,,N,4,0,1,2,A,-,11,21950,B,N,G,B,B,A,H,-,C,A,0,Y,,,,Y,,N,60,0,0,1,0,1,0,0,0,0,- ,- ,,,VENTURA,SANTA PAULA,-119.05929565429688,34.359989166259766
90822091,2018,2018-09-26,9765,2018-09-19,0910,016234,,3,1,9,5600,0,1,3,,1,021,SR-33,ROSE VALLEY ROAD,5280.00,S,N,A,-,Y,,,33,,,,,,,N,3,0,1,2,A,-,03,22350,,N,C,G,A,A,H,-,A,D,0,,Y,,,Y,,L,04,0,1,0,0,0,0,1,0,0,- ,- ,34.531669616699219,-119.25154876708984,VENTURA,UNINCORPORATED,-119.25154876708984,34.531673431396484
90834028,2018,2018-10-26,9770,2018-06-21,2256,014454,,4,3,6,5607,0,1,2,,2,072,US-101 N/B (VENTURA FREEWAY),VENTU PARK ROAD,602.00,S,N,A,-,Y,,,101,,,,,,N,Y,2,0,1,2,A,-,11,21954,A,N,G,B,E,A,H,-,D,D,0,Y,,,Y,Y,,N,60,1,0,0,0,1,0,0,0,0,- ,- ,34.184379577636719,-118.90778350830078,VENTURA,THOUSAND OAKS,-118.90777587890625,34.18450927734375
90848600,2018,2018-10-30,9765,2018-10-20,2210,021682,,6,3,9,5600,0,1,3,,2,011,SR-33 S/B,CASITAS VISTA ROAD,338.00,N,N,A,-,Y,,,33,,,,,,S,N,2,0,1,2,A,-,11,21954,A,N,G,B,D,A,H,-,C,D,0,Y,,,,Y,,N,60,1,0,0,0,1,0,0,0,0,- ,- ,34.353610992431641,-119.30734252929688,VENTURA,UNINCORPORATED,-119.30735015869141,34.353599548339844
90888675,2018,2018-12-24,9765,2018-12-13,1815,017469,,4,2,9,5600,0,3,5,,2,004,TELGRAPH ROAD,OLIVE ROAD,320.00,E,N,A,-,N,,,,,,,,,,N,2,0,1,2,A,-,08,22107,,N,C,G,A,A,H,-,D,D,0,,Y,,,Y,Y,L,04,1,0,0,0,0,0,1,0,0,- ,- ,34.312049865722656,-119.13275146484375,VENTURA,UNINCORPORATED,-119.13278961181641,34.311946868896484
9093250,2020,2020-09-24,5608,2020-03-05,0625,423,,4,5,6,5608,0,0,0,,0,002,JOANNE AV,MARTHA DR,142.00,S,N,A,-,N,,,,,,,,,,N,3,0,2,3,A,-,10,21952,,N,G,B,F,A,H,-,A,D,0,Y,,,,Y,,J,48,0,2,0,0,2,0,0,0,0,- ,- ,,,VENTURA,VENTURA,-119.25629425048828,34.274665832519531
90962670,2019,2019-04-08,9765,2019-04-01,0700,022272,,1,1,6,5604,0,3,5,,2,005,SIMON WAY,SR-232 (VINEYARD AVENUE),305.00,E,N,A,-,N,,,,,,,,,,N,4,0,1,2,A,-,09,21804,A,M,G,B,D,A,H,-,A,D,0,Y,,,,Y,,-,99,0,0,1,0,1,0,0,0,0,- ,- ,34.243408203125,-119.16325378417969,VENTURA,OXNARD,-119.16324615478516,34.243606567382812
90963788,2019,2019-04-09,9765,2019-03-29,2120,021522,,5,2,6,5608,0,1,2,,2,301,US-101 S/B,SR-232 (VINEYARD AVENUE),250.00,N,N,A,-,Y,,,,,,,,,,N,2,0,1,2,A,-,11,21954,A,F,G,B,D,A,H,-,C,D,0,Y,,,,Y,,N,60,1,0,0,0,1,0,0,0,0,- ,- ,34.2322998046875,-119.17385101318359,VENTURA,VENTURA,,
9097363,2020,2020-11-04,5608,2020-05-20,2039,430,,3,5,6,5608,0,0,0,,0,,HARBOR BL,CALIFORNIA ST,0.00,,Y,A,-,N,,,,,,,,,,N,4,0,1,2,A,-,12,22450,A,N,D,G,A,A,H,-,C,D,0,,Y,,,Y,,A,01,0,0,1,0,0,0,1,0,0,- ,- ,,,VENTURA,VENTURA,-119.29302978515625,34.276878356933594
9098750,2020,2020-11-16,5600,2020-05-04,0810,5481,9300,1,5,6,5607,0,0,0,,0,9C01,VIA AURORA,VIA FELICIA,680.00,W,N,A,-,N,,,,,,,,,,Y,3,0,1,2,A,-,21,22106,,N,G,B,E,-,H,-,A,D,0,Y,,,,Y,,N,60,0,1,0,0,1,0,0,0,0,- ,- ,,,VENTURA,THOUSAND OAKS,-118.98070526123047,34.174392700195312
90989879,2019,2019-05-16,9765,2019-05-08,0700,016234,,3,1,9,5600,0,1,2,,2,501,CENTRAL AVENUE,BURSON WAY,0.00,,Y,A,-,N,,,,,,,,,,N,3,0,1,2,A,-,09,21802,A,N,E,G,A,A,H,-,A,D,0,,Y,,,Y,,A,01,0,1,0,0,0,0,1,0,0,- ,- ,34.256591796875,-119.15113067626953,VENTURA,UNINCORPORATED,-119.15113830566406,34.256580352783203
91014619,2019,2019-06-20,9770,2019-06-10,2100,020832,,1,2,6,5609,0,1,3,,2,083,SR-118 E/B (RONALD REAGAN FREEWAY),YOSEMITE AVENUE,9.00,W,N,A,-,Y,,,,,,,,,,N,4,0,1,2,A,-,09,21453,B,N,G,B,B,A,H,-,C,A,0,Y,,,,Y,,A,01,0,0,1,0,1,0,0,0,0,- ,- ,34.280441284179688,-118.67858123779297,VENTURA,SIMI VALLEY,-118.67859649658203,34.281429290771484
91032049,2019,2019-07-17,9765,2019-07-09,1745,022296,,2,2,9,5600,0,3,5,,2,005,STROUBE STREET,BALBOA STREET,270.00,E,N,A,-,N,,,,,,,,,,N,4,0,1,2,D,-,00,,,N,G,B,E,A,H,-,A,D,0,Y,,,,Y,,-,- ,0,0,1,0,1,0,0,0,0,- ,- ,34.232498168945312,-119.16269683837891,VENTURA,UNINCORPORATED,-119.16267395019531,34.232635498046875
91047344,2019,2019-08-07,9765,2019-07-25,1210,022345,,4,1,9,5600,0,3,5,,2,006,WOOD ROAD,SR-1 N/B FROM WOOD ROAD OFF-RAMP,0.00,,Y,A,-,Y,,,,,,,,,,N,3,0,1,1,A,-,08,22107,,N,F,G,A,A,B,-,A,D,0,,Y,,,Y,,L,04,0,1,0,0,0,0,1,0,0,- ,- ,34.134010314941406,-119.09736633300781,VENTURA,UNINCORPORATED,,
9109924,2020,2020-08-21,5608,2020-06-10,2132,529,,3,5,6,5608,0,0,0,,0,002,E MAIN ST,S MIUS RD,0.00,,Y,A,-,N,,,,,,,,,,N,3,0,1,2,A,-,05,21650,1,N,D,G,A,A,H,-,C,A,0,,Y,,,Y,,-,- ,0,1,0,0,0,0,1,0,0,- ,- ,,,VENTURA,VENTURA,,
91124057,2019,2019-11-19,9765,2019-11-07,1738,022408,,4,2,9,5600,0,1,3,,1,020,SR-33 (NORTH VENTURA AVENUE),RANCH ROAD,1810.00,N,N,A,-,Y,,,33,,,,,,,N,2,0,1,2,A,-,11,21954,A,F,G,B,D,A,H,-,D,D,0,Y,,,,Y,Y,N,60,1,0,0,0,1,0,0,0,0,- ,- ,34.370571136474609,-119.30668640136719,VENTURA,UNINCORPORATED,-119.30680847167969,34.370574951171875
91147649,2019,2019-12-19,9770,2019-12-10,1329,021082,,2,1,6,5609,0,1,3,,2,083,SR-118 E/B (RONALD REAGAN FREEWAY),STEARNS STREET,2270.00,W,N,A,-,Y,,,118,,,,,,E,N,3,0,1,2,A,-,21,22106,,N,E,B,E,A,H,-,A,D,0,Y,,,,Y,,E,22,0,1,0,0,1,0,0,0,0,- ,- ,34.281440734863281,-118.69844055175781,VENTURA,SIMI VALLEY,-118.69844055175781,34.281497955322266
91156192,2019,2019-12-31,9770,2019-12-28,0215,020721,,6,3,9,5600,0,1,3,,1,046,SR-126 W/B (EAST TELEGRAPH ROAD),FISH HATCHERY ROAD,2112.00,W,N,A,-,Y,,,126,,,,,,W,N,4,0,1,2,D,-,00,,,N,G,B,E,A,H,-,D,D,0,Y,,,,Y,,-,- ,0,0,1,0,1,0,0,0,0,- ,- ,34.397289276123047,-118.89137268066406,VENTURA,UNINCORPORATED,-118.89136505126953,34.397308349609375
91174114,2020,2020-01-27,9765,2020-01-13,1100,022408,,1,1,9,5600,0,1,3,,1,012,SR-1,HOBSON ROAD,528.00,S,N,A,-,Y,,,1,,,,,,,N,4,0,1,2,A,-,03,22350,,N,C,G,A,A,H,-,A,D,0,,Y,,,Y,,L,04,0,0,1,0,0,0,1,0,0,- ,- ,34.320549011230469,-119.380126953125,VENTURA,UNINCORPORATED,-119.38013458251953,34.320560455322266
91186254,2020,2020-02-13,9765,2020-02-12,1017,013555,,3,1,9,5600,0,1,3,,1,062,SR-1,LAS POSAS ROAD,7920.00,S,N,A,-,Y,,,1,,,,,,,N,3,0,1,2,A,-,08,22107,,N,H,G,A,A,H,-,A,D,0,,Y,,,Y,,A,07,0,1,0,0,0,0,1,0,0,- ,- ,34.097370147705078,-119.07586669921875,VENTURA,UNINCORPORATED,-119.07582092285156,34.097465515136719
9122150,2020,2020-08-12,5604,2020-05-20,2000,5534,,3,5,6,5604,0,0,0,,0,021,PATTERSON RD,5TH ST,2.00,S,N,A,-,N,,,,,,,,,,N,4,0,1,2,A,-,10,21950,A,F,G,B,B,A,H,-,C,A,0,Y,,,,Y,,-,,0,0,1,0,1,0,0,0,0,- ,- ,34.216350555419922,-119.15589904785156,VENTURA,OXNARD,-119.20800018310547,34.197425842285156
9124350,2020,2020-09-04,5608,2020-06-29,1700,422,VENTU,1,5,6,5608,0,0,0,,0,001,S OAK ST,EAST THOMPSON BL,30.00,S,N,A,-,N,,,,,,,,,,N,3,0,1,2,A,-,05,21650,1,N,A,G,A,A,H,-,A,D,0,,Y,,,Y,,L,04,0,1,0,0,0,0,1,0,0,- ,- ,,,VENTURA,VENTURA,-119.29466247558594,34.278167724609375
91265040,2020,2020-07-08,9765,2020-06-26,0024,019034,,5,3,9,5600,0,3,5,,2,004,TELEGRAPH ROAD,CLOW ROAD,1056.00,E,N,A,-,N,,,,,,,,,,N,2,0,1,2,A,-,11,21954,A,N,G,B,E,A,H,-,D,D,0,Y,,,,Y,Y,N,60,1,0,0,0,1,0,0,0,0,- ,- ,34.333789825439453,-119.09602355957031,VENTURA,UNINCORPORATED,-119.09620666503906,34.333713531494141
9129335,2020,2020-09-12,5604,2020-06-23,2113,5216,,2,5,6,5604,0,0,0,,0,042,PERKINS RD,PLEASANT VALLEY RD,0.00,,Y,B,-,N,,,,,,,,,,N,3,0,1,2,A,-,10,21950,A,N,G,B,B,A,H,-,C,A,0,Y,,,,Y,,A,07,0,1,0,0,1,0,0,0,0,- ,- ,34.154739379882812,-119.18382263183594,VENTURA,OXNARD,-119.18386077880859,34.154739379882812
91307258,2020,2020-09-18,9765,2020-09-16,0640,013555,,3,1,9,5600,0,3,5,,2,004,NARDO STREET,LOS ANGELES AVENUE,0.00,,Y,A,-,N,,,,,,,,,,N,4,0,1,2,A,-,09,21802,A,N,D,G,A,A,H,-,B,A,0,,Y,,,Y,,A,07,0,0,1,0,0,0,1,0,0,- ,- ,34.282470703125,-119.14727020263672,VENTURA,UNINCORPORATED,-119.14759063720703,34.282028198242188
9131854,2020,2020-10-06,5608,2020-07-03,0837,514,VENTU,5,5,6,5608,0,0,0,,0,004,MOON DR,HILL RD,306.00,W,N,A,-,N,,,,,,,,,,Y,4,0,1,3,A,-,08,22107,,N,G,B,F,A,H,-,A,A,0,Y,,,,Y,,A,01,0,0,1,0,1,0,0,0,0,- ,- ,,,VENTURA,VENTURA,-119.20517730712891,34.256141662597656
9138079,2020,2020-08-26,5604,2020-06-25,1840,5532,,4,5,6,5604,0,0,0,,0,022,N A ST,MAGNOLIA AV,100.00,N,N,A,-,N,,,,,,,,,,N,3,0,1,2,A,-,09,21801,A,F,D,G,A,A,H,-,A,D,0,,Y,,,Y,,A,07,0,1,0,0,0,0,1,0,0,- ,- ,34.206829071044922,-119.1776123046875,VENTURA,OXNARD,-119.17852783203125,34.204273223876953
9138189,2020,2020-09-22,5604,2020-07-20,1532,4942,,1,5,6,5604,0,0,0,,0,041,SAVIERS RD,YUCCA ST,0.00,,Y,A,-,N,,,,,,,,,,N,3,0,1,2,A,-,12,21453,A,N,D,G,A,A,H,-,A,A,0,,Y,,,Y,,L,04,0,1,0,0,0,0,1,0,0,- ,- ,,,VENTURA,OXNARD,-119.17772674560547,34.165939331054688
91384052,2020,2021-01-08,9770,2020-12-29,1105,016198,,2,1,9,5600,0,2,4,,2,078,BELLA DRIVE,WENDY DRIVE,8.00,E,N,A,-,N,,,,,,,,,,N,4,0,1,2,A,-,09,21804,A,N,D,G,A,A,H,-,A,D,0,,Y,,,Y,,L,04,0,0,1,0,0,0,1,0,0,- ,- ,34.187370300292969,-118.94291687011719,VENTURA,UNINCORPORATED,-118.94300842285156,34.187419891357422
9138893,2020,2020-10-05,5604,2020-07-15,2152,5377,,3,5,6,5604,0,0,0,,0,021,SOUTH VICTORIA AV,CURLEW WY,300.00,S,N,A,-,N,,,,,,,,,,N,3,0,1,2,A,-,08,22107,,N,D,G,A,A,H,-,D,D,0,,Y,,,Y,,L,04,0,1,0,0,0,0,1,0,0,- ,- ,34.167720794677734,-119.22225189208984,VENTURA,OXNARD,-119.22166442871094,34.169906616210938
9138896,2020,2020-09-25,5604,2020-07-17,0526,5285,,5,5,6,5604,0,0,0,,0,032,S ROSE AV,IVES AV,150.00,N,N,A,-,N,,,,,,,,,,N,4,0,1,2,A,-,05,21650,1,N,D,G,A,A,H,-,C,A,0,,Y,,,Y,,L,04,0,0,1,0,0,0,1,0,0,- ,- ,34.179401397705078,-119.15982055664062,VENTURA,OXNARD,-119.159912109375,34.179821014404297
9138907,2020,2020-10-09,5604,2020-07-14,1703,5135,,2,5,6,5604,0,0,0,,0,014,CITRUS GROVE LN,OXNARD BL,300.00,W,N,A,-,N,,,,,,,,,,N,3,0,1,2,A,-,09,21801,A,N,B,G,A,A,H,-,A,D,0,,Y,,,Y,,L,04,0,1,0,0,0,0,1,0,0,- ,- ,34.221378326416016,-119.17791748046875,VENTURA,OXNARD,-119.17855072021484,34.22113037109375
9141026,2020,2020-10-27,5600,2020-08-15,0904,5339,9116,6,5,6,5607,0,0,0,,0,9C01,POTRERO RD,WENDY DR,0.00,,Y,A,-,N,,,,,,,,,,N,3,0,1,2,A,-,09,21801,A,N,D,G,A,A,H,-,A,D,0,,Y,,,Y,,A,07,0,1,0,0,0,0,1,0,0,- ,- ,34.154518127441406,-118.95037078857422,VENTURA,THOUSAND OAKS,-118.9503173828125,34.154499053955078
91439456,2021,2021-03-30,9765,2021-03-21,1050,022518,,7,1,9,5600,0,1,3,,1,012,SR-1,STATE BEACH ACCESS ROAD,569.00,N,N,A,-,Y,,,1,,,,,,,N,3,0,1,2,A,-,08,22107,,N,D,G,A,A,H,-,A,D,0,,Y,,,Y,,L,04,0,1,0,0,0,0,1,0,0,- ,- ,34.296848297119141,-119.34217834472656,VENTURA,UNINCORPORATED,-119.34217834472656,34.296852111816406
9145660,2020,2020-11-13,5600,2020-08-16,0742,4902,9142,7,5,6,5607,0,0,0,,0,9D01,KANAN RD,CROWN RIDGE CT,0.00,,Y,A,-,N,,,,,,,,,,N,4,0,1,2,A,-,09,21802,A,N,H,G,A,A,H,-,A,D,0,,Y,,,Y,,A,07,0,0,1,0,0,0,1,0,0,- ,- ,34.192581176757812,-118.79927825927734,VENTURA,THOUSAND OAKS,-118.79930114746094,34.192451477050781
91472646,2021,2021-08-12,9765,2021-05-08,1842,022488,,6,2,9,5600,0,3,5,,2,002,ENCINO DR,THOMAS STREET,0.00,,Y,A,-,N,,,,,,,,,,N,2,0,1,2,A,-,09,21801,A,N,D,G,A,A,H,-,A,D,0,,Y,,,Y,,D,22,1,0,0,0,0,0,1,0,0,- ,- ,34.40142822265625,-119.29010772705078,VENTURA,UNINCORPORATED,-119.29006195068359,34.401481628417969