CASE_ID,ACCIDENT_YEAR,PROC_DATE,JURIS,COLLISION_DATE,COLLISION_TIME,OFFICER_ID,REPORTING_DISTRICT,DAY_OF_WEEK,CHP_SHIFT,POPULATION,CNTY_CITY_LOC,SPECIAL_COND,BEAT_TYPE,CHP_BEAT_TYPE,CITY_DIVISION_LAPD,CHP_BEAT_CLASS,BEAT_NUMBER,PRIMARY_RD,SECONDARY_RD,DISTANCE,DIRECTION,INTERSECTION,WEATHER_1,WEATHER_2,STATE_HWY_IND,CALTRANS_COUNTY,CALTRANS_DISTRICT,STATE_ROUTE,ROUTE_SUFFIX,POSTMILE_PREFIX,POSTMILE,LOCATION_TYPE,RAMP_INTERSECTION,SIDE_OF_HWY,TOW_AWAY,COLLISION_SEVERITY,NUMBER_KILLED,NUMBER_INJURED,PARTY_COUNT,PRIMARY_COLL_FACTOR,PCF_CODE_OF_VIOL,PCF_VIOL_CATEGORY,PCF_VIOLATION,PCF_VIOL_SUBSECTION,HIT_AND_RUN,TYPE_OF_COLLISION,MVIW,PED_ACTION,ROAD_SURFACE,ROAD_COND_1,ROAD_COND_2,LIGHTING,CONTROL_DEVICE,CHP_ROAD_TYPE,PEDESTRIAN_ACCIDENT,BICYCLE_ACCIDENT,MOTORCYCLE_ACCIDENT,TRUCK_ACCIDENT,NOT_PRIVATE_PROPERTY,ALCOHOL_INVOLVED,STWD_VEHTYPE_AT_FAULT,CHP_VEHTYPE_AT_FAULT,COUNT_SEVERE_INJ,COUNT_VISIBLE_INJ,COUNT_COMPLAINT_PAIN,COUNT_PED_KILLED,COUNT_PED_INJURED,COUNT_BICYCLIST_KILLED,COUNT_BICYCLIST_INJURED,COUNT_MC_KILLED,COUNT_MC_INJURED,PRIMARY_RAMP,SECONDARY_RAMP,LATITUDE,LONGITUDE,COUNTY,CITY,POINT_X,POINT_Y
9147766,2020,2020-11-25,5600,2020-08-15,2038,4973,8151,6,5,5,5601,0,0,0,,0,8B01,VENTURA BL,GLENN DR,132.00,E,N,A,-,Y,VEN,7,101,-,-,13.949,R,4,S,N,3,0,1,2,A,-,11,21954,A,N,G,B,D,A,H,-,C,D,0,Y,,,,Y,Y,N,60,0,1,0,0,1,0,0,0,0,- ,- ,34.216350555419922,-119.03784942626953,VENTURA,CAMARILLO,-119.03597259521484,34.217128753662109
9150079,2020,2020-11-14,5604,2020-06-03,1500,4925,,3,5,6,5604,0,0,0,,0,014,RT 232,FOREST PARK BL,60.00,N,N,A,-,Y,VEN,7,232,-,-,1.140,H,-,N,N,4,0,1,2,A,-,09,21804,A,F,G,B,E,A,H,-,A,D,0,Y,,,Y,Y,,F,26,0,0,1,0,1,0,0,0,0,- ,- ,34.242809295654297,-119.16493225097656,VENTURA,OXNARD,-119.16683959960938,34.24041748046875
9150940,2020,2020-11-05,5604,2020-08-26,2055,5530,,3,5,6,5604,0,0,0,,0,022,BEVERLY DR,K ST,50.00,W,N,A,-,N,,,,,,,,,,N,4,0,1,2,A,-,11,21954,A,N,G,B,E,A,H,-,D,D,0,Y,,,,Y,,N,60,0,0,1,0,1,0,0,0,0,- ,- ,34.206108093261719,-119.19158935546875,VENTURA,OXNARD,-119.19135284423828,34.206321716308594
9151478,2020,2020-09-21,5604,2020-06-07,2057,5249,,7,5,6,5604,0,0,0,,0,023,S OXNARD BL,E 4TH ST,0.00,,Y,A,-,N,,,,,,,,,,N,3,0,1,2,A,-,12,21453,A,N,B,G,A,A,H,-,C,A,0,,Y,,,Y,Y,L,04,0,1,0,0,0,0,1,0,0,- ,- ,,,VENTURA,OXNARD,-119.17733001708984,34.199001312255859
9157607,2020,2020-12-01,5600,2020-09-26,0900,4938,9136,6,5,6,5607,0,0,0,,0,9C01,LYNN RD,GREENMEADOW DR,9.00,N,N,A,-,,,,,,,,,,,,2,0,1,2,D,-,00,,,N,G,B,B,A,H,-,A,A,0,Y,,,,Y,,-,- ,1,0,0,0,1,0,0,0,0,- ,- ,34.175270080566406,-118.89830780029297,VENTURA,THOUSAND OAKS,-118.894287109375,34.178215026855469
91600797,2021,2021-10-19,9765,2021-10-11,0640,022408,,1,1,6,5608,0,3,5,,2,006,WOOD ROAD,HUENEME ROAD,3696.00,S,N,A,-,N,,,,,,,,,,N,2,0,1,2,A,-,08,22107,,N,A,G,A,A,H,-,A,D,0,,Y,,,Y,Y,L,04,1,0,0,0,0,0,1,0,0,- ,- ,34.136970520019531,-119.09673309326172,VENTURA,VENTURA,-119.09676361083984,34.136947631835938
91611486,2021,2021-11-01,9765,2021-10-20,0230,022345,,3,3,9,5600,0,3,5,,2,003,HARBOR BOULEVARD,GONZALES ROAD,2640.00,S,N,B,-,N,,,,,,,,,,N,3,0,1,2,A,-,01,23153,A,F,G,B,E,A,H,-,D,D,0,Y,,,,Y,Y,A,01,0,1,0,0,1,0,0,0,0,- ,- ,34.212181091308594,-119.2503662109375,VENTURA,UNINCORPORATED,-119.25014495849609,34.211872100830078
91616206,2021,2021-11-04,9765,2021-10-27,1530,019988,,3,2,6,5608,0,1,2,,1,101,US-101 S/B,SANJON RD.,61.00,S,N,B,-,Y,,,101,,,,,,S,N,3,0,1,2,A,-,11,21954,A,N,G,B,E,A,H,-,A,D,0,Y,,,,Y,,N,60,0,1,0,0,1,0,0,0,0,- ,- ,34.27294921875,-119.28421020507812,VENTURA,VENTURA,-119.28421783447266,34.272937774658203
91683338,2022,2022-01-24,9770,2022-01-01,0839,019930,,6,1,9,5600,0,3,5,,2,007,THERESA DRIVE,CATHY DRIVE,0.00,,Y,A,-,N,,,,,,,,,,N,3,0,1,2,A,-,05,21650,,N,D,G,A,A,H,-,A,D,0,,Y,,,Y,,L,04,0,1,0,0,0,0,1,0,0,- ,- ,34.17926025390625,-118.94222259521484,VENTURA,UNINCORPORATED,-118.94218444824219,34.17919921875
9168845,2020,2020-12-14,5608,2020-10-01,1154,525,,4,5,6,5608,0,0,0,,0,002,EAST THOMPSON BL,ANACAPA ST,58.00,W,N,A,-,N,,,,,,,,,,N,3,0,1,2,A,-,17,22517,,N,H,G,A,A,H,-,A,D,0,,Y,,,Y,,A,01,0,1,0,0,0,0,1,0,0,- ,- ,,,VENTURA,VENTURA,-119.27138519287109,34.274566650390625
9169177,2020,2020-11-19,5604,2020-09-02,1909,5359,,3,5,6,5604,0,0,0,,0,032,E GUAVA ST,GILSER AV,300.00,W,N,A,-,N,,,,,,,,,,N,2,0,1,2,A,-,11,21954,A,N,G,B,D,A,H,-,A,D,0,Y,,,,Y,,N,60,1,0,0,0,1,0,0,0,0,- ,- ,34.181251525878906,-119.17359924316406,VENTURA,OXNARD,-119.17243194580078,34.181049346923828
91699052,2021,2022-03-22,9765,2021-09-19,2316,019034,,7,3,9,5600,0,1,3,,2,060,SR-1 N/B (PACIFIC COAST HIGHWAY),WOOD ROAD,1964.00,N,N,A,-,Y,,,1,,,,,,N,Y,1,1,0,2,A,-,11,21954,A,N,G,B,E,A,H,-,D,D,0,Y,,,,Y,,N,60,0,0,0,1,0,0,0,0,0,- ,- ,34.137428283691406,-119.10172271728516,VENTURA,UNINCORPORATED,-119.10170745849609,34.137439727783203
91700043,2022,2022-02-14,9770,2022-02-04,1225,017973,,5,1,9,5600,0,2,4,,1,030,SANTA ROSA ROAD,MOORPARK ROAD,265.00,W,N,A,G,N,,,,,,,,,,N,2,0,1,2,A,-,03,22350,,N,C,G,A,A,H,-,A,A,0,,Y,,,Y,,D,22,1,0,0,0,0,0,1,0,0,- ,- ,34.246028900146484,-118.86958312988281,VENTURA,UNINCORPORATED,-118.86944580078125,34.246101379394531
91747293,2022,2022-04-13,9770,2022-04-04,1130,020169,,1,1,6,5607,0,2,4,,2,078,WENDY DRIVE,MICHAEL DRIVE,100.00,N,N,A,-,N,,,,,,,,,,N,4,0,1,2,A,-,11,21954,A,M,G,B,D,A,H,-,A,A,0,Y,,,,Y,,N,60,0,0,1,0,1,0,0,0,0,- ,- ,34.182498931884766,-118.94405364990234,VENTURA,THOUSAND OAKS,-118.94400787353516,34.182388305664062
9182045,2020,2021-02-13,5600,2020-11-01,0645,5342,9000,7,5,6,5607,0,0,0,,0,9A01,AVENIDA DE LOS ARBOLES,LA PALOMA CT,100.00,E,N,A,-,N,,,,,,,,,,N,3,0,1,1,-,-,- ,,,N,H,G,A,A,B,-,A,D,0,,Y,,,Y,,-,- ,0,1,0,0,0,0,1,0,0,- ,- ,34.216201782226562,-118.89016723632812,VENTURA,THOUSAND OAKS,-118.88998413085938,34.216266632080078
9182602,2020,2020-11-23,5604,2020-08-20,1303,5614,,4,5,6,5604,0,0,0,,0,042,CLARA ST,CYPRESS RD,0.00,,Y,A,-,N,,,,,,,,,,N,4,0,1,2,A,-,10,21950,A,F,G,B,B,A,H,-,A,D,0,Y,,,,Y,,A,01,0,0,1,0,1,0,0,0,0,- ,- ,34.150638580322266,-119.17302703857422,VENTURA,OXNARD,-119.17304992675781,34.150650024414062
9184211,2020,2020-12-14,5608,2020-10-26,1632,459,5608,1,5,6,5608,0,0,0,,0,001,N VENTURA RD,W WARNER AVE,55.00,S,N,A,-,N,,,,,,,,,,N,3,0,1,2,A,-,06,21760,B,N,B,G,A,A,H,-,A,A,0,,Y,,,Y,,A,01,0,1,0,0,0,0,1,0,0,- ,- ,,,VENTURA,VENTURA,-119.29751586914062,34.292335510253906
9184213,2020,2020-12-14,5608,2020-10-13,0800,423,,2,5,6,5608,0,0,0,,0,001,HARBOR BL,RT 101,504.00,E,N,A,-,N,,,,,,,,,,N,2,0,1,2,A,-,11,21950,B,N,G,B,C,A,H,-,A,A,0,Y,,,,Y,,N,60,1,0,0,0,1,0,0,0,0,- ,SO,,,VENTURA,VENTURA,,
9185442,2020,2021-02-04,5604,2020-11-06,1640,5415,,5,5,6,5604,0,0,0,,0,031,E FELICIA CT,MARQUITA ST,200.00,E,N,A,-,N,,,,,,,,,,N,3,0,1,2,A,-,11,21954,A,N,G,B,D,A,H,-,A,D,0,Y,,,,Y,,N,60,0,1,0,0,1,0,0,0,0,- ,- ,34.205299377441406,-119.16454315185547,VENTURA,OXNARD,-119.16567993164062,34.205482482910156
9187250,2020,2021-02-03,5608,2020-11-11,1956,503,,3,5,6,5608,0,0,0,,0,001,POLI ST,KALORAMA ST,25.00,E,N,A,-,N,,,,,,,,,,N,3,0,1,2,A,-,03,22350,,N,G,B,B,A,H,-,C,D,0,Y,,,,Y,,-,,0,1,0,0,1,0,0,0,0,- ,- ,,,VENTURA,VENTURA,-119.28692626953125,34.282161712646484
9187263,2020,2021-02-24,5608,2020-10-31,0746,496,,6,5,6,5608,0,0,0,,0,003,MILLS RD,MAIN ST,0.00,,Y,A,-,N,,,,,,,,,,N,4,0,1,2,A,-,06,21754,,N,D,G,A,A,H,-,A,A,0,,Y,,,Y,,L,04,0,0,1,0,0,0,1,0,0,- ,- ,,,VENTURA,VENTURA,-119.24604797363281,34.265060424804688
9188611,2020,2021-02-03,5604,2020-11-09,1614,4950,,1,5,6,5604,0,0,0,,0,032,STATHAM BL,S OXNARD BL S,0.00,,Y,A,-,N,,,,,,,,,,N,4,0,1,2,A,-,05,21650,I,N,D,G,A,A,H,-,A,A,0,,Y,,,Y,,L,04,0,0,1,0,0,0,1,0,0,- ,- ,34.179878234863281,-119.16523742675781,VENTURA,OXNARD,-119.165268,34.179893
91899084,2022,2022-10-25,9765,2022-10-18,0930,017253,,2,1,9,5600,0,1,3,,1,020,SR-33 (VENTURA AVE),SANTA ANA BLVD,0.00,,Y,A,-,Y,VEN,,33,,,9.049,H,,R,N,3,0,1,2,A,-,09,21800,D,F,G,B,B,A,H,-,A,B,0,Y,,,,Y,,-,99,0,1,0,0,1,0,0,0,0,- ,- ,34.40032958984375,-119.29981231689453,VENTURA,UNINCORPORATED,-119.29969024658203,34.400321960449219
91907145,2022,2022-11-02,9765,2022-10-15,0915,019988,,6,1,9,5600,0,3,5,,2,006,POTREO RD.,VIA ACOSTA,9662.00,W,N,B,-,N,,,,,,,,,,N,3,0,1,2,A,-,08,22107,,N,B,G,A,B,H,-,A,D,0,,Y,,,Y,,A,08,0,1,0,0,0,0,1,0,0,- ,- ,34.157028198242188,-119.02249145507812,VENTURA,UNINCORPORATED,,
9196015,2020,2021-02-02,5604,2020-11-12,1935,5563,,4,5,6,5604,0,0,0,,0,022,S F ST,W 2ND ST,0.00,,Y,A,-,N,,,,,,,,,,N,4,0,1,2,A,-,10,21950,A,N,G,B,B,A,H,-,C,D,0,Y,,,,Y,,A,08,0,0,1,0,1,0,0,0,0,- ,- ,34.201690673828125,-119.18508911132812,VENTURA,OXNARD,-119.18509674072266,34.201690673828125
9200390,2020,2021-02-23,5604,2020-12-18,1638,5586,,5,5,6,5604,0,0,0,,0,042,CYPRESS RD,HOWELL RD,40.00,S,N,A,-,N,,,,,,,,,,N,3,0,1,2,A,-,11,21954,A,N,G,B,D,A,H,-,A,D,0,Y,,,,Y,,N,60,0,1,0,0,1,0,0,0,0,- ,- ,34.1522216796875,-119.17301177978516,VENTURA,OXNARD,-119.17301940917969,34.152851104736328
9200392,2020,2021-02-23,5604,2020-12-16,1804,5492,,3,5,6,5604,0,0,0,,0,024,W KAMALA ST,C ST,0.00,,Y,A,-,N,,,,,,,,,,N,3,0,1,2,A,-,08,22107,,F,A,G,A,A,H,-,D,B,0,,Y,,,Y,Y,L,04,0,1,0,0,0,0,1,0,0,- ,- ,34.178680419921875,-119.18129730224609,VENTURA,OXNARD,-119.18131256103516,34.178730010986328
9200723,2020,2021-02-02,5604,2020-11-21,1748,5403,,6,5,6,5604,0,0,0,,0,041,BARD RD,C ST,15.00,W,N,A,-,N,,,,,,,,,,N,4,0,1,2,A,-,10,21950,A,N,B,B,B,A,H,-,C,A,0,Y,,,,Y,,-,,0,0,1,0,1,0,0,0,0,- ,- ,34.161018371582031,-119.18051147460938,VENTURA,OXNARD,-119.18058013916016,34.161041259765625
9200991,2020,2021-02-17,5604,2020-12-07,2030,5532,,1,5,6,5604,0,0,0,,0,022,MAGNOLIA AV,VENTURA RD,5.00,E,N,A,-,N,,,,,,,,,,N,4,0,1,2,A,-,08,22107,,N,G,B,D,A,H,-,C,A,0,Y,,,,Y,,A,01,0,0,1,0,1,0,0,0,0,- ,- ,34.204299926757812,-119.19448852539062,VENTURA,OXNARD,-119.19449615478516,34.204299926757812
92018322,2023,2023-04-10,9765,2023-01-08,1727,022337,,7,2,9,5600,0,3,5,,2,003,OLIVAS PARK DRIVE,TELEPHONE ROAD,1054.00,E,N,B,-,N,,,,,,,,,,Y,1,1,0,2,A,-,11,21954,A,N,G,B,D,A,H,-,D,D,0,Y,,,,Y,Y,N,60,0,0,0,1,0,0,0,0,0,- ,- ,34.244651794433594,-119.23052978515625,VENTURA,UNINCORPORATED,-119.230712890625,34.244659423828125
9202459,2020,2021-02-16,5608,2020-12-17,1345,515,,4,5,6,5608,0,0,0,,0,004,VICTORIA AV,AVOCET DR,0.00,,Y,A,-,N,,,,,,,,,,N,3,0,1,2,A,-,10,21950,A,N,-,B,B,A,H,-,A,A,0,Y,,,,Y,,-,,0,1,0,0,1,0,0,0,0,- ,- ,,,VENTURA,VENTURA,-119.21109008789062,34.258491516113281
92036584,2023,2023-04-04,9770,2023-03-28,1335,018659,,2,1,9,5600,0,2,4,,2,079,53 KANAN ROAD,CONIFER STREET,191.00,S,N,A,-,N,,,,,,,,,,N,4,0,1,2,A,-,08,22107,,F,G,B,E,A,H,-,A,D,0,Y,,,,Y,,-,99,0,0,1,0,1,0,0,0,0,- ,- ,34.170280456542969,-118.75884246826172,VENTURA,UNINCORPORATED,-118.75862884521484,34.170345306396484
92045065,2023,2023-04-14,9770,2023-03-20,1420,021738,,1,2,9,5600,0,1,3,,1,057,SR-23 (GRIMES CANYON ROAD),GRIMES CANYON ROAD,105.00,N,N,B,-,Y,VEN,,23, ,R,21.458,H,,R,N,3,0,1,2,A,-,03,22350,,N,C,G,A,A,D,-,A,A,0,,Y,,,Y,,L,04,0,1,0,0,0,0,1,0,0,- ,- ,34.358570098876953,-118.92092132568359,VENTURA,UNINCORPORATED,-118.92097473144531,34.358570098876953
92079137,2023,2023-05-26,9770,2023-05-24,1500,016383,,3,2,9,5600,0,2,4,,2,078,THERESA DRIVE,CATHY DRIVE,0.00,,Y,A,-,N,,,,,,,,,,N,4,0,1,2,A,-,11,21954,A,N,G,B,D,A,H,-,A,D,0,Y,,,,Y,,N,60,0,0,1,0,1,0,0,0,0,- ,- ,34.179248809814453,-118.94223022460938,VENTURA,UNINCORPORATED,-118.94218444824219,34.17919921875
92105380,2023,2023-06-29,9765,2023-06-18,343 ,022488,,7,3,6,5608,0,1,2,,2,301,US-101 S/B (VENTURA FREEWAY),SEAWARD AVENUE,4066.00,S,N,A,-,Y,VEN,,101, , ,27.669,H,,L,N,3,0,1,2,C,-,18,,,N,G,B,E,A,H,-,D,D,0,Y,,,Y,Y,,-,- ,0,1,0,0,1,0,0,0,0,- ,- ,34.259819030761719,-119.25723266601562,VENTURA,VENTURA,-119.25720977783203,34.259853363037109
92108184,2023,2023-07-03,9770,2023-06-26,802 ,019057,,1,1,4,5690,0,1,3,,2,080,SR-118 W/B (RONALD REAGAN FREEWAY),COLLINS DR,0.00,,Y,A,-,Y,,,,,,,,,,N,4,0,1,2,A,-,09,21804,A,N,G,B,B,A,H,-,A,A,0,Y,,,,Y,,A,01,0,0,1,0,1,0,0,0,0,- ,- ,34.294441223144531,-118.84229278564453,VENTURA,MOORPARK,-118.84279632568359,34.293491363525391
92108541,2023,2023-07-03,9765,2023-06-27,802 ,019277,,2,1,9,5600,0,1,3,,1,020,SR-33 (VENTURA AVENUE),WOODLAND AVENUE,0.00,,Y,A,-,Y,VEN,,33, , ,10.657,H,,R,N,4,0,1,2,A,-,09,21801,A,N,D,G,A,A,H,-,A,A,0,,Y,,,Y,,A,01,0,0,1,0,0,0,1,0,0,- ,- ,34.422290802001953,-119.29000091552734,VENTURA,UNINCORPORATED,-119.29002380371094,34.422298431396484
9211077,2021,2021-03-09,5600,2021-01-02,1727,4501,8065,6,5,5,5601,0,0,0,,0,8A01,EAST VENTURA BL,FACTORY STORES DR,940.00,W,N,A,-,N,,,,,,,,,,,4,0,1,2,B,-,22,,,F,G,B,F,A,H,-,C,D,0,Y,,,,Y,,A,07,0,0,1,0,1,0,0,0,0,- ,- ,34.216201782226562,-119.06520080566406,VENTURA,CAMARILLO,-119.06517028808594,34.217884063720703
92121365,2022,2023-09-14,9765,2022-12-21,2210,022387,,3,3,9,5600,0,1,3,,1,062,SR-1 (PACIFIC COAST HIGHWAY),NAVAL BASE VENTURA COUNTY WEAPONS RANGE ENTRANCE,1160.00,S,N,B,-,Y,VEN,,1,,,7.773,H,,R,N,1,1,1,4,A,-,01,23152,G,F,B,1,E,A,H,-,D,D,0,Y,,,,Y,Y,A,07,1,0,0,1,1,0,0,0,0,- ,- ,34.088798522949219,-119.06340026855469,VENTURA,UNINCORPORATED,-119.06351470947266,34.088729858398438
9212793,2020,2021-02-09,5600,2020-12-18,1747,4973,8132,5,5,5,5601,0,0,0,,0,8C01,ADOLFO RD,LEWIS RD,60.00,W,N,A,-,Y,VEN,7,34,-,-,14.951,I,6,W,N,3,0,1,1,D,-,00,,,N,B,G,A,A,H,-,C,D,0,,Y,,,Y,,-,- ,0,1,0,0,0,0,1,0,0,- ,- ,34.231189727783203,-119.01959991455078,VENTURA,CAMARILLO,-119.01949310302734,34.231204986572266
92156079,2023,2023-08-28,9770,2023-08-18,541 ,023131,,5,3,6,5607,0,1,2,,2,075,US-101 S/B (VENTURA FREEWAY),SOUTH RANCHO ROAD,900.00,S,N,A,-,Y,VEN,,101, , ,2.859,H,,L,N,2,0,1,2,A,-,11,21954,A,N,G,B,E,A,H,-,A,D,0,Y,,,Y,Y,,N,60,1,0,0,0,1,0,0,0,0,- ,- ,34.175678253173828,-118.85543060302734,VENTURA,THOUSAND OAKS,-118.85542297363281,34.175724029541016
92157138,2023,2023-08-29,9770,2023-08-27,855 ,017627,,7,1,9,5600,0,1,3,,1,054,SR-34 (SOMIS ROAD),SR-118 (LOS ANGELES AVENUE),960.00,S,N,A,-,Y,VEN,,34, , ,17.478,H,,R,Y,2,0,1,2,A,-,01,23152,A,N,C,G,A,A,H,-,A,D,0,,Y,,,Y,Y,A,01,1,0,0,0,0,0,1,0,0,- ,- ,34.261070251464844,-118.99462890625,VENTURA,UNINCORPORATED,-118.99468231201172,34.261074066162109
9216750,2020,2021-02-04,5608,2020-12-19,1646,469,,6,5,6,5608,0,0,0,,0,002,LOMA VISTA RD,HILLMONT AV,235.00,E,N,A,-,N,,,,,,,,,,N,4,0,1,2,A,-,09,21801,A,N,D,G,A,A,H,-,B,D,0,,Y,,,Y,,A,01,0,0,1,0,0,0,1,0,0,- ,- ,,,VENTURA,VENTURA,-119.25293731689453,34.276069641113281
9216861,2021,2021-03-10,5608,2021-01-16,1921,429,,6,5,6,5608,0,0,0,,0,001,STANLEY AV,OLIVE ST,727.00,W,N,A,-,N,,,,,,,,,,N,4,0,1,2,A,-,03,22350,,N,H,G,A,A,F,H,C,A,0,,Y,,,Y,,-,,0,0,1,0,0,0,1,0,0,- ,- ,,,VENTURA,VENTURA,-119.30050659179688,34.300594329833984
9216868,2021,2021-03-10,5608,2021-01-10,1735,496,,7,5,6,5608,0,0,0,,0,004,RALSTON ST,CYPRESS POINT LN,0.00,,Y,A,-,N,,,,,,,,,,N,3,0,1,2,A,-,05,21460,C,N,A,B,B,A,H,-,B,A,0,Y,,,,Y,,A,01,0,1,0,0,1,0,0,0,0,- ,- ,,,VENTURA,VENTURA,-119.21485900878906,34.260353088378906
9217773,2021,2021-03-10,5600,2021-01-27,1300,5150,8113,3,5,5,5601,0,0,0,,0,8B01,DAILY DR,MOBIL AV,12.00,N,N,B,-,N,,,,,,,,,,,3,0,1,2,A,-,11,21950,B,N,G,B,D,A,H,-,A,A,0,Y,,,,Y,,N,60,0,1,0,0,1,0,0,0,0,- ,- ,34.217620849609375,-119.04297637939453,VENTURA,CAMARILLO,,
9218345,2021,2021-03-17,5608,2021-01-11,1343,422,VENUT,1,5,6,5608,0,0,0,,0,001,N HILLIARD AV,FORBES LN,75.00,S,N,A,-,N,,,,,,,,,,N,3,0,1,2,A,-,03,22350,,F,D,G,A,A,H,-,A,D,0,,Y,,,Y,,-,99,0,1,0,0,0,0,1,0,0,- ,- ,,,VENTURA,VENTURA,,
9218620,2020,2021-02-09,5608,2020-12-12,1849,463,,6,5,6,5608,0,0,0,,0,003,TELEGRAPH RD,MILLS RD,201.00,W,N,A,-,N,,,,,,,,,,Y,3,0,2,2,A,-,11,21955,,N,G,B,D,A,H,-,C,D,0,Y,,,,Y,,N,60,0,2,0,0,1,0,0,0,0,- ,- ,,,VENTURA,VENTURA,-119.24847412109375,34.272983551025391
9219005,2020,2021-02-16,5608,2020-12-31,1155,397,VENTU,4,5,6,5608,0,0,0,,0,001,SANTA CLARA ST,ASH ST,0.00,,Y,A,-,N,,,,,,,,,,N,4,0,1,2,A,-,05,21650,1,F,-,G,A,A,H,-,A,D,0,,Y,,,Y,,L,04,0,0,1,0,0,0,1,0,0,- ,- ,,,VENTURA,VENTURA,-119.28849792480469,34.279541015625
9220649,2020,2021-02-17,5604,2020-12-30,1755,5181,,3,5,6,5604,0,0,0,,0,011,N C ST,IVYWOOD DR,5.00,S,N,A,-,N,,,,,,,,,,N,2,0,1,2,A,-,11,21954,A,N,B,B,D,A,H,-,C,A,0,Y,,,,Y,,N,60,1,0,0,0,1,0,0,0,0,- ,- ,34.215728759765625,-119.18087768554688,VENTURA,OXNARD,-119.18087005615234,34.215747833251953
9224656,2021,2021-03-10,5604,2021-01-16,1237,5583,,6,5,6,5604,0,0,0,,0,041,S E ST,W YUCCA ST W,0.00,,Y,A,-,N,,,,,,,,,,N,3,0,1,2,A,-,11,21954,A,N,G,B,D,A,H,-,A,D,0,Y,,,,Y,,N,60,0,1,0,0,1,0,0,0,0,- ,- ,34.166118621826172,-119.18347930908203,VENTURA,OXNARD,-119.18325042724609,34.165988922119141
9226234,2021,2021-03-05,5600,2021-01-21,1457,2994,5126,4,5,4,5690,0,0,0,,0,2A01,MOUNTAIN TRAIL ST,CEDAR SPRINGS ST,8.00,W,N,A,-,N,,,,,,,,,,N,3,0,1,2,A,-,12,22450,A,N,G,B,B,A,H,-,A,A,0,Y,,,,Y,,A,01,0,1,0,0,1,0,0,0,0,- ,- ,34.269130706787109,-118.89244079589844,VENTURA,MOORPARK,-118.89834594726562,34.266853332519531
9227930,2021,2021-04-20,5600,2021-03-09,1431,5481,9130,2,5,6,5607,0,0,0,,0,8C01,NEWBURY RD,GIANT OAK AV,205.00,W,N,A,-,N,,,,,,,,,,,3,0,1,2,A,-,09,21804,A,N,D,G,A,A,H,-,A,A,0,,Y,,,Y,,A,01,0,1,0,0,0,0,1,0,0,- ,- ,,,VENTURA,THOUSAND OAKS,-118.91707611083984,34.183944702148438
92317763,2024,2024-02-20,9765,2024-01-27,50  ,023498,,6,3,6,5608,0,1,2,,2,301,US-101 S/B (VENTURA FREEWAY),E. MAIN STREET,448.00,S,N,A,-,Y,VEN,,101, , ,26.388,H,,L,N,2,0,1,2,A,-,11,21954,A,F,G,B,E,A,H,-,C,D,0,Y,,,,Y,,N,60,1,0,0,0,1,0,0,0,0,- ,- ,34.264801025390625,-119.23741149902344,VENTURA,VENTURA,-119.23740386962891,34.264823913574219
92327480,2024,2024-03-01,9765,2024-02-25,1126,018156,,7,1,9,5600,0,1,3,,1,021,SR-33 N/B,MATILIJA CANYON ROAD,2112.00,N,N,A,-,Y,VEN,,33, , ,16.627,H,,R,N,3,0,2,2,A,-,03,22350,,N,G,B,E,A,H,-,A,D,0,Y,,Y,,Y,,C,02,0,2,0,0,1,0,0,0,1,- ,- ,34.497638702392578,-119.30110168457031,VENTURA,UNINCORPORATED,-119.30118560791016,34.497608184814453
9233016,2021,2021-03-08,5600,2021-01-21,2107,4609,,4,5,4,5690,0,0,0,,0,,ESTHER AV,MILLARD ST,18.00,E,N,A,-,,,,,,,,,,,,3,0,1,2,A,-,10,21950,A,N,G,B,D,A,H,-,C,D,0,Y,,,,Y,,A,01,0,1,0,0,1,0,0,0,0,- ,- ,34.280101776123047,-118.87886810302734,VENTURA,MOORPARK,-118.87876129150391,34.280120849609375
9233204,2021,2021-03-23,5608,2021-02-11,1140,495,,4,5,6,5608,0,0,0,,0,001,KELLOGG ST,CAMERON ST,82.00,E,N,A,-,N,,,,,,,,,,N,3,0,1,2,A,-,09,21804,A,N,D,G,A,A,H,-,A,D,0,,Y,,,Y,,L,04,0,1,0,0,0,0,1,0,0,- ,- ,,,VENTURA,VENTURA,-119.29562377929688,34.290157318115234
9233358,2020,2021-03-06,5608,2020-12-29,2115,365,126,2,5,6,5608,0,0,0,,0,004,NORTH BANK DR,MONTGOMERY AV,0.00,,Y,A,-,N,,,,,,,,,,Y,2,0,1,2,A,-,11,21453,D,N,G,B,-,A,H,-,C,A,0,Y,,,,Y,Y,N,60,1,0,0,0,1,0,0,0,0,- ,- ,,,VENTURA,VENTURA,-119.17709350585938,34.262039184570312