CASE_ID,ACCIDENT_YEAR,PROC_DATE,JURIS,COLLISION_DATE,COLLISION_TIME,OFFICER_ID,REPORTING_DISTRICT,DAY_OF_WEEK,CHP_SHIFT,POPULATION,CNTY_CITY_LOC,SPECIAL_COND,BEAT_TYPE,CHP_BEAT_TYPE,CITY_DIVISION_LAPD,CHP_BEAT_CLASS,BEAT_NUMBER,PRIMARY_RD,SECONDARY_RD,DISTANCE,DIRECTION,INTERSECTION,WEATHER_1,WEATHER_2,STATE_HWY_IND,CALTRANS_COUNTY,CALTRANS_DISTRICT,STATE_ROUTE,ROUTE_SUFFIX,POSTMILE_PREFIX,POSTMILE,LOCATION_TYPE,RAMP_INTERSECTION,SIDE_OF_HWY,TOW_AWAY,COLLISION_SEVERITY,NUMBER_KILLED,NUMBER_INJURED,PARTY_COUNT,PRIMARY_COLL_FACTOR,PCF_CODE_OF_VIOL,PCF_VIOL_CATEGORY,PCF_VIOLATION,PCF_VIOL_SUBSECTION,HIT_AND_RUN,TYPE_OF_COLLISION,MVIW,PED_ACTION,ROAD_SURFACE,ROAD_COND_1,ROAD_COND_2,LIGHTING,CONTROL_DEVICE,CHP_ROAD_TYPE,PEDESTRIAN_ACCIDENT,BICYCLE_ACCIDENT,MOTORCYCLE_ACCIDENT,TRUCK_ACCIDENT,NOT_PRIVATE_PROPERTY,ALCOHOL_INVOLVED,STWD_VEHTYPE_AT_FAULT,CHP_VEHTYPE_AT_FAULT,COUNT_SEVERE_INJ,COUNT_VISIBLE_INJ,COUNT_COMPLAINT_PAIN,COUNT_PED_KILLED,COUNT_PED_INJURED,COUNT_BICYCLIST_KILLED,COUNT_BICYCLIST_INJURED,COUNT_MC_KILLED,COUNT_MC_INJURED,PRIMARY_RAMP,SECONDARY_RAMP,LATITUDE,LONGITUDE,COUNTY,CITY,POINT_X,POINT_Y
9233710,2021,2021-04-08,5600,2021-02-16,1118,4221,9146,2,5,6,5607,0,0,0,,0,9D01,KANAN RD,FALLING STAR AV,0.00,,Y,A,-,N,,,,,,,,,,N,3,0,1,2,A,-,09,21802,A,N,D,G,A,A,H,-,A,D,0,,Y,,,Y,,A,01,0,1,0,0,0,0,1,0,0,- ,- ,34.185920715332031,-118.78807067871094,VENTURA,THOUSAND OAKS,-118.78807067871094,34.185878753662109
92343971,2024,2024-03-21,9770,2024-03-12,1420,019057,,2,2,9,5600,0,2,4,,1,062,POTRERO RD,STAFFORD RD,0.00,,Y,A,-,N,,,,,,,,,,N,4,0,1,2,A,-,09,21801,A,N,D,G,A,A,H,-,A,D,0,,Y,,,Y,,-,- ,0,0,1,0,0,0,1,0,0,- ,- ,34.140941619873047,-118.87793731689453,VENTURA,UNINCORPORATED,-118.8779296875,34.141033172607422
9234655,2021,2021-03-25,5604,2021-02-05,0845,5563,,5,5,6,5604,0,0,0,,0,012,E GONZALES RD,LOMBARD ST,0.00,,Y,A,-,N,,,,,,,,,,N,4,0,1,2,A,-,05,21650,1,N,D,G,A,A,H,-,A,A,0,,Y,,,Y,,L,04,0,0,1,0,0,0,1,0,0,- ,- ,34.219459533691406,-119.14994812011719,VENTURA,OXNARD,-119.1492919921875,34.218757629394531
92379798,2024,2024-05-01,9765,2024-04-27,2135,022453,,6,2,6,5604,0,3,5,,2,005,JOURDAN STREET,STROUBE STREET,30.00,N,N,A,-,N,,,,,,,,,,N,3,0,1,2,A,-,03,22350,,F,G,B,E,A,H,-,C,D,0,Y,,,,Y,,-,99,0,1,0,0,1,0,0,0,0,- ,- ,34.236961364746094,-119.16867828369141,VENTURA,OXNARD,-119.16868591308594,34.236869812011719
92381596,2024,2024-05-03,9770,2024-04-23,1544,022823,,2,2,9,5600,0,3,5,,2,004,CENTER ST,ORCHARD STREET,68.00,E,N,A,-,Y,,,,,,,,,,N,3,0,1,2,A,-,12,22454,A,N,G,B,G,A,H,-,A,A,0,Y,,,,Y,,D,22,0,1,0,0,1,0,0,0,0,- ,- ,34.415409088134766,-118.79135894775391,VENTURA,UNINCORPORATED,-118.79144287109375,34.415378570556641
9241071,2021,2021-03-27,5604,2021-02-22,1600,4942,3,1,5,6,5604,0,0,0,,0,031,N GARFIELD ALY,COLONIA RD,300.00,S,N,A,-,N,,,,,,,,,,N,3,0,1,2,A,-,03,22350,,N,B,B,D,A,A,H,A,D,0,Y,,,,Y,Y,A,01,0,1,0,0,1,0,0,0,0,- ,- ,,,VENTURA,OXNARD,-119.17375183105469,34.205608367919922
92444533,2024,2024-07-22,9765,2024-06-09,1613,023498,,7,2,9,5600,0,1,3,,1,062,SR-1 (PACIFIC COAST HIGHWAY),YERBA BUENA RD,976.00,S,N,A,-,Y,VEN,,1, , ,0.964,H,,R,Y,3,0,2,2,A,-,08,22107,,N,B,B,A,A,H,-,A,D,0,,,,,Y,,-,- ,0,2,0,0,0,0,0,0,0,- ,- ,34.052158355712891,-118.96005249023438,VENTURA,UNINCORPORATED,-118.96007537841797,34.052108764648438
9250031,2021,2021-04-27,5600,2021-03-23,0602,3924,5186,2,5,4,5690,0,0,0,,0,2A01,POINDEXTER AV,CORNETT AV,618.00,W,N,A,-,N,,,,,,,,,,Y,3,0,1,2,A,-,01,23152,F,F,A,G,A,A,H,-,D,D,0,,Y,,,Y,,A,01,0,1,0,0,0,0,1,0,0,- ,- ,34.284168243408203,-118.88410949707031,VENTURA,MOORPARK,-118.88599395751953,34.284553527832031
9250038,2021,2021-04-24,5608,2021-03-24,2108,480,VENTU,3,5,6,5608,0,0,0,,0,004,SOUTH VICTORIA AV,S VICTORIA AV 1401,0.00,,Y,A,-,N,,,,,,,,,,N,4,0,1,2,A,-,11,21954,A,N,G,B,E,-,H,-,A,D,0,Y,,,,Y,,N,60,0,0,1,0,1,0,0,0,0,- ,- ,,,VENTURA,VENTURA,-119.21463012695312,34.278011322021484
9252864,2021,2021-04-28,5604,2021-03-06,1900,5592,,6,5,6,5604,0,0,0,,0,023,WEST 5TH ST,OXNARD BL,5.00,E,N,A,-,N,,,,,,,,,,N,4,0,1,2,A,-,12,21453,A,F,G,G,A,A,H,-,A,A,0,,Y,,,Y,,A,01,0,0,1,0,0,0,1,0,0,- ,- ,34.197681427001953,-119.17738342285156,VENTURA,OXNARD,,
9252870,2021,2021-04-28,5604,2021-03-05,1850,5539,,5,5,6,5604,0,0,0,,0,014,COLONIA AV,VINEYARD AV,300.00,N,N,A,-,N,,,,,,,,,,N,4,0,1,2,A,-,10,21950,A,N,G,B,B,A,H,-,C,D,0,Y,,,,Y,,A,01,0,0,1,0,1,0,0,0,0,- ,- ,34.234031677246094,-119.17218017578125,VENTURA,OXNARD,,
9254139,2021,2021-06-02,5608,2021-04-14,1130,512,,3,5,6,5608,0,0,0,,0,003,SOUTH WELLS RD,RT 126,6.00,E,N,A,-,Y,VEN,7,118,-,-,0.587,I,5,E,N,3,0,1,2,A,-,05,21650,1,N,A,G,A,A,H,-,A,A,0,,Y,,,Y,,L,04,0,1,0,0,0,0,1,0,0,- ,EF,,,VENTURA,VENTURA,-119.15560150146484,34.288825988769531
9255653,2021,2021-05-19,5604,2021-04-20,2130,5451,,2,5,6,5604,0,0,0,,0,024,W WOOLEY RD,C ST,50.00,E,N,A,-,N,,,,,,,,,,N,4,0,2,3,A,-,12,21453,A,F,A,G,A,A,H,-,C,A,0,,Y,,,Y,Y,A,01,0,0,2,0,0,0,2,0,0,- ,- ,34.189929962158203,-119.18115234375,VENTURA,OXNARD,-119.18102264404297,34.189960479736328
9255662,2021,2021-05-17,5604,2021-04-20,1830,5135,,2,5,6,5604,0,0,0,,0,023,W 34E ST,A ST,0.00,,Y,A,-,N,,,,,,,,,,N,3,0,1,2,A,-,10,21950,A,N,G,B,B,A,H,-,A,A,0,Y,,,,Y,,A,01,0,1,0,0,1,0,0,0,0,- ,- ,34.200321197509766,-119.17855072021484,VENTURA,OXNARD,-117.89778900146484,34.006084442138672
9256441,2020,2022-06-11,5604,2020-11-15,1948,5532,23,7,5,6,5604,0,0,0,,0,023,S C ST,5TH ST,111.00,N,N,A,-,N,,,,,,,,,,Y,1,1,0,2,A,-,11,21954,A,N,G,B,D,A,H,-,C,D,0,Y,,,,Y,Y,N,60,0,0,0,1,0,0,0,0,0,- ,- ,,,VENTURA,OXNARD,-119.18109893798828,34.198432922363281
9256651,2021,2021-06-07,5604,2021-04-30,1640,5475,,5,5,6,5604,0,0,0,,0,024,W CHANNEL ISLANDS BL,C ST,150.00,E,N,A,-,N,,,,,,,,,,N,4,0,1,2,A,-,05,21650,,F,D,G,A,A,H,-,A,A,0,,Y,,,Y,Y,L,04,0,0,1,0,0,0,1,0,0,- ,- ,34.175968170166016,-119.18125152587891,VENTURA,OXNARD,-119.18063354492188,34.173698425292969
9258596,2021,2021-05-12,5600,2021-04-12,1448,5249,1000,1,5,2,5603,0,0,0,,0,1A01,CANADA ST,EL PASEO RD,0.00,,Y,A,-,N,,,,,,,,,,N,3,0,1,2,A,-,11,21950,B,N,G,B,B,A,H,-,A,A,0,Y,,,,Y,,N,60,0,1,0,0,1,0,0,0,0,- ,- ,34.475120544433594,-119.24941253662109,VENTURA,OJAI,-119.24936676025391,34.447528839111328
9261822,2021,2021-05-05,5604,2021-04-01,1115,5555,,4,5,6,5604,0,0,0,,0,022,WEST 5TH ST,S  F ST,0.00,,Y,A,-,N,,,,,,,,,,N,3,0,1,2,A,-,05,21650,1,N,D,G,A,A,H,-,A,A,0,,Y,,,Y,,L,04,0,1,0,0,0,0,1,0,0,- ,- ,,,VENTURA,OXNARD,-119.18514251708984,34.197731018066406
9264049,2021,2021-05-26,5600,2021-03-29,1200,3924,5146,1,5,4,5690,0,0,0,,0,2A01,LOS ANGELES AV,SPRING RD,558.00,E,N,A,-,N,,,,,,,,,,N,3,0,1,2,D,-,00,,,N,G,B,E,A,H,-,A,D,0,Y,,,,Y,,-,- ,0,1,0,0,1,0,0,0,0,- ,- ,34.2789306640625,-118.87474060058594,VENTURA,MOORPARK,-118.87284088134766,34.278926849365234
9265329,2020,2021-05-25,5605,2020-06-01,1419,66,PATRO,1,5,3,5605,0,0,0,,0,001,CHANNEL ISLANDS BL,PATTERSON RD S,150.00,W,N,A,-,N,,,,,,,,,,N,4,0,1,2,A,-,05,21650,,N,D,G,A,A,H,-,A,A,0,,Y,,,Y,,L,04,0,0,1,0,0,0,1,0,0,- ,- ,34.175849914550781,-119.20835876464844,VENTURA,PORT HUENEME,-119.20891571044922,34.175983428955078
9265346,2020,2021-05-25,5605,2020-09-06,1721,100,PATRO,7,5,3,5605,0,0,0,,0,004,SURFSIDE DR,VENTURA RD,375.00,W,N,A,-,N,,,,,,,,,,N,3,0,1,2,A,-,10,21950,A,N,G,B,-,A,H,-,A,D,0,Y,,,,Y,,A,01,0,1,0,0,1,0,0,0,0,- ,- ,34.147529602050781,-119.19043731689453,VENTURA,PORT HUENEME,-119.19673919677734,34.143795013427734
9270782,2021,2021-06-15,5604,2021-05-01,1149,5306,,6,5,6,5604,0,0,0,,0,042,PLEASANT VALLEY RD,ROSE AV,0.00,,Y,A,-,N,,,,,,,,,,N,3,0,1,2,A,-,12,21453,A,F,A,G,A,A,H,-,A,A,0,,Y,,,Y,,A,01,0,1,0,0,0,0,1,0,0,- ,- ,34.157928466796875,-119.15944671630859,VENTURA,OXNARD,-119.15953063964844,34.157852172851562
9271554,2021,2021-06-17,5604,2021-05-14,2210,5615,,5,5,6,5604,0,0,0,,0,023,S OXNARD BL,W WOOLEY RD,0.00,,Y,A,-,N,,,,,,,,,,N,3,0,1,2,A,-,08,22107,,N,D,G,A,A,H,-,C,A,0,,Y,,,Y,,A,08,0,1,0,0,0,0,1,0,0,- ,- ,,,VENTURA,OXNARD,-119.17754364013672,34.1900634765625
9274222,2021,2021-06-28,5604,2021-05-27,1345,5401,,4,5,6,5604,0,0,0,,0,012,N ROSE AV,GONZALES RD,500.00,S,N,A,-,N,,,,,,,,,,N,4,0,1,2,A,-,05,21650,1,N,D,G,A,-,H,-,A,D,0,,Y,,,Y,,L,04,0,0,1,0,0,0,1,0,0,- ,- ,34.216350555419922,-119.15589904785156,VENTURA,OXNARD,-119.15842437744141,34.217617034912109
9274891,2021,2021-07-09,5605,2021-06-12,0703,220,PATRO,6,5,3,5605,0,0,0,,0,003,VENTURA RD,PORT HUENEME RD,10.00,N,N,A,-,N,,,,,,,,,,,4,0,1,2,A,-,10,21950,A,N,G,B,B,A,H,-,A,A,0,Y,,,,Y,,A,01,0,0,1,0,1,0,0,0,0,- ,- ,34.147800445556641,-119.19547271728516,VENTURA,PORT HUENEME,,
9277032,2021,2021-06-08,5604,2021-04-29,1943,5508,,4,5,6,5604,0,0,0,,0,014,GINGER ST,H ST,0.00,,Y,-,-,N,,,,,,,,,,N,4,0,1,2,A,-,10,21950,A,F,G,B,B,-,-,-,A,D,0,Y,,,,Y,,A,01,0,0,1,0,1,0,0,0,0,- ,- ,34.22003173828125,-119.18489074707031,VENTURA,OXNARD,,
9279386,2021,2021-06-21,5608,2021-05-12,0935,507,,3,5,6,5608,0,0,0,,0,003,VICTORIA AV,RT 126,2.00,N,N,B,-,Y,VEN,7,126,-,-,1.564,R,1,W,N,3,0,1,2,A,-,05,21650,,N,G,G,A,A,H,-,A,D,0,,Y,,,Y,,L,04,0,1,0,0,0,0,1,0,0,- ,- ,,,VENTURA,VENTURA,-119.21165466308594,34.271690368652344
9280100,2021,2021-06-18,5608,2021-05-24,0050,496,,1,5,6,5608,0,0,0,,0,004,TELEPHONE RD,MAIN ST,0.00,,Y,A,-,Y,VEN,7,101,-,-,25.860,R,4,S,N,3,0,1,2,A,-,00,21456,1,N,B,B,B,A,H,-,C,A,0,Y,,,,Y,,N,60,0,1,0,0,1,0,0,0,0,- ,- ,,,VENTURA,VENTURA,-119.22946166992188,34.261486053466797
9283721,2021,2021-07-29,5600,2021-06-23,1430,4973,8201,3,5,5,5601,0,0,0,,0,8D01,DEL CIERVO PL,SANTO DOMINGO,120.00,W,N,A,-,N,,,,,,,,,,N,3,0,1,2,A,-,17,22517,,N,H,G,A,A,H,-,A,D,0,,Y,,,Y,,-,,0,1,0,0,0,0,1,0,0,- ,- ,34.234878540039062,-119.01438903808594,VENTURA,CAMARILLO,-119.01169586181641,34.237030029296875
9284316,2021,2021-07-28,5604,2021-05-23,1217,5252,,7,5,6,5604,0,0,0,,0,032,STATHAM BL,OXNARD BL,0.00,,Y,A,-,N,,,,,,,,,,N,4,0,1,2,A,-,10,21950,A,N,G,B,B,A,H,-,A,A,0,Y,,,,Y,,D,22,0,0,1,0,1,0,0,0,0,- ,- ,34.179878234863281,-119.16523742675781,VENTURA,OXNARD,-119.16529083251953,34.179874420166016
9284481,2021,2021-09-01,5604,2021-06-10,1900,4914,,4,5,6,5604,0,0,0,,0,012,WILLIAMS DR,GONZALES RD,0.00,,Y,A,-,N,,,,,,,,,,N,4,0,1,2,A,-,08,22107,,N,G,B,B,A,H,-,A,A,0,Y,,,,Y,,A,01,0,0,1,0,1,0,0,0,0,- ,- ,34.218860626220703,-119.1539306640625,VENTURA,OXNARD,-119.15392303466797,34.218936920166016
9284613,2021,2021-09-14,5608,2021-07-01,2220,520,,4,5,6,5608,0,0,0,,0,002,S CATALINA ST,S CATILINA ST 294,0.00,,N,A,-,N,,,,,,,,,,N,2,0,1,3,A,-,08,22107,,F,B,B,E,A,H,-,C,D,0,Y,,,Y,Y,,F,21,1,0,0,0,1,0,0,0,0,- ,- ,,,VENTURA,VENTURA,-119.26911926269531,34.277767181396484
9288816,2021,2021-08-31,5600,2021-06-23,1500,4045,9124,3,5,6,5607,0,0,0,,0,9C01,CAMINO DOS RIOS,WENDY DR,17.00,E,N,A,-,N,,,,,,,,,,,3,0,1,2,A,-,09,21804,A,F,D,G,A,A,H,-,A,A,0,,Y,,,Y,,A,07,0,1,0,0,0,0,1,0,0,- ,- ,34.189990997314453,-118.93927001953125,VENTURA,THOUSAND OAKS,-118.93799591064453,34.190780639648438
9313687,2021,2021-09-10,5604,2021-07-22,2147,5508,,4,5,6,5604,0,0,0,,0,024,G ST,HILL ST,7.00,S,N,A,-,N,,,,,,,,,,N,4,0,1,2,A,-,11,21954,A,N,G,B,D,A,H,-,C,D,0,Y,,,,Y,,N,60,0,0,1,0,1,0,0,0,0,- ,- ,34.186691284179688,-119.18624114990234,VENTURA,OXNARD,-119.18624114990234,34.186660766601562
9313693,2021,2021-09-10,5604,2021-07-20,1901,5451,,2,5,6,5604,0,0,0,,0,032,E CHANNEL ISLANDS BL,EL DORADO AV,528.00,W,N,A,-,N,,,,,,,,,,N,4,0,1,2,B,-,22,,,N,A,B,D,A,H,-,A,D,0,Y,,,,Y,,A,08,0,0,1,0,1,0,0,0,0,- ,- ,34.173191070556641,-119.14900207519531,VENTURA,OXNARD,-119.1507568359375,34.173240661621094
9336653,2021,2021-10-09,5604,2021-08-26,2311,4759,,4,5,6,5604,0,0,0,,0,011,W GONZALES RD,N VICTORIA AV,0.00,,Y,A,-,N,,,,,,,,,,N,4,0,1,2,A,-,12,21453,A,N,D,G,A,A,H,-,C,A,0,,Y,,,Y,,L,04,0,0,1,0,0,0,1,0,0,- ,- ,34.219440460205078,-119.22113800048828,VENTURA,OXNARD,-119.22129821777344,34.219448089599609
9342220,2020,2021-10-25,5606,2020-11-30,1559,1127,5606,1,5,4,5606,0,0,0,,0,002,11TH S ST,VENTURA E ST,13.00,S,N,A,F,N,,,,,,,,,,N,3,0,1,2,A,-,10,21950,A,N,G,B,B,A,H,-,B,D,0,Y,,,,Y,,D,22,0,1,0,0,1,0,0,0,0,- ,- ,,,VENTURA,SANTA PAULA,-119.057384,34.352772000000002
9347133,2021,2021-11-16,5608,2021-10-08,1152,508,,5,5,6,5608,0,0,0,,0,001,NORTH VENTURA AV,FIX WY,188.00,N,N,A,-,N,,,,,,,,,,Y,4,0,2,5,A,-,08,22107,,N,-,B,E,A,H,-,A,D,0,Y,,,,Y,,A,01,0,0,2,0,2,0,0,0,0,- ,- ,,,VENTURA,VENTURA,-119.30010223388672,34.283760070800781
9354356,2021,2021-12-13,5608,2021-10-24,1841,523,,7,5,6,5608,0,0,0,,0,002,THOMPSON BL,HARTMAN DR,61.00,E,N,A,-,N,,,,,,,,,,N,2,0,1,2,A,-,11,21954,A,N,A,B,D,A,H,-,C,A,0,Y,,,,Y,,N,60,1,0,0,0,1,0,0,0,0,- ,- ,,,VENTURA,VENTURA,-119.26108551025391,34.272533416748047
9359077,2021,2021-11-19,5604,2021-09-22,0803,4950,,3,5,6,5604,0,0,0,,0,032,GISLER AV,OLIVE ST,100.00,N,N,B,-,N,,,,,,,,,,N,4,0,1,2,A,-,11,21954,A,N,G,B,D,A,H,-,A,A,0,Y,,,,Y,,N,60,0,0,1,0,1,0,0,0,0,- ,- ,34.176090240478516,-119.17250823974609,VENTURA,OXNARD,-119.17224884033203,34.175273895263672
9359531,2021,2021-11-16,5604,2021-09-15,1530,5018,,3,5,6,5604,0,0,0,,0,014,RT 232,RIVERPARK BL,0.00,,Y,A,-,Y,VEN,7,232,-,-,0.583,I,5,S,N,3,0,1,2,A,-,05,21650,1,N,D,G,A,A,H,-,A,A,0,,Y,,,Y,,L,04,0,1,0,0,0,0,1,0,0,- ,- ,34.234031677246094,-119.17218017578125,VENTURA,OXNARD,-119.1719970703125,34.233554840087891
9362582,2021,2023-06-17,5604,2021-08-27,0355,4577,,5,5,6,5604,0,0,0,,0,021,VENTURA RD,BAY BL,0.00,,Y,A,-,N,,,,,,,,,,Y,1,1,0,2,A,-,12,21453,,F,G,B,B,A,H,-,C,A,0,Y,,,,Y,Y,A,01,0,0,0,1,0,0,0,0,0,- ,- ,,,VENTURA,OXNARD,-119.19509124755859,34.178230285644531
9368610,2021,2021-12-07,5608,2021-10-10,1548,503,,7,5,6,5608,0,0,0,,0,002,S SEAWARD AV,OCEAN,25.00,S,N,A,-,N,,,,,,,,,,N,3,0,1,2,A,-,08,22107,,N,G,G,A,A,H,-,A,A,0,,Y,,,Y,,-,,0,1,0,0,0,0,1,0,0,- ,- ,,,VENTURA,VENTURA,-119.26702117919922,34.271472930908203
9368619,2021,2021-12-07,5604,2021-10-15,1858,5630,,5,5,6,5604,0,0,0,,0,022,N A ST,PALM DR,0.00,,Y,A,-,N,,,,,,,,,,N,4,0,1,2,A,-,12,22450,A,N,G,G,A,A,H,-,C,D,0,,Y,,,Y,Y,-,,0,0,1,0,0,0,1,0,0,- ,- ,34.204620361328125,-119.17849731445312,VENTURA,OXNARD,-119.17850494384766,34.205039978027344
9370531,2021,2021-12-27,5608,2021-11-28,1540,521,,7,5,6,5608,0,0,0,,0,003,HENDERSON RD,JASPER AV,10.00,E,N,A,-,N,,,,,,,,,,N,3,0,1,2,A,-,09,21801,A,N,D,G,A,A,H,-,A,D,0,,Y,,,Y,,A,07,0,1,0,0,0,0,1,0,0,- ,- ,,,VENTURA,VENTURA,-119.17081451416016,34.280685424804688
9370678,2021,2021-12-28,5604,2021-11-12,1749,5459,,5,5,6,5604,0,0,0,,0,042,E PLEASANT VALLEY RD,CLOYNE ST,0.00,,Y,A,-,N,,,,,,,,,,Y,2,0,3,5,A,-,01,23153,A,N,G,B,B,A,H,-,D,A,0,Y,,,,Y,Y,A,01,2,0,1,0,2,0,0,0,0,- ,- ,34.154670715332031,-119.17298126220703,VENTURA,OXNARD,-119.17300415039062,34.154720306396484
9372754,2021,2021-12-21,5604,2021-11-14,0340,5630,,7,5,6,5604,0,0,0,,0,042,WEST HUENEME RD,SAVIERS RD,700.00,W,N,A,-,N,,,,,,,,,,Y,2,0,1,2,A,-,11,21955,,N,G,B,D,A,H,-,C,D,0,Y,,,,Y,,N,60,1,0,0,0,1,0,0,0,0,- ,- ,34.147430419921875,-119.17783355712891,VENTURA,OXNARD,-119.18022918701172,34.147518157958984
9373052,2021,2021-12-09,5604,2021-10-09,2030,5591,,6,5,6,5604,0,0,0,,0,031,COOPER RD,GRANT AV,5.00,E,N,A,-,N,,,,,,,,,,N,3,0,2,3,A,-,10,21950,A,N,G,B,B,A,H,-,E,A,0,Y,,,,Y,,A,01,0,1,1,0,2,0,0,0,0,- ,- ,34.204540252685547,-119.17436981201172,VENTURA,OXNARD,-119.17435455322266,34.204540252685547
9373057,2021,2021-12-09,5604,2021-10-09,1024,5540,,6,5,6,5604,0,0,0,,0,012,SAINT MARYS DR,VINEYARD AV,0.00,,Y,A,-,N,,,,,,,,,,N,4,0,1,2,A,-,09,21802,A,N,G,G,A,A,H,-,A,A,0,,Y,,,Y,,A,01,0,0,1,0,0,0,0,0,0,- ,- ,34.227500915527344,-119.17646789550781,VENTURA,OXNARD,-119.17654418945312,34.227565765380859
9374667,2021,2021-12-14,5608,2021-11-16,2315,483,VENTU,2,5,6,5608,0,0,0,,0,001,MAIN ST,HEMLOCK ST,0.00,,Y,A,-,N,,,,,,,,,,N,3,0,1,2,A,-,10,21950,A,F,G,B,D,A,H,-,C,D,0,Y,,,,Y,Y,-,,0,1,0,0,1,0,0,0,0,- ,- ,,,VENTURA,VENTURA,-119.28243255615234,34.280857086181641
9377826,2021,2022-01-10,5604,2021-11-12,0538,5586,,5,5,6,5604,0,0,0,,0,032,E WOOLEY RD,S ROSE AV,0.00,,Y,A,-,N,,,,,,,,,,N,3,0,1,2,A,-,10,21950,A,F,G,B,B,A,H,-,C,A,0,Y,,,,Y,,-,99,0,1,0,0,1,0,0,0,0,- ,- ,34.189838409423828,-119.15985870361328,VENTURA,OXNARD,-119.15996551513672,34.189849853515625
9377862,2021,2022-01-13,5604,2021-12-04,1609,5538,,6,5,6,5604,0,0,0,,0,041,W CHANNEL ISLANDS BL,SAVIERS RD,100.00,W,N,A,-,N,,,,,,,,,,N,2,0,1,2,A,-,05,21650,1,N,G,G,A,A,H,-,A,D,0,,Y,,,Y,,L,04,1,0,0,0,0,0,1,0,0,- ,- ,34.173049926757812,-119.1785888671875,VENTURA,OXNARD,-119.17799377441406,34.173446655273438
9380723,2021,2022-02-01,5600,2021-12-06,1100,4973,8101,1,5,5,5601,0,0,0,,0,8B01,TAMARIX ST,LATHAN AV,58.00,E,N,B,-,N,,,,,,,,,,,3,0,1,2,A,-,09,21804,A,N,G,B,F,B,H,-,A,D,0,Y,,,,Y,,A,07,0,1,0,0,1,0,0,0,0,- ,- ,34.23516845703125,-119.05014038085938,VENTURA,CAMARILLO,-119.04998779296875,34.235202789306641
9381538,2022,2022-01-31,5608,2022-01-18,0818,475,,2,5,6,5608,0,0,0,,0,001,RIVERSIDE ST,W SIMPSON ST,0.00,,Y,A,-,N,,,,,,,,,,N,3,0,1,2,A,-,03,22350,,N,D,B,D,A,H,-,A,A,0,Y,,,,Y,,-,,0,1,0,0,1,0,0,0,0,- ,- ,,,VENTURA,VENTURA,-119.30609130859375,34.290126800537109
9381540,2022,2022-01-31,5608,2022-01-19,1749,513,,3,5,6,5608,0,0,0,,0,003,MILLS RD,DEAN DR,273.00,S,N,A,-,N,,,,,,,,,,N,4,0,1,2,A,-,08,22107,,N,G,B,B,A,H,-,C,-,0,Y,,,,Y,,A,01,0,0,1,0,1,0,0,0,0,- ,- ,,,VENTURA,VENTURA,-119.24642944335938,34.266574859619141
9390318,2020,2022-02-03,5600,2020-12-17,1603,4964,9173,4,5,6,5607,0,0,0,,0,9D01,LAKEVIEW CANYON RD,TOWNSGATE RD,10.00,S,N,A,-,N,,,,,,,,,,,3,0,1,2,A,-,10,21950,A,N,G,B,B,A,H,-,A,A,0,Y,,,,Y,,A,01,0,1,0,0,1,0,0,0,0,- ,- ,34.146820068359375,-118.82302856445312,VENTURA,THOUSAND OAKS,-118.81864929199219,34.150264739990234
9390926,2021,2022-01-24,5604,2021-12-21,0900,5006,,2,5,6,5604,0,0,0,,0,042,JUSTIN WY,BARD RD,0.00,,Y,A,-,N,,,,,,,,,,N,3,0,1,2,A,-,10,21950,A,F,G,G,A,A,H,-,A,D,0,,Y,,,Y,,-,99,0,1,0,0,0,0,1,0,0,- ,- ,34.160320281982422,-119.17240905761719,VENTURA,OXNARD,-119.17313385009766,34.161209106445312
9392203,2022,2022-02-03,5608,2022-01-03,1446,429,,1,5,6,5608,0,0,0,,0,001,SANTA CLARA ST,CHESTNUT ST,0.00,,Y,A,-,N,,,,,,,,,,N,4,0,1,2,A,-,10,21950,A,N,B,B,B,-,H,-,A,A,0,Y,,,,Y,Y,-,,0,0,1,0,1,0,0,0,0,- ,- ,,,VENTURA,VENTURA,-119.29154968261719,34.279541015625
9395544,2022,2022-01-28,5605,2022-01-03,1813,234,PATRO,1,5,3,5605,0,0,0,,0,002,EVERGREEN LN,PLEASANT VALLEY RD,0.00,,Y,A,-,N,,,,,,,,,,,4,0,1,2,A,-,10,21950,A,N,G,B,B,A,H,-,C,D,0,Y,,,,Y,,A,01,0,0,1,0,1,0,0,0,0,- ,- ,34.154850006103516,-119.19358062744141,VENTURA,PORT HUENEME,-119.193603515625,34.154792785644531
94020918,2024,2024-08-12,9765,2024-07-29,1547,023911,,1,2,9,5600,0,3,5,,2,001,SHELL ROAD,NORTH VENTURA AVENUE,140.00,W,N,A,-,N,,,,,,,,,,N,3,0,1,2,A,-,12,22450,A,N,D,G,A,A,H,-,A,A,0,,Y,,Y,Y,,L,04,0,1,0,0,0,0,1,0,0,- ,- ,34.316909790039062,-119.29119110107422,VENTURA,UNINCORPORATED,-119.29113006591797,34.316902160644531