CASE_ID,ACCIDENT_YEAR,PROC_DATE,JURIS,COLLISION_DATE,COLLISION_TIME,OFFICER_ID,REPORTING_DISTRICT,DAY_OF_WEEK,CHP_SHIFT,POPULATION,CNTY_CITY_LOC,SPECIAL_COND,BEAT_TYPE,CHP_BEAT_TYPE,CITY_DIVISION_LAPD,CHP_BEAT_CLASS,BEAT_NUMBER,PRIMARY_RD,SECONDARY_RD,DISTANCE,DIRECTION,INTERSECTION,WEATHER_1,WEATHER_2,STATE_HWY_IND,CALTRANS_COUNTY,CALTRANS_DISTRICT,STATE_ROUTE,ROUTE_SUFFIX,POSTMILE_PREFIX,POSTMILE,LOCATION_TYPE,RAMP_INTERSECTION,SIDE_OF_HWY,TOW_AWAY,COLLISION_SEVERITY,NUMBER_KILLED,NUMBER_INJURED,PARTY_COUNT,PRIMARY_COLL_FACTOR,PCF_CODE_OF_VIOL,PCF_VIOL_CATEGORY,PCF_VIOLATION,PCF_VIOL_SUBSECTION,HIT_AND_RUN,TYPE_OF_COLLISION,MVIW,PED_ACTION,ROAD_SURFACE,ROAD_COND_1,ROAD_COND_2,LIGHTING,CONTROL_DEVICE,CHP_ROAD_TYPE,PEDESTRIAN_ACCIDENT,BICYCLE_ACCIDENT,MOTORCYCLE_ACCIDENT,TRUCK_ACCIDENT,NOT_PRIVATE_PROPERTY,ALCOHOL_INVOLVED,STWD_VEHTYPE_AT_FAULT,CHP_VEHTYPE_AT_FAULT,COUNT_SEVERE_INJ,COUNT_VISIBLE_INJ,COUNT_COMPLAINT_PAIN,COUNT_PED_KILLED,COUNT_PED_INJURED,COUNT_BICYCLIST_KILLED,COUNT_BICYCLIST_INJURED,COUNT_MC_KILLED,COUNT_MC_INJURED,PRIMARY_RAMP,SECONDARY_RAMP,LATITUDE,LONGITUDE,COUNTY,CITY,POINT_X,POINT_Y
9404113,2022,2022-02-08,5604,2022-01-07,0830,5269,,5,5,6,5604,0,0,0,,0,011,W GONZALES RD,SOUTH VICTORIA AV,0.00,,Y,B,-,N,,,,,,,,,,N,4,0,1,2,A,-,10,21950,A,N,G,B,B,A,H,-,A,A,0,Y,,,,Y,,A,07,0,0,1,0,1,0,0,0,0,- ,- ,34.219470977783203,-119.21420288085938,VENTURA,OXNARD,-119.22129821777344,34.219448089599609
9404163,2021,2022-02-10,5604,2021-12-30,1051,5263,4,4,5,6,5604,0,0,0,,0,042,HOOD WY,SAVIERS RD,0.00,,Y,C,-,N,,,,,,,,,,N,3,0,1,2,A,-,09,21804,A,N,A,G,A,B,H,-,A,D,0,,Y,,,Y,,L,04,0,1,0,0,0,0,1,0,0,- ,- ,34.149200439453125,-119.17781066894531,VENTURA,OXNARD,-119.17790985107422,34.149204254150391
9406742,2022,2022-03-10,5608,2022-02-21,1623,525,,1,5,6,5608,0,0,0,,0,004,STORK ST,PELICAN AV,0.00,,Y,A,-,N,,,,,,,,,,N,3,0,2,2,A,-,11,21954,A,N,D,B,E,A,H,-,A,D,0,Y,Y,,,Y,,N,60,0,2,0,0,1,0,1,0,0,- ,- ,,,VENTURA,VENTURA,-119.20288848876953,34.258049011230469
9407211,2021,2022-03-08,5604,2021-11-23,1800,5655,,2,5,6,5604,0,0,0,,0,042,PLEASANT VALLEY RD,PERKINS RD,50.00,E,N,A,-,N,,,,,,,,,,N,2,0,1,2,D,-,00,,,F,G,B,D,-,H,-,D,D,0,Y,,,,Y,,-,- ,1,0,0,0,1,0,0,0,0,- ,- ,34.154739379882812,-119.18382263183594,VENTURA,OXNARD,-119.18369293212891,34.154735565185547
9412818,2022,2022-03-04,5604,2022-01-14,0605,5569,,5,5,6,5604,0,0,0,,0,014,VINEYARD AV,FOREST PARK BL,10.00,W,N,A,-,N,,,,,,,,,,N,2,0,1,2,A,-,11,21954,A,N,G,B,D,A,H,-,C,A,0,Y,,,,Y,,N,60,1,0,0,0,1,0,0,0,0,- ,- ,34.240169525146484,-119.16700744628906,VENTURA,OXNARD,-119.16703033447266,34.240196228027344
9413203,2022,2022-03-09,5604,2022-01-18,1306,4761,2,2,5,6,5604,0,0,0,,0,021,E CHANNEL ISLAND BL,S HARBOR BLVD S,0.00,,Y,A,-,N,,,,,,,,,,N,4,0,1,2,A,-,05,21650,,N,D,G,A,A,H,-,A,A,0,,Y,,Y,Y,,L,04,0,0,1,0,0,0,1,0,0,- ,- ,,,VENTURA,OXNARD,-119.23027038574219,34.176040649414062
9413896,2022,2022-03-09,5604,2022-01-25,2132,5641,,2,5,6,5604,0,0,0,,0,014,CLYDE RIVER PL,PORTICO WY,0.00,,Y,A,-,N,,,,,,,,,,N,4,0,1,2,A,-,12,22450,A,N,A,B,D,A,H,-,C,D,0,Y,,,,Y,,A,01,0,0,1,0,1,0,0,0,0,- ,- ,34.242321014404297,-119.17742156982422,VENTURA,OXNARD,-119.17790222167969,34.242019653320312
9420340,2022,2022-05-16,5608,2022-04-01,1117,518,,5,5,6,5608,0,0,0,,0,002,HARBOR BL,SCHOONER DR,0.00,,Y,B,-,N,,,,,,,,,,N,3,0,1,2,A,-,05,21650,1,N,B,G,A,A,H,-,A,A,0,,Y,,,Y,,L,04,0,1,0,0,0,0,1,0,0,- ,- ,34.248950958251953,-119.25811767578125,VENTURA,VENTURA,-119.25800323486328,34.24908447265625
9430199,2022,2022-04-08,5604,2022-03-10,1630,5532,,4,5,6,5604,0,0,0,,0,024,W CHANNEL ISLANDS BL,SAVIERS RD,500.00,W,N,A,-,N,,,,,,,,,,N,4,0,1,2,-,-,- ,,A,F,G,B,D,A,H,-,-,D,0,Y,,,,Y,,A,01,0,0,1,0,1,0,0,0,0,- ,- ,34.216350555419922,-119.15589904785156,VENTURA,OXNARD,-119.17929840087891,34.173511505126953
9430498,2022,2022-04-07,5608,2022-03-20,1743,544,,7,5,6,5608,0,0,0,,0,001,VENTURA AV,CENTER ST,0.00,,Y,A,-,N,,,,,,,,,,N,3,0,1,2,A,-,10,21950,A,N,G,B,B,A,H,-,A,A,0,Y,,,,Y,,A,01,0,1,0,0,1,0,0,0,0,- ,- ,,,VENTURA,VENTURA,-119.29888916015625,34.287769317626953
9436646,2022,2022-05-06,5604,2022-03-31,0730,5299,,4,5,6,5604,0,0,0,,0,041,PLEASANT VALLEY RD,BUTLER RD,300.00,W,N,B,-,N,,,,,,,,,,N,3,0,1,2,A,-,09,21804,A,F,G,B,D,A,-,-,A,D,0,Y,,,,Y,Y,A,01,0,1,0,0,1,0,0,0,0,- ,- ,,,VENTURA,OXNARD,-119.14593505859375,34.164566040039062
9436705,2022,2022-05-06,5604,2022-04-12,1115,5514,,2,5,6,5604,0,0,0,,0,032,S ROSE AV,CHANNEL ISLAND BL,200.00,N,N,A,-,N,,,,,,,,,,N,4,0,1,2,A,-,00,21202,B,N,D,G,A,A,H,-,A,D,0,,Y,,,Y,,L,04,0,0,1,0,0,0,1,0,0,- ,- ,34.17327880859375,-119.16002655029297,VENTURA,OXNARD,-119.16016387939453,34.17376708984375
9440013,2022,2022-04-25,5604,2022-02-15,0750,4868,,2,5,6,5604,0,0,0,,0,014,VINEYARD AV,SAINT MARYS DR,75.00,S,N,A,-,N,,,,,,,,,,N,4,0,1,2,A,-,17,22452,B,N,H,G,A,A,H,-,A,A,0,,Y,,,Y,,L,04,0,0,1,0,0,0,1,0,0,- ,- ,34.227500915527344,-119.17648315429688,VENTURA,OXNARD,-119.17666625976562,34.227394104003906
9440043,2022,2022-04-25,5604,2022-03-18,1750,4925,,5,5,6,5604,0,0,0,,0,014,VINEYARD AV,KENTIA ST,15.00,W,N,A,-,N,,,,,,,,,,N,3,0,1,2,A,-,11,21950,B,N,G,B,D,A,H,-,A,D,0,Y,,,,Y,,N,60,0,1,0,0,1,0,0,0,0,- ,- ,34.22930908203125,-119.18927764892578,VENTURA,OXNARD,-119.18936157226562,34.229259490966797
9440957,2022,2022-05-09,5604,2022-01-31,0824,4907,,1,5,6,5604,0,0,0,,0,011,GONZALES RD,VENTURA RD,100.00,W,N,A,-,N,,,,,,,,,,N,3,0,1,2,A,-,05,21650,1,N,D,G,A,A,H,-,A,D,0,,Y,,,Y,,L,04,0,1,0,0,0,0,1,0,0,- ,- ,34.219158172607422,-119.19499969482422,VENTURA,OXNARD,-119.19496917724609,34.219219207763672
9443792,2022,2022-05-20,5604,2022-04-14,1956,5656,,4,5,6,5604,0,0,0,,0,014,COLLECTION BL,PORTICO WY,0.00,,Y,A,-,N,,,,,,,,,,N,4,0,1,2,A,-,12,22450,A,N,G,G,A,A,H,-,C,D,0,,Y,,,Y,,A,01,0,0,1,0,0,0,1,0,0,- ,- ,34.241409301757812,-119.17819976806641,VENTURA,OXNARD,-119.17831420898438,34.241615295410156
9448277,2022,2022-06-14,5608,2022-05-11,0130,546,,3,5,6,5608,0,0,0,,0,003,SOUTH PETIT AV,TELEPHONE RD,12.00,N,N,A,-,N,,,,,,,,,,N,3,0,1,2,A,-,11,21456,B,F,G,B,B,A,H,-,C,A,0,Y,,,,Y,Y,N,60,0,1,0,0,1,0,0,0,0,- ,- ,,,VENTURA,VENTURA,-119.17059326171875,34.272266387939453
94490538,2024,2024-12-03,9765,2024-03-08,2112,022318,,5,2,6,5604,0,1,2,,2,502,US-101 N/B (VENTURA FREEWAY),VINEYARD AVENUE,1500.00,S,N,A,-,Y,VEN,,101, , ,21.720,H,,R,Y,1,1,0,5,A,-,11,21954,A,N,G,B,E,A,H,-,C,D,0,Y,,,,Y,,N,60,0,0,0,1,0,0,0,0,0,- ,- ,34.228950500488281,-119.17001342773438,VENTURA,OXNARD,-119.17002868652344,34.228927612304688
94528812,2024,2025-01-29,9765,2024-12-28,1157,024186,,6,1,9,5600,0,1,3,,1,012,SR-1 S/B,US-101 S/B TO SR-1 OFF RAMP,0.00,,Y,A,-,Y,VEN,,1, , ,27.625,H,,L,N,3,0,1,2,A,-,05,21650,,N,D,G,A,A,H,-,A,A,0,,Y,,,Y,,M,91,0,1,0,0,0,0,0,0,0,- ,- ,34.342670440673828,-119.41623687744141,VENTURA,UNINCORPORATED,-119.41622161865234,34.342681884765625
9458227,2022,2022-11-14,5604,2022-04-28,1645,5648,,4,5,6,5604,0,0,0,,0,014,HOLLY AV,IRONBARK DR,0.00,,Y,A,-,N,,,,,,,,,,N,4,0,1,2,D,-,00,,,N,-,G,A,A,H,-,A,A,0,,Y,,,Y,,-,- ,0,0,1,0,0,0,1,0,0,- ,- ,34.226558685302734,-119.18710327148438,VENTURA,OXNARD,-119.18711090087891,34.226551055908203
9458426,2022,2022-06-14,5608,2022-05-24,1622,503,,2,5,6,5608,0,0,0,,0,004,NORTH BANK DR,TOPAZ AV,15.00,W,N,A,-,N,,,,,,,,,,N,4,0,1,2,A,-,05,21650,1,N,H,G,A,A,H,-,A,D,0,,Y,,,Y,,L,04,0,0,1,0,0,0,1,0,0,- ,- ,,,VENTURA,VENTURA,-119.17539978027344,34.262985229492188
94593194,2025,2025-02-28,9765,2025-02-22,1744,023498,,6,2,9,5600,0,1,3,,1,012,SR-1,FARIA BEACH PARK,211.00,N,N,A,-,Y,VEN,,1, , ,25.917,H,,R,N,2,0,1,3,A,-,08,22107,,N,B,G,A,A,H,-,A,D,0,,Y,,,Y,,M,91,1,0,0,0,0,0,1,0,0,- ,- ,34.323589324951172,-119.39447021484375,VENTURA,UNINCORPORATED,-119.39443206787109,34.3236083984375
9460607,2022,2022-06-23,5608,2022-06-01,0307,526,,3,5,6,5608,0,0,0,,0,001,EAST THOMPSON BL,FIGUEROA ST,9.00,W,N,A,-,N,,,,,,,,,,N,4,0,1,2,A,-,10,21950,A,F,G,B,B,A,H,-,C,A,0,Y,,,,Y,,A,01,0,0,1,0,1,0,0,0,0,- ,- ,,,VENTURA,VENTURA,-119.29776000976562,34.27825927734375
9461650,2022,2022-07-08,5608,2022-06-18,2007,495,,6,5,6,5608,0,0,0,,0,004,BRISTOL RD,KATERINE AV,141.00,W,N,A,-,N,,,,,,,,,,N,3,0,1,2,-,-,- ,,,N,E,B,D,A,H,-,A,D,0,Y,,,,Y,,-,- ,0,1,0,0,1,0,0,0,0,- ,- ,,,VENTURA,VENTURA,-119.20473480224609,34.253437042236328
9466193,2022,2023-01-27,5608,2022-12-03,1721,535,,6,5,6,5608,0,0,0,,0,,CHESTNUT ST,POLI ST,0.00,,Y,A,-,N,,,,,,,,,,N,3,0,1,2,A,-,03,22350,,N,G,B,C,A,H,-,C,D,0,Y,,,Y,Y,,-,- ,0,1,0,0,1,0,0,0,0,- ,- ,34.281768798828125,-119.29148864746094,VENTURA,VENTURA,-119.29158020019531,34.282142639160156
94663095,2024,2025-04-24,9770,2024-10-27,628 ,020721,,7,1,6,5609,0,1,3,,2,082,SR-118 W/B (RONALD REAGAN FREEWAY),ROCKY PEAK ROAD,5280.00,W,N,B,-,Y,VEN,,118, ,R,31.554,H,,L,Y,1,2,0,2,A,-,11,21954,A,N,G,B,E,A,H,-,D,D,0,Y,,Y,,Y,Y,N,60,0,0,0,1,0,0,0,1,0,- ,- ,34.270221710205078,-118.64927673339844,VENTURA,SIMI VALLEY,-118.64927673339844,34.270244598388672
9467227,2022,2023-02-06,5604,2022-12-23,1408,5675,,5,5,6,5604,0,0,0,,0,024,M ST,CHANNEL ISLANDS BL,0.00,,Y,A,-,N,,,,,,,,,,N,4,0,1,2,A,-,10,21950,A,N,G,B,B,A,H,-,A,A,0,Y,,,,Y,,D,22,0,0,1,0,1,0,0,0,0,- ,- ,34.175579071044922,-119.19126129150391,VENTURA,OXNARD,-119.19127655029297,34.175609588623047
9469816,2023,2023-09-21,5604,2023-07-07,2150,5035,,5,5,6,5604,0,0,0,,0,014,VINEYARD AV,COLLINS ST,0.00,,Y,A,-,N,,,,,,,,,,N,3,0,1,2,A,-,05,21650,,N,A,G,A,A,H,-,C,A,0,,Y,,,Y,,L,04,0,1,0,0,0,0,1,0,0,- ,- ,34.238719940185547,-119.16811370849609,VENTURA,OXNARD,-119.16812133789062,34.238735198974609
9469833,2023,2023-10-09,5604,2023-08-02,1838,5405,,3,5,6,5604,0,0,0,,0,041,SAVIERS RD,HUGHES DR,40.00,N,N,A,-,N,,,,,,,,,,N,4,0,1,2,A,-,09,21800,A,N,B,G,A,A,H,-,A,D,0,,Y,,,Y,,L,04,0,0,1,0,0,0,1,0,0,- ,- ,34.170589447021484,-119.17813873291016,VENTURA,OXNARD,-119.17768096923828,34.170619964599609
9469918,2023,2023-10-04,5604,2023-08-10,1920,5658,,4,5,6,5604,0,0,0,,0,011,E NATALIE PL,JOLIET PL,224.00,E,N,B,-,N,,,,,,,,,,Y,3,0,1,2,A,-,11,21954,A,N,G,B,D,A,H,-,A,D,0,Y,,,,Y,,N,60,0,1,0,0,1,0,0,0,0,- ,- ,34.212600708007812,-119.20195770263672,VENTURA,OXNARD,-119.20223999023438,34.212390899658203
9469969,2023,2023-10-05,5604,2023-06-08,230 ,5701,,4,5,6,5604,0,0,0,,0,011,N OXNARD BL,GLENWOOD AV,0.00,,Y,A,-,N,,,,,,,,,,N,3,0,1,2,D,-,00,,,F,G,B,E,A,H,-,C,A,0,Y,,,,Y,,-,- ,0,1,0,0,1,0,0,0,0,- ,- ,34.214088439941406,-119.17768096923828,VENTURA,OXNARD,-119.17747497558594,34.214336395263672
9472153,2022,2022-08-31,5604,2022-06-27,1622,5583,,1,5,6,5604,0,0,0,,0,023,2ND ST,C ST,0.00,,Y,A,-,N,,,,,,,,,,N,3,0,1,2,A,-,01,23152,A,N,D,G,A,A,H,-,A,A,0,,Y,,,Y,Y,A,01,0,1,0,0,0,0,1,0,0,- ,- ,34.20166015625,-119.18105316162109,VENTURA,OXNARD,-119.18105316162109,34.201656341552734
9472166,2022,2022-07-21,5604,2022-06-17,0929,5508,,5,5,6,5604,0,0,0,,0,032,SAVIERS RD,CEDAR ST,0.00,,Y,A,-,N,,,,,,,,,,N,3,0,1,2,A,-,11,21954,A,N,A,B,E,A,H,-,A,D,0,Y,,,,Y,,N,60,0,1,0,0,1,0,0,0,0,- ,- ,34.183589935302734,-119.17746734619141,VENTURA,OXNARD,-119.17755889892578,34.184501647949219
94746682,2025,2025-08-28,9770,2025-06-27,755 ,021869,,5,1,9,5600,0,3,5,,2,006,CALLE LAREDO,CALLE SEQUOIA,0.00,,Y,A,-,N,,,,,,,,,,N,3,0,1,2,A,-,12,22450,A,N,D,G,A,D,H,-,A,A,0,,Y,,,Y,,L,04,0,1,0,0,0,0,1,0,0,- ,- ,34.189891815185547,-118.89482879638672,VENTURA,UNINCORPORATED,-118.89485168457031,34.189903259277344
9475750,2022,2022-07-15,5604,2022-02-20,2257,5608,,7,5,6,5604,0,0,0,,0,023,OXNARD BL,WOOLEY RD,100.00,N,N,A,-,N,,,,,,,,,,Y,2,0,1,2,A,-,11,21953,,N,G,B,D,A,H,-,C,A,0,Y,,,,Y,,N,60,1,0,0,0,1,0,0,0,0,- ,- ,34.190811157226562,-119.17769622802734,VENTURA,OXNARD,-119.17752838134766,34.190807342529297
94770370,2024,2025-07-21,9765,2024-07-31,700 ,020983,,3,1,9,5600,0,3,5,,2,002,SR-33 (N VENTURA AVE),VILLANOVA ROAD,0.00,,Y,A,-,Y,VEN,,33, , ,10.921,H,,R,Y,1,1,0,2,A,-,12,21453,A,N,G,B,B,A,H,-,A,A,0,Y,,,,Y,,D,22,0,0,0,1,0,0,0,0,0,- ,- ,34.42578125,-119.28900909423828,VENTURA,UNINCORPORATED,-119.2889404296875,34.425777435302734
94806896,2025,2025-08-18,9765,2025-08-10,1300,024278,,7,1,9,5600,0,3,5,,2,005,SANTA CLARA AVENUE,EUCALYPTUS DR,20.00,N,N,A,-,N,,,,,,,,,,N,3,0,1,2,A,-,12,22450,A,N,D,G,A,A,H,-,A,A,0,,,Y,,Y,,O,05,0,1,0,0,0,0,0,0,1,- ,- ,34.227310180664062,-119.13752746582031,VENTURA,UNINCORPORATED,-119.13758850097656,34.227252960205078
9483442,2022,2022-08-05,5608,2022-07-10,1002,546,,7,5,6,5608,0,0,0,,0,003,FOOTHILL RD,DAY RD,167.00,E,N,A,-,N,,,,,,,,,,N,3,0,1,2,A,-,08,22107,,N,B,G,A,A,H,-,A,D,0,,Y,,,Y,,A,01,0,1,0,0,0,0,1,0,0,- ,- ,,,VENTURA,VENTURA,-119.22726440429688,34.284721374511719
9483459,2022,2022-08-08,5608,2022-07-21,0959,525,,4,5,6,5608,0,0,0,,0,003,SOUTH MILLS RD,E MAIN ST,0.00,,Y,A,-,N,,,,,,,,,,N,3,0,1,2,A,-,08,22107,,F,D,G,A,A,H,-,A,A,0,,Y,,,Y,,A,01,0,1,0,0,0,0,1,0,0,- ,- ,,,VENTURA,VENTURA,-119.24604797363281,34.264926910400391
94897629,2025,2025-10-22,9765,2025-10-13,1800,021485,,1,2,9,5600,0,3,5,,2,003,HARBOR BLVD,GONZALES ROAD,256.00,N,N,B,-,N,,,,,,,,,,N,2,0,1,2,A,-,08,22107,,N,D,G,A,A,H,-,A,D,0,,Y,,,Y,,L,04,1,0,0,0,0,0,1,0,0,- ,- ,34.219249725341797,-119.25412750244141,VENTURA,UNINCORPORATED,-119.25408172607422,34.219120025634766
94899411,2025,2025-10-23,9765,2025-02-22,1113,021349,,6,1,9,5600,0,1,3,,1,062,SR-1 (PACIFIC COAST HIGHWAY),SYCAMORE CANYON ROAD,2640.00,N,N,B,-,Y,VEN,,1, , ,4.914,H,,R,N,1,1,0,2,A,-,08,22107,,N,D,G,A,A,H,-,A,D,0,,Y,,,Y,,L,04,0,0,0,0,0,1,0,0,0,- ,- ,34.074039459228516,-119.02005767822266,VENTURA,UNINCORPORATED,-119.02007293701172,34.074024200439453
9493737,2022,2022-09-23,5608,2022-09-06,2218,499,42,2,5,6,5608,0,0,0,,0,002,HARBOR BL,MONMOUTH WY,400.00,E,N,A,-,N,,,,,,,,,,N,3,0,1,2,A,-,11,21954,A,N,G,B,D,A,H,-,C,D,0,Y,,,,Y,Y,N,60,0,1,0,0,1,0,0,0,0,- ,- ,,,VENTURA,VENTURA,-119.27196502685547,34.266696929931641
9493739,2022,2023-01-20,5608,2022-09-08,1626,539,,4,5,6,5608,0,0,0,,0,004,RT 101,TELEPHONE RD,5.00,S,N,A,-,Y,VEN,7,101,-,-,25.859,R,4,N,N,3,0,1,2,A,-,05,21650,1,N,D,G,A,A,H,-,A,A,0,,Y,,,Y,,L,04,0,1,0,0,0,0,1,0,0,WF,- ,,,VENTURA,VENTURA,-119.22891235351562,34.261444091796875
9497226,2022,2022-09-16,5608,2022-08-27,1802,463,,6,5,6,5608,0,0,0,,0,001,559 FIGUEROA ST,SHORELINE DR,200.00,W,N,A,-,N,,,,,,,,,,N,3,0,2,2,B,-,22,,,N,C,B,F,A,H,-,A,D,0,Y,Y,,,Y,,L,04,0,1,1,0,1,0,1,0,0,- ,- ,,,VENTURA,VENTURA,,
9497230,2022,2022-09-15,5608,2022-08-27,0032,441,,6,5,6,5608,0,0,0,,0,001,CHESTNUT ST,MAIN ST,165.00,S,N,A,-,N,,,,,,,,,,N,3,0,1,2,A,-,09,21804,A,F,G,B,F,A,H,-,C,D,0,Y,,,,Y,Y,-,99,0,1,0,0,1,0,0,0,0,- ,- ,,,VENTURA,VENTURA,,
9506849,2022,2022-10-14,5608,2022-09-29,1454,452,,4,5,6,5608,0,0,0,,0,003,LOMA VISTA RD,GLEN ELLEN,85.00,W,N,A,-,N,,,,,,,,,,N,3,0,1,2,C,-,18,,,N,B,G,A,A,H,-,A,D,0,,Y,,,Y,,-,- ,0,1,0,0,0,0,1,0,0,- ,- ,,,VENTURA,VENTURA,-119.24701690673828,34.276947021484375
9508084,2022,2022-11-01,5608,2022-10-06,1824,440,,4,5,6,5608,0,0,0,,0,004,TELEPHONE RD,S PETIT AV,0.00,,Y,A,-,N,,,,,,,,,,N,3,0,1,2,D,-,00,,,N,G,B,B,A,H,-,B,A,0,Y,,,,Y,,-,- ,0,1,0,0,1,0,0,0,0,- ,- ,,,VENTURA,VENTURA,-119.17057037353516,34.272243499755859
9508438,2022,2022-10-31,5604,2022-08-05,1235,5434,,5,5,6,5604,0,0,0,,0,041,S ROSE AV,E CHANNEL ISLANDS BL E,0.00,,Y,A,-,N,,,,,,,,,,N,4,0,1,2,A,-,10,21950,A,F,G,B,A,A,H,-,A,A,0,,Y,,,Y,,A,01,0,0,1,0,0,0,1,0,0,- ,- ,34.17327880859375,-119.16002655029297,VENTURA,OXNARD,-119.16017150878906,34.1732177734375
9509859,2022,2022-12-15,5605,2022-11-17,1423,100,PATRO,4,5,3,5605,0,0,0,,0,003,SURFSIDE DR,PORT HUENEME RD,21.00,S,N,A,-,N,,,,,,,,,,N,3,0,1,2,A,-,09,21801,A,N,D,G,A,A,H,-,A,A,0,,Y,,,Y,,A,01,0,1,0,0,0,0,1,0,0,- ,- ,34.147228240966797,-119.19066619873047,VENTURA,PORT HUENEME,,
95109995,2026,2026-03-24,9770,2026-03-16,1330,022755,,1,1,9,5600,0,2,4,,1,087,SANTA SUSANA PASS ROAD,ROCKY ROAD,750.00,E,N,A,-,N,,,,,,,,,,N,4,0,1,2,A,-,00,21760,B,M,B,G,A,A,H,-,A,D,0,,Y,,,Y,,-,99,0,0,1,0,0,0,1,0,0,- ,- ,34.260971069335938,-118.65231323242188,VENTURA,UNINCORPORATED,-118.65229034423828,34.261016845703125
95121855,2026,2026-04-01,9765,2026-03-20,1635,024375,,5,2,9,5600,0,1,3,,1,012,SR-1 (PACIFIC COAST HIGHWAY),SOLIMAR BEACH DRIVE,1426.00,S,N,A,-,Y,VEN,,1, , ,22.890,H,,R,N,3,0,1,2,A,-,05,21650,,N,D,G,A,A,H,-,A,D,0,,Y,,,Y,,L,04,0,1,0,0,0,0,1,0,0,- ,- ,34.308750152587891,-119.35433197021484,VENTURA,UNINCORPORATED,-119.35427856445312,34.308795928955078
95123657,2026,2026-04-10,9765,2026-03-18,1605,021015,,3,2,9,5600,0,1,3,,1,062,SR-1 (PACIFIC COAST HIGHWAY),LA JOLLA CANYON,1426.00,N,N,A,-,Y,VEN,,1, , ,6.319,H,,R,N,4,0,1,2,A,-,08,22107,,F,C,G,A,A,H,-,A,D,0,,Y,,,Y,,-,99,0,0,1,0,0,0,1,0,0,- ,- ,34.084209442138672,-119.0406494140625,VENTURA,UNINCORPORATED,-119.04064178466797,34.084259033203125
95123842,2026,2026-04-10,9765,2026-03-19,600 ,025043,,4,1,6,5608,0,1,2,,1,102,US-101 N/B FROM SEACLIFF,SEA CLIFF,745.00,N,N,A,-,Y,VEN,,101, ,R,39.389,H,,R,N,2,0,1,2,A,-,08,22107,,N,G,B,E,A,H,-,C,D,0,Y,,,,Y,,D,22,1,0,0,0,1,0,0,0,0,- ,- ,34.346450805664062,-119.42169952392578,VENTURA,VENTURA,-119.42181396484375,34.346382141113281
9512853,2022,2022-11-17,5604,2022-08-25,0545,5401,,4,5,6,5604,0,0,0,,0,012,SANTA CLARA AV,RT 101,0.00,,Y,A,-,Y,VEN,7,101,-,-,20.226,R,3,N,N,3,0,1,2,A,-,10,21950,A,N,H,G,A,A,H,-,C,D,0,,Y,,,Y,,A,07,0,1,0,0,0,0,1,0,0,- ,- ,34.223098754882812,-119.14691925048828,VENTURA,OXNARD,-119.14479064941406,34.222877502441406
9512915,2022,2022-11-14,5604,2022-09-08,1711,5534,,4,5,6,5604,0,0,0,,0,011,N VICTORIA AV,GONZALES RD,75.00,S,N,A,-,N,,,,,,,,,,N,4,0,1,2,A,-,07,21658,A,F,B,G,A,A,A,H,A,A,0,,Y,,,Y,,-,99,0,0,1,0,0,0,1,0,0,- ,- ,34.219440460205078,-119.22113800048828,VENTURA,OXNARD,-119.22129821777344,34.219245910644531
9514510,2023,2024-02-13,5604,2023-12-13,1750,5135,,3,5,6,5604,0,0,0,,0,014,E VINEYARD AV,W ESPLANADE DR W,0.00,,Y,A,-,N,,,,,,,,,,N,4,0,1,2,A,-,10,21950,A,F,B,B,B,A,H,-,C,A,0,Y,,,,Y,,-,99,0,0,1,0,1,0,0,0,0,- ,- ,34.230190277099609,-119.17594909667969,VENTURA,OXNARD,-119.17465972900391,34.229995727539062
9516285,2022,2023-01-06,5604,2022-11-14,1143,5431,,1,5,6,5604,0,0,0,,0,042,W HUENEME RD,COURTLAND ST,5.00,N,N,A,-,N,,,,,,,,,,N,4,0,1,2,A,-,05,21650,1,N,D,G,A,A,H,-,A,A,0,,Y,,,Y,Y,L,04,0,0,1,0,0,0,1,0,0,- ,- ,34.147449493408203,-119.17948150634766,VENTURA,OXNARD,,
9520415,2022,2023-02-15,5604,2022-08-29,0108,5231,,1,5,6,5604,0,0,0,,0,022,VENTURA RD,7TH ST,289.00,S,N,A,-,N,,,,,,,,,,N,1,1,0,2,A,-,11,21954,A,F,G,B,D,A,H,-,C,D,0,Y,,,,Y,Y,N,60,0,0,0,1,0,0,0,0,0,- ,- ,,,VENTURA,OXNARD,-119.19491577148438,34.194347381591797
9521496,2022,2022-11-15,5604,2022-09-27,2123,5567,,2,5,6,5604,0,0,0,,0,042,HUENEME RD,SALVADOR DR,100.00,E,N,A,-,N,,,,,,,,,,N,2,0,1,2,A,-,11,21954,A,N,G,B,D,A,H,-,D,A,0,Y,,,,Y,,N,60,1,0,0,0,1,0,0,0,0,- ,- ,34.147689819335938,-119.17507934570312,VENTURA,OXNARD,-119.17485046386719,34.147392272949219