CASE_ID,ACCIDENT_YEAR,PROC_DATE,JURIS,COLLISION_DATE,COLLISION_TIME,OFFICER_ID,REPORTING_DISTRICT,DAY_OF_WEEK,CHP_SHIFT,POPULATION,CNTY_CITY_LOC,SPECIAL_COND,BEAT_TYPE,CHP_BEAT_TYPE,CITY_DIVISION_LAPD,CHP_BEAT_CLASS,BEAT_NUMBER,PRIMARY_RD,SECONDARY_RD,DISTANCE,DIRECTION,INTERSECTION,WEATHER_1,WEATHER_2,STATE_HWY_IND,CALTRANS_COUNTY,CALTRANS_DISTRICT,STATE_ROUTE,ROUTE_SUFFIX,POSTMILE_PREFIX,POSTMILE,LOCATION_TYPE,RAMP_INTERSECTION,SIDE_OF_HWY,TOW_AWAY,COLLISION_SEVERITY,NUMBER_KILLED,NUMBER_INJURED,PARTY_COUNT,PRIMARY_COLL_FACTOR,PCF_CODE_OF_VIOL,PCF_VIOL_CATEGORY,PCF_VIOLATION,PCF_VIOL_SUBSECTION,HIT_AND_RUN,TYPE_OF_COLLISION,MVIW,PED_ACTION,ROAD_SURFACE,ROAD_COND_1,ROAD_COND_2,LIGHTING,CONTROL_DEVICE,CHP_ROAD_TYPE,PEDESTRIAN_ACCIDENT,BICYCLE_ACCIDENT,MOTORCYCLE_ACCIDENT,TRUCK_ACCIDENT,NOT_PRIVATE_PROPERTY,ALCOHOL_INVOLVED,STWD_VEHTYPE_AT_FAULT,CHP_VEHTYPE_AT_FAULT,COUNT_SEVERE_INJ,COUNT_VISIBLE_INJ,COUNT_COMPLAINT_PAIN,COUNT_PED_KILLED,COUNT_PED_INJURED,COUNT_BICYCLIST_KILLED,COUNT_BICYCLIST_INJURED,COUNT_MC_KILLED,COUNT_MC_INJURED,PRIMARY_RAMP,SECONDARY_RAMP,LATITUDE,LONGITUDE,COUNTY,CITY,POINT_X,POINT_Y
9521504,2022,2022-11-15,5604,2022-08-12,2040,5540,,5,5,6,5604,0,0,0,,0,014,W VINEYARD AV,VENTURA RD,150.00,E,N,A,-,N,,,,,,,,,,N,2,0,1,2,A,-,05,21650,1,N,A,G,A,A,H,-,C,D,0,,Y,,,Y,,L,04,1,0,0,0,0,0,1,0,0,- ,- ,34.229358673095703,-119.19444274902344,VENTURA,OXNARD,-119.19407653808594,34.229290008544922
9521652,2022,2022-11-15,5604,2022-08-29,0804,5637,,1,5,6,5604,0,0,0,,0,012,E GONZALES RD,ENTRADA DR,1000.00,E,N,A,-,N,,,,,,,,,,N,4,0,1,2,A,-,08,22107,,N,D,G,A,A,H,-,A,D,0,,Y,,,Y,,A,01,0,0,1,0,0,0,1,0,0,- ,- ,,,VENTURA,OXNARD,-119.16896820068359,34.218936920166016
9521912,2022,2022-11-18,5604,2022-09-01,1244,5418,,4,5,6,5604,0,0,0,,0,024,HILL ST,SOUTH G ST,0.00,,Y,A,-,N,,,,,,,,,,N,4,0,1,2,A,-,05,21202,A,N,D,G,A,A,H,-,A,A,0,,Y,,,Y,,L,04,0,0,1,0,0,0,1,0,0,- ,- ,34.186691284179688,-119.18624114990234,VENTURA,OXNARD,-119.18624114990234,34.186679840087891
9521917,2022,2022-11-15,5604,2022-09-06,0720,5504,,2,5,6,5604,0,0,0,,0,032,STATHAM BL,E CHANNEL ISLANDS BL E,0.00,,Y,A,-,N,,,,,,,,,,N,4,0,1,2,A,-,09,21453,B,N,D,G,A,A,H,-,A,A,0,,Y,,,Y,,A,07,0,0,1,0,0,0,1,0,0,- ,- ,34.173370361328125,-119.16562652587891,VENTURA,OXNARD,-119.1656494140625,34.173324584960938
9522112,2022,2022-11-16,5604,2022-09-02,2108,5659,,5,5,6,5604,0,0,0,,0,023,META ST,E 5TH ST E,0.00,,Y,A,-,N,,,,,,,,,,N,4,0,1,2,A,-,08,22102,,N,G,G,A,A,H,-,C,D,0,,Y,,,Y,,A,01,0,0,1,0,0,0,1,0,0,- ,- ,34.197658538818359,-119.17594909667969,VENTURA,OXNARD,-119.17597198486328,34.197658538818359
9524397,2022,2022-12-29,5608,2022-11-28,1953,480,VENTU,1,5,6,5608,0,0,0,,0,001,EAST THOMPSON BL,FIGUEROA ST,0.00,,Y,A,C,N,,,,,,,,,,N,3,0,1,2,A,-,12,21453,A,N,G,G,A,A,-,-,-,A,0,,Y,,,Y,,A,01,0,1,0,0,0,0,1,0,0,- ,- ,,,VENTURA,VENTURA,-119.2977294921875,34.278263092041016
9526062,2023,2023-02-08,5604,2023-01-02,1739,5135,,1,5,6,5604,0,0,0,,0,014,W VINEYARD AV,OXNARD BL,300.00,W,N,C,-,N,,,,,,,,,,N,3,0,1,2,A,-,11,21954,A,N,G,B,D,B,H,-,C,A,0,Y,,,,Y,,N,60,0,1,0,0,1,0,0,0,0,- ,- ,34.225811004638672,-119.17884826660156,VENTURA,OXNARD,-119.17849731445312,34.226276397705078
9526347,2023,2023-02-23,5608,2023-01-30,1623,517,,1,5,6,5608,0,0,0,,0,004,TELEPHONE RD,PETIT AV,17.00,W,N,A,-,N,,,,,,,,,,N,2,0,1,2,A,-,10,21950,A,N,G,B,B,A,H,-,A,A,0,Y,,,,Y,,A,01,1,0,0,0,1,0,0,0,0,- ,- ,,,VENTURA,VENTURA,-119.17061614990234,34.272212982177734
9529269,2022,2022-11-17,5604,2022-07-15,1453,5434,,5,5,6,5604,0,0,0,,0,032,VANGUARD DR,WESTAR DR,0.00,,Y,A,-,N,,,,,,,,,,N,4,0,1,2,A,-,08,22107,,N,B,G,A,A,H,-,A,D,0,,Y,,,Y,,A,01,0,0,1,0,0,0,1,0,0,- ,- ,34.186939239501953,-119.16078186035156,VENTURA,OXNARD,-119.16156005859375,34.186222076416016
9529283,2022,2022-11-17,5604,2022-07-02,1514,5512,,6,5,6,5604,0,0,0,,0,023,E 4TH ST,SOUTH OXNARD BL,30.00,E,N,A,-,N,,,,,,,,,,Y,4,0,1,2,A,-,08,22107,,N,G,B,F,A,H,-,A,D,0,Y,,,,Y,,A,01,0,0,1,0,1,0,0,0,0,- ,- ,34.198898315429688,-119.17600250244141,VENTURA,OXNARD,-119.17723083496094,34.198997497558594
9529284,2022,2022-11-17,5604,2022-07-03,1239,5508,,7,5,6,5604,0,0,0,,0,024,SAVIERS RD,WOLFF ST,75.00,S,N,A,-,N,,,,,,,,,,N,3,0,1,2,A,-,03,22350,,F,G,B,F,A,H,-,A,D,0,Y,,,,Y,,-,99,0,1,0,0,1,0,0,0,0,- ,- ,34.187538146972656,-119.17769622802734,VENTURA,OXNARD,-119.17755126953125,34.188095092773438
9533515,2022,2023-01-30,5608,2022-12-15,1219,539,,4,5,6,5608,0,0,0,,0,002,EAST MAIN ST,CALLENS RD,63.00,E,N,A,-,N,,,,,,,,,,N,3,0,1,2,A,-,09,21804,A,N,-,G,A,A,H,-,A,A,0,,Y,,,Y,,A,01,0,1,0,0,0,0,1,0,0,- ,- ,,,VENTURA,VENTURA,-119.2392578125,34.263393402099609
9535026,2023,2023-02-17,5608,2023-01-05,1736,397,VENTU,4,5,6,5608,0,0,0,,0,001,HARBOR BL,CALIFORNIA ST,528.00,E,N,B,-,N,,,,,,,,,,N,3,0,1,2,A,-,10,21950,A,N,G,B,C,A,H,-,D,A,0,Y,,,,Y,,A,01,0,1,0,0,1,0,0,0,0,- ,- ,,,VENTURA,VENTURA,-119.29137420654297,34.276527404785156
9537073,2022,2022-12-22,5604,2022-11-07,1726,4950,,1,5,6,5604,0,0,0,,0,022,OXNARD BL,COOPER RD,0.00,,Y,B,-,N,,,,,,,,,,N,3,0,1,2,A,-,12,21453,A,N,G,G,A,A,H,-,C,A,0,,Y,,,Y,,L,04,0,1,0,0,0,0,1,0,0,- ,- ,34.206268310546875,-119.17758178710938,VENTURA,OXNARD,-119.17739105224609,34.204563140869141
9549613,2022,2023-03-20,5606,2022-06-03,1541,1159,5606,5,5,4,5606,0,0,0,,0,002,8TH N ST,VIRGINIA E TR,0.00,,Y,A,-,N,,,,,,,,,,N,3,0,1,2,A,-,09,21802,A,N,D,G,A,A,H,-,A,A,0,,Y,,,Y,,D,22,0,1,0,0,0,0,1,0,0,- ,- ,,,VENTURA,SANTA PAULA,-119.06678009033203,34.358390808105469
9561505,2022,2023-03-27,5606,2022-06-09,1734,1159,SPPD,4,5,4,5606,0,0,0,,0,001,6TH N ST,SANTA PAULA E ST,234.00,S,N,A,-,N,,,,,,,,,,N,3,0,1,2,A,-,09,21804,A,F,D,G,A,A,H,-,A,D,0,,Y,,,Y,,L,04,0,1,0,0,0,0,1,0,0,- ,- ,,,VENTURA,SANTA PAULA,-119.06858825683594,34.354408264160156
9563578,2023,2023-05-31,5608,2023-03-10,551 ,533,30,5,5,6,5608,0,0,0,,0,004,NIGHTINGALE ST,WAXWING AV,0.00,,Y,C,-,N,,,,,,,,,,N,2,0,1,2,D,-,00,,,F,G,B,E,B,H,-,B,D,0,Y,,,,Y,,-,- ,1,0,0,0,1,0,0,0,0,- ,- ,34.251430511474609,-119.19931793212891,VENTURA,VENTURA,-119.19924163818359,34.251506805419922
9564977,2023,2023-05-15,5608,2023-04-04,1440,530,,2,5,6,5608,0,0,0,,0,001,E MAIN ST,VENTURA AV,150.00,E,N,A,-,N,,,,,,,,,,N,3,0,1,2,A,-,08,22107,,N,D,G,A,A,H,-,A,D,0,,Y,,,Y,,A,01,0,1,0,0,0,0,1,0,0,- ,- ,34.281009674072266,-119.30019378662109,VENTURA,VENTURA,-119.30027770996094,34.280982971191406
9566236,2022,2023-05-04,5604,2022-08-08,2029,5378,,1,5,6,5604,0,0,0,,0,023,S A ST,6TH ST,20.00,N,N,A,-,N,,,,,,,,,,N,3,0,1,2,A,-,11,21954,A,N,G,B,D,A,H,-,B,D,0,Y,,,,Y,,N,60,0,1,0,0,1,0,0,0,0,- ,- ,34.197078704833984,-119.17833709716797,VENTURA,OXNARD,-119.17861938476562,34.196414947509766
9567612,2023,2023-05-30,5608,2023-05-08,745 ,553,,1,5,6,5608,0,0,0,,0,004,THILLE ST,COUNTY SQUARE DR,416.00,W,N,A,-,N,,,,,,,,,,N,3,0,1,2,A,-,03,22350,,N,G,B,C,A,H,-,A,A,0,Y,,,,Y,,A,07,0,1,0,0,1,0,0,0,0,- ,- ,,,VENTURA,VENTURA,-119.21622467041016,34.267711639404297
9571558,2023,2023-05-08,5608,2023-04-05,1443,397,VENTU,3,5,6,5608,0,0,0,,0,001,THOMPSON BL,CHESTNUT ST,0.00,,Y,A,-,N,,,,,,,,,,N,3,0,1,2,A,-,10,21950,A,N,G,B,B,A,H,-,A,A,0,Y,,,,Y,,A,07,0,1,0,0,1,0,0,0,0,- ,- ,,,VENTURA,VENTURA,-119.29154968261719,34.278263092041016
9571774,2023,2023-05-01,5604,2023-03-27,1400,5567,,1,5,6,5604,0,0,0,,0,041,SAVIERS RD,BARD RD,0.00,,Y,A,-,N,,,,,,,,,,N,4,0,1,2,A,-,10,21950,A,F,A,G,A,A,H,-,A,A,0,,Y,,,Y,,-,99,0,0,1,0,0,0,1,0,0,- ,- ,34.216350555419922,-119.15589904785156,VENTURA,OXNARD,-119.17778015136719,34.161003112792969
9572621,2023,2023-05-10,5608,2023-04-23,1903,542,,7,5,6,5608,0,0,0,,0,001,W WARNER ST,RIVERSIDE ST,133.00,E,N,A,-,N,,,,,,,,,,N,3,0,1,2,A,-,10,21950,A,N,G,G,A,A,H,-,A,A,0,,Y,,,Y,,A,08,0,1,0,0,0,0,1,0,0,- ,- ,,,VENTURA,VENTURA,-119.30299377441406,34.293724060058594
9575522,2023,2023-04-27,5604,2023-02-01,1540,5243,,3,5,6,5604,0,0,0,,0,031,E GONZALES RD,ENTRADA DR,100.00,E,N,A,-,N,,,,,,,,,,N,4,0,3,4,-,-,- ,,,F,G,B,F,A,H,-,A,D,0,Y,,,,Y,,-,- ,0,0,3,0,3,0,0,0,0,- ,- ,34.218288421630859,-119.1702880859375,VENTURA,OXNARD,-119.17194366455078,34.218959808349609
9575524,2023,2023-04-27,5604,2023-02-03,1359,5669,,5,5,6,5604,0,0,0,,0,041,E YUCCA ST,CLOYNE ST,200.00,E,N,A,-,N,,,,,,,,,,N,4,0,2,3,A,-,08,22107,,N,A,B,E,A,H,-,A,D,0,Y,,,,Y,,-,,0,0,2,0,2,0,0,0,0,- ,- ,34.165771484375,-119.17220306396484,VENTURA,OXNARD,-119.17253875732422,34.165565490722656
9576726,2023,2023-05-24,5604,2023-04-06,1054,5623,,4,5,6,5604,0,0,0,,0,023,OXNARD BL,5TH ST,0.00,,Y,A,-,N,,,,,,,,,,N,3,0,1,2,A,-,10,21950,A,N,G,B,B,A,H,-,A,A,0,Y,,,,Y,,I,11,0,1,0,0,1,0,0,0,0,- ,- ,,,VENTURA,OXNARD,-119.17746734619141,34.197685241699219
9579203,2023,2023-05-31,5604,2023-04-21,1449,5514,,5,5,6,5604,0,0,0,,0,042,DOLLIE ST,PETIT DR,50.00,E,N,A,-,N,,,,,,,,,,N,4,0,1,2,A,-,06,21755,A,N,G,B,E,A,H,-,A,D,0,Y,,,,Y,,A,07,0,0,1,0,1,0,0,0,0,- ,- ,34.157569885253906,-119.17426300048828,VENTURA,OXNARD,-119.17448425292969,34.157337188720703
9579208,2023,2023-05-31,5604,2023-04-17,0   ,5649,,1,5,6,5604,0,0,0,,0,014,OXNARD BL,CITRUS GROVE LN,150.00,N,N,A,-,N,,,,,,,,,,N,2,0,1,2,A,-,11,21954,A,N,A,B,D,A,A,-,A,D,0,Y,,,,Y,,N,60,1,0,0,0,1,0,0,0,0,- ,- ,34.222461700439453,-119.17761993408203,VENTURA,OXNARD,-119.17716979980469,34.222446441650391
9590201,2023,2023-07-24,5608,2023-06-02,1734,498,,5,5,6,5608,0,0,0,,0,004,RED ROCK AV,NORTH BANK DR,2.00,N,N,A,-,N,,,,,,,,,,N,3,0,1,2,A,-,09,21800,A,N,D,G,A,A,H,-,A,D,0,,Y,,,Y,,A,01,0,1,0,0,0,0,1,0,0,- ,- ,,,VENTURA,VENTURA,-119.16499328613281,34.268474578857422
9590823,2023,2023-07-13,5606,2023-01-05,1741,1127,5606,4,5,4,5606,0,0,0,,0,001,PALM AV,SANTA PAULA ST,5.00,N,N,A,-,N,,,,,,,,,,N,4,0,1,2,A,-,10,21950,A,N,G,B,B,A,H,-,C,A,0,Y,,,,Y,,A,01,0,0,1,0,1,0,0,0,0,- ,- ,,,VENTURA,SANTA PAULA,-119.07337951660156,34.353584289550781
9592716,2023,2023-09-14,5608,2023-06-09,1413,538,,5,5,6,5608,0,0,0,,0,001,S CALIFORNIA ST,E SANTA CLARA ST,0.00,,Y,A,-,N,,,,,,,,,,Y,3,0,1,2,A,-,05,21460,A,N,D,G,A,A,H,-,A,A,0,,Y,,,Y,,L,04,0,1,0,0,0,0,1,0,0,- ,- ,34.279579162597656,-119.29335784912109,VENTURA,VENTURA,-119.29311370849609,34.279533386230469
9597858,2023,2023-08-09,5604,2023-06-26,1830,5563,,1,5,6,5604,0,0,0,,0,022,S VENTURA RD,WOOLEY RD,50.00,N,N,A,-,N,,,,,,,,,,N,3,0,1,2,A,-,05,21650,,N,E,G,A,A,H,-,A,D,0,,Y,,,Y,,L,04,0,1,0,0,0,0,1,0,0,- ,- ,34.190319061279297,-119.19510650634766,VENTURA,OXNARD,-119.19511413574219,34.190437316894531
9600627,2023,2023-08-03,5604,2023-06-07,1852,5650,,3,5,6,5604,0,0,0,,0,021,KELP LN,PATTERSON RD,293.00,W,N,A,-,N,,,,,,,,,,N,3,0,1,2,A,-,08,22107,,N,D,G,A,A,H,-,A,D,0,,Y,,,Y,,L,04,0,1,0,0,0,0,1,0,0,- ,- ,34.192161560058594,-119.20899963378906,VENTURA,OXNARD,-119.20904541015625,34.191989898681641
9600639,2023,2023-08-08,5604,2023-06-09,2109,5655,,5,5,6,5604,0,0,0,,0,042,EDISON DR,MCWAYNE BL,500.00,S,N,A,-,N,,,,,,,,,,Y,3,0,1,3,A,-,01,23152,A,N,G,B,F,A,H,-,D,D,0,Y,,,,Y,Y,A,01,0,1,0,0,1,0,0,0,0,- ,- ,34.140079498291016,-119.16668701171875,VENTURA,OXNARD,-119.16673278808594,34.138736724853516
9600847,2023,2023-08-03,5608,2023-07-04,1308,506,,2,5,6,5608,0,0,0,,0,002,OCEAN AV,ANACAPA AV,80.00,N,N,A,-,N,,,,,,,,,,N,3,0,1,2,A,-,03,22350,,N,B,G,A,A,H,-,A,A,0,,Y,,,Y,,L,04,0,1,0,0,0,0,1,0,0,- ,- ,,,VENTURA,VENTURA,-119.27188873291016,34.273139953613281
9600954,2023,2023-08-03,5604,2023-06-05,645 ,5563,,1,5,6,5604,0,0,0,,0,031,COLONIA RD,BONITA AV,0.00,,Y,A,-,N,,,,,,,,,,N,2,0,1,2,A,-,12,22450,A,N,D,G,A,A,H,-,A,A,0,,Y,,,Y,,L,04,1,0,0,0,0,0,1,0,0,- ,- ,34.206401824951172,-119.17059326171875,VENTURA,OXNARD,-119.17063140869141,34.206409454345703
9607628,2023,2023-09-21,5608,2023-08-14,1641,555,,1,5,6,5608,0,0,0,,0,001,WEST PARK ROW AV,OLIVE ST,543.00,W,N,A,-,N,,,,,,,,,,N,3,0,1,2,A,-,05,21650,1,N,C,G,A,A,H,-,A,D,0,,Y,,,Y,,L,04,0,1,0,0,0,0,1,0,0,- ,- ,34.285419464111328,-119.30464935302734,VENTURA,VENTURA,-119.30466461181641,34.285377502441406
9609432,2023,2023-09-11,5604,2023-06-13,1406,5160,,2,5,6,5604,0,0,0,,0,023,7TH ST,S OXNARD BL S,0.00,,Y,A,-,N,,,,,,,,,,N,3,0,1,2,A,-,08,22107,,F,G,G,A,A,H,-,A,A,0,,Y,,,Y,,D,72,0,1,0,0,0,0,1,0,0,- ,- ,34.192329406738281,-119.17742919921875,VENTURA,OXNARD,-119.17747497558594,34.195041656494141
9609662,2023,2023-08-23,5608,2023-07-23,1700,429,,7,5,6,5608,0,0,0,,0,001,CALIFORNIA ST,SANTA CLARA ST,120.00,N,N,A,-,N,,,,,,,,,,N,4,0,1,2,A,-,03,22350,,N,H,G,A,A,H,-,B,A,0,,Y,,,Y,,-,,0,0,1,0,0,0,1,0,0,- ,- ,,,VENTURA,VENTURA,-119.29310607910156,34.279857635498047
9619918,2023,2023-12-26,5606,2023-02-09,738 ,1156,5606,4,5,4,5606,0,0,0,,0,001,OLIVE ST,MAIN ST,0.00,,Y,A,-,N,,,,,,,,,,N,4,0,1,2,A,-,09,21804,A,N,D,G,A,A,H,-,A,D,0,,Y,,,Y,,L,04,0,0,1,0,0,0,1,0,0,- ,- ,,,VENTURA,SANTA PAULA,-119.07064056396484,34.350597381591797
9619919,2023,2023-12-26,5606,2023-02-17,1755,1157,5606,5,5,4,5606,0,0,0,,0,001,PECK RD,HARVARD BL,0.00,,Y,A,-,N,,,,,,,,,,N,4,0,1,2,A,-,10,21950,A,N,G,B,B,A,H,-,B,A,0,Y,,,,Y,,A,01,0,0,1,0,1,0,0,0,0,- ,- ,,,VENTURA,SANTA PAULA,-119.08503723144531,34.340293884277344
9619920,2023,2023-12-26,5606,2023-02-19,1154,1129,5606,7,5,4,5606,0,0,0,,0,001,FOOTHILL RD,RIDGECREST DR,0.00,,Y,A,-,N,,,,,,,,,,N,4,0,1,2,A,-,12,21453,A,N,D,G,A,A,H,-,A,A,0,,Y,,,Y,,L,04,0,0,1,0,0,0,1,0,0,- ,- ,,,VENTURA,SANTA PAULA,-119.09007263183594,34.350452423095703
9620749,2023,2023-10-23,5608,2023-09-08,1630,365,,5,5,6,5608,0,0,0,,0,002,THOMPSON BL,SANJON RD,0.00,,Y,A,-,N,,,,,,,,,,N,3,0,1,2,A,-,11,21453,D,F,D,B,B,A,H,-,A,A,0,Y,,,,Y,,N,60,0,1,0,0,1,0,0,0,0,- ,- ,34.276161193847656,-119.28121948242188,VENTURA,VENTURA,-119.28115844726562,34.276508331298828
9620899,2023,2023-10-24,5605,2023-08-23,1941,241,PATRO,3,5,3,5605,0,0,0,,0,002,PARK AV,VENTURA RD,0.00,,Y,A,-,N,,,,,,,,,,N,3,0,1,2,A,-,05,21650,1,N,D,G,A,A,H,-,B,D,0,,Y,,,Y,,L,04,0,1,0,0,0,0,1,0,0,- ,- ,34.156558990478516,-119.19513702392578,VENTURA,PORT HUENEME,-119.19527435302734,34.156513214111328
9622625,2023,2023-11-06,5608,2023-09-25,1819,519,,1,5,6,5608,0,0,0,,0,004,RALSTON ST,SARATOGA AV,340.00,E,N,A,-,N,,,,,,,,,,N,2,0,1,2,A,-,08,22107,,N,C,G,A,A,H,-,A,D,0,,Y,,,Y,,A,01,1,0,0,0,0,0,1,0,0,- ,- ,,,VENTURA,VENTURA,-119.21784210205078,34.259784698486328
9623817,2023,2023-11-28,5608,2023-10-15,1500,522,,7,5,6,5608,0,0,0,,0,003,MAIN ST,MILLS RD,300.00,W,N,A,-,N,,,,,,,,,,N,3,0,1,2,A,-,08,22107,,F,D,G,A,A,H,-,A,D,0,,Y,,,Y,,-,,0,1,0,0,0,0,1,0,0,- ,- ,,,VENTURA,VENTURA,-119.24699401855469,34.265182495117188
9626811,2023,2023-10-25,5604,2023-09-18,1638,5737,,1,5,6,5604,0,0,0,,0,014,WAGON WHEEL RD,OXNARD BL,0.00,,Y,A,-,N,,,,,,,,,,N,3,0,1,2,A,-,11,21955,,N,B,B,B,A,H,-,A,A,0,Y,,,,Y,,N,60,0,1,0,0,1,0,0,0,0,- ,- ,34.235710144042969,-119.18035125732422,VENTURA,OXNARD,-119.18035125732422,34.235729217529297
9627414,2023,2023-10-04,5604,2023-08-28,2357,5615,,1,5,6,5604,0,0,0,,0,021,W WOOLEY RD,VIA PACIFICA WALK,100.00,W,N,A,-,N,,,,,,,,,,N,3,0,1,2,A,-,11,21955,,N,G,B,E,A,H,-,C,A,0,Y,,,,Y,Y,N,60,0,1,0,0,1,0,0,0,0,- ,- ,,,VENTURA,OXNARD,-119.21875762939453,34.190299987792969
9627428,2023,2023-10-13,5604,2023-09-08,1236,5623,,5,5,6,5604,0,0,0,,0,042,CYPRESS RD,HOWELL RD,0.00,,Y,A,-,N,,,,,,,,,,N,3,0,1,2,A,-,10,21950,A,N,G,B,B,A,A,H,A,A,0,Y,,,,Y,,A,01,0,1,0,0,1,0,0,0,0,- ,- ,,,VENTURA,OXNARD,-119.17301940917969,34.15289306640625
9628920,2023,2023-10-27,5604,2023-09-14,1659,5713,,4,5,6,5604,0,0,0,,0,031,2ND ST W,OXNARD BL,0.00,W,N,A,-,N,,,,,,,,,,N,2,0,1,2,A,-,05,21202,A,N,A,G,A,A,H,-,A,A,0,,Y,,,Y,,L,04,1,0,0,0,0,0,1,0,0,- ,- ,,,VENTURA,OXNARD,-119.17741394042969,34.201618194580078
9630475,2023,2023-10-25,5604,2023-09-20,1552,5686,,3,5,6,5604,0,0,0,,0,011,DORIS AV,N VENTURA RD,100.00,E,N,A,-,N,,,,,,,,,,N,4,0,1,2,A,-,11,21954,A,N,G,B,D,A,H,-,A,A,0,Y,,,,Y,,N,60,0,0,1,0,1,0,0,0,0,- ,- ,34.208110809326172,-119.19332122802734,VENTURA,OXNARD,-119.19431304931641,34.208339691162109
9631944,2023,2023-11-02,5608,2023-09-21,741 ,530,,4,5,6,5608,0,0,0,,0,001,SOUTH CHESTNUT ST,EAST SANTA CLARA ST,0.00,,Y,B,-,N,,,,,,,,,,N,3,0,1,2,A,-,12,21453,A,N,D,G,A,A,H,-,A,A,0,,Y,,,Y,,L,04,0,1,0,0,0,0,1,0,0,- ,- ,34.279468536376953,-119.29160308837891,VENTURA,VENTURA,-119.29154968261719,34.279541015625
9635732,2023,2024-01-08,5608,2023-11-19,1801,469,,7,5,6,5608,0,0,0,,0,004,RALSTON ST,ROBIN AV,0.00,,Y,A,-,N,,,,,,,,,,N,2,0,1,2,A,-,10,21950,A,N,G,B,B,A,H,-,C,D,0,Y,,,,Y,,A,01,1,0,0,0,1,0,0,0,0,- ,- ,,,VENTURA,VENTURA,-119.20603179931641,34.2618408203125
9641978,2023,2023-12-14,5608,2023-10-24,1513,397,VENTU,2,5,6,5608,0,0,0,,0,002,PIERPONT BL,MONMOUTH DR,0.00,,Y,A,-,N,,,,,,,,,,N,3,0,1,2,A,-,11,21956,A,N,D,B,E,A,H,-,A,D,0,Y,,,,Y,,N,60,0,1,0,0,1,0,0,0,0,- ,- ,,,VENTURA,VENTURA,-119.27446746826172,34.267051696777344
9643008,2023,2023-11-22,5604,2023-09-02,1910,5434,,6,5,6,5604,0,0,0,,0,032,S OXNARD BL,DATE ST,0.00,,Y,A,-,N,,,,,,,,,,N,2,0,1,2,A,-,10,21950,A,N,G,B,B,A,H,-,A,A,0,Y,,,Y,Y,Y,F,26,1,0,0,0,1,0,0,0,0,- ,- ,34.184280395507812,-119.17044067382812,VENTURA,OXNARD,-119.17045593261719,34.184303283691406
9643339,2023,2023-12-06,5604,2023-10-27,2125,5502,,5,5,6,5604,0,0,0,,0,032,E CHANNEL ISLANDS BL,ROSE AV,15.00,W,N,A,-,N,,,,,,,,,,N,3,0,1,2,A,-,09,21802,A,N,G,G,A,A,H,-,C,A,0,,Y,,,Y,,L,04,0,1,0,0,0,0,1,0,0,- ,- ,34.17327880859375,-119.16002655029297,VENTURA,OXNARD,-119.16021728515625,34.173221588134766
9643366,2023,2023-12-04,5604,2023-10-14,2230,5672,,6,5,6,5604,0,0,0,,0,032,SAVIERS RD,E DATE ST E,0.00,,Y,A,-,N,,,,,,,,,,N,3,0,1,2,A,-,05,21650,1,N,G,G,A,A,H,-,C,A,0,,Y,,,Y,,A,01,0,1,0,0,0,0,1,0,0,- ,- ,34.183589935302734,-119.17746734619141,VENTURA,OXNARD,-119.17742156982422,34.183628082275391
9643373,2023,2023-12-04,5604,2023-10-20,2050,5658,,5,5,6,5604,0,0,0,,0,021,WEST 5TH ST,HARBOR BL,3035.00,E,N,A,-,N,,,,,,,,,,Y,2,0,1,2,A,-,11,21954,A,N,A,B,E,A,H,-,D,D,0,Y,,,,Y,,N,60,1,0,0,0,1,0,0,0,0,- ,- ,34.197788238525391,-119.24246978759766,VENTURA,OXNARD,-119.23247528076172,34.197734832763672
9651350,2023,2024-01-05,5608,2023-11-26,1244,508,,7,5,6,5608,0,0,0,,0,002,EAST MAIN ST,ANACAPA ST,60.00,E,N,A,-,N,,,,,,,,,,N,3,0,1,2,A,-,08,22107,,N,D,G,A,A,H,-,A,D,0,,Y,,,Y,,A,07,0,1,0,0,0,0,1,0,0,- ,- ,34.278068542480469,-119.26988983154297,VENTURA,VENTURA,-119.27001190185547,34.277976989746094
9655828,2024,2024-03-01,5608,2024-01-02,1538,373,,2,5,6,5608,0,0,0,,0,003,SOUTH VICTORIA AV,RT 126,0.00,,Y,A,-,Y,VEN,7,126,-,-,1.564,R,1,W,N,3,0,1,2,A,-,05,21650,1,N,D,G,A,A,H,-,A,D,0,,Y,,,Y,,L,04,0,1,0,0,0,0,1,0,0,- ,WF,,,VENTURA,VENTURA,-119.21176910400391,34.271678924560547
9657263,2024,2024-04-03,5604,2024-01-08,1233,,,1,5,6,5604,0,0,0,,0,023,S A ST,4TH ST,77.00,N,N,A,-,N,,,,,,,,,,N,3,0,1,3,A,-,08,22107,,N,B,G,A,A,H,-,A,D,0,,Y,,,Y,,A,01,0,1,0,0,0,0,1,0,0,- ,- ,,,VENTURA,OXNARD,-119.17857360839844,34.199211120605469