CASE_ID,ACCIDENT_YEAR,PROC_DATE,JURIS,COLLISION_DATE,COLLISION_TIME,OFFICER_ID,REPORTING_DISTRICT,DAY_OF_WEEK,CHP_SHIFT,POPULATION,CNTY_CITY_LOC,SPECIAL_COND,BEAT_TYPE,CHP_BEAT_TYPE,CITY_DIVISION_LAPD,CHP_BEAT_CLASS,BEAT_NUMBER,PRIMARY_RD,SECONDARY_RD,DISTANCE,DIRECTION,INTERSECTION,WEATHER_1,WEATHER_2,STATE_HWY_IND,CALTRANS_COUNTY,CALTRANS_DISTRICT,STATE_ROUTE,ROUTE_SUFFIX,POSTMILE_PREFIX,POSTMILE,LOCATION_TYPE,RAMP_INTERSECTION,SIDE_OF_HWY,TOW_AWAY,COLLISION_SEVERITY,NUMBER_KILLED,NUMBER_INJURED,PARTY_COUNT,PRIMARY_COLL_FACTOR,PCF_CODE_OF_VIOL,PCF_VIOL_CATEGORY,PCF_VIOLATION,PCF_VIOL_SUBSECTION,HIT_AND_RUN,TYPE_OF_COLLISION,MVIW,PED_ACTION,ROAD_SURFACE,ROAD_COND_1,ROAD_COND_2,LIGHTING,CONTROL_DEVICE,CHP_ROAD_TYPE,PEDESTRIAN_ACCIDENT,BICYCLE_ACCIDENT,MOTORCYCLE_ACCIDENT,TRUCK_ACCIDENT,NOT_PRIVATE_PROPERTY,ALCOHOL_INVOLVED,STWD_VEHTYPE_AT_FAULT,CHP_VEHTYPE_AT_FAULT,COUNT_SEVERE_INJ,COUNT_VISIBLE_INJ,COUNT_COMPLAINT_PAIN,COUNT_PED_KILLED,COUNT_PED_INJURED,COUNT_BICYCLIST_KILLED,COUNT_BICYCLIST_INJURED,COUNT_MC_KILLED,COUNT_MC_INJURED,PRIMARY_RAMP,SECONDARY_RAMP,LATITUDE,LONGITUDE,COUNTY,CITY,POINT_X,POINT_Y
9657308,2024,2024-04-11,5604,2024-01-13,1830,5243,,6,5,6,5604,0,0,0,,0,032,WOOLEY RD,W OXNARD BL,0.00,,Y,A,-,N,,,,,,,,,,Y,2,0,1,2,A,-,11,21461,5,N,G,B,B,A,H,-,C,A,0,Y,,,,Y,,N,60,1,0,0,0,1,0,0,0,0,- ,- ,,,VENTURA,OXNARD,-119.17742919921875,34.190010070800781
9657368,2024,2024-04-11,5604,2024-01-11,439 ,5624,,4,5,6,5604,0,0,0,,0,012,N ROSE AV,GONZALES RD,253.00,N,N,A,G,N,,,,,,,,,,N,4,0,1,2,A,-,05,21650,,N,H,G,A,A,H,-,C,A,0,,Y,,,Y,,L,04,0,0,1,0,0,0,1,0,0,- ,- ,34.21923828125,-119.15776824951172,VENTURA,OXNARD,-119.15840148925781,34.219684600830078
9667142,2024,2024-03-25,5604,2024-01-05,1855,5730,,5,5,6,5604,0,0,0,,0,031,E 4TH ST,N OXNARD BL N,0.00,,Y,A,-,N,,,,,,,,,,N,4,0,1,2,A,-,10,21950,A,N,G,B,B,A,H,-,C,A,0,Y,,,,Y,,A,01,0,0,1,0,1,0,0,0,0,- ,- ,34.198970794677734,-119.17735290527344,VENTURA,OXNARD,-119.17733001708984,34.199001312255859
9668838,2024,2024-04-17,5604,2024-02-24,1711,5608,,6,5,6,5604,0,0,0,,0,021,VICTORIA AV,DORIS AV,0.00,,Y,A,-,N,,,,,,,,,,N,4,0,1,2,A,-,10,21950,A,N,A,G,A,A,H,-,C,A,0,,Y,,,Y,,A,01,0,0,1,0,0,0,1,0,0,- ,- ,,,VENTURA,OXNARD,-119.22100067138672,34.208515167236328
9671672,2024,2024-02-28,5608,2024-01-31,1533,446,,3,5,6,5608,0,0,0,,0,003,TELEGRAPH RD,ESTATES AV,10.00,E,N,A,-,N,,,,,,,,,,N,3,0,1,2,A,-,10,21950,,N,-,B,B,A,H,-,A,A,0,Y,,,,Y,,D,22,0,1,0,0,1,0,0,0,0,- ,- ,,,VENTURA,VENTURA,-119.23064422607422,34.275623321533203
9686100,2024,2024-08-14,5604,2024-05-17,1623,5697,,5,5,6,5604,0,0,0,,0,032,ASH ST,CALIFORNIA ST,0.00,,Y,A,-,N,,,,,,,,,,N,3,0,1,2,A,-,05,21650,,N,G,B,A,A,H,-,A,D,0,,Y,,,Y,,L,04,0,1,0,0,0,0,1,0,0,- ,- ,,,VENTURA,OXNARD,-119.17471313476562,34.186229705810547
9687121,2024,2024-08-02,5608,2024-06-08,1434,507,,6,5,6,5608,0,0,0,,0,004,SUNRIDGE DR,CROWLEY AV,20.00,N,N,A,-,N,,,,,,,,,,N,2,0,1,2,A,-,11,21954,A,N,G,B,D,A,H,-,A,D,0,Y,,,,Y,Y,N,60,1,0,0,0,1,0,0,0,0,- ,- ,,,VENTURA,VENTURA,-119.20204162597656,34.256935119628906
9687122,2024,2024-08-09,5608,2024-06-09,1353,549,,7,5,6,5608,0,0,0,,0,001,N GARDEN ST,FIX WY,0.00,,Y,A,-,N,,,,,,,,,,N,3,0,1,2,A,-,03,22350,A,F,G,G,A,A,H,-,A,D,0,,Y,,,Y,Y,A,01,0,1,0,0,0,0,1,0,0,- ,- ,34.283420562744141,-119.30162811279297,VENTURA,VENTURA,-119.30171966552734,34.283466339111328
9701943,2024,2024-07-30,5608,2024-05-13,156 ,539,,1,5,6,5608,0,0,0,,0,001,E MAIN ST,NORTH VENTURA AV,399.00,E,N,A,-,N,,,,,,,,,,N,3,0,1,2,A,-,15,21201,A,N,D,G,A,A,H,-,C,D,0,,Y,,,Y,,L,04,0,1,0,0,0,0,1,0,0,- ,- ,,,VENTURA,VENTURA,-119.29946136474609,34.2808837890625
9702386,2024,2024-07-17,5608,2024-06-18,834 ,553,,2,5,6,5608,0,0,0,,0,001,THOMPSON AV,OAK ST,217.00,W,N,A,-,N,,,,,,,,,,N,4,0,1,2,A,-,11,21954,A,N,G,B,D,A,H,-,A,D,0,Y,,,,Y,,N,60,0,0,1,0,1,0,0,0,0,- ,- ,,,VENTURA,VENTURA,-119.29537963867188,34.278270721435547
9708256,2024,2024-08-08,5608,2024-06-25,1934,523,,2,5,6,5608,0,0,0,,0,001,SANJON RD,EAST THOMPSON BL,500.00,S,N,A,-,N,,,,,,,,,,N,3,0,2,2,A,-,08,22107,,N,G,B,F,A,H,-,A,A,0,Y,Y,,,Y,,L,04,0,2,0,0,1,0,1,0,0,- ,- ,34.163150787353516,-119.16561126708984,VENTURA,VENTURA,-119.28205871582031,34.275360107421875
9710628,2024,2024-08-20,5608,2024-07-02,1100,559,,2,5,6,5608,0,0,0,,0,004,VICTORIA AV,TELEGRAPH RD,0.00,,Y,A,-,N,,,,,,,,,,N,3,0,1,2,A,-,10,21950,A,F,G,B,B,A,H,-,A,A,0,Y,,,,Y,Y,D,22,0,1,0,0,1,0,0,0,0,- ,- ,34.265308380126953,-119.21218872070312,VENTURA,VENTURA,-119.21463012695312,34.278011322021484
9713217,2024,2024-08-14,5608,2024-06-10,821 ,548,,1,5,6,5608,0,0,0,,0,003,TELEGRAPH RD,VICTORIA AV,0.00,,Y,B,-,N,,,,,,,,,,N,3,0,1,2,A,-,10,21950,A,N,G,B,B,A,H,-,A,A,0,Y,,,,Y,,D,22,0,1,0,0,1,0,0,0,0,- ,- ,,,VENTURA,VENTURA,-119.21463012695312,34.278011322021484
9716249,2024,2024-07-19,5608,2024-05-22,1019,526,,3,5,6,5608,0,0,0,,0,004,TELEPHONE RD,RAMELLI AV,0.00,,Y,B,-,N,,,,,,,,,,N,3,0,1,2,A,-,03,22350,,N,D,G,A,A,B,-,A,A,0,,Y,,,Y,,L,04,0,1,0,0,0,0,1,0,0,- ,- ,,,VENTURA,VENTURA,-119.19355010986328,34.268184661865234
9716503,2024,2024-07-26,5604,2024-06-12,1526,5773,,3,5,6,5604,0,0,0,,0,011,W GONZALES RD,C STREET,325.00,W,N,A,-,N,,,,,,,,,,N,3,0,1,2,A,-,05,21650,,N,D,G,A,A,H,-,A,D,0,,Y,,,Y,,L,04,0,1,0,0,0,0,1,0,0,- ,- ,34.219089508056641,-119.18083953857422,VENTURA,OXNARD,-119.18191528320312,34.219081878662109
9720487,2024,2024-08-19,5608,2024-07-18,1307,472,,4,5,6,5608,0,0,0,,0,002,E MAIN ST,KATHERINE DR,50.00,W,N,A,-,N,,,,,,,,,,N,4,0,1,2,A,-,03,22350,,N,C,G,A,A,H,-,A,D,0,,Y,,,Y,,L,04,0,0,1,0,0,0,1,0,0,- ,- ,,,VENTURA,VENTURA,-119.26167297363281,34.274845123291016
9725369,2024,2024-09-12,5608,2024-08-07,1716,568,,3,5,6,5608,0,0,0,,0,001,E SANTA CLARA ST,PALM ST,182.00,N,N,A,-,N,,,,,,,,,,N,3,0,1,2,A,-,08,22107,,N,B,G,A,A,H,-,A,D,0,,Y,,,Y,,D,23,0,1,0,0,0,0,1,0,0,- ,- ,,,VENTURA,VENTURA,,
9727933,2024,2024-10-03,5608,2024-08-18,618 ,544,,7,5,6,5608,0,0,0,,0,001,NORTH VENTURA AV,BARNETT ST,9.00,N,N,B,-,N,,,,,,,,,,Y,3,0,1,2,A,-,08,22107,A,N,G,B,F,A,H,-,B,D,0,Y,,,,Y,,D,22,0,1,0,0,1,0,0,0,0,- ,- ,,,VENTURA,VENTURA,-119.29768371582031,34.291755676269531
9733684,2024,2024-09-20,5604,2024-08-06,1529,5773,,2,5,6,5604,0,0,0,,0,011,N A ST,DORIS AV,150.00,N,N,A,-,N,,,,,,,,,,N,4,0,2,3,A,-,10,21950,A,N,G,B,B,A,H,-,A,D,0,Y,,,,Y,,A,01,0,0,2,0,2,0,0,0,0,- ,- ,34.207889556884766,-119.17845916748047,VENTURA,OXNARD,-119.17847442626953,34.208301544189453
9738986,2024,2024-10-28,5604,2024-07-27,1910,5713,,6,5,6,5604,0,0,0,,0,031,COOPER RD,GARFIELD AV N,0.00,,Y,A,-,N,,,,,,,,,,N,4,0,1,2,A,-,12,22450,A,F,G,B,B,A,H,-,A,A,0,Y,,,,Y,Y,-,99,0,0,1,0,1,0,0,0,0,- ,- ,34.204231262207031,-119.17375183105469,VENTURA,OXNARD,-119.17375946044922,34.204536437988281
9740259,2024,2024-10-10,5608,2024-09-23,1506,556,,1,5,6,5608,0,0,0,,0,,STANLEY AV,OLIVE ST,608.00,W,N,A,-,N,,,,,,,,,,N,2,0,1,2,A,-,03,22350,A,N,D,G,A,A,H,-,A,D,0,,Y,,,Y,,D,22,1,0,0,0,0,0,1,0,0,- ,- ,,,VENTURA,VENTURA,-119.30012512207031,34.300521850585938
9742293,2024,2024-10-18,5604,2024-09-25,742 ,5752,,3,5,6,5604,0,0,0,,0,024,S C ST,W WOOLEY RD W,0.00,,Y,B,-,N,,,,,,,,,,N,3,0,1,2,A,-,10,21950,C,N,G,B,B,A,H,-,A,A,0,Y,,,,Y,,A,01,0,1,0,0,1,0,0,0,0,- ,- ,34.189929962158203,-119.18115234375,VENTURA,OXNARD,-119.18119049072266,34.189956665039062
9742294,2024,2024-10-18,5604,2024-09-25,1256,5693,,3,5,6,5604,0,0,0,,0,032,RICHMOND AV,E WOOLEY RD E,0.00,,Y,A,-,N,,,,,,,,,,N,4,0,1,2,A,-,05,21650,1,N,D,G,A,A,H,-,A,A,0,,Y,,,Y,,L,04,0,0,1,0,0,0,1,0,0,- ,- ,,,VENTURA,OXNARD,-119.16850280761719,34.189937591552734
9744634,2024,2024-10-18,5604,2024-08-19,1808,5567,,1,5,6,5604,0,0,0,,0,012,N ROSE AV,E GONZALES RD E,0.00,,Y,A,-,N,,,,,,,,,,N,3,0,1,2,A,-,00,21456,C,N,D,G,A,A,H,-,A,A,0,,Y,,,Y,,L,04,0,1,0,0,0,0,1,0,0,- ,- ,34.218898773193359,-119.15827941894531,VENTURA,OXNARD,-119.15843200683594,34.218990325927734
9744658,2024,2024-10-18,5604,2024-08-28,1622,4907,,3,5,6,5604,0,0,0,,0,011,DORIS AV,F ST,0.00,,Y,A,-,N,,,,,,,,,,N,3,0,1,2,A,-,01,23152,A,N,D,G,A,A,H,-,A,A,0,,Y,,,Y,Y,A,01,0,1,0,0,0,0,1,0,0,- ,- ,34.207931518554688,-119.18502807617188,VENTURA,OXNARD,-119.18503570556641,34.207954406738281
9751491,2023,2025-02-19,5604,2023-05-11,2237,5609,,4,5,6,5604,0,0,0,,0,014,OXNARD BL,CITRUS GROVE LN,200.00,N,N,A,-,N,,,,,,,,,,Y,1,1,0,2,A,-,11,21954,A,N,G,B,D,A,H,-,C,D,0,Y,,,,Y,Y,N,60,0,0,0,1,0,0,0,0,0,- ,- ,34.221141815185547,-119.17755889892578,VENTURA,OXNARD,-119.17739105224609,34.22161865234375
9753473,2024,2024-12-17,5604,2024-10-12,2135,5713,,6,5,6,5604,0,0,0,,0,3232,OXNARD BL,COMMERCIAL AV,100.00,S,N,A,-,N,,,,,,,,,,Y,2,0,1,2,A,-,03,22350,,N,A,B,A,A,H,-,C,A,0,,Y,,,Y,,L,04,1,0,0,0,0,0,1,0,0,- ,- ,,,VENTURA,OXNARD,-119.17232513427734,34.185741424560547
9754631,2024,2024-12-11,5604,2024-10-21,633 ,5392,,1,5,6,5604,0,0,0,,0,022,ISLETON PL,K ST,30.00,E,N,A,-,N,,,,,,,,,,N,2,0,1,2,A,-,21,22106,,N,G,B,D,A,H,-,B,D,0,Y,,,,Y,,D,22,1,0,0,0,1,0,0,0,0,- ,- ,34.195880889892578,-119.19122314453125,VENTURA,OXNARD,-119.19160461425781,34.196041107177734
9755234,2024,2024-12-12,5608,2024-11-21,1920,571,149,4,5,6,5608,0,0,0,,0,003,TELEPHONE RD,CACHUMA AV,18.00,E,N,A,-,N,,,,,,,,,,N,3,0,1,2,A,-,03,22350,,F,B,B,A,A,H,-,C,A,0,,Y,,,Y,,-,,0,1,0,0,0,0,1,0,0,- ,- ,,,VENTURA,VENTURA,-119.16236877441406,34.277130126953125
9756321,2024,2024-12-20,5608,2024-11-13,953 ,365,,3,5,6,5608,0,0,0,,0,002,SEAWARD AV,SAN MARCOS ST,0.00,,Y,A,-,N,,,,,,,,,,N,4,0,1,2,A,-,05,21650,1,N,D,G,A,A,H,-,A,A,0,,Y,,,Y,Y,L,04,0,0,1,0,0,0,1,0,0,- ,- ,34.269428253173828,-119.26777648925781,VENTURA,VENTURA,-119.26763153076172,34.269451141357422
9756460,2024,2024-12-03,5608,2024-11-11,1500,519,,1,5,6,5608,0,0,0,,0,004,JOHNSON DR,BRISTOL RD,0.00,,Y,A,-,N,,,,,,,,,,N,3,0,1,2,A,-,11,21954,A,N,G,B,D,A,H,-,A,A,0,Y,,,,Y,,N,60,0,1,0,0,1,0,0,0,0,- ,- ,34.254409790039062,-119.19760894775391,VENTURA,VENTURA,-119.19760894775391,34.254604339599609
9760303,2024,2024-12-06,5604,2024-11-12,1741,5459,,2,5,6,5604,0,0,0,,0,023,W 3RD ST,A ST,160.00,W,N,A,-,N,,,,,,,,,,Y,4,0,2,2,A,-,05,21650,,N,D,G,A,A,H,-,C,D,0,,Y,,,Y,,L,04,0,0,2,0,0,0,1,0,0,- ,- ,34.200321197509766,-119.17855072021484,VENTURA,OXNARD,-119.17908477783203,34.200340270996094
9760349,2024,2024-12-06,5604,2024-10-19,1829,5597,,6,5,6,5604,0,0,0,,0,024,WOLFF ST,S C ST S,0.00,,Y,A,-,N,,,,,,,,,,N,4,0,1,2,A,-,09,21802,A,N,D,G,A,A,H,-,B,B,0,,Y,,,Y,,A,01,0,0,1,0,0,0,1,0,0,- ,- ,34.188568115234375,-119.181396484375,VENTURA,OXNARD,-119.18122100830078,34.188316345214844
9760870,2024,2024-12-16,5608,2024-11-27,1525,570,,3,5,6,5608,0,0,0,,0,004,RALSTON ST,SWIFT AVE,5.00,W,N,A,-,N,,,,,,,,,,N,2,0,1,2,A,-,05,21650,,N,D,G,A,A,H,-,A,D,0,,Y,,,Y,,L,04,1,0,0,0,0,0,1,0,0,- ,- ,,,VENTURA,VENTURA,-119.20458984375,34.261959075927734
9763474,2024,2025-01-14,5604,2024-12-16,1539,5696,,1,5,6,5604,0,0,0,,0,042,SAVIERS RD,FASHION PARK PL,30.00,N,N,A,-,N,,,,,,,,,,N,4,0,1,2,A,-,00,21650,A,N,A,G,A,A,H,-,A,A,0,,Y,,,Y,,L,04,0,0,1,0,0,0,1,0,0,- ,- ,34.158481597900391,-119.17771148681641,VENTURA,OXNARD,-119.17778778076172,34.158592224121094
9763484,2024,2025-01-14,5604,2024-12-08,825 ,5609,,7,5,6,5604,0,0,0,,0,032,WOOLEY RD,DONLON AV,80.00,E,N,A,-,N,,,,,,,,,,Y,2,0,1,2,A,-,11,21954,A,N,G,B,D,A,H,-,A,D,0,Y,,,,Y,,N,60,1,0,0,0,1,0,0,0,0,- ,- ,34.190029144287109,-119.17743682861328,VENTURA,OXNARD,-119.17637634277344,34.189998626708984
9765692,2025,2025-02-25,5608,2025-02-08,1636,528,,6,5,6,5608,0,0,0,,0,004,KENNEBEC ST,POTOMAC AV,25.00,W,N,A,-,N,,,,,,,,,,N,2,0,1,1,A,-,08,22107,,N,H,G,A,A,H,-,A,D,0,,Y,,,Y,,L,04,1,0,0,0,0,0,1,0,0,- ,- ,,,VENTURA,VENTURA,-119.170654296875,34.261890411376953
9766070,2025,2025-02-26,5608,2025-02-18,1535,539,,2,5,6,5608,0,0,0,,0,001,HEMLOCK ST,META ST,6.00,S,N,A,-,N,,,,,,,,,,N,3,0,1,2,A,-,10,21950,A,N,G,B,B,A,H,-,A,D,0,Y,,,,Y,,A,01,0,1,0,0,1,0,0,0,0,- ,- ,,,VENTURA,VENTURA,-119.28244018554688,34.278312683105469
9766121,2025,2025-02-27,5608,2025-02-07,1940,521,,5,5,6,5608,0,0,0,,0,004,SOUTH VICTORIA AV,AVOCET DR,0.00,,Y,A,-,N,,,,,,,,,,N,3,0,1,2,A,-,05,21650,1,N,H,G,A,A,H,-,C,A,0,,Y,,,Y,,M,91,0,1,0,0,0,0,1,0,0,- ,- ,34.258289337158203,-119.21098327636719,VENTURA,VENTURA,-119.21108245849609,34.258411407470703
9770867,2024,2025-01-07,5608,2024-12-21,1228,537,,6,5,6,5608,0,0,0,,0,001,E THOMASON BL,CHRISMAN AV,6.00,W,N,A,-,N,,,,,,,,,,N,3,0,1,2,A,-,10,21950,A,N,A,B,B,A,H,-,A,A,0,Y,,,,Y,,A,01,0,1,0,0,1,0,0,0,0,- ,- ,,,VENTURA,VENTURA,-119.27861785888672,34.276004791259766
9770884,2024,2025-01-28,5608,2024-12-10,845 ,543,,2,5,6,5608,0,0,0,,0,003,TELEGRAPH RD,NEVADA AV,191.00,E,N,A,-,N,,,,,,,,,,N,3,0,1,2,A,-,09,21804,A,N,D,G,A,A,H,-,A,D,0,,Y,,,Y,,A,01,0,1,0,0,0,0,1,0,0,- ,- ,,,VENTURA,VENTURA,-119.16316986083984,34.293922424316406
9773583,2024,2025-01-08,5604,2024-05-21,710 ,5512,,2,5,6,5604,0,0,0,,0,041,SAVIERS RD,THOMAS AV,0.00,,Y,A,-,N,,,,,,,,,,N,3,0,1,2,A,-,09,21801,A,F,D,G,A,A,H,-,A,A,0,,Y,,,Y,,-,,0,1,0,0,0,0,1,0,0,- ,- ,34.200790405273438,-119.18138885498047,VENTURA,OXNARD,-119.17755126953125,34.169769287109375
9777725,2025,2025-03-19,5608,2025-02-21,1458,542,,5,5,6,5608,0,0,0,,0,003,SOUTH VICTORIA AV,WOODLAND ST,0.00,,Y,A,-,N,,,,,,,,,,N,3,0,1,2,A,-,03,22350,,M,D,G,A,A,H,-,A,A,0,,Y,,,Y,,A,01,0,1,0,0,0,0,1,0,0,- ,- ,,,VENTURA,VENTURA,-119.21461486816406,34.27557373046875
9781628,2025,2025-02-14,5604,2025-01-24,807 ,5701,,5,5,6,5604,0,0,0,,0,042,CUESTA DEL MAR DR,PERKINS RD,10.00,E,N,A,-,N,,,,,,,,,,Y,4,0,1,2,A,-,10,21950,A,N,A,B,B,A,H,-,A,D,0,Y,,,,Y,,A,01,0,0,1,0,1,0,0,0,0,- ,- ,34.148830413818359,-119.18388366699219,VENTURA,OXNARD,-119.18387603759766,34.148860931396484
9781704,2024,2025-02-20,5604,2024-12-16,1315,5764,,1,5,6,5604,0,0,0,,0,014,N OXNARD BL,TOWN CENTER DR,0.00,,Y,A,-,N,,,,,,,,,,N,4,0,1,2,A,-,11,21456,A,N,G,B,B,A,H,-,A,A,0,Y,,,,Y,,A,01,0,0,1,0,1,0,0,0,0,- ,- ,34.241531372070312,-119.18009948730469,VENTURA,OXNARD,-119.18025207519531,34.241527557373047
9783999,2025,2025-02-14,5604,2025-01-14,1853,5392,,2,5,6,5604,0,0,0,,0,024,W CHANNEL ISLANDS BL,MANZANITA DR,0.00,,Y,A,-,N,,,,,,,,,,N,4,0,1,2,A,-,12,22450,A,F,D,G,A,A,H,-,C,A,0,,Y,,,Y,,A,01,0,0,1,0,0,0,1,0,0,- ,- ,34.175628662109375,-119.19225311279297,VENTURA,OXNARD,-119.19225311279297,34.175636291503906
9784333,2025,2025-02-25,5604,2025-01-31,1758,5817,,5,5,6,5604,0,0,0,,0,032,EMERSON AV,DU PONT ST,150.00,W,N,A,-,N,,,,,,,,,,Y,4,0,1,2,A,-,03,22350,,N,G,B,E,A,H,-,D,D,0,Y,,,,Y,,A,01,0,0,1,0,1,0,0,0,0,- ,- ,34.182571411132812,-119.15995025634766,VENTURA,OXNARD,-119.15456390380859,34.182464599609375
9786317,2024,2025-07-10,5606,2024-12-31,1507,1171,5606,2,5,4,5606,0,0,0,,0,002,E SANTA BARBARA ST,N DAVIS ST,0.00,,Y,A,-,N,,,,,,,,,,Y,1,1,0,2,A,-,00,12500,A,N,G,B,C,A,H,-,A,D,0,Y,,,,Y,,A,01,0,0,0,1,0,0,0,0,0,- ,- ,,,VENTURA,SANTA PAULA,-119.06351470947266,34.354774475097656
9786380,2024,2025-07-14,5604,2024-12-13,755 ,5512,,5,5,6,5604,0,0,0,,0,031,S ROOSEVELT AV,E 1ST ST,0.00,,Y,A,-,N,,,,,,,,,,N,1,1,0,2,A,-,05,21660,,N,D,G,A,A,H,-,A,A,0,,Y,,,Y,,L,04,0,0,0,0,0,1,0,0,0,- ,- ,34.202919006347656,-119.1727294921875,VENTURA,OXNARD,-119.1727294921875,34.202907562255859
9787185,2025,2025-04-24,5608,2025-03-28,1359,537,,5,5,6,5608,0,0,0,,0,001,MAIN ST,JULIAN ST,0.00,,Y,A,-,N,,,,,,,,,,N,3,0,1,2,A,-,09,21804,,N,D,G,A,A,H,-,A,D,0,,Y,,,Y,,A,07,0,1,0,0,0,0,1,0,0,- ,- ,34.282268524169922,-119.31172943115234,VENTURA,VENTURA,-119.30474853515625,34.281532287597656
9787189,2025,2025-04-24,5608,2025-03-12,1128,561,,3,5,6,5608,0,0,0,,0,001,OLIVE ST,MAIN ST,322.00,N,N,B,-,N,,,,,,,,,,N,3,0,3,4,A,-,07,21658,A,F,G,B,F,B,H,-,A,D,0,Y,,,,Y,,A,07,0,2,1,0,3,0,0,0,0,- ,- ,,,VENTURA,VENTURA,,
9805110,2025,2025-05-06,5604,2025-03-24,925 ,5160,,1,5,6,5604,0,0,0,,0,031,EASTMAN AV,ROSE AV,530.00,E,N,A,-,N,,,,,,,,,,N,3,0,1,2,A,-,00,21760,C,N,G,G,A,A,H,-,A,A,0,,Y,,,Y,,A,07,0,1,0,0,0,0,1,0,0,- ,- ,34.198661804199219,-119.15866088867188,VENTURA,OXNARD,-119.15812683105469,34.198299407958984
9807390,2025,2025-06-02,5608,2025-04-27,14  ,456,,7,5,6,5608,0,0,0,,0,002,MAIN ST,SANTA ROSA,54.00,W,N,B,-,N,,,,,,,,,,N,2,0,1,2,A,-,11,21954,A,N,G,B,D,A,H,-,C,D,0,Y,,,,Y,Y,N,60,1,0,0,0,1,0,0,0,0,- ,- ,,,VENTURA,VENTURA,-119.27234649658203,34.278587341308594
9813343,2025,2025-05-20,5604,2025-04-17,1145,5764,,4,5,6,5604,0,0,0,,0,042,SAVIERS RD,PLEASANT VALLEY RD,20.00,N,N,A,-,N,,,,,,,,,,N,3,0,1,2,A,-,07,21658,A,N,D,G,A,A,H,-,A,A,0,,Y,,,Y,,L,04,0,1,0,0,0,0,1,0,0,- ,- ,34.154708862304688,-119.17774963378906,VENTURA,OXNARD,-119.17784881591797,34.15478515625
9815121,2025,2025-06-09,5604,2025-05-05,1450,5018,,1,5,6,5604,0,0,0,,0,021,S HARBOR BL,CHANNEL ISLANDS BL,100.00,N,N,A,-,N,,,,,,,,,,N,3,0,1,2,A,-,08,22107,,N,C,G,A,A,H,-,A,A,0,,Y,,,Y,,L,04,0,1,0,0,0,0,1,0,0,- ,- ,34.176681518554688,-119.23062896728516,VENTURA,OXNARD,-119.23052978515625,34.17620849609375
9815267,2025,2025-06-09,5604,2025-05-12,732 ,5508,,1,5,6,5604,0,0,0,,0,031,E 1ST ST,ROSE AV,0.00,,Y,A,-,N,,,,,,,,,,N,3,0,1,2,A,-,10,21950,A,N,G,B,B,A,H,-,A,A,0,Y,,,,Y,,A,01,0,1,0,0,1,0,0,0,0,- ,- ,34.202610015869141,-119.15971374511719,VENTURA,OXNARD,-119.15981292724609,34.202617645263672
9815277,2025,2025-06-09,5604,2025-05-06,1802,5824,,2,5,6,5604,0,0,0,,0,011,N H ST,GLEENWOOD ST,93.00,E,N,B,-,N,,,,,,,,,,N,3,0,1,2,A,-,08,22107,,N,B,B,A,A,H,-,A,D,0,,Y,,,Y,,L,04,0,1,0,0,0,0,1,0,0,- ,- ,,,VENTURA,OXNARD,,
9817989,2025,2025-06-19,5604,2025-05-27,1717,5285,,2,5,6,5604,0,0,0,,0,042,E DOLLIE ST,CLOYNE ST,50.00,W,N,A,-,N,,,,,,,,,,,4,0,1,2,A,-,05,21650,,N,D,G,A,A,H,-,A,A,0,,Y,,,Y,,L,04,0,0,1,0,0,0,1,0,0,- ,- ,34.157569885253906,-119.17426300048828,VENTURA,OXNARD,-119.17331695556641,34.157310485839844
9817993,2025,2025-06-19,5604,2025-05-29,1117,5446,,4,5,6,5604,0,0,0,,0,041,SAVIERS RD,BARD RD,0.00,,Y,A,-,N,,,,,,,,,,N,4,0,1,2,A,-,08,22107,,F,G,B,A,A,H,-,A,A,0,,Y,,,Y,,-,99,0,0,1,0,0,0,1,0,0,- ,- ,34.161178588867188,-119.17732238769531,VENTURA,OXNARD,-119.17778015136719,34.161003112792969
9819186,2025,2025-08-21,5608,2025-07-15,1827,528,,2,5,6,5608,0,0,0,,0,003,TELEPHONE RD,RAMELLI AV,0.00,,Y,A,-,N,,,,,,,,,,N,3,0,1,2,A,-,05,21202,A,N,H,G,A,A,H,-,A,A,0,,Y,,,Y,,L,04,0,1,0,0,0,0,1,0,0,- ,- ,34.268001556396484,-119.19300079345703,VENTURA,VENTURA,-119.19355010986328,34.268184661865234
9828961,2025,2025-06-25,5604,2025-05-15,1337,5610,,4,5,6,5604,0,0,0,,0,031,E GONZALES RD,ENTRADA DR,100.00,E,N,A,-,N,,,,,,,,,,N,4,0,1,2,A,-,03,22350,,F,G,B,D,A,H,-,A,D,0,Y,,,,Y,,A,07,0,0,1,0,1,0,0,0,0,- ,- ,34.21826171875,-119.1702880859375,VENTURA,OXNARD,-119.17194366455078,34.218959808349609
9829019,2025,2025-06-19,5604,2025-06-02,1657,5135,,1,5,6,5604,0,0,0,,0,022,1ST ST,F ST,0.00,,Y,A,-,N,,,,,,,,,,N,4,0,1,2,A,-,09,21802,B,F,C,G,A,A,H,-,A,D,0,,Y,,,Y,,A,01,0,0,1,0,0,0,1,0,0,- ,- ,34.203010559082031,-119.18508148193359,VENTURA,OXNARD,-119.18508911132812,34.203025817871094