CASE_ID,ACCIDENT_YEAR,PROC_DATE,JURIS,COLLISION_DATE,COLLISION_TIME,OFFICER_ID,REPORTING_DISTRICT,DAY_OF_WEEK,CHP_SHIFT,POPULATION,CNTY_CITY_LOC,SPECIAL_COND,BEAT_TYPE,CHP_BEAT_TYPE,CITY_DIVISION_LAPD,CHP_BEAT_CLASS,BEAT_NUMBER,PRIMARY_RD,SECONDARY_RD,DISTANCE,DIRECTION,INTERSECTION,WEATHER_1,WEATHER_2,STATE_HWY_IND,CALTRANS_COUNTY,CALTRANS_DISTRICT,STATE_ROUTE,ROUTE_SUFFIX,POSTMILE_PREFIX,POSTMILE,LOCATION_TYPE,RAMP_INTERSECTION,SIDE_OF_HWY,TOW_AWAY,COLLISION_SEVERITY,NUMBER_KILLED,NUMBER_INJURED,PARTY_COUNT,PRIMARY_COLL_FACTOR,PCF_CODE_OF_VIOL,PCF_VIOL_CATEGORY,PCF_VIOLATION,PCF_VIOL_SUBSECTION,HIT_AND_RUN,TYPE_OF_COLLISION,MVIW,PED_ACTION,ROAD_SURFACE,ROAD_COND_1,ROAD_COND_2,LIGHTING,CONTROL_DEVICE,CHP_ROAD_TYPE,PEDESTRIAN_ACCIDENT,BICYCLE_ACCIDENT,MOTORCYCLE_ACCIDENT,TRUCK_ACCIDENT,NOT_PRIVATE_PROPERTY,ALCOHOL_INVOLVED,STWD_VEHTYPE_AT_FAULT,CHP_VEHTYPE_AT_FAULT,COUNT_SEVERE_INJ,COUNT_VISIBLE_INJ,COUNT_COMPLAINT_PAIN,COUNT_PED_KILLED,COUNT_PED_INJURED,COUNT_BICYCLIST_KILLED,COUNT_BICYCLIST_INJURED,COUNT_MC_KILLED,COUNT_MC_INJURED,PRIMARY_RAMP,SECONDARY_RAMP,LATITUDE,LONGITUDE,COUNTY,CITY,POINT_X,POINT_Y
6666299,2014,2014-12-12,5600,2014-10-09,1347,1936,9142,4,5,6,5607,0,0,0,,0,09D,WESTLAKE BL,PEACOCK CT,0.00,,Y,A,-,N,,,,,,,,,,N,4,0,1,2,A,-,08,22100,A,N,H,G,A,A,H,-,A,A,0,,Y,,,Y,,A,07,0,0,1,0,0,0,1,0,0,- ,- ,,,VENTURA,THOUSAND OAKS,-118.8229801,34.196720050000003
6667597,2014,2014-11-20,5600,2014-09-17,0752,3006,9072,3,5,6,5607,0,0,0,,0,09G,AGOURA RD,LA VENTA RD,0.00,,Y,A,-,N,,,,,,,,,,N,3,0,1,2,A,-,12,21453,A,N,H,G,A,A,H,-,A,A,0,,Y,,,Y,,L,04,0,1,0,0,0,0,1,0,0,- ,- ,,,VENTURA,THOUSAND OAKS,-118.82244006000001,34.149190050000001
6673562,2014,2014-12-18,9765,2014-11-22,1056,20004,,6,1,9,5600,0,3,5,,2,001,CANADA LARGA RD,VENTURA AV,27.00,E,N,A,-,N,,,,,,,,,,N,2,0,1,2,A,-,03,22350,,N,G,B,E,A,H,-,A,A,0,Y,,,,Y,,J,48,1,0,0,0,1,0,0,0,0,- ,- ,34.341740000000001,-119.29384,VENTURA,UNINCORPORATED,-119.29378070999999,34.341652549999999
6679050,2014,2014-12-19,5608,2014-10-19,1320,353,,7,5,6,5608,0,0,0,,0,002,HARBOR BL,PENINSULA ST,0.00,,Y,A,-,N,,,,,,,,,,N,4,0,1,2,A,-,05,21650,1,N,D,G,A,A,H,-,A,A,0,,Y,,,Y,,L,04,0,0,1,0,0,0,1,0,0,- ,- ,,,VENTURA,VENTURA,-119.26440988,34.261930079999999
6679118,2014,2014-12-19,5608,2014-10-20,1848,458,,1,5,6,5608,0,0,0,,0,002,JONES ST,OCEAN AV,19.00,S,N,A,-,N,,,,,,,,,,N,3,0,1,2,A,-,08,22107,,N,G,B,B,A,H,-,B,D,0,Y,,,,Y,,-,,0,1,0,0,1,0,0,0,0,- ,- ,,,VENTURA,VENTURA,-119.2626544,34.270609239999999
6695168,2014,2015-01-07,5600,2014-11-01,0948,4938,9076,6,5,6,5607,0,0,0,,0,09H,MOORPARK RD,GAINSBOROUGH RD,9.00,N,N,B,-,N,,,,,,,,,,N,3,0,1,2,A,-,10,21950,A,N,G,B,B,A,H,-,A,A,0,Y,,,,Y,,A,07,0,1,0,0,1,0,0,0,0,- ,- ,,,VENTURA,THOUSAND OAKS,-118.8722338,34.194940699999997
6704426,2014,2015-01-07,5608,2014-10-05,1700,417,,7,5,6,5608,0,0,0,,0,002,MARKET ST,CALLENS RD,0.00,,Y,A,-,N,,,,,,,,,,N,4,0,1,2,A,-,12,21453,A,F,D,G,A,A,H,-,A,A,0,,Y,,,Y,,-,99,0,0,1,0,0,0,1,0,0,- ,- ,,,VENTURA,VENTURA,-119.24093997,34.259610119999998
6705480,2014,2015-01-07,5609,2014-11-05,1456,388,,3,5,6,5609,0,0,0,,0,004,TAPO CANYON RD,AVENIDA SIMI,0.00,,Y,A,-,N,,,,,,,,,,N,3,0,1,2,A,-,10,21950,A,N,G,B,B,A,H,-,A,A,0,Y,,,,Y,,A,07,0,1,0,0,1,0,0,0,0,- ,- ,,,VENTURA,SIMI VALLEY,-118.71765009000001,34.289880080000003
6707513,2014,2015-01-05,5605,2014-10-29,1647,105,PATRO,3,5,3,5605,0,0,0,,0,001,PONOMA ST,CLARA ST,0.00,,Y,A,-,N,,,,,,,,,,N,3,0,1,2,A,-,12,22450,A,N,D,G,A,A,H,-,A,A,0,,Y,,,Y,,L,04,0,1,0,0,0,0,1,0,0,- ,- ,,,VENTURA,PORT HUENEME,-119.20002001,34.151590040000002
6708146,2014,2015-01-07,5608,2014-11-14,1852,398,,5,5,6,5608,0,0,0,,0,001,E MAIN ST,CHESTNUT ST,150.00,W,N,A,-,N,,,,,,,,,,N,3,0,1,2,A,-,08,22107,,N,D,G,A,A,H,-,C,D,0,,Y,,,Y,,-,,0,1,0,0,0,0,1,0,0,- ,- ,,,VENTURA,VENTURA,-119.292046,34.2808268
6712631,2014,2015-01-15,5600,2014-11-10,1900,2740,9128,1,5,6,5607,0,0,0,,0,09H,RANCHO CONEJO BL,AMGEN CENTER DR,606.00,N,N,A,-,N,,,,,,,,,,N,3,0,1,2,A,-,09,21801,A,N,H,G,A,A,H,-,C,D,0,,Y,,,Y,,D,22,0,1,0,0,0,0,1,0,0,- ,- ,,,VENTURA,THOUSAND OAKS,-118.9229727,34.192541970000001
6718718,2017,2019-04-08,5606,2017-11-10,1734,1065,5606,5,5,4,5606,0,0,0,,0,001,HARVARD BL,ELM ST,114.00,W,N,A,-,N,,,,,,,,,,N,1,1,0,2,A,-,11,21954,A,N,G,B,D,A,H,-,D,D,0,Y,,,,Y,Y,N,60,0,0,0,1,0,0,0,0,0,- ,- ,,,VENTURA,SANTA PAULA,-119.08352039,34.34121227
6720380,2014,2014-12-29,9770,2014-10-26,1300,020549,,7,1,9,5600,0,2,4,,1,062,LAKE SHERWOOD DR,POTRERO RD,400.00,S,N,A,-,N,,,,,,,,,,N,3,0,1,2,A,-,21,22106,,M,H,G,A,A,H,-,A,D,0,,Y,,,Y,,A,07,0,1,0,0,0,0,1,0,0,- ,- ,34.140009999999997,-118.87427,VENTURA,UNINCORPORATED,-118.87666958,34.140843060000002
6721248,2014,2015-01-09,5608,2014-11-19,1513,401,,3,5,6,5608,0,0,0,,0,002,DALTON ST,LEXINGTON DR,0.00,,Y,A,-,N,,,,,,,,,,N,3,0,1,2,A,-,12,22450,A,N,G,B,E,A,H,-,A,A,0,Y,,,,Y,,N,60,0,1,0,0,1,0,0,0,0,- ,- ,,,VENTURA,VENTURA,-119.25888999,34.276800010000002
6731031,2014,2015-01-20,5600,2014-11-22,1605,4438,8110,6,5,5,5601,0,0,0,,0,8B1,LAS POSAS RD,ARNEILL RD,0.00,,Y,A,-,N,,,,,,,,,,Y,3,0,1,2,A,-,09,21801,A,N,H,G,A,A,H,-,A,A,0,,Y,,,Y,Y,A,01,0,1,0,0,0,0,1,0,0,- ,- ,34.236440000000002,-119.0391,VENTURA,CAMARILLO,-119.03908002,34.236580070000002
6739462,2014,2015-01-21,5600,2014-11-17,1705,2913,9088,1,5,6,5607,0,0,0,,0,09G,HILLCREST DR,SEARS DR,4.00,W,N,A,-,N,,,,,,,,,,N,3,0,1,2,A,-,11,21456,B,N,G,B,B,A,H,-,C,A,0,Y,,,,Y,,N,60,0,1,0,0,1,0,0,0,0,- ,- ,,,VENTURA,THOUSAND OAKS,,
6739470,2014,2016-02-19,5600,2014-11-14,1156,2110,9085,5,5,6,5607,0,0,0,,0,09G,RT 23,THOUSAND OAKS BL,8.00,N,N,B,-,N,,,,,,,,,,N,4,0,1,2,A,-,05,21650,,N,H,G,A,A,H,-,A,A,0,,Y,,,Y,,L,04,0,0,1,0,0,0,1,0,0,- ,- ,,,VENTURA,THOUSAND OAKS,-118.82288933,34.160823860000001
6741893,2014,2015-01-20,9770,2014-11-25,1005,018572,,2,1,9,5600,0,3,5,,2,003,SUNSET VALLEY RD,READ RD,60.00,N,N,A,-,N,,,,,,,,,,Y,2,0,1,2,A,-,05,21460,A,N,H,G,A,A,H,-,A,D,0,,Y,,,Y,,A,01,1,0,0,0,0,0,1,0,0,- ,- ,34.250239999999998,-118.85262,VENTURA,UNINCORPORATED,-118.85254372999999,34.250131359999997
6745260,2014,2014-12-30,5606,2014-10-13,1815,1101,5606,1,5,4,5606,0,0,0,,0,001,SANTA PAULA ST,5TH ST,0.00,,Y,A,-,N,,,,,,,,,,N,3,0,1,2,A,-,09,21801,A,N,D,G,A,A,H,-,B,D,0,,Y,,,Y,,A,07,0,1,0,0,0,0,1,0,0,- ,- ,,,VENTURA,SANTA PAULA,-119.07004000000001,34.354620079999997
6745261,2014,2014-12-30,5606,2014-10-08,1430,1084,5606,3,5,4,5606,0,0,0,,0,002,SANTA PAULA ST,8TH ST,0.00,,Y,A,-,N,,,,,,,,,,N,2,0,3,4,A,-,10,21950,A,N,G,B,B,A,H,-,A,A,0,Y,,,,Y,,A,07,1,1,1,0,3,0,0,0,0,- ,- ,,,VENTURA,SANTA PAULA,-119.06559008000001,34.356030019999999
6745515,2014,2015-01-20,5600,2014-11-18,0839,4397,8211,2,5,5,5601,0,0,0,,0,08D,MISSION OAKS BL,VIA CARRANZA,0.00,,Y,A,-,N,,,,,,,,,,N,3,0,1,2,D,-,00,,,N,D,G,A,A,H,-,A,A,0,,Y,,,Y,,-,- ,0,1,0,0,0,0,1,0,0,- ,- ,34.228020000000001,-118.99935000000001,VENTURA,CAMARILLO,-118.99931005000001,34.227980010000003
6750952,2014,2015-07-23,9765,2014-12-25,1945,20423,,4,2,9,5600,0,1,3,,1,020,RT 33,W VILLANOVA RD,528.00,N,N,A,-,Y,,,33,,,,,,,N,2,0,1,2,A,-,11,21954,A,N,G,B,D,A,H,-,D,D,0,Y,,,,Y,Y,N,60,1,0,0,0,1,0,0,0,0,- ,- ,34.427230000000002,-119.28869,VENTURA,UNINCORPORATED,-119.28893063,34.427247800000004
6754946,2014,2015-02-02,5608,2014-12-23,1207,423,,2,5,6,5608,0,0,0,,0,001,CHRISMAN AV,THOMPSON BL,0.00,,Y,A,-,N,,,,,,,,,,N,4,0,1,2,A,-,11,21950,B,N,D,G,A,A,H,-,A,D,0,,Y,,,Y,,L,04,0,0,1,0,0,0,1,0,0,- ,- ,,,VENTURA,VENTURA,-119.27859992,34.276000019999998
6764074,2014,2015-02-03,5600,2014-12-18,1218,3754,8201,4,5,5,5601,0,0,0,,0,08D,VIA SECOYA,FLYNN RD,6.00,E,N,B,C,N,,,,,,,,,,N,3,0,1,2,A,-,11,21950,B,N,G,B,B,B,H,-,A,A,0,Y,,,,Y,,N,60,0,1,0,0,1,0,0,0,0,- ,- ,34.238509999999998,-119.00949,VENTURA,CAMARILLO,-119.00962426,34.238619989999997
6764239,2014,2015-02-03,5600,2014-12-08,1324,3384,8112,1,5,5,5601,0,0,0,,0,08B,MOBIL AV,KINO ST,106.00,S,N,A,-,N,,,,,,,,,,N,3,0,1,2,A,-,05,21650,1,N,D,G,A,A,H,-,A,D,0,,Y,,,Y,,L,04,0,1,0,0,0,0,1,0,0,- ,- ,34.220379999999999,-119.0429,VENTURA,CAMARILLO,-119.04297235999999,34.2204391
6773335,2014,2015-01-28,5600,2014-11-27,1000,4429,8151,4,5,5,5601,0,0,0,,0,08B,RT 101,CARMEN DR,3.00,E,N,A,-,Y,,,101,,,,,,,N,4,0,1,2,A,-,10,21950,A,N,G,B,B,A,H,-,A,A,0,Y,,,,Y,,A,01,0,0,1,0,1,0,0,0,0,WF,- ,34.218269999999997,-119.05056,VENTURA,CAMARILLO,-119.05058203,34.217750080000002
6773443,2014,2015-02-18,5608,2014-12-29,1010,401,,1,5,6,5608,0,0,0,,0,002,S SEAWARD AV,HARBOR BL,0.00,,Y,A,-,N,,,,,,,,,,N,4,0,1,2,A,-,12,21453,A,N,-,G,A,A,H,-,A,A,0,,Y,,,Y,,L,04,0,0,1,0,0,0,1,0,0,- ,- ,,,VENTURA,VENTURA,-119.27023993,34.264860030000001
6773451,2014,2015-02-24,5608,2014-12-27,0530,456,,6,5,6,5608,0,0,0,,0,003,WELLS RD,DARLING,129.00,N,N,A,-,N,,,,,,,,,,N,4,0,1,2,-,-,- ,,,F,H,G,A,A,H,-,C,A,0,,Y,,,Y,,-,- ,0,0,1,0,0,0,1,0,0,- ,- ,,,VENTURA,VENTURA,-119.15398066,34.286856469999996
6773461,2014,2015-02-13,5600,2014-12-24,1923,2740,9126,3,5,6,5607,0,0,0,,0,09H,HILLCREST DR,CAMINO DOS RIOS,0.00,,Y,B,-,N,,,,,,,,,,N,4,0,1,2,A,-,05,21650,1,N,H,G,A,A,H,-,C,A,0,,Y,,,Y,,L,04,0,0,1,0,0,0,1,0,0,- ,- ,,,VENTURA,THOUSAND OAKS,-118.93514003999999,34.189380059999998
6773777,2014,2015-02-10,5609,2014-12-18,1742,437,,4,5,6,5609,0,0,0,,0,002,MADERA RD,COUNTRY CLUB DR,526.00,E,N,A,-,N,,,,,,,,,,N,3,0,1,2,-,-,- ,,,F,-,G,A,A,H,-,C,D,0,,Y,,,Y,,-,- ,0,1,0,0,0,0,1,0,0,- ,- ,,,VENTURA,SIMI VALLEY,-118.82071071,34.252272650000002
6774175,2014,2015-01-14,5608,2014-10-11,1300,239,,6,5,6,5608,0,0,0,,0,003,TELEGRAPH RD,N ASHWOOD AV,0.00,,Y,A,-,N,,,,,,,,,,N,3,0,1,2,A,-,10,21950,A,F,G,B,B,A,H,-,A,A,0,Y,,,,Y,,-,,0,1,0,0,1,0,0,0,0,- ,- ,,,VENTURA,VENTURA,-119.23918,34.274440050000003
6775038,2015,2016-04-13,9765,2015-01-05,2155,20917,,1,2,9,5600,0,3,5,,2,004,LIRIO AV,NARDO ST,299.00,S,N,A,-,N,,,,,,,,,,N,2,0,1,2,A,-,03,22350,,N,G,B,E,A,H,-,D,D,0,Y,,,,Y,,A,01,1,0,0,0,1,0,0,0,0,- ,- ,34.279890000000002,-119.14845,VENTURA,UNINCORPORATED,-119.14834553999999,34.279983190000003
6776972,2014,2015-02-17,5600,2014-12-28,1953,2740,9020,7,5,6,5607,0,0,0,,0,09A,CALLE ABETO,AVENIDA DE LOS ARBOLES,8.00,N,N,A,-,N,,,,,,,,,,N,4,0,1,2,A,-,10,21950,A,F,G,B,B,A,H,-,D,A,0,Y,,,,Y,,A,07,0,0,1,0,1,0,0,0,0,- ,- ,,,VENTURA,THOUSAND OAKS,-118.8528572,34.212279199999998
6783223,2014,2015-01-28,5609,2014-11-29,1204,366,,6,5,6,5609,0,0,0,,0,003,LOS ANGELES AV,HUBBARD ST,0.00,,Y,A,-,N,,,,,,,,,,N,4,0,1,2,A,-,10,21950,A,F,G,B,B,A,H,-,A,A,0,Y,,,,Y,,-,,0,0,1,0,1,0,0,0,0,- ,- ,,,VENTURA,SIMI VALLEY,-118.77014008,34.271800059999997
6783851,2016,2017-02-18,5600,2016-06-21,1445,4877,1005,2,5,2,5603,0,0,0,,0,1B01,RT 150,SIGNAL ST,112.00,E,N,A,-,Y,VEN,7,150,-,-,17.570,H,-,E,N,4,0,1,2,A,-,17,22517,,N,D,G,A,A,H,-,A,D,0,,Y,,,Y,,D,22,0,0,1,0,0,0,1,0,0,- ,- ,,,VENTURA,OJAI,-119.24377256,34.447970040000001
6789642,2014,2015-02-09,5600,2014-12-30,1823,3382,8112,2,5,5,5601,0,0,0,,0,08B,PONDEROSA DR,ARNEILL RD,12.00,E,N,A,-,N,,,,,,,,,,N,4,0,2,2,A,-,05,21650,1,N,D,G,A,A,H,-,C,A,0,,Y,,,Y,,L,04,0,0,2,0,0,0,1,0,0,- ,- ,34.223689999999998,-119.03907,VENTURA,CAMARILLO,-119.03900034999999,34.22363
6793023,2015,2015-02-23,5608,2015-01-21,2229,318,,3,5,6,5608,0,0,0,,0,001,MAIN ST,LAUREL ST,4.00,E,N,A,-,N,,,,,,,,,,N,4,0,1,2,A,-,12,22450,A,M,D,G,A,A,H,-,C,A,0,,Y,,,Y,,L,04,0,0,1,0,0,0,1,0,0,- ,- ,,,VENTURA,VENTURA,-119.28546677,34.280850000000001
6793584,2015,2015-02-23,5608,2015-01-19,0955,386,,1,5,6,5608,0,0,0,,0,002,PIERPONT BL,SHARON LN,99.00,E,N,A,-,N,,,,,,,,,,N,4,0,1,2,A,-,21,22106,,N,C,G,A,A,H,-,A,A,0,,Y,,,Y,,-,,0,0,1,0,0,0,1,0,0,- ,- ,,,VENTURA,VENTURA,-119.27633705,34.267777109999997
6795018,2014,2015-05-19,9770,2014-12-25,1740,020238,,4,2,6,5609,0,1,3,,2,083,RT 118,1ST ST,175.00,E,N,A,-,Y,,,118,,,,,,,N,4,0,1,2,A,-,21,22106,,F,G,B,E,A,H,-,B,D,0,Y,,,,Y,,A,01,0,0,1,0,1,0,0,0,0,FR,- ,34.281910000000003,-118.77748,VENTURA,SIMI VALLEY,-118.77747961999999,34.282130430000002
6799252,2015,2015-02-26,5600,2015-01-09,1734,4533,6018,5,5,3,5602,0,0,0,,0,6B01,CENTRAL AV,SANTA CLARA ST,0.00,,Y,A,-,N,,,,,,,,,,N,3,0,1,2,A,-,12,22450,A,N,D,G,A,A,H,-,C,D,0,,Y,,,Y,,L,04,0,1,0,0,0,0,1,0,0,- ,- ,,,VENTURA,FILLMORE,-118.91326008,34.398250070000003
6801825,2015,2016-09-20,9765,2015-02-03,1835,019988,,2,2,9,5600,0,1,3,,1,020,RT 33,OLD GRADE RD,300.00,S,N,A,-,Y,VEN,7,33,-,-,10.760,H,-,N,N,3,0,1,2,A,-,01,21200,5,N,H,G,A,A,H,-,C,D,0,,Y,,,Y,Y,L,04,0,1,0,0,0,0,1,0,0,- ,- ,34.424399999999999,-119.2891,VENTURA,UNINCORPORATED,-119.28947297000001,34.423369620000003
6803836,2015,2015-02-24,5608,2015-01-21,1517,284,,3,5,6,5608,0,0,0,,0,002,SANTA ROSA ST,EAST THOMPSON BL,184.00,N,N,A,-,N,,,,,,,,,,N,4,0,1,2,A,-,09,21804,A,N,D,G,A,A,H,-,A,D,0,,Y,,,Y,,L,04,0,0,1,0,0,0,1,0,0,- ,- ,,,VENTURA,VENTURA,-119.27306922,34.275421350000002
6807607,2015,2015-03-03,5600,2015-01-26,2050,4455,8128,1,5,5,5601,0,0,0,,0,8C01,PONDEROSA DR,SHEPHERD DR,12.00,W,N,C,-,N,,,,,,,,,,N,3,0,1,2,A,-,09,21804,A,N,D,G,A,B,H,-,C,A,0,,Y,,,Y,,L,04,0,1,0,0,0,0,1,0,0,- ,- ,34.232480000000002,-119.02696,VENTURA,CAMARILLO,-119.026881,34.232498999999997
6809097,2015,2015-03-05,5600,2015-02-03,2130,2740,9046,2,5,6,5607,0,0,0,,0,09B,JANSS RD,NORMAN AV,40.00,E,N,A,-,N,,,,,,,,,,N,3,0,1,2,A,-,21,22106,,F,G,B,E,A,H,-,C,D,0,Y,,,,Y,,A,01,0,1,0,0,1,0,0,0,0,- ,- ,,,VENTURA,THOUSAND OAKS,-118.86963801,34.1999256
6811109,2014,2016-06-24,5600,2014-12-23,1551,2947,5600,2,5,3,5602,0,0,0,,0,06B,RT 126,OLIVE ST,0.00,,Y,B,-,Y,VEN,7,126,-,-,21.281,I,5,E,N,3,0,1,2,A,-,10,21950,A,N,G,B,B,A,H,-,A,A,0,Y,,,,Y,,A,07,0,1,0,0,1,0,0,0,0,- ,- ,,,VENTURA,FILLMORE,-118.91538887,34.396459649999997
6812254,2015,2015-08-04,5600,2015-01-28,0728,4397,8006,3,5,5,5601,0,0,0,,0,08A,LAS POSAS RD,W PONDEROSA DR,0.00,,Y,A,-,N,,,,,,,,,,N,3,0,1,2,A,-,09,21804,A,N,D,G,A,A,H,-,A,A,0,,Y,,,Y,,L,04,0,1,0,0,0,0,1,0,0,- ,- ,34.223820000000003,-119.06968000000001,VENTURA,CAMARILLO,-119.06977008,34.223710060000002
6813604,2015,2015-03-11,9765,2015-02-10,1840,019988,,2,2,9,5600,0,3,5,,2,002,EL ROBLAR DR,POLI ST,50.00,E,N,A,-,N,,,,,,,,,,N,4,0,1,3,A,-,11,21954,A,N,G,B,D,A,H,-,D,D,0,Y,,,,Y,,N,60,0,0,1,0,1,0,0,0,0,- ,- ,34.450000000000003,-119.28100000000001,VENTURA,UNINCORPORATED,-119.28079045,34.449583050000001
6825165,2015,2015-03-09,5608,2015-02-12,0810,459,5608,4,5,6,5608,0,0,0,,0,003,TELEGRAPH RD,S BROOKSHIRE AV,0.00,,Y,A,-,N,,,,,,,,,,N,4,0,1,2,A,-,11,21950,B,N,-,G,A,A,H,-,A,D,0,,Y,,,Y,,L,04,0,0,1,0,0,0,1,0,0,- ,- ,,,VENTURA,VENTURA,-119.21194995,34.278390029999997
6825181,2015,2015-03-09,5608,2015-02-15,1908,449,,7,5,6,5608,0,0,0,,0,002,THOMPSON BL,FRANCES ST,186.00,W,N,A,-,N,,,,,,,,,,N,3,0,1,2,A,-,11,21954,A,N,G,B,D,A,H,-,C,D,0,Y,,,,Y,Y,N,60,0,1,0,0,1,0,0,0,0,- ,- ,,,VENTURA,VENTURA,-119.25918836,34.272147820000001
6826101,2015,2015-03-13,5609,2015-02-11,0755,312,,3,5,6,5609,0,0,0,,0,,ROYAL AV,VAQUERO DR,110.00,E,N,A,-,N,,,,,,,,,,N,4,0,1,2,A,-,08,22100,A,N,H,G,A,A,H,-,A,D,0,,Y,,,Y,,A,01,0,0,1,0,0,0,1,0,0,- ,- ,,,VENTURA,SIMI VALLEY,-118.79310649999999,34.264416760000003
6834358,2015,2015-03-19,5609,2015-02-25,1847,437,,3,5,6,5609,0,0,0,,0,003,SYCAMORE DR,MORLEY ST,0.00,,Y,A,-,N,,,,,,,,,,Y,3,0,1,2,A,-,01,23152,A,N,D,G,A,A,H,-,C,A,0,,Y,,,Y,Y,D,22,0,1,0,0,0,0,1,0,0,- ,- ,,,VENTURA,SIMI VALLEY,-118.74789008,34.26618002
6834988,2015,2015-03-19,5600,2015-02-20,1929,4646,8021,5,5,5,5601,0,0,0,,0,08B,PONDEROSA DR,CARMEN DR,0.00,,Y,A,-,N,,,,,,,,,,N,3,0,1,2,A,-,11,21950,B,N,G,B,B,A,H,-,C,A,0,Y,,,,Y,Y,N,60,0,1,0,0,1,0,0,0,0,- ,- ,34.223640000000003,-119.05087,VENTURA,CAMARILLO,-119.0507901,34.223640009999997
6834993,2015,2015-03-19,5600,2015-02-19,0823,4662,8106,4,5,5,5601,0,0,0,,0,08B,MOBIL AV,DAILY DR,0.00,,Y,B,-,N,,,,,,,,,,N,3,0,1,2,A,-,09,21804,A,N,D,G,A,A,H,-,A,A,0,,Y,,,Y,,L,04,0,1,0,0,0,0,1,0,0,- ,- ,34.217820000000003,-119.04303,VENTURA,CAMARILLO,-119.04299007,34.217700020000002
6836528,2015,2016-04-13,5608,2015-02-26,1510,333,,4,5,6,5608,0,0,0,,0,003,TELEGRAPH RD,HILL RD,1056.00,E,N,A,-,N,,,,,,,,,,N,3,0,1,2,A,-,05,21202,A,N,D,G,A,A,H,-,A,-,0,,Y,,,Y,,L,04,0,1,0,0,0,0,1,0,0,- ,- ,,,VENTURA,VENTURA,-119.20560276,34.279309210000001
6841807,2015,2015-03-24,5600,2015-03-12,2018,336X,9300,4,5,6,5607,0,0,0,,0,09C,VIA MIRABELLA,VIA RIO,4.00,W,N,A,-,N,,,,,,,,,,N,3,0,1,2,D,-,00,,,N,G,B,B,A,H,-,C,A,0,Y,,,,Y,,-,- ,0,1,0,0,1,0,0,0,0,- ,- ,,,VENTURA,THOUSAND OAKS,-118.97540417,34.17275042
6845073,2015,2015-03-13,5608,2015-02-25,1800,401,,3,5,6,5608,0,0,0,,0,001,N OLIVE ST,W WARNER ST,0.00,,Y,A,-,N,,,,,,,,,,N,3,0,1,2,A,-,05,21650,1,N,G,G,A,A,H,-,B,D,0,,Y,,,Y,,L,04,0,1,0,0,0,0,1,0,0,- ,- ,,,VENTURA,VENTURA,-119.30052997,34.29313003
6853958,2015,2015-03-25,5600,2015-03-09,0823,4375,8128,1,5,5,5601,0,0,0,,0,08C,KENDALL AV,DWIGHT AV,387.00,N,N,A,-,N,,,,,,,,,,N,3,0,1,2,A,-,05,21650,1,N,D,G,A,A,H,-,A,D,0,,Y,,,Y,,L,04,0,1,0,0,0,0,1,0,0,- ,- ,,,VENTURA,CAMARILLO,-119.03018058000001,34.232011730000004
6854271,2014,2015-04-20,5604,2014-05-12,1028,4591,,1,5,6,5604,0,0,0,,0,022,A ST,DEODAR AV,0.00,,Y,A,-,N,,,,,,,,,,Y,1,1,0,2,A,-,06,21750,,N,D,G,A,A,H,-,A,A,0,,Y,,,Y,,L,04,0,0,0,0,0,1,0,0,0,- ,- ,,,VENTURA,OXNARD,-119.17850013,34.20717011
6854326,2014,2016-01-07,9765,2014-10-28,0113,13830,,2,3,5,5601,0,1,2,,2,504,RT 101,AMEILL RD,423.00,S,N,A,-,Y,VEN,7,101,-,-,14.050,H,-,N,N,1,1,0,3,A,-,01,23152,A,F,G,B,E,A,H,-,C,D,1,Y,,,,Y,Y,-,- ,0,0,0,1,0,0,0,0,0,FR,- ,34.217599999999997,-119.03740000000001,VENTURA,CAMARILLO,-119.03766535,34.217427260000001
6854364,2014,2016-01-13,5604,2014-06-03,2320,4591,,2,5,6,5604,0,0,0,,0,,WOOLEY RD,MERCANTILE ST,152.00,E,N,A,-,N,,,,,,,,,,N,1,1,0,2,D,-,00,,,F,G,B,E,A,H,-,C,D,0,Y,,,,Y,,-,- ,0,0,0,1,0,0,0,0,0,- ,- ,,,VENTURA,OXNARD,-119.16900803999999,34.189952929999997
6854781,2015,2015-07-23,9765,2015-02-19,1845,20882,,4,2,9,5600,0,1,3,,2,053,RT 232,RT 118,1320.00,S,N,A,-,Y,VEN,7,232,-,R,3.890,H,-,S,Y,1,1,0,2,A,-,11,21954,A,N,G,B,D,A,H,-,D,D,0,Y,,,,Y,,N,60,0,0,0,1,0,0,0,0,0,- ,- ,34.27234,-119.13824,VENTURA,UNINCORPORATED,-119.13829138,34.272189419999997
6858020,2015,2015-04-17,5600,2015-03-14,1228,3364,9154,6,5,6,5607,0,0,0,,0,09G,THOUSAND OAKS BL,PLEASANT WY,215.00,E,N,A,-,N,,,,,,,,,,N,3,0,1,2,A,-,21,22106,,N,H,G,A,A,H,-,A,D,0,,Y,,,Y,,D,22,0,1,0,0,0,0,1,0,0,- ,- ,,,VENTURA,THOUSAND OAKS,-118.84281593999999,34.173941669999998
6858724,2015,2016-04-13,5600,2015-03-09,0741,3292,6009,1,5,3,5602,0,0,0,,0,06A,2ND ST,B ST,5.00,W,N,A,-,N,,,,,,,,,,N,3,0,1,2,A,-,10,21950,A,N,G,B,B,A,H,-,A,A,0,Y,,,,Y,,A,01,0,1,0,0,1,0,0,0,0,- ,- ,,,VENTURA,FILLMORE,-118.92405628,34.403147529999998
6863202,2015,2015-04-17,5608,2015-03-15,2020,406,,7,5,6,5608,0,0,0,,0,002,BORCHARD DR,THOMPSON BL,13.00,S,N,A,-,N,,,,,,,,,,N,4,0,1,2,A,-,08,22107,,N,D,G,A,A,H,-,C,A,0,,Y,,,Y,,-,,0,0,1,0,0,0,1,0,0,- ,- ,,,VENTURA,VENTURA,-119.2603201,34.272335320000003