CASE_ID,ACCIDENT_YEAR,PROC_DATE,JURIS,COLLISION_DATE,COLLISION_TIME,OFFICER_ID,REPORTING_DISTRICT,DAY_OF_WEEK,CHP_SHIFT,POPULATION,CNTY_CITY_LOC,SPECIAL_COND,BEAT_TYPE,CHP_BEAT_TYPE,CITY_DIVISION_LAPD,CHP_BEAT_CLASS,BEAT_NUMBER,PRIMARY_RD,SECONDARY_RD,DISTANCE,DIRECTION,INTERSECTION,WEATHER_1,WEATHER_2,STATE_HWY_IND,CALTRANS_COUNTY,CALTRANS_DISTRICT,STATE_ROUTE,ROUTE_SUFFIX,POSTMILE_PREFIX,POSTMILE,LOCATION_TYPE,RAMP_INTERSECTION,SIDE_OF_HWY,TOW_AWAY,COLLISION_SEVERITY,NUMBER_KILLED,NUMBER_INJURED,PARTY_COUNT,PRIMARY_COLL_FACTOR,PCF_CODE_OF_VIOL,PCF_VIOL_CATEGORY,PCF_VIOLATION,PCF_VIOL_SUBSECTION,HIT_AND_RUN,TYPE_OF_COLLISION,MVIW,PED_ACTION,ROAD_SURFACE,ROAD_COND_1,ROAD_COND_2,LIGHTING,CONTROL_DEVICE,CHP_ROAD_TYPE,PEDESTRIAN_ACCIDENT,BICYCLE_ACCIDENT,MOTORCYCLE_ACCIDENT,TRUCK_ACCIDENT,NOT_PRIVATE_PROPERTY,ALCOHOL_INVOLVED,STWD_VEHTYPE_AT_FAULT,CHP_VEHTYPE_AT_FAULT,COUNT_SEVERE_INJ,COUNT_VISIBLE_INJ,COUNT_COMPLAINT_PAIN,COUNT_PED_KILLED,COUNT_PED_INJURED,COUNT_BICYCLIST_KILLED,COUNT_BICYCLIST_INJURED,COUNT_MC_KILLED,COUNT_MC_INJURED,PRIMARY_RAMP,SECONDARY_RAMP,LATITUDE,LONGITUDE,COUNTY,CITY,POINT_X,POINT_Y
6863499,2015,2015-04-07,5609,2015-03-15,1648,227,,7,5,6,5609,0,0,0,,0,001,COCHRAN ST,LIBERTY WAY,875.00,E,N,A,-,N,,,,,,,,,,N,3,0,1,2,A,-,11,21954,A,N,G,B,E,A,H,-,A,D,0,Y,,,,Y,,N,60,0,1,0,0,1,0,0,0,0,- ,- ,,,VENTURA,SIMI VALLEY,-118.78584499999999,34.280099999999997
6863935,2015,2015-04-07,5600,2015-03-17,0818,5128,9116,2,5,6,5607,0,0,0,,0,09C,LYNN RD,KNOLLWOOD DR,0.00,,Y,A,-,N,,,,,,,,,,N,3,0,1,2,A,-,09,21802,A,N,H,G,A,A,H,-,A,A,0,,Y,,,Y,,A,07,0,1,0,0,0,0,1,0,0,- ,- ,,,VENTURA,THOUSAND OAKS,-118.95473002999999,34.161440030000001
6863951,2015,2015-04-07,5600,2015-03-22,1255,5041,9126,7,5,6,5607,0,0,0,,0,09H,CAMINO DOS RIOS,BROADBECK DR,0.00,,Y,A,-,N,,,,,,,,,,N,3,0,1,2,A,-,08,22107,,N,H,G,A,A,H,-,A,A,0,,Y,,,Y,,A,07,0,1,0,0,0,0,1,0,0,- ,- ,,,VENTURA,THOUSAND OAKS,-118.93638008000001,34.19068008
6863968,2015,2015-04-07,5608,2015-03-23,1139,439,,1,5,6,5608,0,0,0,,0,003,TELEPHONE RD,SOUTH VICTORIA AV,0.00,,Y,A,-,N,,,,,,,,,,N,3,0,1,2,A,-,10,21950,,F,G,B,B,A,H,-,A,A,0,Y,,,,Y,,-,,0,1,0,0,1,0,0,0,0,- ,- ,,,VENTURA,VENTURA,-119.21255992,34.265460109999999
6864590,2015,2015-04-10,5600,2015-03-25,2230,4664,9085,3,5,6,5607,0,0,0,,0,09G,HOUSTON DR,IRVING DR,0.00,,Y,A,-,N,,,,,,,,,,N,4,0,1,2,A,-,14,21201,D,N,H,G,A,A,H,-,C,A,0,,Y,,,Y,,L,04,0,0,1,0,0,0,1,0,0,- ,- ,,,VENTURA,THOUSAND OAKS,-118.86402004,34.180730029999999
6875900,2015,2015-04-15,9770,2015-03-23,0834,020998,,1,1,9,5600,0,2,4,,2,078,MICHAEL DR,WENDY DR,4.00,E,N,A,-,N,,,,,,,,,,N,3,0,1,2,A,-,09,21804,A,N,D,G,A,A,H,-,A,A,0,,Y,,,Y,,L,04,0,1,0,0,0,0,1,0,0,- ,- ,34.182220000000001,-118.94356000000001,VENTURA,UNINCORPORATED,-118.94388766,34.182133919999998
6883315,2015,2015-04-22,5608,2015-04-02,0731,342,,4,5,6,5608,0,0,0,,0,003,VICTORIA AV,TELEGRAPH RD,9.00,S,N,A,-,N,,,,,,,,,,N,4,0,1,2,A,-,08,22107,,N,D,G,A,A,H,-,A,A,0,,Y,,,Y,,-,,0,0,1,0,0,0,1,0,0,- ,- ,,,VENTURA,VENTURA,-119.21462440000001,34.277985739999998
6884796,2015,2015-04-21,5600,2015-03-20,1520,3996,9114,5,5,6,5607,0,0,0,,0,09C,THERESA DR,BORCHARD RD,30.00,S,N,A,-,N,,,,,,,,,,N,3,0,1,2,A,-,11,21954,A,N,G,B,D,A,H,-,A,A,0,Y,,,,Y,,N,60,0,1,0,0,1,0,0,0,0,- ,- ,,,VENTURA,THOUSAND OAKS,-118.93751,34.178597680000003
6887323,2015,2015-05-04,5606,2015-02-23,1015,1060,5606,1,5,4,5606,0,0,0,,0,001,PALM AV,HARVARD BL,315.00,N,N,A,-,N,,,,,,,,,,N,2,0,1,2,A,-,11,21954,A,N,G,B,C,A,H,-,A,A,0,Y,,,,Y,,N,60,1,0,0,0,1,0,0,0,0,- ,- ,,,VENTURA,SANTA PAULA,-119.07016960999999,34.347795099999999
6887684,2015,2015-04-24,5600,2015-04-02,1645,2913,9036,4,5,6,5607,0,0,0,,0,09B,MOSS CT,ORINDA CT,8.00,S,N,A,-,N,,,,,,,,,,N,2,0,1,2,A,-,11,21954,A,N,G,B,B,A,H,-,A,D,0,Y,,,,Y,,N,60,1,0,0,0,1,0,0,0,0,- ,- ,,,VENTURA,THOUSAND OAKS,-118.84719644,34.207881159999999
6888048,2015,2015-05-07,9765,2015-03-27,1010,020917,,5,1,9,5600,0,2,4,,2,064,LAS POSAS RD,HUENEME RD,0.00,,Y,A,-,N,,,,,,,,,,N,3,0,1,2,A,-,08,22107,,F,B,G,A,A,H,-,A,A,0,,Y,,,Y,,D,22,0,1,0,0,0,0,1,0,0,- ,- ,34.094439999999999,-119.0459,VENTURA,UNINCORPORATED,-119.07669005,34.157370100000001
6901658,2015,2015-05-06,5608,2015-04-13,1251,437,,1,5,6,5608,0,0,0,,0,001,NORTH VENTURA AV,HARRISON AV,39.00,S,N,A,-,N,,,,,,,,,,N,3,0,1,2,A,-,17,22517,,N,E,G,A,A,H,-,A,D,0,,Y,,,Y,,A,01,0,1,0,0,0,0,1,0,0,- ,- ,,,VENTURA,VENTURA,-119.29944976,34.285945839999997
6902759,2015,2015-05-26,5608,2015-05-02,1543,458,,6,5,6,5608,0,0,0,,0,001,NORTH VENTURA AV,SUNNYWAY DR,15.00,S,N,A,-,N,,,,,,,,,,Y,3,0,1,2,A,-,11,21954,A,N,B,B,E,A,H,-,A,D,0,Y,,,,Y,,N,60,0,1,0,0,1,0,0,0,0,- ,- ,,,VENTURA,VENTURA,-119.29681128,34.294659899999999
6916953,2015,2015-05-26,5600,2015-05-06,1313,4001,9090,3,5,6,5607,0,0,0,,0,9G01,MOORPARK RD,THOUSAND OAKS BL,0.00,,Y,A,-,N,,,,,,,,,,N,3,0,1,2,A,-,10,21950,A,N,G,B,B,A,H,-,A,A,0,Y,,,,Y,,A,01,0,1,0,0,1,0,0,0,0,- ,- ,,,VENTURA,THOUSAND OAKS,-118.87652008000001,34.178930029999997
6935799,2015,2015-07-01,5605,2015-05-04,1755,119,PATRO,1,5,3,5605,0,0,0,,0,GRID 5,PARK AV,VENTURA RD,3.00,E,N,A,-,N,,,,,,,,,,N,3,0,1,2,B,-,22,,,N,H,G,A,A,H,-,A,A,0,,Y,,,Y,,-,- ,0,1,0,0,0,0,1,0,0,- ,- ,,,VENTURA,PORT HUENEME,-119.19526009,34.156509999999997
6943857,2015,2015-07-02,5609,2015-05-19,1349,312,,2,5,6,5609,0,0,0,,0,,LOS ANGELES AV,GALT ST,355.00,E,N,A,-,N,,,,,,,,,,N,4,0,1,2,A,-,10,21952,,N,G,B,F,A,H,-,A,D,0,Y,,,,Y,,A,07,0,0,1,0,1,0,0,0,0,- ,- ,,,VENTURA,SIMI VALLEY,-118.76471674,34.271799999999999
6947125,2015,2015-06-29,5608,2015-05-25,1255,373,,1,5,6,5608,0,0,0,,0,003,WELLS RD,DEL NORTE ST,0.00,,Y,A,-,N,,,,,,,,,,N,3,0,1,2,A,-,09,21801,A,N,D,G,A,A,H,-,A,D,0,,Y,,,Y,,-,,0,1,0,0,0,0,1,0,0,- ,- ,,,VENTURA,VENTURA,-119.16315012,34.297100110000002
6947129,2015,2015-06-29,5608,2015-05-19,1316,417,,2,5,6,5608,0,0,0,,0,001,POLI ST,ASH ST,0.00,,Y,A,-,N,,,,,,,,,,N,3,0,1,2,A,-,10,21950,A,N,G,B,B,A,H,-,A,D,0,Y,,,,Y,,-,,0,1,0,0,1,0,0,0,0,- ,- ,,,VENTURA,VENTURA,-119.28852987,34.282160040000001
6948140,2015,2015-07-01,5600,2015-05-30,1947,2941,9074,6,5,6,5607,0,0,0,,0,9G01,THOUSAND OAKS BL,CUNNINGHAM PL,157.00,E,N,A,-,N,,,,,,,,,,N,4,0,1,2,A,-,05,21650,1,N,H,G,A,A,H,-,A,D,0,,Y,,,Y,,L,04,0,0,1,0,0,0,1,0,0,- ,- ,,,VENTURA,THOUSAND OAKS,-118.85621747,34.178194509999997
6950762,2015,2015-06-18,5605,2015-05-24,1520,154,5605,7,5,3,5605,0,0,0,,0,011,SURFSIDE DR,VENTURA RD,400.00,W,N,A,-,N,,,,,,,,,,N,4,0,1,2,A,-,10,21950,C,F,G,B,C,A,H,-,A,D,0,Y,,,,Y,,A,08,0,0,1,0,1,0,0,0,0,- ,- ,,,VENTURA,PORT HUENEME,-119.19681326,34.143821199999998
6952372,2015,2015-07-23,5608,2015-06-05,2159,333,,5,5,6,5608,0,0,0,,0,,EVERGREEN DR,OCEAN AV,100.00,S,N,A,-,N,,,,,,,,,,N,3,0,1,2,A,-,21,22106,,N,G,B,F,A,H,-,C,D,0,Y,,,,Y,,-,,0,1,0,0,1,0,0,0,0,- ,- ,,,VENTURA,VENTURA,-119.26464377000001,34.270772440000002
6953858,2015,2015-07-06,5609,2015-06-02,0606,447,418,2,5,6,5609,0,0,0,,0,004,COCHRAN ST,TRACY AV,0.00,,Y,A,-,N,,,,,,,,,,N,4,0,1,2,A,-,09,21453,B,N,D,G,A,A,H,-,A,A,0,,Y,,,Y,,D,22,0,0,1,0,0,0,1,0,0,- ,- ,,,VENTURA,SIMI VALLEY,-118.72362011,34.279020090000003
6954112,2015,2015-07-14,5609,2015-06-07,1542,388,,7,5,6,5609,0,0,0,,0,005,TOWNSHIP AV,ARLINGTON AV,7.00,W,N,A,-,N,,,,,,,,,,N,3,0,1,2,A,-,09,21804,A,N,D,G,A,A,H,-,A,A,0,,Y,,,Y,,L,04,0,1,0,0,0,0,1,0,0,- ,- ,,,VENTURA,SIMI VALLEY,-118.71058314,34.293520000000001
6954143,2015,2015-07-14,5609,2015-06-02,2142,388,,2,5,6,5609,0,0,0,,0,004,ALAMO ST,TAPO CANYON RD,15.00,W,N,A,-,N,,,,,,,,,,Y,2,0,1,2,A,-,09,21453,C,N,D,G,A,A,H,-,C,A,0,,Y,,,Y,,L,04,1,0,0,0,0,0,1,0,0,- ,- ,,,VENTURA,SIMI VALLEY,-118.71788322,34.286359830000002
6956624,2015,2015-07-03,5609,2015-06-01,1859,388,,1,5,6,5609,0,0,0,,0,005,LOS ANGELES AV,ANGUS AV,477.00,W,N,A,-,N,,,,,,,,,,N,2,0,1,2,A,-,09,21804,A,N,D,G,A,A,H,-,A,D,0,,Y,,,Y,,L,04,1,0,0,0,0,0,1,0,0,- ,- ,,,VENTURA,SIMI VALLEY,-118.70407618,34.271680000000003
6957907,2015,2015-06-29,5609,2015-05-28,1723,437,,4,5,6,5609,0,0,0,,0,004,LUPIN ST,BROWER ST,234.00,N,N,A,-,N,,,,,,,,,,N,3,0,1,2,A,-,11,21950,B,N,G,B,-,A,H,-,A,A,0,Y,,,,Y,,N,60,0,1,0,0,1,0,0,0,0,- ,- ,,,VENTURA,SIMI VALLEY,-118.74561203,34.273352010000004
6975654,2015,2015-07-06,5600,2015-06-15,1750,4054,9038,1,5,6,5607,0,0,0,,0,09B,ERBES RD,PINE TERRACE DR,15.00,N,N,A,-,N,,,,,,,,,,N,3,0,1,2,A,-,08,22107,,N,H,G,A,A,H,-,A,D,0,,Y,,,Y,,A,01,0,1,0,0,0,0,1,0,0,- ,- ,,,VENTURA,THOUSAND OAKS,-118.83967,34.209411160000002
6976922,2015,2015-07-13,5608,2015-06-20,1337,466,,6,5,6,5608,0,0,0,,0,004,RALSTON ST,VICTORIA AV,4.00,W,N,A,-,N,,,,,,,,,,N,4,0,1,2,A,-,08,22107,,N,D,G,A,A,H,-,A,A,0,,Y,,,Y,,-,,0,0,1,0,0,0,1,0,0,- ,- ,,,VENTURA,VENTURA,-119.21166298999999,34.261057960000002
6986304,2015,2016-11-07,9770,2015-06-30,1430,014711,,2,2,6,5609,0,1,3,,2,083,RT 118,TAPO CANYON RD,5.00,W,N,A,-,Y,VEN,7,118,-,R,27.111,R,1,E,N,4,0,1,2,A,-,21,22106,,N,G,B,B,A,H,-,A,A,1,Y,,,,Y,,A,01,0,0,1,0,1,0,0,0,0,TO,- ,34.280630000000002,-118.71787999999999,VENTURA,SIMI VALLEY,-118.72142328,34.282020000000003
6988040,2015,2015-07-20,5608,2015-06-28,1445,464,,7,5,6,5608,0,0,0,,0,003,TELEGRAPH RD,MILLS RD,150.00,E,N,A,-,N,,,,,,,,,,N,3,0,1,2,A,-,11,21954,A,F,G,B,D,A,H,-,A,A,0,Y,,,,Y,Y,N,60,0,1,0,0,1,0,0,0,0,- ,- ,,,VENTURA,VENTURA,-119.24732969,34.273141559999999
6988228,2015,2015-07-28,5608,2015-07-02,1146,458,,4,5,6,5608,0,0,0,,0,002,THOMPSON BL,S SAN CLEMENTE ST,116.00,E,N,A,-,N,,,,,,,,,,Y,3,0,2,2,A,-,00,21760,C,N,C,G,A,A,H,-,A,D,0,,Y,,,Y,,-,,0,1,1,0,0,0,1,0,0,- ,- ,,,VENTURA,VENTURA,-119.26878674,34.274056739999999
6990056,2015,2015-07-25,5609,2015-06-28,1833,388,,7,5,6,5609,0,0,0,,0,005,LOS ANGELES AV,HIDDEN RANCH DR,8.00,W,N,A,-,N,,,,,,,,,,N,3,0,1,2,A,-,10,21950,A,N,G,B,B,A,H,-,A,A,0,Y,,,,Y,,A,07,0,1,0,0,1,0,0,0,0,- ,- ,,,VENTURA,SIMI VALLEY,-118.69458409000001,34.271730959999999
6990385,2015,2015-07-27,5609,2015-07-06,1100,460,416,1,5,6,5609,0,0,0,,0,004,GALENA AV,SALENA AV,0.00,,N,A,-,N,,,,,,,,,,Y,4,0,1,3,B,-,22,,,N,G,B,F,A,H,-,A,D,0,Y,,,,Y,,A,01,0,0,1,0,1,0,0,0,0,- ,- ,34.28134,-118.73602,VENTURA,SIMI VALLEY,,
6994716,2015,2015-08-29,5600,2015-08-26,2231,3774,9036,3,5,6,5607,0,0,0,,0,09B,ORINDA CT,MOSS CT,281.00,W,N,A,-,N,,,,,,,,,,N,3,0,1,2,A,-,11,21954,A,N,G,B,D,A,H,-,C,D,0,Y,,,,Y,,N,60,0,1,0,0,1,0,0,0,0,- ,- ,,,VENTURA,THOUSAND OAKS,-118.84799436,34.207487880000002
6995086,2015,2015-07-31,5608,2015-07-20,1900,448,,1,5,6,5608,0,0,0,,0,002,CHANNEL DR,SANTA CRUZ ST,0.00,,Y,A,-,N,,,,,,,,,,N,3,0,1,2,A,-,21,22106,,N,G,B,D,A,H,-,A,D,0,Y,,,,Y,Y,-,,0,1,0,0,1,0,0,0,0,- ,- ,,,VENTURA,VENTURA,-119.27286994000001,34.272290069999997
6999351,2015,2016-11-05,9765,2015-06-24,2055,16420,,3,2,9,5600,0,1,3,,1,062,RT 1,SYCAMORE CANYON RD,5280.00,S,N,A,-,Y,VEN,7,1,-,-,3.400,H,-,N,N,3,0,1,2,A,-,11,21954,A,N,G,B,D,A,H,-,D,D,0,Y,,,,Y,,N,60,0,1,0,0,1,0,0,0,0,- ,- ,34.070799999999998,-119.01242999999999,VENTURA,UNINCORPORATED,-118.99767275000001,34.066469050000002
7003233,2015,2015-07-30,5600,2015-07-09,1445,4221,9000,4,5,6,5607,0,0,0,,0,09A,LA PALOMA CIR,AVENIDA DE LAS ARBOLES,0.00,,Y,A,-,N,,,,,,,,,,N,3,0,1,2,A,-,05,21650,1,N,H,G,A,A,H,-,A,D,0,,Y,,,Y,,L,04,0,1,0,0,0,0,1,0,0,- ,- ,,,VENTURA,THOUSAND OAKS,-118.89031008000001,34.21623005
7009733,2015,2015-09-03,5600,2015-07-25,1953,2947,6011,6,5,3,5602,0,0,0,,0,06A,OLD TELEGRAPH RD,1ST ST,0.00,,Y,A,-,N,,,,,,,,,,N,4,0,1,2,A,-,11,21950,B,N,G,B,B,A,H,-,B,D,0,Y,,,,Y,,N,60,0,0,1,0,1,0,0,0,0,- ,- ,,,VENTURA,FILLMORE,-118.92294003000001,34.401350090000001
7011369,2015,2015-09-18,5600,2015-09-06,2045,4455,8125,7,5,5,5601,0,0,0,,0,8C01,ARNEILL RD,BARRY ST,8.00,N,N,A,-,N,,,,,,,,,,N,3,0,1,2,A,-,11,21456,B,N,G,B,B,A,H,-,C,A,0,Y,,,,Y,,N,60,0,1,0,0,1,0,0,0,0,- ,- ,34.219569999999997,-119.03907,VENTURA,CAMARILLO,-119.039,34.219511959999998
7012707,2015,2015-08-12,5608,2015-07-21,1529,443,VENTU,2,5,6,5608,0,0,0,,0,003,MILLS RD,MAIN ST,0.00,,Y,A,-,N,,,,,,,,,,N,3,0,1,2,A,-,10,21950,A,N,D,G,A,A,H,-,A,A,0,,Y,,,Y,,-,,0,1,0,0,0,0,1,0,0,- ,- ,,,VENTURA,VENTURA,-119.24604991,34.265060069999997
7015503,2015,2015-09-11,5608,2015-08-01,0412,342,,6,5,6,5608,0,0,0,,0,002,MONMOUTH ST,HARBOR BL,90.00,N,N,A,-,N,,,,,,,,,,N,3,0,1,2,B,-,22,,,N,G,B,F,A,H,-,C,D,0,Y,,,,Y,,-,,0,1,0,0,1,0,0,0,0,- ,- ,,,VENTURA,VENTURA,-119.27258754,34.267557680000003
7015919,2015,2017-01-04,9765,2015-07-11,2341,020510,,6,3,9,5600,0,1,3,,1,020,RT 33,RANCH RD,1549.00,N,N,A,-,Y,VEN,7,33,-,-,6.930,H,-,N,N,3,0,1,2,A,-,11,21954,A,N,G,B,E,D,H,-,D,D,0,Y,,,,Y,,N,60,0,1,0,0,1,0,0,0,0,- ,- ,34.370269999999998,-119.30676,VENTURA,UNINCORPORATED,-119.30676415000001,34.370848010000003
7022770,2015,2015-08-21,5608,2015-08-01,1045,449,,6,5,6,5608,0,0,0,,0,003,TELEGRAPH RD,COLLEGE DR,0.00,,Y,B,-,N,,,,,,,,,,N,3,0,1,2,D,-,00,,,F,H,G,A,-,A,H,A,D,0,,Y,,,Y,,-,- ,0,1,0,0,0,0,1,0,0,- ,- ,,,VENTURA,VENTURA,-119.24304988,34.273800080000001
7022782,2015,2016-07-19,5608,2015-08-04,0757,423,,2,5,6,5608,0,0,0,,0,00J,VENTURA AV,BARNETT ST,0.00,,Y,A,-,N,,,,,,,,,,N,3,0,1,2,A,-,08,22107,,N,C,G,A,A,H,-,A,D,0,,Y,,,Y,,L,04,0,1,0,0,0,0,1,0,0,- ,- ,,,VENTURA,VENTURA,-119.29772989999999,34.2916101
7042928,2015,2015-09-02,5608,2015-08-11,2021,450,VENTU,2,5,6,5608,0,0,0,,0,001,NORTH VENTURA AV,E SANTA CLARA ST,0.00,,Y,A,-,N,,,,,,,,,,N,3,0,1,2,A,-,11,21456,B,N,G,B,D,A,H,-,C,A,0,Y,,,,Y,Y,N,60,0,1,0,0,1,0,0,0,0,- ,- ,,,VENTURA,VENTURA,-119.30076993,34.279520060000003
7042930,2015,2015-09-02,5608,2015-08-20,1809,422,VENTU,4,5,6,5608,0,0,0,,0,001,NORTH VENTURA AV,PARK ROW,197.00,S,N,A,-,N,,,,,,,,,,N,2,0,1,2,A,-,11,21954,A,N,G,B,D,A,H,-,A,D,0,Y,,,,Y,Y,N,60,1,0,0,0,1,0,0,0,0,- ,- ,,,VENTURA,VENTURA,-119.30001018999999,34.284065859999998
7045589,2015,2015-09-14,5608,2015-08-21,1900,401,,5,5,6,5608,0,0,0,,0,002,E MAIN ST,EAST THOMPSON BL,0.00,,Y,A,-,N,,,,,,,,,,N,3,0,1,2,D,-,00,,,M,B,G,A,A,H,-,A,A,0,,Y,,,Y,,-,- ,0,1,0,0,0,0,1,0,0,- ,- ,,,VENTURA,VENTURA,-119.25710994000001,34.27178009
7057578,2015,2015-12-01,5606,2015-08-13,2133,1097,5606,4,5,4,5606,0,0,0,,0,001,STECKEL DR,HARVARD BL,0.00,,Y,A,-,N,,,,,,,,,,N,3,0,1,2,A,-,10,21950,A,N,G,B,B,A,H,-,D,A,0,Y,,,,Y,,A,01,0,1,0,0,1,0,0,0,0,- ,- ,,,VENTURA,SANTA PAULA,-119.07802005000001,34.3444401
7064194,2015,2015-12-01,5606,2015-09-01,0819,1027,5606,2,5,4,5606,0,0,0,,0,002,SANTA BARBARA ST,5TH ST,0.00,,Y,A,-,N,,,,,,,,,,N,4,0,1,2,A,-,10,21950,A,N,G,B,B,A,H,-,A,A,0,Y,,,,Y,,A,07,0,0,1,0,1,0,0,0,0,- ,- ,,,VENTURA,SANTA PAULA,-119.0692501,34.352930100000002
7067671,2015,2015-09-23,5600,2015-09-12,1701,4647,8021,6,5,5,5601,0,0,0,,0,08B,CARMEN DR,LAS POSAS RD,11.00,S,N,B,-,N,,,,,,,,,,N,3,0,1,2,A,-,11,21456,B,N,G,B,B,A,H,-,A,A,0,Y,,,,Y,,N,60,0,1,0,0,1,0,0,0,0,- ,- ,34.233460000000001,-119.05137000000001,VENTURA,CAMARILLO,-119.0515334,34.233470310000001
7067672,2015,2015-09-25,5600,2015-09-10,0758,4703,8C,4,5,5,5601,0,0,0,,0,8132,ADOLFO RD,GRACIA ST,0.00,,Y,A,-,N,,,,,,,,,,N,3,0,1,2,A,-,06,21951,,N,G,B,B,A,H,-,A,A,0,Y,,,,Y,,A,07,0,1,0,0,1,0,0,0,0,- ,- ,34.231549999999999,-119.02003000000001,VENTURA,CAMARILLO,-119.01991004999999,34.231500019999999
7070230,2015,2015-09-18,5605,2015-07-14,1830,100,PATRO,2,5,3,5605,0,0,0,,0,010,PLEASANT VALLEY RD,FLORENCE AV,0.00,,Y,A,-,N,,,,,,,,,,Y,3,0,1,2,-,-,- ,,,N,D,G,A,A,H,-,A,A,0,,Y,,,Y,,-,- ,0,1,0,0,0,0,1,0,0,- ,- ,34.154899999999998,-119.18925,VENTURA,PORT HUENEME,-119.19013009,34.154880069999997
7075421,2015,2015-10-03,5600,2015-09-03,1546,4702,8122,4,5,5,5601,0,0,0,,0,8B1,ARNEILL RD,ROCKLYN ST,8.00,N,N,A,-,N,,,,,,,,,,N,3,0,1,2,A,-,09,21800,A,N,D,G,A,A,H,-,A,D,0,,Y,,,Y,,D,22,0,1,0,0,0,0,1,0,0,- ,- ,34.232340000000001,-119.03907,VENTURA,CAMARILLO,-119.03908,34.232291959999998
7086612,2015,2016-01-19,5605,2015-09-02,0717,101,PATRO,3,5,3,5605,0,0,0,,0,GRID10,SCOTT ST,VENTURA RD,120.00,W,N,A,-,N,,,,,,,,,,N,4,0,1,2,A,-,05,21650,1,N,B,G,A,A,H,-,A,D,0,,Y,,,Y,,L,04,0,0,1,0,0,0,1,0,0,- ,- ,,,VENTURA,PORT HUENEME,-119.19597615000001,34.149067129999999
7095432,2015,2017-01-04,5600,2015-09-11,1938,4722,9158,5,5,6,5607,0,0,0,,0,09D,AGOURA RD,RT 23,24.00,E,N,A,-,Y,VEN,7,23,-,R,2.880,I,6,N,N,4,0,1,2,A,-,11,21456,B,N,G,B,B,A,H,-,C,A,0,Y,,,,Y,,N,60,0,0,1,0,1,0,0,0,0,- ,- ,,,VENTURA,THOUSAND OAKS,-118.82901966999999,34.152097269999999
7096761,2015,2015-10-21,5608,2015-10-08,1133,429,2,4,5,6,5608,0,0,0,,0,002,CITRUS DR,WELLS RD,453.00,E,N,A,-,N,,,,,,,,,,N,2,0,1,2,A,-,11,21954,A,N,D,B,E,A,H,-,A,A,0,Y,,,,Y,,N,60,1,0,0,0,1,0,0,0,0,- ,- ,,,VENTURA,VENTURA,-119.15689926,34.291862950000002
7096962,2015,2015-10-19,5608,2015-10-08,2002,439,,4,5,6,5608,0,0,0,,0,004,SOUTH VICTORIA AV,AVOCET LN,0.00,,Y,A,-,N,,,,,,,,,,Y,3,0,1,2,A,-,08,22107,,N,D,G,A,A,H,-,C,A,0,,Y,,,Y,,-,,0,1,0,0,0,0,1,0,0,- ,- ,,,VENTURA,VENTURA,-119.21108991,34.258490080000001
7103153,2015,2017-02-04,5600,2015-10-01,1810,3927,8127,4,5,5,5601,0,0,0,,0,08C,KELLEY AV,KNIGHT RONDO,160.00,N,N,A,-,N,,,,,,,,,,N,2,0,1,2,A,-,11,21950,B,N,G,B,D,A,H,-,A,D,0,Y,,,,Y,,N,60,1,0,0,0,1,0,0,0,0,- ,- ,34.222070000000002,-119.03094,VENTURA,CAMARILLO,-119.03091000000001,34.221999089999997
7105759,2015,2015-12-15,5605,2015-10-12,0849,101,PATRO,1,5,3,5605,0,0,0,,0,GRID4,CHANNEL ISLANDS BL,BOLKER DR,0.00,,Y,A,-,N,,,,,,,,,,N,4,0,1,2,A,-,10,21950,A,N,G,B,C,A,H,-,A,B,0,Y,,,,Y,,A,01,0,0,1,0,1,0,0,0,0,- ,- ,,,VENTURA,PORT HUENEME,-119.20624007000001,34.175970049999997
7106767,2015,2015-10-28,5600,2015-10-05,0756,4045,9127,1,5,6,5607,0,0,0,,0,9C01,AVENIDA DE LA PLATA,CALLE TURQUESA,0.00,,Y,A,-,N,,,,,,,,,,N,3,0,1,2,A,-,09,21802,A,N,H,G,A,A,H,-,A,D,0,,Y,,,Y,,L,04,0,1,0,0,0,0,1,0,0,- ,- ,,,VENTURA,THOUSAND OAKS,-118.91621014,34.186500070000001
7110013,2015,2015-11-14,5600,2015-08-03,2200,4662,8007,1,5,5,5601,0,0,0,,0,8A01,LAS POSAS RD,DAILY DR,15.80,N,N,A,-,N,,,,,,,,,,N,3,0,1,2,A,-,11,21453,D,N,G,B,B,A,H,-,C,A,0,Y,,,,Y,,N,60,0,1,0,0,1,0,0,0,0,- ,- ,34.221939999999996,-119.06990999999999,VENTURA,CAMARILLO,-119.06979,34.22188336
7110194,2015,2015-11-16,5600,2015-10-27,0750,4498,9212,2,5,6,5607,0,0,0,,0,09C,VIA MARIBELLA,VIA RIO,7.00,N,N,A,-,N,,,,,,,,,,N,4,0,1,2,A,-,- ,,,N,H,G,A,A,H,-,A,A,0,,Y,,,Y,,A,07,0,0,1,0,0,0,1,0,0,- ,- ,,,VENTURA,THOUSAND OAKS,-118.97540729000001,34.172758229999999
7112533,2015,2015-11-05,5608,2015-10-28,1659,337,,3,5,6,5608,0,0,0,,0,004,TELEPHONE RD,VICTORIA AV,90.00,W,N,A,-,N,,,,,,,,,,N,3,0,1,2,A,-,11,21956,A,N,G,B,E,A,H,-,A,A,0,Y,,,,Y,,N,60,0,1,0,0,1,0,0,0,0,- ,- ,,,VENTURA,VENTURA,-119.21285171,34.265411380000003
7112834,2015,2016-08-05,5608,2015-10-26,2150,406,,1,5,6,5608,0,0,0,,0,002,MAIN ST,MILLS RD,47.00,W,N,A,-,N,,,,,,,,,,N,3,0,1,2,A,-,11,21954,A,N,G,B,D,A,H,-,C,A,0,Y,,,,Y,,N,60,0,1,0,0,1,0,0,0,0,- ,- ,,,VENTURA,VENTURA,-119.24619709,34.265101569999999