CASE_ID,ACCIDENT_YEAR,PROC_DATE,JURIS,COLLISION_DATE,COLLISION_TIME,OFFICER_ID,REPORTING_DISTRICT,DAY_OF_WEEK,CHP_SHIFT,POPULATION,CNTY_CITY_LOC,SPECIAL_COND,BEAT_TYPE,CHP_BEAT_TYPE,CITY_DIVISION_LAPD,CHP_BEAT_CLASS,BEAT_NUMBER,PRIMARY_RD,SECONDARY_RD,DISTANCE,DIRECTION,INTERSECTION,WEATHER_1,WEATHER_2,STATE_HWY_IND,CALTRANS_COUNTY,CALTRANS_DISTRICT,STATE_ROUTE,ROUTE_SUFFIX,POSTMILE_PREFIX,POSTMILE,LOCATION_TYPE,RAMP_INTERSECTION,SIDE_OF_HWY,TOW_AWAY,COLLISION_SEVERITY,NUMBER_KILLED,NUMBER_INJURED,PARTY_COUNT,PRIMARY_COLL_FACTOR,PCF_CODE_OF_VIOL,PCF_VIOL_CATEGORY,PCF_VIOLATION,PCF_VIOL_SUBSECTION,HIT_AND_RUN,TYPE_OF_COLLISION,MVIW,PED_ACTION,ROAD_SURFACE,ROAD_COND_1,ROAD_COND_2,LIGHTING,CONTROL_DEVICE,CHP_ROAD_TYPE,PEDESTRIAN_ACCIDENT,BICYCLE_ACCIDENT,MOTORCYCLE_ACCIDENT,TRUCK_ACCIDENT,NOT_PRIVATE_PROPERTY,ALCOHOL_INVOLVED,STWD_VEHTYPE_AT_FAULT,CHP_VEHTYPE_AT_FAULT,COUNT_SEVERE_INJ,COUNT_VISIBLE_INJ,COUNT_COMPLAINT_PAIN,COUNT_PED_KILLED,COUNT_PED_INJURED,COUNT_BICYCLIST_KILLED,COUNT_BICYCLIST_INJURED,COUNT_MC_KILLED,COUNT_MC_INJURED,PRIMARY_RAMP,SECONDARY_RAMP,LATITUDE,LONGITUDE,COUNTY,CITY,POINT_X,POINT_Y
7112838,2015,2015-11-16,5608,2015-10-25,1043,445,,7,5,6,5608,0,0,0,,0,001,E MAIN ST,OAK,150.00,W,N,A,-,N,,,,,,,,,,N,3,0,1,2,A,-,08,22107,,N,D,G,A,A,H,-,A,A,0,,Y,,,Y,,-,,0,1,0,0,0,0,1,0,0,- ,- ,,,VENTURA,VENTURA,-119.29515601,34.280819999999999
7121495,2015,2015-12-21,5600,2015-11-16,0741,4754,9130,1,5,6,5607,0,0,0,,0,09C,VENTU PARK RD,RT 101,5.00,E,N,A,-,N,,,,,,,,,,N,2,0,1,2,A,-,11,21954,A,N,G,B,D,A,H,-,A,A,0,Y,,,,Y,,N,60,1,0,0,0,1,0,0,0,0,- ,SF,,,VENTURA,THOUSAND OAKS,,
7122569,2015,2015-12-01,5609,2015-10-31,1728,437,,6,5,6,5609,0,0,0,,0,,TAPO ST,ALPINE ST,15.00,S,N,A,-,N,,,,,,,,,,N,3,0,1,2,A,-,00,21760,B,N,B,G,A,A,H,-,A,D,0,,Y,,,Y,,D,22,0,1,0,0,0,0,1,0,0,- ,- ,34.274659999999997,-118.70898,VENTURA,SIMI VALLEY,-118.70895946,34.274758849999998
7122791,2015,2015-11-25,5605,2015-10-30,1317,147,PATRO,5,5,3,5605,0,0,0,,0,001,CHANNEL ISLANDS BL,PATTERSON RD,230.00,E,N,A,-,N,,,,,,,,,,N,4,0,1,2,A,-,10,21952,,N,G,B,F,A,H,-,A,D,0,Y,,,,Y,,A,07,0,0,1,0,1,0,0,0,0,- ,- ,34.17606,-119.20744999999999,VENTURA,PORT HUENEME,-119.20766044,34.175980000000003
7124318,2015,2017-02-02,5600,2015-12-01,0614,2979,5116,2,5,4,5690,0,0,0,,0,02A,RT 118,PARK LN,0.00,,Y,A,-,Y,VEN,7,118,-,-,17.331,I,5,E,N,3,0,1,2,A,-,10,21950,A,N,G,B,B,A,H,-,A,A,0,Y,,,,Y,,D,22,0,1,0,0,1,0,0,0,0,- ,- ,,,VENTURA,MOORPARK,-118.88543831,34.278879840000002
7128503,2015,2015-12-10,5600,2015-11-23,1000,3927,8135,1,5,5,5601,0,0,0,,0,08C,LAS POSAS RD,ANTONIO AV,10.00,E,N,A,-,N,,,,,,,,,,N,3,0,2,5,A,-,10,21950,A,N,G,B,B,A,H,-,A,A,0,Y,,,,Y,,D,22,0,2,0,0,2,0,0,0,0,- ,- ,34.241610000000001,-119.01773,VENTURA,CAMARILLO,-119.01781825,34.241687589999998
7129460,2015,2016-01-11,5600,2015-11-12,1515,5216,9154,4,5,6,5607,0,0,0,,0,,THOUSAND OAKS BL,OAKVIEW DR,2.00,E,N,A,-,N,,,,,,,,,,N,3,0,1,2,A,-,05,21650,1,N,H,G,A,A,H,-,A,A,0,,Y,,,Y,,L,04,0,1,0,0,0,0,1,0,0,- ,- ,,,VENTURA,THOUSAND OAKS,-118.84172495999999,34.173476450000003
7131649,2015,2015-12-16,5600,2015-11-18,0748,2979,5100,3,5,4,5690,0,0,0,,0,02B,2ND ST,BARD ST,0.00,,Y,A,-,N,,,,,,,,,,N,4,0,1,2,A,-,10,21950,A,N,G,B,B,A,H,-,A,A,0,Y,,,,Y,,A,01,0,0,1,0,1,0,0,0,0,- ,- ,,,VENTURA,MOORPARK,-118.87931003,34.28293
7133143,2015,2015-12-10,5609,2015-11-22,0803,310,115,7,5,6,5609,0,0,0,,0,001,1ST ST,COCHRAN ST,0.00,,Y,A,-,N,,,,,,,,,,N,2,0,1,2,A,-,12,21453,A,N,D,G,A,A,H,-,A,A,0,,Y,,,Y,,A,01,1,0,0,0,0,0,1,0,0,- ,- ,,,VENTURA,SIMI VALLEY,-118.77899013,34.279020029999998
7133155,2015,2015-12-10,5609,2015-11-11,1859,388,,3,5,6,5609,0,0,0,,0,002,1ST ST,AYHENS ST,120.00,S,N,A,-,N,,,,,,,,,,Y,3,0,1,4,A,-,01,23152,A,N,G,B,E,A,H,-,C,D,0,Y,,,,Y,Y,A,01,0,1,0,0,1,0,0,0,0,- ,- ,34.266800000000003,-118.77883,VENTURA,SIMI VALLEY,-118.77885999999999,34.266580750000003
7133271,2015,2015-12-16,5609,2015-11-25,1157,310,124,3,5,6,5609,0,0,0,,0,001,LOS ANGELES AV,1ST ST,17.00,E,N,A,-,N,,,,,,,,,,N,3,0,1,2,A,-,17,21451,A,N,G,B,B,A,H,-,A,A,0,Y,,,,Y,,A,01,0,1,0,0,1,0,0,0,0,- ,- ,,,VENTURA,SIMI VALLEY,-118.77892382,34.271810000000002
7133522,2015,2015-12-15,5605,2015-12-02,0937,101,PATRO,3,5,3,5605,0,0,0,,0,GRID,MARINA VILLAGE ST,VICTORIA AV,3.00,W,N,A,-,N,,,,,,,,,,N,3,0,1,2,A,-,09,21801,A,N,D,G,A,A,H,-,A,D,0,,Y,,,Y,,A,01,0,1,0,0,0,0,1,0,0,- ,- ,,,VENTURA,PORT HUENEME,-119.22102991,34.179409999999997
7133562,2015,2015-12-15,5608,2015-12-02,1602,323,,3,5,6,5608,0,0,0,,0,003,FOOTHILL RD,WELLS RD,0.00,,Y,A,-,N,,,,,,,,,,N,3,0,1,2,A,-,09,21801,A,M,-,G,A,A,H,-,B,A,0,,Y,,,Y,,-,,0,1,0,0,0,0,1,0,0,- ,- ,,,VENTURA,VENTURA,-119.16597,34.30034002
7135786,2015,2016-08-05,5608,2015-11-29,1720,282,VENTU,7,5,6,5608,0,0,0,,0,003,WELLS RD,TELEGRAPH RD,0.00,,Y,A,-,N,,,,,,,,,,N,4,0,1,2,A,-,10,21950,A,N,A,B,B,A,H,-,C,A,0,Y,,,,Y,,-,,0,0,1,0,1,0,0,0,0,- ,- ,,,VENTURA,VENTURA,-119.16131003,34.295010079999997
7138030,2015,2015-12-21,5600,2015-12-06,2000,2740,9164,7,5,6,5607,0,0,0,,0,09D,GREAT SMOKEY CT,CASCADE AV,5.00,E,N,A,-,N,,,,,,,,,,N,4,0,1,2,A,-,10,21950,A,F,G,B,B,A,H,-,C,A,0,Y,,,,Y,,A,01,0,0,1,0,1,0,0,0,0,- ,- ,,,VENTURA,THOUSAND OAKS,-118.82530536,34.166186330000002
7138835,2015,2015-12-29,5609,2015-12-01,1925,437,,2,5,6,5609,0,0,0,,0,003,LOS ANGELES AV,HUBBARD ST,0.00,,Y,A,-,N,,,,,,,,,,Y,4,0,1,2,A,-,12,21453,A,N,D,G,A,A,H,-,D,A,0,,Y,,,Y,,L,04,0,0,1,0,0,0,1,0,0,- ,- ,34.27178,-118.77003999999999,VENTURA,SIMI VALLEY,-118.77014008,34.271800059999997
7138847,2015,2015-12-29,5609,2015-12-03,1623,437,,4,5,6,5609,0,0,0,,0,005,COCHRAN ST,TAPO ST,0.00,,Y,A,-,N,,,,,,,,,,N,3,0,1,2,A,-,12,21453,A,N,D,G,A,A,H,-,A,A,0,,Y,,,Y,,L,04,0,1,0,0,0,0,1,0,0,- ,- ,34.279000000000003,-118.70907,VENTURA,SIMI VALLEY,-118.70896009000001,34.279010040000003
7139370,2015,2016-01-14,5608,2015-12-17,1513,461,,4,5,6,5608,0,0,0,,0,004,MAMMOTH ST,PHELPS AV,120.00,E,N,A,-,N,,,,,,,,,,N,3,0,1,2,A,-,15,26451,A,N,G,B,F,A,H,-,A,D,0,Y,,,,Y,,-,,0,1,0,0,1,0,0,0,0,- ,- ,,,VENTURA,VENTURA,-119.15588054,34.275833499999997
7141357,2015,2015-12-23,5600,2015-12-05,1705,4455,8151,6,5,5,5601,0,0,0,,0,8B01,VENTURA BL,GLENN DR,13.00,E,N,A,-,N,,,,,,,,,,N,3,0,2,3,A,-,10,21950,A,N,G,B,B,A,H,-,C,D,0,Y,,,,Y,,A,01,0,1,1,0,2,0,0,0,0,- ,- ,34.21631,-119.03761,VENTURA,CAMARILLO,-119.03768732,34.216366000000001
7144076,2015,2016-01-06,5609,2015-12-06,0337,452,,7,5,6,5609,0,0,0,,0,003,LOS ANGELES AV,HUBBARD ST,0.00,,Y,A,-,N,,,,,,,,,,N,2,0,1,2,A,-,12,21453,A,N,D,G,A,A,H,-,C,A,0,,Y,,,Y,,L,04,1,0,0,0,0,0,1,0,0,- ,- ,34.27178,-118.77003999999999,VENTURA,SIMI VALLEY,-118.77014008,34.271800059999997
7144080,2015,2016-01-06,5609,2015-12-04,2205,437,,5,5,6,5609,0,0,0,,0,003,LOS ANGELES AV,HUBBARD ST,150.00,W,N,A,-,N,,,,,,,,,,N,3,0,1,2,A,-,00,21760,B,F,B,G,A,A,H,-,C,D,0,,Y,,,Y,,-,,0,1,0,0,0,0,1,0,0,- ,- ,34.27178,-118.77003999999999,VENTURA,SIMI VALLEY,-118.77063574,34.271799999999999
7145053,2015,2015-12-28,5600,2015-12-11,1605,4455,8201,5,5,5,5601,0,0,0,,0,8D01,FLYNN RD,VIA REAL,1.50,N,N,A,-,N,,,,,,,,,,N,4,0,1,2,A,-,05,21202,A,N,H,G,A,A,H,-,A,D,0,,Y,,,Y,,L,04,0,0,1,0,0,0,1,0,0,- ,- ,34.230930000000001,-119.0155,VENTURA,CAMARILLO,-119.01534669999999,34.230863069999998
7145271,2015,2015-12-28,5600,2015-11-11,1850,4429,8104,3,5,5,5601,0,0,0,,0,8B01,DAILY DR,CARMEN DR,12.00,W,N,A,-,N,,,,,,,,,,N,3,0,1,2,A,-,12,21453,A,N,D,G,A,A,H,-,C,A,0,,Y,,,Y,,L,04,0,1,0,0,0,0,1,0,0,- ,- ,34.219279999999998,-119.05099,VENTURA,CAMARILLO,-119.05079951,34.21926268
7157754,2016,2016-01-22,5600,2016-01-05,1744,2883,9028,2,5,6,5607,0,0,0,,0,09B,AVENIDA DE LOS ARBOLES,ORCHARD SUPPLY DR,3.00,S,N,A,-,N,,,,,,,,,,N,4,0,1,2,A,-,10,21950,A,N,G,B,B,A,H,-,C,A,0,Y,,,,Y,,A,01,0,0,1,0,1,0,0,0,0,- ,- ,,,VENTURA,THOUSAND OAKS,-118.84248018,34.211198830000001
7158597,2015,2016-01-28,5606,2015-11-04,1052,1025,5606,3,5,4,5606,0,0,0,,0,001,SANTA PAULA ST,BRADLEY ST,0.00,,Y,A,-,N,,,,,,,,,,N,3,0,1,2,A,-,10,21950,A,F,B,B,D,A,H,-,A,D,0,Y,,,,Y,,A,01,0,1,0,0,1,0,0,0,0,- ,- ,,,VENTURA,SANTA PAULA,-119.07631005,34.352640049999998
7160722,2015,2017-02-02,5600,2015-12-28,1930,4569,6020,1,5,3,5602,0,0,0,,0,06B,RT 126,FILLMORE ST,96.00,E,N,A,-,Y,VEN,7,126,-,-,21.500,H,-,W,N,3,0,1,2,A,-,11,21950,B,N,G,B,D,A,H,-,E,D,0,Y,,,,Y,,N,60,0,1,0,0,1,0,0,0,0,- ,- ,,,VENTURA,FILLMORE,-118.911464,34.397105379999999
7165123,2016,2016-01-28,5600,2016-01-19,2105,3927,8023,2,5,5,5601,0,0,0,,0,08A,LANTANA ST,PASEO CAMARILLO,18.00,S,N,B,-,N,,,,,,,,,,N,2,0,1,2,A,-,10,21950,A,F,G,B,B,B,H,-,C,A,0,Y,,,,Y,,A,01,1,0,0,0,1,0,0,0,0,- ,- ,34.220820000000003,-119.05512,VENTURA,CAMARILLO,-119.05510254000001,34.220880989999998
7178332,2016,2016-02-24,5600,2016-02-04,1955,4880,5117,4,5,4,5690,0,0,0,,0,2A01,MOUNTAIN TRAIL ST,WILLOW SPRINGS DR,422.00,N,N,A,-,N,,,,,,,,,,N,3,0,1,2,A,-,11,21954,A,N,G,B,D,A,H,-,C,D,0,Y,,,,Y,,N,60,0,1,0,0,1,0,0,0,0,- ,- ,,,VENTURA,MOORPARK,-118.89630802000001,34.26991598
7181529,2016,2016-02-16,5600,2016-01-09,0850,3054,9084,6,5,6,5607,0,0,0,,0,09B,FLITTNER CIR,BENSON WY,0.00,,Y,B,-,N,,,,,,,,,,N,3,0,1,2,A,-,12,22450,A,N,H,G,A,A,H,-,A,A,0,,Y,,,Y,,L,04,0,1,0,0,0,0,1,0,0,- ,- ,,,VENTURA,THOUSAND OAKS,-118.86800005000001,34.18345008
7184030,2016,2016-02-16,5608,2016-01-30,1632,476,VENTU,6,5,6,5608,0,0,0,,0,001,E MAIN ST,HARTMAN DR,50.00,E,N,A,-,N,,,,,,,,,,N,3,0,1,2,A,-,10,21950,A,N,G,B,D,A,H,-,A,A,0,Y,,,,Y,,-,,0,1,0,0,1,0,0,0,0,- ,- ,,,VENTURA,VENTURA,-119.26042203,34.274043110000001
7186116,2016,2016-02-22,5600,2016-02-04,1759,4611,6018,4,5,3,5602,0,0,0,,0,0LB,A ST,SANTA CLARA ST,0.00,,Y,A,-,N,,,,,,,,,,N,3,0,1,2,A,-,10,21950,A,N,G,B,B,A,H,-,C,A,0,Y,,,,Y,,A,07,0,1,0,0,1,0,0,0,0,- ,- ,,,VENTURA,FILLMORE,-118.91806007,34.397590110000003
7186138,2016,2016-02-25,5605,2016-02-02,1202,100,PATRO,2,5,3,5605,0,0,0,,0,009,HUENEME RD,VENTURA RD,209.00,W,N,A,-,N,,,,,,,,,,N,3,0,1,3,A,-,09,21804,A,N,D,G,A,A,H,-,A,D,0,,Y,,Y,Y,,F,55,0,1,0,0,0,0,1,0,0,- ,- ,,,VENTURA,PORT HUENEME,-119.19612944000001,34.147768149999997
7186599,2016,2016-02-20,5608,2016-02-02,1538,239,,2,5,6,5608,0,0,0,,0,004,VICTORIA AV,AVOCET DR,0.00,,Y,A,-,N,,,,,,,,,,N,4,0,1,2,A,-,10,21950,A,N,G,B,B,-,H,-,A,A,0,Y,,,,Y,,-,,0,0,1,0,1,0,0,0,0,- ,- ,,,VENTURA,VENTURA,-119.21108991,34.258490080000001
7188739,2016,2016-02-24,5600,2016-02-09,1702,4808,8221,2,5,5,5601,0,0,0,,0,08D,LOS PUEBLOS DR,MARIPOSA PL,20.00,S,N,A,-,N,,,,,,,,,,N,3,0,1,2,A,-,10,21954,B,N,G,B,E,A,H,-,A,A,0,Y,,,,Y,,A,01,0,1,0,0,1,0,0,0,0,- ,- ,34.217750000000002,-118.99948999999999,VENTURA,CAMARILLO,-118.99940656,34.217789750000001
7188743,2016,2016-02-24,5600,2016-02-02,1933,4438,8262,2,5,5,5601,0,0,0,,0,8D1,VERDUGO WY,CAMINO RUIZ,26.00,W,N,A,-,N,,,,,,,,,,N,4,0,1,2,A,-,10,21950,A,N,G,B,B,A,H,-,C,A,0,Y,,,,Y,,A,07,0,0,1,0,1,0,0,0,0,- ,- ,34.215220000000002,-119.00313,VENTURA,CAMARILLO,-119.0030491,34.215127789999997
7190172,2016,2016-05-20,5600,2016-03-27,2208,2277,8122,7,5,5,5601,0,0,0,,0,08C,ARNEILL RD,ROCKLYN ST,8.00,N,N,B,-,N,,,,,,,,,,Y,1,1,0,2,A,-,11,21950,B,N,G,B,B,A,H,-,C,A,0,Y,,,,Y,,N,60,0,0,0,1,0,0,0,0,0,- ,- ,34.232349999999997,-119.03899,VENTURA,CAMARILLO,-119.03908,34.232291959999998
7190205,2016,2016-06-17,5608,2016-02-18,1004,435,VTA,4,5,6,5608,0,0,0,,0,004,BRISTOL RD,SUNRIDGE DR,0.00,,Y,A,-,N,,,,,,,,,,Y,1,1,0,2,A,-,11,21954,A,N,D,B,D,A,H,-,A,A,0,Y,,,,Y,,N,60,0,0,0,1,0,0,0,0,0,- ,- ,,,VENTURA,VENTURA,-119.20140007000001,34.25402003
7190388,2016,2017-06-01,5609,2016-05-26,1419,356,,4,5,6,5609,0,0,0,,0,002,ROYAL AV,VENICE ST,91.00,E,N,A,-,N,,,,,,,,,,N,1,1,0,3,C,-,18,,,N,G,B,E,A,H,-,A,D,0,Y,,,,Y,,-,- ,0,0,0,1,0,0,0,0,0,- ,- ,34.264380000000003,-118.78931,VENTURA,SIMI VALLEY,-118.78894929000001,34.264413099999999
7190638,2016,2018-09-27,5600,2016-11-06,1723,1929,9064,7,5,6,5607,0,0,0,,0,09B,JANSS RD,KIRK AV,21.00,E,N,A,-,N,,,,,,,,,,Y,1,1,0,2,A,-,11,21954,A,N,G,B,D,A,H,-,B,D,0,Y,,,,Y,Y,N,60,0,0,0,1,0,0,0,0,0,- ,- ,,,VENTURA,THOUSAND OAKS,-118.87057066,34.199920800000001
7191566,2016,2016-02-29,5608,2016-02-15,0916,313,,1,5,6,5608,0,0,0,,0,004,TELEPHONE RD,SATICOY AV,0.00,,Y,A,-,N,,,,,,,,,,N,3,0,2,3,A,-,10,21950,A,N,-,B,B,A,H,-,A,A,0,Y,,,,Y,,-,,0,1,1,0,2,0,0,0,0,- ,- ,,,VENTURA,VENTURA,-119.15834009,34.27951006
7192397,2016,2016-03-22,5600,2016-02-12,1339,1936,9126,5,5,6,5607,0,0,0,,0,09H,HILLCREST DR,LAWRENCE DR,0.00,,Y,A,-,N,,,,,,,,,,N,2,0,1,2,D,-,00,,,N,B,G,A,A,H,-,A,A,0,,Y,,Y,Y,,-,- ,1,0,0,0,0,0,1,0,0,- ,- ,,,VENTURA,THOUSAND OAKS,-118.92990003,34.18645008
7192487,2016,2016-02-24,5605,2016-02-05,1443,135,PATRL,5,5,3,5605,0,0,0,,0,GRID3,CHANNEL ISLANDS BL,PATTERSON RD,0.00,,Y,A,-,N,,,,,,,,,,N,4,0,1,2,A,-,05,21650,1,N,D,G,A,A,H,-,A,A,0,,Y,,,Y,,L,04,0,0,1,0,0,0,1,0,0,- ,- ,34.103389999999997,-119.12305000000001,VENTURA,PORT HUENEME,-119.20842003,34.175980080000002
7194065,2016,2016-02-29,5608,2016-02-05,1402,464,,5,5,6,5608,0,0,0,,0,002,MAIN ST,PACIFIC AV,0.00,,Y,A,-,N,,,,,,,,,,N,3,0,1,2,A,-,08,22107,,N,B,G,A,A,H,-,A,D,0,,Y,,,Y,,A,01,0,1,0,0,0,0,1,0,0,- ,- ,,,VENTURA,VENTURA,-119.27329992999999,34.278800070000003
7194250,2016,2016-03-08,5600,2016-02-11,0600,4375,1009,4,5,2,5603,0,0,0,,0,01B,OJAI AV,SOUTH SHADY LN,713.00,E,N,A,-,N,,,,,,,,,,N,2,0,2,3,B,-,22,,,N,G,B,F,A,H,-,D,D,0,Y,,,,Y,,A,01,2,0,0,0,2,0,0,0,0,- ,- ,34.44567,-119.23208,VENTURA,OJAI,-119.2324029,34.448627639999998
7195030,2016,2016-04-04,5600,2016-02-26,0720,4498,9124,5,5,6,5607,0,0,0,,0,09C,BORCHARD RD,MICHAEL DR,21.00,S,N,A,-,N,,,,,,,,,,N,2,0,1,2,A,-,10,21950,A,N,G,B,B,A,H,-,A,A,0,Y,,,,Y,,D,22,1,0,0,0,1,0,0,0,0,- ,- ,,,VENTURA,THOUSAND OAKS,-118.92743297,34.181864769999997
7200169,2017,2019-04-08,5606,2017-01-06,1726,1105,5606,5,5,4,5606,0,0,0,,0,001,PALM AV,MAIN ST,25.00,N,N,A,-,N,,,,,,,,,,N,1,1,0,2,A,-,11,21954,A,N,G,B,D,A,H,-,B,A,0,Y,,,,Y,,A,01,0,0,0,1,0,0,0,0,0,- ,- ,,,VENTURA,SANTA PAULA,-119.07168281,34.350342810000001
7202145,2016,2016-03-10,5600,2016-02-23,1653,2740,9178,2,5,6,5607,0,0,0,,0,09D,TRIUNFO CANYON RD,STONESGATE ST,0.00,,Y,A,-,N,,,,,,,,,,N,3,0,1,2,A,-,09,21801,A,N,H,G,A,A,H,-,A,D,0,,Y,,,Y,,A,01,0,1,0,0,0,0,1,0,0,- ,- ,,,VENTURA,THOUSAND OAKS,-118.83987006,34.15043
7203334,2016,2016-03-11,5608,2016-02-27,1700,477,,6,5,6,5608,0,0,0,,0,004,TELEPHONE RD,MONTGOMERY AV,0.00,,Y,A,-,N,,,,,,,,,,N,2,0,1,2,A,-,10,21950,A,N,G,B,B,A,H,-,B,A,0,Y,,,,Y,,-,,1,0,0,0,1,0,0,0,0,- ,- ,,,VENTURA,VENTURA,-119.17936005999999,34.270190030000002
7203485,2016,2016-03-14,5608,2016-02-29,1858,437,,1,5,6,5608,0,0,0,,0,002,PREBLE AV,EMPIRE AV,0.00,,Y,A,-,N,,,,,,,,,,N,4,0,1,2,A,-,10,21950,A,F,G,B,B,A,H,-,D,D,0,Y,,,,Y,,-,,0,0,1,0,1,0,0,0,0,- ,- ,,,VENTURA,VENTURA,-119.24902992,34.263940009999999
7203505,2016,2016-03-14,5608,2016-02-29,1821,422,VENTU,1,5,6,5608,0,0,0,,0,002,E MAIN ST,BORCHARD DR,0.00,,Y,A,-,N,,,,,,,,,,N,3,0,1,2,A,-,08,22107,,N,-,B,B,-,H,-,C,A,0,Y,,,,Y,,-,,0,1,0,0,1,0,0,0,0,- ,- ,,,VENTURA,VENTURA,-119.25973990999999,34.273580070000001
7203517,2016,2016-03-14,5608,2016-02-27,1638,476,VENTU,6,5,6,5608,0,0,0,,0,001,CHESTNUT ST,THOMPSON BL,3.00,N,N,A,-,N,,,,,,,,,,N,2,0,1,2,A,-,10,21950,A,N,G,B,B,A,H,-,A,A,0,Y,Y,,,Y,,L,04,1,0,0,0,1,0,0,0,0,- ,- ,,,VENTURA,VENTURA,-119.29155,34.278268230000002
7204391,2016,2016-12-06,5600,2016-03-01,1050,4809,8150,2,5,5,5601,0,0,0,,0,8B01,VENTURA BL,CARMEN DR,0.00,,Y,A,-,N,,,101,,,,,,,N,3,0,1,2,A,-,17,21461,A,F,B,G,A,A,H,-,A,A,0,,Y,,,Y,,A,01,0,1,0,0,0,0,1,0,0,- ,- ,34.216900000000003,-119.05034999999999,VENTURA,CAMARILLO,-119.05032059,34.217538159999997
7207281,2016,2016-08-12,5600,2016-02-25,1416,4498,9138,4,5,6,5607,0,0,0,,0,09G,LOS PADRES DR,HAALAND DR,15.00,S,N,A,-,N,,,,,,,,,,N,2,0,2,3,A,-,10,21954,B,N,G,B,D,A,H,-,A,A,0,Y,,,,Y,,A,01,2,0,0,0,2,0,0,0,0,- ,- ,,,VENTURA,THOUSAND OAKS,-118.86989267,34.174988900000002
7209733,2016,2016-04-05,5608,2016-03-02,1930,481,VENTU,3,5,6,5608,0,0,0,,0,,E MAIN ST,E MAIN ST 4393,0.00,,N,A,-,N,,,,,,,,,,N,4,0,1,2,A,-,10,21952,,N,G,B,F,A,H,-,C,D,0,Y,,,,Y,,A,01,0,0,1,0,1,0,0,0,0,- ,- ,,,VENTURA,VENTURA,-119.23288107,34.262377219999998
8000212,2016,2016-03-25,5608,2016-03-19,2500,449,,6,5,6,5608,0,0,0,,0,001,VENTURA AV,FIX AV,0.00,,Y,B,-,N,,,,,,,,,,N,3,0,1,2,D,-,00,,,F,G,B,D,A,H,-,A,D,0,Y,,,,Y,,-,- ,0,1,0,0,1,0,0,0,0,- ,- ,,,VENTURA,VENTURA,-119.30025986,34.283260069999997
8001223,2016,2016-04-12,5608,2016-02-12,0939,435,VTA,5,5,6,5608,0,0,0,,0,001,W MAIN ST,PEKING ST,96.00,W,N,A,-,N,,,,,,,,,,Y,4,0,1,2,A,-,08,22107,,N,D,G,A,A,H,-,A,D,0,,Y,,,Y,,L,04,0,0,1,0,0,0,1,0,0,- ,- ,,,VENTURA,VENTURA,-119.30632639,34.281711569999999
8002652,2016,2017-02-10,5606,2016-02-20,1547,1114,5606,6,5,4,5606,0,0,0,,0,002,RT 150,HIGH ST,6.00,S,N,A,-,Y,VEN,7,150,-,-,33.431,I,5,E,N,3,0,1,2,A,-,03,22350,,N,G,B,B,A,H,-,A,D,0,Y,,Y,,Y,,C,02,0,1,0,0,1,0,0,0,0,- ,- ,,,VENTURA,SANTA PAULA,-119.06164466,34.36313431
8002660,2016,2016-04-01,5606,2016-02-07,1900,1117,5606,7,5,4,5606,0,0,0,,0,001,MAIN W ST,MAIN W ST 576,0.00,,N,A,-,N,,,,,,,,,,N,3,0,1,2,B,-,22,,,N,G,B,F,A,H,-,C,D,0,Y,,,,Y,,-,- ,0,1,0,0,1,0,0,0,0,- ,- ,,,VENTURA,SANTA PAULA,-119.08253789,34.346155580000001
8002931,2016,2016-05-16,5608,2016-03-22,1536,239,,2,5,6,5608,0,0,0,,0,003,LEMON GROVE AV,E MAIN ST,11.00,S,N,A,-,N,,,,,,,,,,N,3,0,1,2,A,-,00,20002,B,N,G,B,E,A,H,-,A,A,0,Y,,,,Y,,-,,0,1,0,0,0,0,0,0,0,- ,- ,,,VENTURA,VENTURA,-119.24907822999999,34.266103870000002
8003147,2016,2016-03-28,5609,2016-03-02,1657,388,,3,5,6,5609,0,0,0,,0,002,ACAPULCO CT,ROYAL AV,0.00,,Y,A,-,N,,,,,,,,,,N,3,0,1,2,A,-,12,22450,A,N,G,B,D,A,H,-,A,A,0,Y,,Y,,Y,,C,02,0,1,0,0,1,0,0,0,0,- ,- ,34.264420000000001,-118.79698,VENTURA,SIMI VALLEY,-118.79690012,34.264420020000003
8003670,2016,2016-03-29,5600,2016-03-15,1801,4615,8250,2,5,5,5601,0,0,0,,0,08C,DAWSON DR,PETIT ST,14.00,S,N,A,-,N,,,,,,,,,,Y,2,0,1,2,A,-,10,21950,A,N,G,B,B,A,H,-,A,A,0,Y,,,,Y,,A,01,1,0,0,0,1,0,0,0,0,- ,- ,34.215159999999997,-119.03391999999999,VENTURA,CAMARILLO,-119.03384446,34.215237389999999
8008548,2020,2020-11-17,5604,2020-09-22,1905,5502,,2,5,6,5604,0,0,0,,0,022,W WOOLEY RD,N VENTURA RD,0.00,,Y,A,-,N,,,,,,,,,,N,4,0,1,2,A,-,11,21456,B,N,G,B,B,-,H,-,C,A,0,Y,,,Y,Y,,N,60,0,0,1,0,1,0,0,0,0,- ,- ,34.190319061279297,-119.19510650634766,VENTURA,OXNARD,-119.19512176513672,34.190299987792969
8010390,2016,2016-04-12,5609,2016-04-01,1249,312,,5,5,6,5609,0,0,0,,0,,TAPO CANYON RD,RT 118,550.00,N,N,A,-,N,,,,,,,,,,N,4,0,1,2,A,-,05,21650,1,N,D,G,A,A,H,-,A,D,0,,Y,,,Y,,L,04,0,0,1,0,0,0,1,0,0,- ,WF,,,VENTURA,SIMI VALLEY,,
8010398,2016,2016-04-12,5609,2016-04-04,1819,389,,1,5,6,5609,0,0,0,,0,004,ALAMO ST,WANDA AV,0.00,,Y,A,-,N,,,,,,,,,,N,3,0,1,2,A,-,09,21801,A,N,H,G,A,A,H,-,A,D,0,,Y,,,Y,,A,01,0,1,0,0,0,0,1,0,0,- ,- ,34.286380000000001,-118.74881000000001,VENTURA,SIMI VALLEY,-118.74887004,34.286270020000003