CASE_ID,ACCIDENT_YEAR,PROC_DATE,JURIS,COLLISION_DATE,COLLISION_TIME,OFFICER_ID,REPORTING_DISTRICT,DAY_OF_WEEK,CHP_SHIFT,POPULATION,CNTY_CITY_LOC,SPECIAL_COND,BEAT_TYPE,CHP_BEAT_TYPE,CITY_DIVISION_LAPD,CHP_BEAT_CLASS,BEAT_NUMBER,PRIMARY_RD,SECONDARY_RD,DISTANCE,DIRECTION,INTERSECTION,WEATHER_1,WEATHER_2,STATE_HWY_IND,CALTRANS_COUNTY,CALTRANS_DISTRICT,STATE_ROUTE,ROUTE_SUFFIX,POSTMILE_PREFIX,POSTMILE,LOCATION_TYPE,RAMP_INTERSECTION,SIDE_OF_HWY,TOW_AWAY,COLLISION_SEVERITY,NUMBER_KILLED,NUMBER_INJURED,PARTY_COUNT,PRIMARY_COLL_FACTOR,PCF_CODE_OF_VIOL,PCF_VIOL_CATEGORY,PCF_VIOLATION,PCF_VIOL_SUBSECTION,HIT_AND_RUN,TYPE_OF_COLLISION,MVIW,PED_ACTION,ROAD_SURFACE,ROAD_COND_1,ROAD_COND_2,LIGHTING,CONTROL_DEVICE,CHP_ROAD_TYPE,PEDESTRIAN_ACCIDENT,BICYCLE_ACCIDENT,MOTORCYCLE_ACCIDENT,TRUCK_ACCIDENT,NOT_PRIVATE_PROPERTY,ALCOHOL_INVOLVED,STWD_VEHTYPE_AT_FAULT,CHP_VEHTYPE_AT_FAULT,COUNT_SEVERE_INJ,COUNT_VISIBLE_INJ,COUNT_COMPLAINT_PAIN,COUNT_PED_KILLED,COUNT_PED_INJURED,COUNT_BICYCLIST_KILLED,COUNT_BICYCLIST_INJURED,COUNT_MC_KILLED,COUNT_MC_INJURED,PRIMARY_RAMP,SECONDARY_RAMP,LATITUDE,LONGITUDE,COUNTY,CITY,POINT_X,POINT_Y
8016041,2016,2016-04-12,5609,2016-03-21,1326,310,512,1,5,6,5609,0,0,0,,0,005,TAPO ST,COCHRAN ST,16.00,S,N,A,-,N,,,,,,,,,,N,4,0,1,2,A,-,10,21950,A,N,G,B,B,A,H,-,A,A,0,Y,,,,Y,,A,01,0,0,1,0,1,0,0,0,0,- ,- ,,,VENTURA,SIMI VALLEY,-118.70896,34.278966099999998
8017830,2016,2016-04-25,5609,2016-04-05,1222,310,512,2,5,6,5609,0,0,0,,0,005,ALPINE ST,TAPO ST,155.00,E,N,A,-,N,,,,,,,,,,N,3,0,1,2,A,-,05,21650,1,N,D,G,A,A,H,-,A,D,0,,Y,,,Y,,L,04,0,1,0,0,0,0,1,0,0,- ,- ,34.274749999999997,-118.70837,VENTURA,SIMI VALLEY,-118.70844774,34.274799999999999
8018114,2016,2016-04-25,5600,2016-04-17,0200,3386,8135,7,5,5,5601,0,0,0,,0,8C01,PONDEROSA DR,LAS POSAS RD,9.00,S,N,A,-,N,,,,,,,,,,N,3,0,1,2,A,-,10,21950,A,F,G,B,B,A,H,-,C,A,0,Y,,,,Y,Y,-,99,0,1,0,0,1,0,0,0,0,- ,- ,34.24042,-119.02243,VENTURA,CAMARILLO,,
8018135,2016,2017-02-11,5600,2016-03-20,2130,2548,6018,7,5,3,5602,0,0,0,,0,6B01,RT 126,OLIVE ST,3.00,E,N,A,-,Y,VEN,7,126,-,-,21.281,I,5,W,N,3,0,1,2,A,-,12,21453,A,F,D,G,A,A,H,-,C,A,0,,Y,,,Y,,L,04,0,1,0,0,0,0,1,0,0,- ,- ,,,VENTURA,FILLMORE,-118.91540132999999,34.396561859999998
8025531,2016,2017-02-10,5600,2016-03-29,1946,4898,1000,2,5,2,5603,0,0,0,,0,1A01,RT 150,FOX ST,0.00,,Y,C,-,Y,VEN,7,150,-,-,17.801,I,5,W,N,2,0,1,2,A,-,10,21950,A,F,G,B,B,B,H,-,B,A,0,Y,,,,Y,,-,,1,0,0,0,1,0,0,0,0,- ,- ,,,VENTURA,OJAI,-119.24002931,34.448160549999997
8025586,2016,2016-04-19,5600,2016-04-05,0929,4529,9050,2,5,6,5607,0,0,0,,0,09B,MOORPARK RD,GAINSBOROUGH RD,12.00,N,N,A,-,N,,,,,,,,,,N,2,0,1,2,A,-,10,21950,A,N,G,B,B,A,H,-,A,A,0,Y,,,,Y,,A,01,1,0,0,0,1,0,0,0,0,- ,- ,,,VENTURA,THOUSAND OAKS,-118.8722284,34.194947599999999
8025820,2016,2016-04-22,5608,2016-04-05,0758,480,VENTU,2,5,6,5608,0,0,0,,0,003,LOMA VISTA RD,TELOMA DR,0.00,,Y,A,-,N,,,,,,,,,,N,3,0,1,3,A,-,02,21211,B,N,C,G,A,A,H,-,A,D,0,,Y,,,Y,,-,,0,1,0,0,0,0,1,0,0,- ,- ,,,VENTURA,VENTURA,-119.22457996,34.280430070000001
8033692,2016,2017-02-28,5600,2016-04-07,1531,3924,5182,4,5,4,5690,0,0,0,,0,02B,RT 118,FLORY AV,3.00,S,N,C,-,Y,VEN,7,118,-,R,17.573,I,6,W,N,4,0,1,2,A,-,10,21950,A,N,G,B,D,B,H,-,A,A,0,Y,,,,Y,,A,01,0,0,1,0,1,0,0,0,0,- ,- ,,,VENTURA,MOORPARK,-118.88101231,34.278986850000003
8034210,2016,2016-05-12,5608,2016-05-02,1659,398,,1,5,6,5608,0,0,0,,0,003,SOUTH MILLS RD,COASTAL VIEW DR,35.00,N,N,A,-,N,,,,,,,,,,N,3,0,1,2,A,-,09,21804,,N,D,G,A,A,H,-,A,A,0,,Y,,,Y,,L,04,0,1,0,0,0,0,1,0,0,- ,- ,,,VENTURA,VENTURA,-119.24732007,34.270754609999997
8034269,2016,2016-05-13,5608,2016-04-28,1630,239,,4,5,6,5608,0,0,0,,0,003,PROVIDENCE AV,JAMESTOWN ST,235.00,N,N,A,-,N,,,,,,,,,,N,3,0,1,2,A,-,11,21954,A,N,-,B,D,A,H,-,A,A,0,Y,,,,Y,,N,60,0,1,0,0,1,0,0,0,0,- ,- ,,,VENTURA,VENTURA,-119.17059401,34.278990159999999
8038347,2016,2016-05-19,5608,2016-05-06,1700,463,,5,5,6,5608,0,0,0,,0,001,FIGUEROA ST,HARBOR BL,0.00,,Y,A,-,N,,,,,,,,,,N,3,0,1,2,A,-,09,21802,A,F,D,G,A,A,H,-,A,A,0,,Y,,,Y,,-,,0,1,0,0,0,0,1,0,0,- ,- ,,,VENTURA,VENTURA,-119.29769997,34.276890039999998
8038843,2016,2016-05-13,5600,2016-05-05,0758,4498,9114,4,5,6,5607,0,0,0,,0,09C,WENDY DR,JESSICA ST,0.00,,Y,A,-,N,,,,,,,,,,N,3,0,1,2,A,-,09,21801,A,N,H,G,A,A,H,-,A,A,0,,Y,,,Y,,A,01,0,1,0,0,0,0,1,0,0,- ,- ,,,VENTURA,THOUSAND OAKS,-118.94495008,34.177630039999997
8039488,2016,2016-05-25,5600,2016-05-13,1402,1936,9020,5,5,6,5607,0,0,0,,0,09A,MOORPARK RD,AVENIDA DE LOS ARBOLES,409.00,N,N,A,-,N,,,,,,,,,,N,4,0,1,2,A,-,05,21650,1,N,H,G,A,A,H,-,A,D,0,,Y,,,Y,,L,04,0,0,1,0,0,0,1,0,0,- ,- ,,,VENTURA,THOUSAND OAKS,-118.86840422,34.219192270000001
8044306,2016,2016-05-24,5600,2016-05-10,0752,4483,9020,2,5,6,5607,0,0,0,,0,9A01,MOORPARK RD,AVENIDA DE LOS ARBOLES,418.00,N,N,B,-,N,,,,,,,,,,N,3,0,1,3,A,-,08,22107,,N,H,G,A,A,H,-,A,D,0,,Y,,,Y,,L,04,0,1,0,0,0,0,1,0,0,- ,- ,,,VENTURA,THOUSAND OAKS,-118.8684044,34.219216969999998
8045528,2016,2016-05-26,5608,2016-05-17,1230,466,,2,5,6,5608,0,0,0,,0,004,VALENTINE RD,KNOLL DR,0.00,,Y,A,-,N,,,,,,,,,,N,3,0,1,2,A,-,11,21950,B,N,D,G,A,A,H,-,A,A,0,,Y,,,Y,,L,04,0,1,0,0,0,0,1,0,0,- ,- ,,,VENTURA,VENTURA,-119.21967988999999,34.256790000000002
8045536,2016,2016-05-26,5608,2016-05-11,1116,439,,3,5,6,5608,0,0,0,,0,002,EAST THOMPSON BL,KATHERINE DR,0.00,,Y,B,-,N,,,,,,,,,,N,4,0,1,2,A,-,09,21801,A,F,G,B,D,A,H,-,A,D,0,Y,,,,Y,,-,,0,0,1,0,1,0,0,0,0,- ,- ,,,VENTURA,VENTURA,-119.26224992,34.272770059999999
8056821,2016,2016-06-10,5608,2016-05-26,1240,456,,4,5,6,5608,0,0,0,,0,003,TELEGRAPH RD,BROOKSHIRE AV,0.00,,Y,A,-,N,,,,,,,,,,N,4,0,1,2,A,-,09,21802,A,N,D,G,A,A,H,-,A,A,0,,Y,,,Y,,-,,0,0,1,0,0,0,1,0,0,- ,- ,,,VENTURA,VENTURA,-119.21194995,34.278390029999997
8059033,2016,2016-06-14,5609,2016-05-26,1945,437,,4,5,6,5609,0,0,0,,0,003,SYCAMORE DR,E LOS ANGELES AV,0.00,,Y,A,-,N,,,,,,,,,,N,4,0,1,2,A,-,11,21456,B,F,G,B,B,A,H,-,B,A,0,Y,,,,Y,,N,60,0,0,1,0,1,0,0,0,0,- ,- ,,,VENTURA,SIMI VALLEY,-118.74378003,34.271650080000001
8059756,2016,2017-02-11,5600,2016-05-18,0740,4615,8202,3,5,5,5601,0,0,0,,0,08C,MISSION OAKS BL,FLYNN RD,0.00,,Y,A,-,Y,VEN,7,101,-,-,13.226,R,4,N,N,3,0,1,2,A,-,05,21650,1,N,D,G,A,A,H,-,A,A,0,,Y,,,Y,,L,04,0,1,0,0,0,0,1,0,0,- ,- ,34.216749999999998,-119.02239,VENTURA,CAMARILLO,-119.02349554,34.215852630000001
8063166,2016,2016-09-28,5600,2016-09-17,1035,4816,8045,6,5,5,5601,0,0,0,,0,8A01,TOWN CENTER E,VENTURA BL,2.00,N,N,A,-,N,,,,,,,,,,N,3,0,1,2,A,-,12,21453,A,F,D,G,A,A,H,-,A,A,0,,Y,,,Y,,A,01,0,1,0,0,0,0,1,0,0,- ,- ,34.215989999999998,-119.07201999999999,VENTURA,CAMARILLO,,
8066638,2016,2016-06-22,5606,2016-04-12,1708,1025,5606,2,5,4,5606,0,0,0,,0,001,DEAN DR,MAIN ST,118.00,N,N,A,-,N,,,,,,,,,,N,4,0,1,2,A,-,09,21804,A,N,D,G,A,A,H,-,A,D,0,,Y,,,Y,,L,04,0,0,1,0,0,0,1,0,0,- ,- ,,,VENTURA,SANTA PAULA,-119.07717163,34.348871680000002
8070652,2016,2016-06-30,5609,2016-06-10,1911,437,,5,5,6,5609,0,0,0,,0,002,TIERRA REJADA RD,RIDGEGATE LN,7.00,E,N,A,-,N,,,,,,,,,,N,4,0,1,2,A,-,11,21456,B,N,G,B,B,A,H,-,A,A,0,Y,,,,Y,,N,60,0,0,1,0,1,0,0,0,0,- ,- ,34.272919999999999,-118.79965,VENTURA,SIMI VALLEY,-118.7997317,34.272868250000002
8074405,2016,2016-07-06,5600,2016-06-23,1336,4438,8124,4,5,5,5601,0,0,0,,0,8C1,ARNEILL RD,PICKWICK DR,13.00,N,N,A,-,N,,,,,,,,,,N,3,0,1,2,A,-,10,21950,A,N,G,B,B,A,H,-,A,A,0,Y,,,,Y,,A,01,0,1,0,0,1,0,0,0,0,- ,- ,,,VENTURA,CAMARILLO,-119.03905051,34.22231567
8078468,2016,2016-07-14,5600,2016-07-01,1757,4897,8101,5,5,5,5601,0,0,0,,0,08B,LAS POSAS RD,GLENBROOK AV,18.00,W,N,A,-,N,,,,,,,,,,N,3,0,1,2,A,-,09,21801,A,N,H,G,A,A,H,-,B,A,0,,Y,,,Y,,A,01,0,1,0,0,0,0,1,0,0,- ,- ,34.233539999999998,-119.05163,VENTURA,CAMARILLO,-119.05159594,34.233483219999997
8078472,2016,2016-07-14,5608,2016-07-01,1259,429,,5,5,6,5608,0,0,0,,0,004,VICTORIA AV,VICTORIA AV 1295,0.00,,Y,A,-,N,,,,,,,,,,N,4,0,1,2,A,-,12,21453,A,M,G,B,B,A,H,-,A,A,0,Y,,,,Y,,-,,0,0,1,0,1,0,0,0,0,- ,- ,,,VENTURA,VENTURA,-119.21202421,34.263139780000003
8080419,2016,2016-08-03,5600,2016-07-08,1359,4529,9160,5,5,6,5607,0,0,0,,0,00D,AUTO MALL DR,CORD AV,0.00,,Y,A,-,N,,,,,,,,,,N,3,0,1,2,A,-,08,22107,,N,G,B,E,A,H,-,A,D,0,Y,,,,Y,,D,22,0,1,0,0,1,0,0,0,0,- ,- ,,,VENTURA,THOUSAND OAKS,-118.82926011000001,34.161120070000003
8085573,2016,2016-07-21,5608,2016-07-05,1033,453,,2,5,6,5608,0,0,0,,0,004,TELEPHONE RD,RAMELLI AV,0.00,,Y,A,-,N,,,,,,,,,,N,4,0,1,2,A,-,11,21950,B,N,D,G,A,A,H,-,A,A,0,,Y,,,Y,,L,04,0,0,1,0,0,0,1,0,0,- ,- ,,,VENTURA,VENTURA,-119.19355012,34.268180059999999
8086174,2016,2016-07-27,5605,2016-06-16,1028,119,PATRO,4,5,3,5605,0,0,0,,0,GRID6,VENTURA RD,TEAKWOOD ST,5.00,N,N,A,-,N,,,,,,,,,,N,3,0,1,2,A,-,05,21650,1,N,A,G,A,A,H,-,A,A,0,,Y,,,Y,,L,04,0,1,0,0,0,0,1,0,0,- ,- ,,,VENTURA,PORT HUENEME,,
8091148,2016,2016-07-28,5608,2016-07-20,0706,459,5608,3,5,6,5608,0,0,0,,0,001,WALL ST,EAST PARK ROW AV,0.00,,Y,A,-,N,,,,,,,,,,N,4,0,1,2,A,-,05,21650,,N,A,G,A,A,H,-,A,A,0,,Y,,,Y,,L,04,0,0,1,0,0,0,1,0,0,- ,- ,,,VENTURA,VENTURA,-119.29899,34.284450079999999
8091187,2016,2016-09-27,5608,2016-07-14,2312,485,,4,5,6,5608,0,0,0,,0,001,WEST STANLEY AV,RT 33,207.00,E,N,A,-,N,,,,,,,,,,Y,3,0,1,2,A,-,01,23152,A,N,D,G,A,A,H,-,C,A,0,,Y,,,Y,Y,-,,0,1,0,0,0,0,1,0,0,- ,NF,,,VENTURA,VENTURA,-119.30085862999999,34.300673070000002
8094907,2016,2016-08-04,5608,2016-07-25,0824,446,,1,5,6,5608,0,0,0,,0,0L1,RALSTON,VICTORIA AV,42.00,W,N,A,-,N,,,,,,,,,,N,3,0,1,2,A,-,10,21950,A,N,G,B,B,A,H,-,A,A,0,Y,,,,Y,,-,,0,1,0,0,1,0,0,0,0,- ,- ,,,VENTURA,VENTURA,-119.21178642,34.261038560000003
8095113,2016,2016-08-04,5608,2016-07-24,2324,450,VENTU,7,5,6,5608,0,0,0,,0,001,SANTA CLARA ST,FIGUEROA ST,350.00,E,N,A,-,N,,,,,,,,,,N,3,0,1,2,D,-,00,,,N,G,B,E,A,H,-,C,D,0,Y,,,,Y,,-,- ,0,1,0,0,1,0,0,0,0,- ,- ,34.167700000000004,-119.17821000000001,VENTURA,VENTURA,-119.29656279,34.279525130000003
8096714,2016,2016-08-11,5608,2016-08-02,1830,475,,2,5,6,5608,0,0,0,,0,003,TELEGRAPH RD,N KIMBALL RD,30.00,E,N,A,-,N,,,,,,,,,,N,4,0,1,2,A,-,08,22107,,N,D,G,A,A,H,-,A,A,0,,Y,,,Y,,-,,0,0,1,0,0,0,1,0,0,- ,- ,,,VENTURA,VENTURA,-119.19268297000001,34.281287120000002
8097037,2016,2016-08-15,5600,2016-07-18,1645,3927,8123,1,5,5,5601,0,0,0,,0,08C,ARNEILL RD,PONDEROSA DR,9.00,N,N,A,-,N,,,,,,,,,,N,3,0,1,2,D,-,00,,,N,D,G,A,A,H,-,A,A,0,,Y,,,Y,,-,- ,0,1,0,0,0,0,1,0,0,- ,- ,34.223700000000001,-119.03892,VENTURA,CAMARILLO,-119.03904043999999,34.223654699999997
8097112,2016,2016-08-12,5608,2016-07-30,1130,285,,6,5,6,5608,0,0,0,,0,001,OLIVE ST,WARNER ST,200.00,,N,A,-,N,,,,,,,,,,N,3,0,1,2,A,-,17,22517,,N,-,G,A,A,H,-,A,D,0,,Y,,,Y,,-,,0,1,0,0,0,0,1,0,0,- ,- ,,,VENTURA,VENTURA,,
8101583,2016,2016-08-17,5609,2016-08-09,1542,467,,2,5,6,5609,0,0,0,,0,006,BIRCHCROFT ST,STEARNS ST,0.00,E,N,A,-,N,,,,,,,,,,N,3,0,1,2,A,-,21,22106,,F,G,B,E,A,H,-,A,D,0,Y,,,,Y,,A,01,0,1,0,0,1,0,0,0,0,- ,- ,34.276890000000002,-118.6913,VENTURA,SIMI VALLEY,-118.69137007,34.276820020000002
8106288,2016,2016-08-29,5605,2016-07-10,1458,135,PATRO,7,5,3,5605,0,0,0,,0,GRID 3,CHANNEL ISLANDS BL,WHEEL,818.00,W,N,A,-,N,,,,,,,,,,N,4,0,1,2,A,-,03,22350,,F,C,G,A,A,H,-,A,A,0,,Y,,,Y,,A,01,0,0,1,0,0,0,1,0,0,- ,- ,34.176070000000003,-119.21558,VENTURA,PORT HUENEME,,
8107524,2016,2016-09-09,5608,2016-08-05,1656,342,,5,5,6,5608,0,0,0,,0,002,LEMON GROVE AV,PORTER AV,81.00,S,N,A,-,N,,,,,,,,,,Y,3,0,2,5,A,-,08,22107,,N,B,B,F,A,H,-,A,D,0,Y,,,,Y,Y,-,,0,1,1,0,0,0,0,0,0,- ,- ,,,VENTURA,VENTURA,-119.24946119000001,34.265495549999997
8114591,2016,2017-02-18,5600,2016-08-08,1740,4844,2B01,1,5,4,5690,0,0,0,,0,5101,MILLER PKWY,RT 23,20.00,S,N,A,-,Y,VEN,7,23,-,T,11.946,I,6,S,N,3,0,1,2,A,-,09,21453,B,N,H,G,A,A,H,-,A,A,0,,Y,,,Y,,A,07,0,1,0,0,0,0,1,0,0,- ,- ,,,VENTURA,MOORPARK,-118.86922666,34.279390579999998
8117706,2016,2016-09-09,5608,2016-08-28,1613,476,,7,5,6,5608,0,0,0,,0,002,ARUNDELL AV,ARUNDELL CIR,0.00,,Y,A,-,N,,,,,,,,,,N,3,0,1,2,A,-,08,22107,,N,D,G,A,A,H,-,A,A,0,,Y,,,Y,,-,,0,1,0,0,0,0,1,0,0,- ,- ,,,VENTURA,VENTURA,-119.24859995,34.26000011
8117745,2016,2016-09-08,5608,2016-08-29,1903,365,,1,5,6,5608,0,0,0,,0,002,SEAWARD AV,OCEAN AV,0.00,,Y,A,-,N,,,,,,,,,,N,3,0,1,2,A,-,09,21801,A,N,-,G,A,A,H,-,A,A,0,,Y,,,Y,,-,,0,1,0,0,0,0,1,0,0,- ,- ,,,VENTURA,VENTURA,-119.26699988999999,34.27154007
8121215,2016,2017-03-01,5600,2016-08-31,1953,2877,8045,3,5,5,5601,0,0,0,,0,8A01,LAS POSAS RD,RT 101,0.00,,Y,A,-,Y,VEN,7,101,-,-,16.079,R,4,S,N,4,0,1,2,A,-,12,21453,A,N,D,G,A,A,H,-,C,A,0,,Y,,,Y,,L,04,0,0,1,0,0,0,1,0,0,- ,SF,34.217919999999999,-119.06992,VENTURA,CAMARILLO,-119.07310112,34.21926216
8122967,2016,2016-09-20,5609,2016-08-18,1944,439,,4,5,6,5609,0,0,0,,0,003,ERRINGER RD,ELIZONDO ST,405.00,N,N,A,-,N,,,,,,,,,,N,4,0,1,2,A,-,09,21804,A,N,D,G,A,A,H,-,C,A,0,,Y,,,Y,,L,04,0,0,1,0,0,0,1,0,0,- ,- ,34.265689999999999,-118.76134999999999,VENTURA,SIMI VALLEY,-118.76141,34.266811199999999
8124205,2016,2016-09-20,5600,2016-09-04,1144,4682,9124,7,5,6,5607,0,0,0,,0,09C,BORCHARD RD,MICHAEL DR,20.00,N,N,A,-,N,,,,,,,,,,N,3,0,1,2,A,-,01,21200,5,M,H,G,A,A,H,-,A,A,0,,Y,,,Y,Y,L,04,0,1,0,0,0,0,1,0,0,- ,- ,,,VENTURA,THOUSAND OAKS,-118.92734544,34.18195051
8124512,2016,2017-01-21,5600,2016-09-06,1000,4704,5600,2,5,2,5603,0,0,0,,0,01B,OJAI AV,BRYANT ST,0.00,,Y,A,-,Y,VEN,7,150,-,-,18.091,I,5,E,N,3,0,1,2,A,-,08,22107,,N,B,G,A,A,H,-,B,A,0,,Y,,Y,Y,,F,26,0,1,0,0,0,0,1,0,0,- ,- ,,,VENTURA,OJAI,-119.23538526,34.448531899999999
8128311,2016,2016-09-28,5600,2016-09-08,0810,4529,9124,4,5,6,5607,0,0,0,,0,09C,BORCHARD RD,MICHAEL DR,8.00,N,N,A,-,N,,,,,,,,,,N,4,0,1,2,A,-,10,21950,A,N,G,B,B,A,H,-,A,A,0,Y,,,,Y,,A,01,0,0,1,0,1,0,0,0,0,- ,- ,,,VENTURA,THOUSAND OAKS,-118.92737218000001,34.181926199999999
8129610,2016,2016-09-23,5600,2016-09-12,1743,4438,8131,1,5,5,5601,0,0,0,,0,8C1,ADOLFO RD,PONDEROSA DR,8.00,E,N,A,-,N,,,,,,,,,,N,4,0,1,2,A,-,21,22106,,N,D,G,A,A,H,-,A,A,0,,Y,,,Y,,D,22,0,0,1,0,0,0,1,0,0,- ,- ,34.2348,-119.0235,VENTURA,CAMARILLO,-119.02369311,34.234813109999997
8129781,2016,2017-02-18,5608,2016-09-04,1600,285,,7,5,6,5608,0,0,0,,0,001,STANLEY AV,RT 33,0.00,,Y,A,-,Y,VEN,7,33,-,-,1.566,R,4,S,N,3,0,1,2,A,-,10,21950,A,F,G,B,B,A,H,-,A,A,0,Y,,,,Y,,-,,0,1,0,0,1,0,0,0,0,- ,- ,,,VENTURA,VENTURA,-119.30186049,34.300958549999997
8129785,2016,2016-10-28,5608,2016-09-03,1057,361,,6,5,6,5608,0,0,0,,0,001,OLIVE ST,MAIN ST,164.00,N,N,A,-,N,,,,,,,,,,N,3,0,1,2,A,-,09,21804,A,N,D,G,A,A,H,-,A,D,0,,Y,,,Y,,A,,0,1,0,0,0,0,1,0,0,- ,- ,,,VENTURA,VENTURA,,
8129786,2016,2016-09-26,5600,2016-09-18,1927,4438,8020,7,5,5,5601,0,0,0,,0,8A1,ROSEWOOD AV,PONDEROSA DR,3.00,N,N,A,-,N,,,,,,,,,,N,3,0,1,2,A,-,10,21950,A,N,G,B,B,A,H,-,C,A,0,Y,,,,Y,,A,01,0,1,0,0,1,0,0,0,0,- ,- ,34.223660000000002,-119.06149000000001,VENTURA,CAMARILLO,-119.06149000000001,34.223608230000004
8131767,2016,2016-10-03,5606,2016-06-02,1658,1110,5606,4,5,4,5606,0,0,0,,0,002,10TH ST,CORONADO CIR,122.00,S,N,A,-,N,,,,,,,,,,N,3,0,1,2,A,-,09,21801,A,N,G,B,C,A,H,-,A,D,0,Y,,,,Y,,A,01,0,1,0,0,1,0,0,0,0,- ,- ,,,VENTURA,SANTA PAULA,-119.06690328000001,34.366508430000003
8136933,2016,2016-10-11,5600,2016-10-04,1033,4045,9180,2,5,6,5607,0,0,0,,0,9D01,TRIUNFO CANYON RD,GLASTONBURY RD,0.00,,Y,A,-,N,,,,,,,,,,N,3,0,1,2,A,-,09,21802,A,N,H,G,A,A,H,-,A,D,0,,Y,,,Y,,D,22,0,1,0,0,0,0,1,0,0,- ,- ,,,VENTURA,THOUSAND OAKS,-118.83525005,34.144710099999998
81381885,2020,2021-01-06,5609,2020-05-26,2111,447,,2,5,6,5609,0,0,0,,0,002,ROYAL AVE,FIRST ST,115.00,E,N,A,-,N,,,,,,,,,,N,4,0,1,2,A,-,04,21703,,N,C,G,A,A,H,-,C,D,0,,Y,,,Y,,A,01,0,0,1,0,0,0,1,0,0,- ,- ,34.264568328857422,-118.77890777587891,VENTURA,SIMI VALLEY,-118.77864074707031,34.264450073242188
81381931,2020,2021-01-06,5609,2020-06-16,1400,310,121,2,5,6,5609,0,0,0,,0,001,MADERA RD,STRATHEARN PL,0.00,,Y,A,-,N,,,,,,,,,,N,3,0,1,2,A,-,09,21804,A,N,D,G,A,A,H,-,A,A,0,,Y,,,Y,,L,04,0,1,0,0,0,0,1,0,0,- ,- ,,,VENTURA,SIMI VALLEY,-118.79647827148438,34.274009704589844
81381978,2020,2021-01-06,5609,2020-07-06,1402,488,,1,5,6,5609,0,0,0,,0,001,ERRINGER RD,COCHRAN ST,51.00,S,N,A,-,N,,,,,,,,,,N,3,0,1,2,A,-,08,22107,,N,B,G,A,A,H,-,A,D,0,,Y,,,Y,,A,01,0,1,0,0,0,0,1,0,0,- ,- ,,,VENTURA,SIMI VALLEY,-118.76139831542969,34.27886962890625
81381985,2020,2021-01-06,5609,2020-07-09,0832,356,,4,5,6,5609,0,0,0,,0,006,LOS ANGELES AVE,RORY LN,0.00,,Y,A,-,N,,,,,,,,,,Y,3,0,1,2,A,-,12,21453,A,N,D,G,A,A,H,-,A,A,0,,Y,,,Y,,A,01,0,1,0,0,0,0,1,0,0,- ,- ,34.270889282226562,-118.67355346679688,VENTURA,SIMI VALLEY,-118.67371368408203,34.271739959716797
81381991,2020,2021-01-06,5609,2020-01-16,1907,443,316,4,5,6,5609,0,0,0,,0,003,ERRINGER RD,PATRICIA AVE,12.00,S,N,C,-,N,,,,,,,,,,N,4,0,1,2,A,-,10,21950,A,F,G,B,B,B,H,-,C,A,0,Y,,,,Y,,A,07,0,0,1,0,1,0,0,0,0,- ,- ,34.269660949707031,-118.76122283935547,VENTURA,SIMI VALLEY,-118.76139831542969,34.269966125488281
81382076,2020,2021-01-06,5609,2020-08-19,0920,452,204,3,5,6,5609,0,0,0,,0,002,ROYAL AVE,SINALOA RD,12.00,E,N,A,-,N,,,,,,,,,,N,3,0,1,2,A,-,08,22107,,N,B,G,A,A,H,-,A,A,0,,Y,,Y,Y,,F,56,0,1,0,0,0,0,1,0,0,- ,- ,34.264278411865234,-118.78755187988281,VENTURA,SIMI VALLEY,-118.78755950927734,34.264419555664062
81382165,2020,2021-01-06,5609,2020-09-18,1715,452,516,5,5,6,5609,0,0,0,,0,005,LOS ANGELES AVE,HIDDEN RANCH DR,0.00,,Y,A,-,N,,,,,,,,,,N,4,0,1,2,A,-,09,21801,A,N,D,G,A,A,H,-,A,A,0,,Y,,,Y,,D,22,0,0,1,0,0,0,1,0,0,- ,- ,34.2718505859375,-118.69454956054688,VENTURA,SIMI VALLEY,-118.69455718994141,34.271739959716797
81382171,2020,2021-01-06,5609,2020-09-22,1131,452,313,2,5,6,5609,0,0,0,,0,003,FLETCHER ST,FITZGERALD RD (E),10.00,N,N,A,-,N,,,,,,,,,,N,4,0,1,2,A,-,12,22450,A,N,G,B,B,A,H,-,A,A,0,Y,,,,Y,,D,22,0,0,1,0,1,0,0,0,0,- ,- ,34.2530517578125,-118.73574066162109,VENTURA,SIMI VALLEY,-118.74188232421875,34.256393432617188
81382203,2020,2021-01-06,5609,2020-10-05,1710,443,116,1,5,6,5609,0,0,0,,0,001,COCHRAN ST,ERRINGER RD,192.00,W,N,A,-,N,,,,,,,,,,N,2,0,1,2,A,-,10,21952,,F,G,B,F,A,H,-,A,D,0,Y,,,,Y,,A,01,1,0,0,0,1,0,0,0,0,- ,- ,34.278678894042969,-118.76113128662109,VENTURA,SIMI VALLEY,-118.76203155517578,34.279018402099609
81382309,2020,2021-01-06,5609,2020-11-18,1118,464,,3,5,6,5609,0,0,0,,0,005,TOWNSHIP AVE,TAPO ST,0.00,,Y,A,-,N,,,,,,,,,,N,4,0,1,2,A,-,10,21950,A,N,G,B,B,A,H,-,A,A,0,Y,,,,Y,,D,22,0,0,1,0,1,0,0,0,0,- ,- ,34.293498992919922,-118.70893859863281,VENTURA,SIMI VALLEY,-118.70894622802734,34.293521881103516
81382328,2020,2021-01-06,5609,2020-11-21,2014,430,,6,5,6,5609,0,0,0,,0,001,COCHRAN ST,MADERA RD,336.00,E,N,A,-,N,,,,,,,,,,N,4,0,1,3,A,-,12,22450,A,F,D,G,A,A,H,-,C,D,0,,Y,,,Y,,M,47,0,0,1,0,0,0,1,0,0,- ,- ,34.28173828125,-118.79489135742188,VENTURA,SIMI VALLEY,-118.79401397705078,34.281307220458984