CASE_ID,ACCIDENT_YEAR,PROC_DATE,JURIS,COLLISION_DATE,COLLISION_TIME,OFFICER_ID,REPORTING_DISTRICT,DAY_OF_WEEK,CHP_SHIFT,POPULATION,CNTY_CITY_LOC,SPECIAL_COND,BEAT_TYPE,CHP_BEAT_TYPE,CITY_DIVISION_LAPD,CHP_BEAT_CLASS,BEAT_NUMBER,PRIMARY_RD,SECONDARY_RD,DISTANCE,DIRECTION,INTERSECTION,WEATHER_1,WEATHER_2,STATE_HWY_IND,CALTRANS_COUNTY,CALTRANS_DISTRICT,STATE_ROUTE,ROUTE_SUFFIX,POSTMILE_PREFIX,POSTMILE,LOCATION_TYPE,RAMP_INTERSECTION,SIDE_OF_HWY,TOW_AWAY,COLLISION_SEVERITY,NUMBER_KILLED,NUMBER_INJURED,PARTY_COUNT,PRIMARY_COLL_FACTOR,PCF_CODE_OF_VIOL,PCF_VIOL_CATEGORY,PCF_VIOLATION,PCF_VIOL_SUBSECTION,HIT_AND_RUN,TYPE_OF_COLLISION,MVIW,PED_ACTION,ROAD_SURFACE,ROAD_COND_1,ROAD_COND_2,LIGHTING,CONTROL_DEVICE,CHP_ROAD_TYPE,PEDESTRIAN_ACCIDENT,BICYCLE_ACCIDENT,MOTORCYCLE_ACCIDENT,TRUCK_ACCIDENT,NOT_PRIVATE_PROPERTY,ALCOHOL_INVOLVED,STWD_VEHTYPE_AT_FAULT,CHP_VEHTYPE_AT_FAULT,COUNT_SEVERE_INJ,COUNT_VISIBLE_INJ,COUNT_COMPLAINT_PAIN,COUNT_PED_KILLED,COUNT_PED_INJURED,COUNT_BICYCLIST_KILLED,COUNT_BICYCLIST_INJURED,COUNT_MC_KILLED,COUNT_MC_INJURED,PRIMARY_RAMP,SECONDARY_RAMP,LATITUDE,LONGITUDE,COUNTY,CITY,POINT_X,POINT_Y
81382405,2020,2021-01-06,5609,2020-12-17,2032,443,,4,5,6,5609,0,0,0,,0,005,STEARNS ST,118 WB OFF STEARNS RAMP,0.00,,Y,A,-,Y,,,118,,,,,,,N,3,0,1,2,A,-,09,21453,B,N,D,G,A,A,H,-,C,A,0,,Y,,,Y,,A,01,0,1,0,0,0,0,1,0,0,- ,- ,34.281871795654297,-118.69113159179688,VENTURA,SIMI VALLEY,-118.69113159179688,34.281764984130859
81382414,2020,2021-01-06,5609,2020-12-20,1838,389,,7,5,6,5609,0,0,0,,0,004,SYCAMORE DR,COCHRAN ST,232.00,S,N,A,-,N,,,,,,,,,,N,4,0,1,3,A,-,10,21952,,N,G,B,F,A,H,-,C,D,0,Y,,,,Y,,A,01,0,0,1,0,1,0,0,0,0,- ,- ,34.279079437255859,-118.74381256103516,VENTURA,SIMI VALLEY,-118.743896484375,34.278362274169922
81383823,2020,2021-01-08,5609,2020-12-30,1710,435,,3,5,6,5609,0,0,0,,0,005,TAPO ST,BARNARD ST,0.00,,Y,A,-,N,,,,,,,,,,N,4,0,1,2,A,-,05,21650,,N,D,G,A,A,H,-,C,D,0,,Y,,,Y,,L,04,0,0,1,0,0,0,1,0,0,- ,- ,34.281890869140625,-118.70867156982422,VENTURA,SIMI VALLEY,-118.70895385742188,34.282508850097656
8139043,2016,2016-12-29,5609,2016-12-07,1813,389,,3,5,6,5609,0,0,0,,0,002,ROYAL AV,NAPLES CT,200.00,E,N,A,-,N,,,,,,,,,,N,3,0,1,2,A,-,11,21954,A,N,G,B,D,A,H,-,D,D,0,Y,,,,Y,Y,N,60,0,1,0,0,1,0,0,0,0,- ,- ,34.264389999999999,-118.79131,VENTURA,SIMI VALLEY,-118.79056905,34.264409999999998
8139051,2016,2016-12-29,5609,2016-12-06,0809,310,411,2,5,6,5609,0,0,0,,0,004,KENTFIELD ST,ATHERWOOD AV,7.00,E,N,A,-,N,,,,,,,,,,N,4,0,1,2,A,-,09,21804,A,N,D,G,A,A,H,-,A,A,0,,Y,,,Y,,L,04,0,0,1,0,0,0,1,0,0,- ,- ,,,VENTURA,SIMI VALLEY,-118.75273686,34.285809919999998
8140573,2016,2016-12-05,5608,2016-09-23,1704,446,,5,5,6,5608,0,0,0,,0,004,TELEPHONE RD,WESTINGHOUSE ST,171.00,N,N,A,-,N,,,,,,,,,,N,3,0,1,2,A,-,08,22100,A,N,D,G,A,A,H,-,A,D,0,,Y,,,Y,,L,04,0,1,0,0,0,0,1,0,0,- ,- ,,,VENTURA,VENTURA,-119.23508441,34.259285300000002
8141510,2016,2016-10-12,5600,2016-09-14,1906,4569,6025,3,5,3,5602,0,0,0,,0,06B,1ST ST,CENTRAL AV,298.00,E,N,A,-,N,,,,,,,,,,N,3,0,1,2,A,-,10,21950,,N,G,B,D,A,H,-,B,D,0,Y,,,,Y,,A,07,0,1,0,0,1,0,0,0,0,- ,- ,,,VENTURA,FILLMORE,-118.91316598,34.402699869999999
8142291,2016,2016-10-26,5608,2016-10-11,1809,284,,2,5,6,5608,0,0,0,,0,001,CEDAR ST,CENTER ST,140.40,N,N,A,-,N,,,,,,,,,,N,3,0,1,2,A,-,09,21804,A,N,D,G,A,A,H,-,A,D,0,,Y,,,Y,,L,04,0,1,0,0,0,0,1,0,0,- ,- ,,,VENTURA,VENTURA,-119.29692946,34.287519629999998
81476995,2021,2021-05-19,5609,2021-04-07,1520,482,314,3,5,6,5609,0,0,0,,0,003,SEQUOIA AVE,FLORA DR,80.00,S,N,A,-,N,,,,,,,,,,N,4,0,1,2,A,-,08,22107,,N,B,G,A,A,H,-,A,D,0,,Y,,,Y,,A,01,0,0,1,0,0,0,1,0,0,- ,- ,,,VENTURA,SIMI VALLEY,-118.73081207275391,34.282539367675781
81477014,2021,2021-05-19,5609,2021-04-27,1041,457,4,2,5,6,5609,0,0,0,,0,,COCHRAN ST,BOALT AVE,0.00,,Y,A,-,N,,,,,,,,,,N,3,0,1,2,A,-,09,21804,A,N,D,G,A,A,H,-,A,D,0,,Y,,,Y,,L,04,0,1,0,0,0,0,1,0,0,- ,- ,34.278968811035156,-118.72051239013672,VENTURA,SIMI VALLEY,-118.72055053710938,34.279037475585938
81477076,2021,2021-05-19,5609,2021-02-11,0638,356,,4,5,6,5609,0,0,0,,0,004,TAPO CANYON RD,AVENIDA SIMI,15.00,N,N,A,-,N,,,,,,,,,,N,3,0,2,3,A,-,10,21950,A,N,G,B,B,A,H,-,A,A,0,Y,,,,Y,,A,08,0,1,1,0,2,0,0,0,0,- ,- ,,,VENTURA,SIMI VALLEY,-118.7176513671875,34.289920806884766
81477088,2021,2021-05-19,5609,2021-01-06,1501,482,201,3,5,6,5609,0,0,0,,0,002,LOS ANGELES AVE,SIMI VILLAGE DR,0.00,,Y,A,-,N,,,,,,,,,,N,3,0,1,2,A,-,05,21650,1,N,D,G,A,A,H,-,A,A,0,,Y,,,Y,,L,04,0,1,0,0,0,0,1,0,0,- ,- ,34.271678924560547,-118.79097747802734,VENTURA,SIMI VALLEY,-118.79096221923828,34.271728515625
8151052,2016,2016-10-26,5600,2016-10-04,1803,4780,8221,2,5,5,5601,0,0,0,,0,8D01,SANTA ROSA RD,ADOLFO RD,16.00,S,N,A,-,N,,,,,,,,,,N,4,0,1,2,A,-,09,21804,A,N,H,G,A,A,H,-,B,A,0,,Y,,,Y,,L,04,0,0,1,0,0,0,1,0,0,- ,- ,34.219990000000003,-119.00717,VENTURA,CAMARILLO,-119.00518092,34.218244390000002
8151060,2016,2016-10-26,5600,2016-10-06,1932,4869,8124,4,5,5,5601,0,0,0,,0,08C,PONDEROSA DR,MOBIL AV,0.00,,Y,A,-,N,,,,,,,,,,N,3,0,1,2,A,-,10,21950,A,N,G,B,B,A,H,-,C,A,0,Y,,,,Y,,A,07,0,1,0,0,1,0,0,0,0,- ,- ,34.223509999999997,-119.0427,VENTURA,CAMARILLO,-119.04280003,34.223610010000002
8151076,2016,2016-10-26,5600,2016-10-13,0800,3927,8104,4,5,5,5601,0,0,0,,0,08B,PONDEROSA DR,BRENTLY AV,10.00,E,N,A,-,N,,,,,,,,,,N,4,0,1,2,A,-,10,21950,A,N,G,B,B,A,H,-,A,A,0,Y,,,,Y,,A,07,0,0,1,0,1,0,0,0,0,- ,- ,34.223520000000001,-119.04738,VENTURA,CAMARILLO,-119.04741697,34.223580550000001
8154952,2016,2016-11-02,5609,2016-10-18,1519,388,,2,5,6,5609,0,0,0,,0,004,LOS ANGELES AV,SYCAMORE DR,8.00,W,N,A,-,N,,,,,,,,,,N,3,0,1,2,A,-,10,21950,A,N,D,G,A,A,H,-,A,A,0,,Y,,,Y,,D,22,0,1,0,0,0,0,1,0,0,- ,- ,34.271769999999997,-118.74383,VENTURA,SIMI VALLEY,-118.74380643000001,34.271650469999997
8155291,2016,2016-11-01,5600,2016-10-25,0800,2913,9040,2,5,6,5607,0,0,0,,0,09B,NORTHPARK ST,SUMMERPARK CT,0.00,,Y,A,-,N,,,,,,,,,,N,3,0,1,2,A,-,05,21650,1,N,H,G,A,A,H,-,A,D,0,,Y,,,Y,,L,04,0,1,0,0,0,0,1,0,0,- ,- ,,,VENTURA,THOUSAND OAKS,-118.83735000999999,34.21140011
8155850,2016,2016-11-01,5608,2016-10-20,1543,477,,4,5,6,5608,0,0,0,,0,003,N VICTORIA AV,TELEGRAPH RD,0.00,,Y,A,-,N,,,,,,,,,,N,3,0,1,2,A,-,08,22107,,N,D,G,A,A,H,-,A,A,0,,Y,,,Y,,-,,0,1,0,0,0,0,1,0,0,- ,- ,,,VENTURA,VENTURA,-119.21462990000001,34.278010080000001
8155854,2016,2016-11-01,5608,2016-10-19,2108,483,VENTU,3,5,6,5608,0,0,0,,0,001,NORTH VENTURA AV,WARNER ST,12.00,S,N,A,-,N,,,,,,,,,,N,3,0,1,2,A,-,10,21950,A,F,G,B,B,A,H,-,C,A,0,Y,,,,Y,,-,,0,1,0,0,1,0,0,0,0,- ,- ,,,VENTURA,VENTURA,-119.29748058,34.29244825
8156062,2016,2016-10-31,5600,2016-10-17,1846,4438,8020,1,5,5,5601,0,0,0,,0,8A1,COE ST,HARRIS AV,6.00,E,N,A,-,N,,,,,,,,,,N,3,0,1,2,A,-,10,21950,A,N,G,B,D,A,H,-,B,D,0,Y,,,,Y,,A,01,0,1,0,0,1,0,0,0,0,- ,- ,34.227980000000002,-119.05704,VENTURA,CAMARILLO,-119.05710018000001,34.227979529999999
81570483,2021,2021-09-15,5600,2021-06-05,0428,3469,8127,6,5,5,5601,0,0,0,,0,8C01,SR-34 (LEWIS RD),TEMPLE AV,46.00,N,N,A,-,Y,,,34,,,,,,,N,2,0,1,2,A,-,11,21954,A,N,G,B,E,A,H,-,C,A,0,Y,,,,Y,,N,60,1,0,0,0,1,0,0,0,0,- ,- ,34.2216796875,-119.02938079833984,VENTURA,CAMARILLO,-119.029296875,34.221599578857422
81576218,2021,2021-09-22,5600,2021-07-16,1829,4550,9032,5,5,6,5607,0,0,0,,0,9A01,CALLE TULIPAN,CALLE RETAMA,0.00,,Y,A,-,N,,,,,,,,,,Y,2,0,1,2,A,-,10,21950,A,N,G,B,E,A,H,-,B,D,0,Y,,,,Y,,A,07,1,0,0,0,1,0,0,0,0,- ,- ,34.207668304443359,-118.86485290527344,VENTURA,THOUSAND OAKS,-118.86135101318359,34.210899353027344
81577369,2021,2021-09-23,5600,2021-08-27,0640,2994,5100,5,5,4,5690,0,0,0,,0,2B01,MOORPARK AV,LOS ANGELES AV,5.00,S,N,A,-,Y,,,,,,,,,,N,4,0,1,2,A,-,10,21950,A,N,G,B,B,A,H,-,A,A,0,Y,,,,Y,,D,22,0,0,1,0,1,0,0,0,0,- ,- ,34.2789306640625,-118.88210296630859,VENTURA,MOORPARK,,
8158194,2016,2016-11-04,5608,2016-10-17,1629,373,,1,5,6,5608,0,0,0,,0,001,SEMINOLE LN,E SHOSHONE ST,3.00,N,N,A,-,N,,,,,,,,,,N,3,0,1,2,A,-,10,21950,A,N,G,G,A,A,H,-,A,D,0,,Y,,,Y,,-,,0,1,0,0,0,0,1,0,0,- ,- ,,,VENTURA,VENTURA,-119.28917769,34.302818010000003
8158202,2016,2016-11-04,5608,2016-10-25,1356,439,,2,5,6,5608,0,0,0,,0,001,THOMPSON BL,CHESTNUT ST,0.00,,Y,A,-,N,,,,,,,,,,N,4,0,1,2,A,-,08,22107,,N,G,B,B,A,H,-,A,A,0,Y,,,,Y,,-,,0,0,1,0,1,0,0,0,0,- ,- ,,,VENTURA,VENTURA,-119.29154995,34.278260009999997
8158206,2016,2016-11-04,5608,2016-10-25,2151,471,,2,5,6,5608,0,0,0,,0,003,THILLE ST,VICTORIA AV,0.00,,Y,A,-,N,,,,,,,,,,N,3,0,1,2,A,-,11,21456,B,N,G,B,B,A,H,-,C,A,0,Y,,,,Y,,N,60,0,1,0,0,1,0,0,0,0,- ,- ,,,VENTURA,VENTURA,-119.21303994,34.268100029999999
81602109,2021,2021-10-21,5600,2021-10-07,1354,4501,8020,4,5,5,5601,0,0,0,,0,8A01,PONDEROSA DR,ROSEWOOD AV,10.00,W,N,B,-,N,,,,,,,,,,N,3,0,1,2,A,-,12,22450,,N,D,G,A,A,H,-,A,A,0,,Y,,,Y,,L,04,0,1,0,0,0,0,1,0,0,- ,- ,34.223560333251953,-119.06150054931641,VENTURA,CAMARILLO,-119.0615234375,34.223529815673828
81607131,2021,2021-10-27,5600,2021-10-14,0507,5293,8250,4,5,5,5601,0,0,0,,0,8C01,PETIT ST,VILLAGE AT THE PARK DR (W),0.00,,Y,-,-,N,,,,,,,,,,N,4,0,1,2,A,-,10,21950,A,N,G,B,B,A,H,-,C,A,0,Y,,,,Y,,A,01,0,0,1,0,1,0,0,0,0,- ,- ,34.214778900146484,-119.0299072265625,VENTURA,CAMARILLO,-119.02996826171875,34.214733123779297
81608287,2021,2021-10-28,5600,2021-10-26,1740,3147,9076,2,5,6,5607,0,0,0,,0,9H01,GAINSBOROUGH RD,TUOLUMNE AV,0.00,,Y,A,-,N,,,,,,,,,,N,3,0,1,2,A,-,09,21801,A,N,H,G,A,A,H,-,A,D,0,,Y,,,Y,,A,01,0,1,0,0,0,0,1,0,0,- ,- ,34.1915283203125,-118.88979339599609,VENTURA,THOUSAND OAKS,-118.88978576660156,34.191566467285156
8161527,2016,2016-11-10,5608,2016-11-01,1716,477,,2,5,6,5608,0,0,0,,0,004,S VICTORIA,MOON DR,0.00,,Y,A,-,N,,,,,,,,,,N,4,0,1,2,A,-,10,21950,A,N,G,B,B,A,H,-,B,A,0,Y,,,,Y,,-,,0,0,1,0,1,0,0,0,0,- ,- ,,,VENTURA,VENTURA,-119.21050998,34.255790099999999
8161535,2016,2016-11-10,5608,2016-11-01,0750,438,,2,5,6,5608,0,0,0,,0,003,TELEGRAPH RD,WAKE FOREST AV,0.00,,Y,A,-,N,,,,,,,,,,N,3,0,1,2,A,-,12,21453,A,N,D,G,A,A,H,-,A,A,0,,Y,,,Y,,L,04,0,1,0,0,0,0,1,0,0,- ,- ,,,VENTURA,VENTURA,-119.21795988,34.277570040000001
8161539,2016,2016-11-10,5608,2016-11-01,1831,442,,2,5,6,5608,0,0,0,,0,004,VICTORIA AV,THILLE ST,0.00,,Y,A,-,N,,,,,,,,,,N,3,0,1,2,A,-,09,21804,A,N,D,G,A,A,H,-,C,A,0,,Y,,,Y,,L,04,0,1,0,0,0,0,1,0,0,- ,- ,,,VENTURA,VENTURA,-119.21303994,34.268100029999999
81616848,2021,2021-11-05,5600,2021-10-28,1607,2913,9080,4,5,6,5607,0,0,0,,0,9H01,WILBUR RD,SAINT CHARLES DR,12.00,S,N,A,-,N,,,,,,,,,,N,3,0,1,2,A,-,11,21950,B,N,G,B,B,A,H,-,A,A,0,Y,,,,Y,,N,60,0,1,0,0,1,0,0,0,0,- ,- ,34.185230255126953,-118.87757873535156,VENTURA,THOUSAND OAKS,-118.87758636474609,34.185203552246094
81622196,2021,2021-11-11,5600,2021-11-04,1715,2913,9154,4,5,6,5607,0,0,0,,0,9G01,THOUSAND OAKS BL,OAK VIEW DR,265.00,E,N,A,-,N,,,,,,,,,,N,4,0,1,2,D,-,00,,,N,G,B,D,A,H,-,A,D,0,Y,,,,Y,,-,- ,0,0,1,0,1,0,0,0,0,- ,- ,34.173439025878906,-118.84178924560547,VENTURA,THOUSAND OAKS,-118.84107208251953,34.173000335693359
8162351,2016,2016-11-16,5606,2016-08-05,1029,1017,5606,5,5,4,5606,0,0,0,,0,002,10TH ST,NORTH ALLEY,0.00,,Y,A,-,N,,,,,,,,,,N,4,0,1,2,A,-,03,22350,,N,D,G,A,A,H,-,A,D,0,,Y,,,Y,,L,04,0,0,1,0,0,0,1,0,0,- ,- ,,,VENTURA,SANTA PAULA,,
81627905,2021,2021-11-18,5600,2021-11-13,0742,4501,8218,6,5,5,5601,0,0,0,,0,8D01,WOODCREEK RD,QUAILRIDGE DR,310.00,N,N,A,-,N,,,,,,,,,,N,3,0,2,2,A,-,11,21954,A,N,G,B,E,A,H,-,A,D,0,Y,Y,,,Y,,N,60,0,2,0,0,1,0,1,0,0,- ,- ,34.234851837158203,-119.99816131591797,VENTURA,CAMARILLO,-118.99787902832031,34.235630035400391
81627908,2021,2021-11-18,5600,2021-11-16,0800,4750,8020,2,5,5,5601,0,0,0,,0,8A01,PONDEROSA DR,ROSEWOOD AV,0.00,,Y,B,-,N,,,,,,,,,,N,4,0,1,2,A,-,05,21650,1,N,D,G,A,A,H,-,A,A,0,,Y,,,Y,,L,04,0,0,1,0,0,0,1,0,0,- ,- ,34.223560333251953,-119.06150054931641,VENTURA,CAMARILLO,-119.06149291992188,34.223526000976562
8163685,2016,2016-11-17,5600,2016-10-31,2005,2833,9048,1,5,6,5607,0,0,0,,0,09B,AVENIDA DE LAS FLORES,AVENIDA DE LAS PLANTAS,0.00,,Y,A,-,N,,,,,,,,,,N,3,0,1,2,A,-,10,21950,A,N,G,B,B,A,H,-,C,D,0,Y,,,,Y,Y,A,07,0,1,0,0,1,0,0,0,0,- ,- ,,,VENTURA,THOUSAND OAKS,-118.85902009,34.207260069999997
8163705,2016,2016-11-17,5600,2016-10-26,1543,4529,9042,3,5,6,5607,0,0,0,,0,09G,RANCHO RD,THOUSAND OAKS BL,5.00,S,N,A,-,N,,,,,,,,,,N,3,0,1,2,A,-,01,23152,A,F,H,G,A,A,H,-,A,A,0,,Y,,,Y,Y,A,07,0,1,0,0,0,0,1,0,0,- ,- ,,,VENTURA,THOUSAND OAKS,,
81642813,2021,2021-12-06,5600,2021-11-10,1715,5292,1002,3,5,2,5603,0,0,0,,0,1A01,MARICOPA HIGHWAY / SR 33,OJAI AVE. / SR 150,12.00,S,N,A,-,Y,,,,,,,,,,N,3,0,1,2,A,-,05,21650,1,N,D,G,A,A,H,-,C,A,0,,Y,,,Y,,L,04,0,1,0,0,0,0,1,0,0,- ,- ,34.262798309326172,-119.15390014648438,VENTURA,OJAI,,
8164755,2016,2016-11-09,5608,2016-10-28,1000,491,VTA,5,5,6,5608,0,0,0,,0,002,MAIN ST,LOMA VISTA ST,0.00,,Y,B,-,N,,,,,,,,,,N,3,0,1,2,A,-,08,22100,A,F,B,G,A,B,H,-,A,A,0,,Y,,,Y,,-,,0,1,0,0,0,0,1,0,0,- ,- ,,,VENTURA,VENTURA,-119.26152998000001,34.274780110000002
8164799,2016,2016-11-09,5608,2016-10-31,1800,384,,1,5,6,5608,0,0,0,,0,002,POLI ST,ALISO ST,0.00,,Y,A,-,N,,,,,,,,,,N,3,0,1,2,A,-,12,22450,A,N,D,B,-,-,H,-,B,A,0,Y,,,,Y,,N,60,0,1,0,0,1,0,0,0,0,- ,- ,,,VENTURA,VENTURA,-119.27939995,34.281700069999999
81654775,2021,2021-12-17,5600,2021-12-14,1819,3147,9034,2,5,6,5607,0,0,0,,0,9A01,CALLE TULIPAN,AVENIDA DE LAS PLANTAS (S),8.00,W,N,B,-,N,,,,,,,,,,N,4,0,1,2,A,-,10,21950,A,N,G,B,B,B,H,-,C,D,0,Y,,,,Y,,A,01,0,0,1,0,1,0,0,0,0,- ,- ,34.207241058349609,-118.86196899414062,VENTURA,THOUSAND OAKS,-118.8594970703125,34.214393615722656
81655566,2021,2021-12-20,5600,2021-12-08,1452,5292,1002,3,5,2,5603,0,0,0,,0,1A01,CUYAMA ROAD,BONITA DR.,69.00,E,N,A,-,N,,,,,,,,,,N,3,0,1,2,D,-,00,,,N,B,G,A,A,H,-,A,D,0,,Y,,,Y,,-,- ,0,1,0,0,0,0,1,0,0,- ,- ,34.264301300048828,-119.15489959716797,VENTURA,OJAI,-119.26393127441406,34.445461273193359
81659499,2021,2021-12-23,5600,2021-12-10,1204,2833,9162,5,5,6,5607,0,0,0,,0,9D01,THOUSAND OAKS BL,MARMON AV,150.00,W,N,A,-,N,,,,,,,,,,N,4,0,1,2,D,-,00,,,N,G,B,D,A,H,-,A,D,0,Y,,,,Y,,-,- ,0,0,1,0,1,0,0,0,0,- ,- ,34.160720825195312,-118.83316802978516,VENTURA,THOUSAND OAKS,-118.82942962646484,34.164314270019531
81659511,2021,2021-12-23,5600,2021-12-16,1725,5251,1000,4,5,2,5603,0,0,0,,0,1A01,CANADA ST,OJAI AVE / SR 150,0.00,,Y,A,-,Y,,,,,,,,,,N,3,0,1,2,A,-,10,21950,A,N,G,B,B,A,H,-,B,A,0,Y,,,,Y,,A,01,0,1,0,0,1,0,0,0,0,- ,- ,,,VENTURA,OJAI,-119.249416,34.447493999999999
81659515,2021,2021-12-23,5600,2021-12-21,1112,4527,9156,2,5,6,5607,0,0,0,,0,9G01,SKYLINE DR,LOS FELIZ DR,0.00,,Y,A,-,N,,,,,,,,,,N,3,0,1,2,A,-,09,21802,A,N,D,G,A,A,H,-,A,A,0,,Y,,,Y,,A,01,0,1,0,0,0,0,1,0,0,- ,- ,34.172279357910156,-118.83631896972656,VENTURA,THOUSAND OAKS,-118.83632659912109,34.172306060791016
81667930,2021,2022-01-03,5600,2021-12-26,1528,5251,1000,7,5,2,5603,0,0,0,,0,1A01,CUYAMA RD,CHURCH RD,902.00,W,N,B,-,N,,,,,,,,,,N,2,0,1,2,A,-,03,22350,,N,C,G,A,A,A,-,A,A,0,,Y,,,Y,,L,04,1,0,0,0,0,0,1,0,0,- ,- ,34.446010589599609,-119.26593780517578,VENTURA,OJAI,-119.26885986328125,34.446659088134766
8166836,2016,2018-09-27,5608,2016-05-30,0300,435,5608,1,5,6,5608,0,0,0,,0,004,BLACKBURN RD,BLACKBURN RD 10861,232.00,W,N,B,-,N,,,,,,,,,,N,1,1,0,2,A,-,11,21956,A,F,G,B,E,A,H,-,D,D,0,Y,,,,Y,Y,N,60,0,0,0,1,0,0,0,0,0,- ,- ,,,VENTURA,VENTURA,-119.15894865999999,34.288601839999998
81670584,2021,2022-01-05,5600,2021-12-10,1428,5644,6008,5,5,3,5602,0,0,0,,0,6A01,A ST,SANTA CLARA ST,0.00,,Y,A,-,N,,,,,,,,,,N,3,0,2,4,A,-,10,21950,A,N,G,B,B,A,H,-,A,A,0,Y,,,,Y,,D,22,0,2,0,0,2,0,0,0,0,- ,- ,34.397598266601562,-118.91802978515625,VENTURA,FILLMORE,-118.91806030273438,34.397586822509766
8167180,2018,2020-05-26,5600,2018-01-29,1700,3386,8125,1,5,5,5601,0,0,0,,0,8C01,ARNEILL RD,BARRY ST,183.00,N,N,A,-,N,,,,,,,,,,Y,1,1,0,2,A,-,11,21954,A,N,G,B,D,A,H,-,A,D,0,Y,,,,Y,Y,N,60,0,0,0,1,0,0,0,0,0,- ,- ,34.220058441162109,-119.03897094726562,VENTURA,CAMARILLO,-119.03900146484375,34.219993591308594
81672265,2021,2022-01-06,5609,2021-06-09,0939,356,,3,5,6,5609,0,0,0,,0,006,STOW ST,KATHERINE ST,21.00,S,N,A,-,N,,,,,,,,,,N,2,0,1,2,A,-,11,21954,A,N,G,B,D,A,H,-,A,D,0,Y,,,,Y,,N,60,1,0,0,0,1,0,0,0,0,- ,- ,,,VENTURA,SIMI VALLEY,,
81672280,2021,2022-01-06,5609,2021-06-24,0525,481,406,4,5,6,5609,0,0,0,,0,002,TAPO CANYON RD,COCHRAN ST,0.00,,Y,A,-,N,,,,,,,,,,N,4,0,1,2,A,-,11,21950,B,N,G,B,B,A,H,-,B,A,0,Y,,,,Y,,N,60,0,0,1,0,1,0,0,0,0,- ,- ,34.278450012207031,-118.71752166748047,VENTURA,SIMI VALLEY,-118.71787261962891,34.279075622558594
81672336,2021,2022-01-06,5609,2021-07-28,0719,499,,3,5,6,5609,0,0,0,,0,005,ALAMO ST,TAPO ST,0.00,,Y,A,-,N,,,,,,,,,,N,3,0,1,2,A,-,09,21801,A,N,H,G,A,A,H,-,A,D,0,,Y,,,Y,,A,07,0,1,0,0,0,0,1,0,0,- ,- ,34.285648345947266,-118.70864105224609,VENTURA,SIMI VALLEY,-118.70895385742188,34.286346435546875
81672373,2021,2022-01-06,5609,2021-08-10,0841,464,,2,5,6,5609,0,0,0,,0,003,ROYAL AVE,SEQUOIA AVE,0.00,,Y,A,-,N,,,,,,,,,,N,3,0,1,2,A,-,17,21451,A,N,D,G,A,A,H,-,A,A,0,,Y,,,Y,,I,11,0,1,0,0,0,0,1,0,0,- ,- ,34.264579772949219,-118.73059844970703,VENTURA,SIMI VALLEY,-118.73049163818359,34.264583587646484
81672379,2021,2022-01-06,5609,2021-08-11,1454,443,,3,5,6,5609,0,0,0,,0,005,TAPO ST,WALNUT ST,506.00,S,N,A,-,N,,,,,,,,,,N,3,0,1,2,A,-,11,21950,B,N,G,B,D,A,H,-,A,D,0,Y,,,,Y,,N,60,0,1,0,0,1,0,0,0,0,- ,- ,34.296558380126953,-118.70852661132812,VENTURA,SIMI VALLEY,-118.70893859863281,34.295833587646484
81672392,2021,2022-01-06,5609,2021-08-16,1706,443,512,1,5,6,5609,0,0,0,,0,005,2211 TAPO ST.,EILEEN ST.,106.00,S,N,A,-,N,,,,,,,,,,N,2,0,1,2,A,-,05,21650,,N,D,G,A,A,H,-,A,D,0,,Y,,,Y,,L,04,1,0,0,0,0,0,1,0,0,- ,- ,,,VENTURA,SIMI VALLEY,-118.70895385742188,34.275138854980469
81672415,2021,2022-01-06,5609,2021-09-04,1550,482,506,6,5,6,5609,0,0,0,,0,005,TAPO ST,ALAMO ST,15.00,S,N,A,-,N,,,,,,,,,,N,4,0,1,2,A,-,10,21950,A,N,G,B,B,A,H,-,A,A,0,Y,,,,Y,,A,01,0,0,1,0,1,0,0,0,0,- ,- ,34.285648345947266,-118.70864105224609,VENTURA,SIMI VALLEY,-118.70894622802734,34.286308288574219
81672506,2021,2022-01-06,5609,2021-10-19,0757,389,505,2,5,6,5609,0,0,0,,0,005,WALNUT ST,WACO AVE,162.00,W,N,A,F,N,,,,,,,,,,N,3,0,1,2,A,-,11,21954,A,N,G,B,D,A,H,-,A,D,0,Y,,,,Y,,N,60,0,1,0,0,1,0,0,0,0,- ,- ,34.296211242675781,-118.70641326904297,VENTURA,SIMI VALLEY,-118.707275390625,34.297134399414062
81672533,2021,2022-01-06,5609,2021-11-01,0800,389,608,1,5,6,5609,0,0,0,,0,006,STOW ST,PITTMAN ST,48.00,S,N,B,-,N,,,,,,,,,,N,4,0,1,2,A,-,03,22350,,N,G,B,D,A,H,-,A,D,0,Y,,,,Y,,A,01,0,0,1,0,1,0,0,0,0,- ,- ,34.276588439941406,-118.68253326416016,VENTURA,SIMI VALLEY,-118.68276977539062,34.277278900146484
81672567,2021,2022-01-06,5609,2021-11-19,1706,499,,5,5,6,5609,0,0,0,,0,004,ERRINGER RD,FALCON ST,0.00,,Y,A,-,N,,,,,,,,,,Y,2,0,1,2,D,-,00,,,N,G,B,B,A,H,-,C,A,0,Y,,,,Y,,-,- ,1,0,0,0,1,0,0,0,0,- ,- ,34.289638519287109,-118.76260375976562,VENTURA,SIMI VALLEY,-118.76291656494141,34.289665222167969