CASE_ID,ACCIDENT_YEAR,PROC_DATE,JURIS,COLLISION_DATE,COLLISION_TIME,OFFICER_ID,REPORTING_DISTRICT,DAY_OF_WEEK,CHP_SHIFT,POPULATION,CNTY_CITY_LOC,SPECIAL_COND,BEAT_TYPE,CHP_BEAT_TYPE,CITY_DIVISION_LAPD,CHP_BEAT_CLASS,BEAT_NUMBER,PRIMARY_RD,SECONDARY_RD,DISTANCE,DIRECTION,INTERSECTION,WEATHER_1,WEATHER_2,STATE_HWY_IND,CALTRANS_COUNTY,CALTRANS_DISTRICT,STATE_ROUTE,ROUTE_SUFFIX,POSTMILE_PREFIX,POSTMILE,LOCATION_TYPE,RAMP_INTERSECTION,SIDE_OF_HWY,TOW_AWAY,COLLISION_SEVERITY,NUMBER_KILLED,NUMBER_INJURED,PARTY_COUNT,PRIMARY_COLL_FACTOR,PCF_CODE_OF_VIOL,PCF_VIOL_CATEGORY,PCF_VIOLATION,PCF_VIOL_SUBSECTION,HIT_AND_RUN,TYPE_OF_COLLISION,MVIW,PED_ACTION,ROAD_SURFACE,ROAD_COND_1,ROAD_COND_2,LIGHTING,CONTROL_DEVICE,CHP_ROAD_TYPE,PEDESTRIAN_ACCIDENT,BICYCLE_ACCIDENT,MOTORCYCLE_ACCIDENT,TRUCK_ACCIDENT,NOT_PRIVATE_PROPERTY,ALCOHOL_INVOLVED,STWD_VEHTYPE_AT_FAULT,CHP_VEHTYPE_AT_FAULT,COUNT_SEVERE_INJ,COUNT_VISIBLE_INJ,COUNT_COMPLAINT_PAIN,COUNT_PED_KILLED,COUNT_PED_INJURED,COUNT_BICYCLIST_KILLED,COUNT_BICYCLIST_INJURED,COUNT_MC_KILLED,COUNT_MC_INJURED,PRIMARY_RAMP,SECONDARY_RAMP,LATITUDE,LONGITUDE,COUNTY,CITY,POINT_X,POINT_Y
81672640,2021,2022-01-06,5609,2021-12-26,1047,498,,7,5,6,5609,0,0,0,,0,006,COCHRAN ST,STEARNS ST,21.00,E,N,A,-,N,,,,,,,,,,N,4,0,1,2,A,-,10,21950,A,N,G,B,B,A,H,-,A,A,0,Y,,,,Y,,A,01,0,0,1,0,1,0,0,0,0,- ,- ,34.279079437255859,-118.69132232666016,VENTURA,SIMI VALLEY,-118.69132232666016,34.279010772705078
81675199,2021,2022-01-11,5600,2021-12-26,1100,4973,8101,7,5,5,5601,0,0,0,,0,8B01,TAMARIX ST,LATHAN AV,58.00,E,N,B,-,N,,,,,,,,,,N,3,0,1,2,A,-,09,21804,A,N,G,B,F,B,H,-,A,D,0,Y,,,,Y,,A,07,0,1,0,0,1,0,0,0,0,- ,- ,34.23516845703125,-119.05014038085938,VENTURA,CAMARILLO,-119.04998779296875,34.235202789306641
81677055,2022,2022-01-13,5609,2022-01-04,1009,362,,2,5,6,5609,0,0,0,,0,006,KUEHNER DR,CHARING ST,0.00,,Y,A,-,N,,,,,,,,,,N,3,0,1,2,A,-,09,21802,A,N,D,G,A,A,H,-,A,A,0,,Y,,,Y,,A,01,0,1,0,0,0,0,1,0,0,- ,- ,34.269798278808594,-118.66201782226562,VENTURA,SIMI VALLEY,-118.66204833984375,34.269874572753906
8168115,2019,2019-10-29,5600,2019-09-03,1742,3147,9080,2,5,6,5607,0,0,0,,0,9H01,WARWICK AV,WILBUR RD,185.00,N,N,A,-,N,,,,,,,,,,N,4,0,1,1,A,-,08,22107,,N,H,G,A,A,H,-,A,A,0,,Y,,,Y,,L,04,0,0,1,0,0,0,1,0,0,- ,- ,,,VENTURA,THOUSAND OAKS,-118.87605285644531,34.187091827392578
8169587,2016,2016-11-16,5606,2016-08-09,0935,1024,5606,2,5,4,5606,0,0,0,,0,002,8TH N,MAIN E ST,3.00,N,N,A,-,N,,,,,,,,,,N,4,0,1,2,A,-,10,21950,A,N,G,B,B,A,H,-,A,A,0,Y,,,,Y,,A,01,0,0,1,0,1,0,0,0,0,- ,- ,,,VENTURA,SANTA PAULA,-119.06408343,34.352657729999997
81696471,2022,2022-02-09,5600,2022-02-02,1541,5063,1000,3,5,2,5603,0,0,0,,0,1A01,BLANCHE ST,SR-150,5.00,N,N,A,-,Y,VEN,,150,,,17.411,H,,L,N,4,0,1,2,A,-,05,21650,1,N,D,G,A,A,H,-,A,A,0,,Y,,,Y,,L,04,0,0,1,0,0,0,1,0,0,- ,- ,34.447639465332031,-119.24825286865234,VENTURA,OJAI,-119.24825286865234,34.447635650634766
81705382,2022,2022-02-22,5609,2022-02-11,1528,482,316,5,5,6,5609,0,0,0,,0,003,ERRINGER RD,PATRICIA AVE,146.00,N,N,A,-,N,,,,,,,,,,Y,3,0,1,2,A,-,09,21804,A,N,D,G,A,A,H,-,A,D,0,,Y,,,Y,,A,01,0,1,0,0,0,0,1,0,0,- ,- ,34.269981384277344,-118.76130676269531,VENTURA,SIMI VALLEY,-118.76139831542969,34.270420074462891
81706453,2022,2022-02-23,5600,2022-02-09,1610,5372,1000,3,5,2,5603,0,0,0,,0,1A01,EL PASEO ROAD,HWY 150 /  WEST OJAI AVENUE,5.00,W,N,A,-,Y,VEN,,150,,,17.340,H,,L,N,3,0,1,2,A,-,08,22107,,N,D,G,A,A,H,-,A,D,0,,Y,,,Y,,L,04,0,1,0,0,0,0,1,0,0,- ,- ,34.447540283203125,-119.24958801269531,VENTURA,OJAI,-119.24951934814453,34.447460174560547
81713757,2022,2022-03-03,5609,2022-02-20,1630,494,,7,5,6,5609,0,0,0,,0,006,KUEHNER DR,SMITH RD,19.00,N,N,A,-,N,,,,,,,,,,N,3,0,1,2,A,-,09,21453,B,N,D,G,A,A,H,-,A,A,0,,Y,,,Y,Y,L,04,0,1,0,0,0,0,1,0,0,- ,- ,34.262958526611328,-118.66207122802734,VENTURA,SIMI VALLEY,-118.66200256347656,34.263072967529297
8171601,2016,2016-11-22,5600,2016-11-10,1500,2833,9062,4,5,6,5607,0,0,0,,0,09B,ERBES RD,LA GRANADA DR,17.00,E,N,A,-,N,,,,,,,,,,N,4,0,1,2,A,-,10,21950,A,F,G,B,B,A,H,-,A,A,0,Y,,,,Y,,A,07,0,0,1,0,1,0,0,0,0,- ,- ,,,VENTURA,THOUSAND OAKS,-118.84291098,34.194403889999997
81719301,2022,2022-03-10,5609,2022-03-07,0745,5000,,1,5,6,5609,0,0,0,,0,003,ROYAL AVE,WHITCOMB AVE,0.00,,Y,A,-,N,,,,,,,,,,N,4,0,1,2,A,-,05,21650,1,N,D,G,A,A,H,-,A,A,0,,Y,,,Y,,L,04,0,0,1,0,0,0,1,0,0,- ,- ,34.260799407958984,-118.75330352783203,VENTURA,SIMI VALLEY,-118.75327301025391,34.260841369628906
8172193,2016,2016-11-23,5600,2016-11-06,1030,4048,8201,7,5,5,5601,0,0,0,,0,08D,AVENIDA ACASO,VIA FRESCO,0.00,,Y,A,-,N,,,,,,,,,,N,3,0,1,2,A,-,09,21801,A,N,H,G,A,A,H,-,A,D,0,,Y,,,Y,,A,01,0,1,0,0,0,0,1,0,0,- ,- ,34.135550000000002,-119.00327,VENTURA,CAMARILLO,-119.00915003,34.232090040000003
8172820,2016,2016-11-29,5600,2016-11-10,1714,3927,8006,4,5,5,5601,0,0,0,,0,08A,PONDEROSA DR,BRADFORD AV,99.00,E,N,A,-,N,,,,,,,,,,Y,2,0,1,2,A,-,11,21950,B,N,G,B,D,A,H,-,C,D,0,Y,,,,Y,Y,N,60,1,0,0,0,1,0,0,0,0,- ,- ,34.223669999999998,-119.07084,VENTURA,CAMARILLO,-119.07090303,34.223677430000002
81728566,2022,2022-03-22,5600,2022-01-29,1233,5008,8218,6,5,5,5601,0,0,0,,0,9A01,CALLE SERRA,UPLAND RD,0.00,,Y,A,-,N,,,,,,,,,,N,4,0,1,2,A,-,05,21650,1,N,D,G,A,A,H,-,A,A,0,,Y,,,Y,,L,04,0,0,1,0,0,0,1,0,0,- ,- ,34.238838195800781,-119.01142883300781,VENTURA,CAMARILLO,-119.00849151611328,34.240924835205078
81730453,2022,2022-03-24,5600,2022-03-04,1945,5041,9072,5,5,6,5607,0,0,0,,0,9G01,THOUSAND OAKS BL,OAK LN,95.00,W,N,-,-,N,,,,,,,,,,N,3,0,2,3,A,-,10,21950,A,N,G,B,B,A,H,-,C,A,0,Y,,,,Y,,A,07,0,2,0,0,2,0,0,0,0,- ,- ,34.179279327392578,-118.84342956542969,VENTURA,THOUSAND OAKS,-118.85472106933594,34.178009033203125
81739336,2022,2022-04-04,5600,2022-03-10,0821,4617,9072,4,5,6,5607,0,0,0,,0,9G01,HILLCREST DR,RANCHO RD (2),392.00,E,N,A,-,N,,,,,,,,,,N,3,0,1,2,A,-,05,21650,1,N,D,G,A,A,H,-,A,D,0,,Y,,,Y,,L,04,0,1,0,0,0,0,1,0,0,- ,- ,34.178390502929688,-118.86131286621094,VENTURA,THOUSAND OAKS,-118.86090087890625,34.178401947021484
81742772,2022,2022-04-07,5609,2022-04-02,0918,463,,6,5,6,5609,0,0,0,,0,001,COCHRAN ST,CALLAHAN AVE,600.00,E,N,B,-,N,,,,,,,,,,Y,3,0,1,2,A,-,11,21950,B,N,G,B,D,A,H,-,A,D,0,Y,,,,Y,,N,60,0,1,0,0,1,0,0,0,0,- ,- ,34.279041290283203,-118.76776123046875,VENTURA,SIMI VALLEY,-118.76593017578125,34.279018402099609
81749410,2022,2022-04-18,5600,2022-03-26,1146,5385,1000,6,5,2,5603,0,0,0,,0,1A01,SR 150/ EAST OJAI AVENUE,NORTH VENTURA STREET,0.00,,Y,A,-,Y,,,,,,,,,,N,3,0,1,2,A,-,09,21802,A,N,D,G,A,A,H,-,A,D,0,,Y,,,Y,,D,22,0,1,0,0,0,0,1,0,0,- ,- ,,,VENTURA,OJAI,-119.24707794189453,34.447681427001953
81749611,2022,2022-04-18,5600,2022-03-24,1135,5338,1006,4,5,2,5603,0,0,0,,0,1B01,SR 150/ OJAI AVENUE,FOX STREET,0.00,,Y,A,-,Y,,,,,,,,,,N,4,0,1,2,A,-,09,21801,A,M,D,G,A,A,H,-,A,A,0,,Y,,,Y,,A,01,0,0,1,0,0,0,1,0,0,- ,- ,,,VENTURA,OJAI,-119.24163818359375,34.448047637939453
81763844,2022,2022-05-04,5609,2022-04-22,1758,482,416,5,5,6,5609,0,0,0,,0,004,SYCAMORE DR,COCHRAN ST,13.00,N,N,A,-,N,,,,,,,,,,N,3,0,1,2,A,-,10,21950,A,N,G,B,B,A,H,-,A,A,0,Y,,,,Y,,A,01,0,1,0,0,1,0,0,0,0,- ,- ,34.278560638427734,-118.74358367919922,VENTURA,SIMI VALLEY,-118.74391174316406,34.279037475585938
8177155,2016,2016-11-30,5608,2016-07-23,1635,483,VENTU,6,5,6,5608,0,0,0,,0,002,GREENOCK LN,PIERPONT BL,336.00,S,N,A,-,N,,,,,,,,,,N,3,0,1,2,D,-,00,,,N,G,B,E,A,H,-,A,D,0,Y,,,,Y,Y,-,- ,0,1,0,0,1,0,0,0,0,- ,- ,,,VENTURA,VENTURA,-119.26867133,34.25506
81773505,2022,2022-05-17,5600,2022-04-21,1535,4965,8211,4,5,5,5601,0,0,0,,0,8D01,MISSION OAKS BL,RANCHO CALLEGUAS,0.00,,Y,A,-,N,,,,,,,,,,N,4,0,1,2,A,-,21,22106,,N,G,B,B,A,H,-,A,A,0,Y,,,,Y,,A,01,0,0,1,0,1,0,0,0,0,- ,- ,34.215049743652344,-119.01651000976562,VENTURA,CAMARILLO,-119.01317596435547,34.217189788818359
81773535,2022,2022-05-17,5600,2022-05-02,1808,3147,9020,1,5,6,5607,0,0,0,,0,9A01,CALLE ESTEPA,PEDERSON RD,22.00,W,N,A,-,N,,,,,,,,,,N,3,0,2,3,A,-,10,21950,A,N,G,B,B,A,H,-,A,A,0,Y,,,,Y,,D,22,0,2,0,0,2,0,0,0,0,- ,- ,34.222038269042969,-118.85694885253906,VENTURA,THOUSAND OAKS,-118.85710144042969,34.221988677978516
81773562,2022,2022-05-17,5600,2022-05-09,0720,5644,9020,1,5,6,5607,0,0,0,,0,9A01,CALLE QUEBRACHO,PEMBRIDGE ST,326.00,N,N,A,-,N,,,,,,,,,,N,2,0,1,2,A,-,21,22106,,N,G,B,F,A,H,-,A,D,0,Y,,,,Y,,A,07,1,0,0,0,1,0,0,0,0,- ,- ,34.228378295898438,-118.8663330078125,VENTURA,THOUSAND OAKS,-118.86708831787109,34.228973388671875
81775540,2022,2022-05-19,5609,2022-05-13,1833,472,600,5,5,6,5609,0,0,0,,0,006,FLANAGAN DR,MESCALLERO PL,0.00,,Y,A,-,N,,,,,,,,,,N,3,0,1,2,A,-,15,21201,A,N,D,G,A,A,H,-,A,D,0,,Y,,,Y,,L,04,0,1,0,0,0,0,1,0,0,- ,- ,34.293079376220703,-118.6710205078125,VENTURA,SIMI VALLEY,-118.67118072509766,34.293113708496094
81776479,2022,2022-05-20,5600,2022-05-12,0814,5644,9154,4,5,6,5607,0,0,0,,0,9G01,LOS FELIZ DR,SKYLINE DR,321.00,W,N,A,-,N,,,,,,,,,,N,3,0,1,3,A,-,09,21801,A,N,A,G,A,A,H,-,A,D,0,,Y,,,Y,,A,01,0,1,0,0,0,0,1,0,0,- ,- ,34.172279357910156,-118.83631896972656,VENTURA,THOUSAND OAKS,-118.83712005615234,34.172893524169922
81777141,2022,2022-05-23,5600,2022-04-06,1147,5411,8025,3,5,5,5601,0,0,0,,0,8B01,DAILY DRIVE,NORTH LANTANA STREET,675.00,E,N,A,-,N,,,,,,,,,,N,3,0,1,2,A,-,11,21954,A,N,G,B,D,A,H,-,A,D,0,Y,,,,Y,,-,- ,0,1,0,0,1,0,0,0,0,- ,- ,34.130500793457031,-119.03089904785156,VENTURA,CAMARILLO,-119.05265808105469,34.218212127685547
81777146,2022,2022-05-23,5600,2022-05-04,1508,5338,1002,3,5,2,5603,0,0,0,,0,1A01,MARICOPA HIGHWAY / SR33,OJAI AVENUE / SR 150,3.00,N,N,A,-,Y,,,,,,,,,,N,3,0,1,2,A,-,05,21650,1,N,D,G,A,A,H,-,A,A,0,,Y,,,Y,,L,04,0,1,0,0,0,0,1,0,0,- ,- ,,,VENTURA,OJAI,,
81783720,2022,2022-05-30,5609,2022-05-25,0707,443,,3,5,6,5609,0,0,0,,0,006,MUSTANG DR,NIGHTFALL PL,5.00,E,N,A,-,N,,,,,,,,,,N,3,0,1,2,A,-,03,22350,,N,G,B,D,A,H,-,A,D,0,Y,,,,Y,,A,01,0,1,0,0,1,0,0,0,0,- ,- ,34.294841766357422,-118.67597198486328,VENTURA,SIMI VALLEY,-118.67613983154297,34.294826507568359
8179606,2016,2016-12-13,5608,2016-11-26,1805,384,,6,5,6,5608,0,0,0,,0,001,CALIFORNIA ST,MAIN ST,0.00,,Y,A,-,N,,,,,,,,,,N,4,0,2,3,A,-,08,22107,,N,-,B,B,B,H,-,C,A,0,Y,,,,Y,,A,01,0,0,2,0,2,0,0,0,0,- ,- ,,,VENTURA,VENTURA,-119.29309999,34.280820060000003
81800602,2022,2022-06-22,5600,2022-06-07,1540,2994,5110,2,5,4,5690,0,0,0,,0,2A01,PEACH HILL RD,SPRING RD,844.00,E,N,A,-,N,,,,,,,,,,N,2,0,1,2,A,-,11,21954,A,N,G,B,D,A,H,-,A,D,0,Y,,,,Y,,N,60,1,0,0,0,1,0,0,0,0,- ,- ,34.271900177001953,-118.86885833740234,VENTURA,MOORPARK,-118.86696624755859,34.271099090576172
81811752,2022,2022-07-07,5609,2022-06-29,1200,443,,3,5,6,5609,0,0,0,,0,006,PLACERVILLE CT,POLE #SV03628,80.00,S,N,A,-,N,,,,,,,,,,N,2,0,1,2,A,-,13,22515,A,N,G,B,A,A,H,-,A,D,0,,,,,Y,,A,08,1,0,0,0,0,0,0,0,0,- ,- ,,,VENTURA,SIMI VALLEY,,
81812602,2022,2022-07-08,5600,2022-06-26,0859,5260,9072,7,5,6,5607,0,0,0,,0,9G01,HILLCREST DR,CONEJO SCHOOL RD,0.00,,Y,A,-,N,,,,,,,,,,N,3,0,1,2,A,-,09,21453,B,N,H,G,A,A,H,-,A,A,0,,Y,,,Y,,A,01,0,1,0,0,0,0,1,0,0,- ,- ,34.176040649414062,-118.84510803222656,VENTURA,THOUSAND OAKS,-118.84117126464844,34.179397583007812
8181298,2016,2016-12-08,5600,2016-11-28,1955,2740,9114,1,5,6,5607,0,0,0,,0,09C,WALTER AV,WALTER CIR,0.00,,Y,A,-,N,,,,,,,,,,N,3,0,1,2,A,-,10,21950,A,F,G,B,B,A,H,-,D,D,0,Y,,,,Y,,D,22,0,1,0,0,1,0,0,0,0,- ,- ,,,VENTURA,THOUSAND OAKS,-118.95372999999999,34.1721401
81816731,2022,2022-07-14,5600,2022-06-17,1535,5644,9126,5,5,6,5607,0,0,0,,0,9H01,975 BROADBECK DRIVE,ACADEMY DRIVE,146.00,E,N,A,-,N,,,,,,,,,,N,3,0,1,2,B,-,22,,,N,G,B,A,A,H,-,A,D,0,,,,,Y,,A,07,0,1,0,0,0,0,0,0,0,- ,- ,,,VENTURA,THOUSAND OAKS,-118.93745422363281,34.192745208740234
81824757,2022,2022-07-26,5600,2022-07-13,1455,5196,9154,3,5,6,5607,0,0,0,,0,9G01,CONEJO SCHOOL RD,LOS FELIZ DR,0.00,,Y,A,-,N,,,,,,,,,,N,3,0,1,2,A,-,11,21950,B,N,G,B,B,A,H,-,A,A,0,Y,,,,Y,,N,60,0,1,0,0,1,0,0,0,0,- ,- ,34.177040100097656,-118.84364318847656,VENTURA,THOUSAND OAKS,-118.84366607666016,34.176994323730469
8182589,2016,2017-01-12,5600,2016-11-14,1015,4397,8150,1,5,5,5601,0,0,0,,0,08B,VENTURA BL,CARMEN DR,13.00,E,N,A,-,N,,,101,,,,,,,N,4,0,1,2,A,-,10,21950,A,N,G,B,B,A,H,-,A,A,0,Y,,,,Y,,A,07,0,0,1,0,1,0,0,0,0,- ,- ,34.216970000000003,-119.05014,VENTURA,CAMARILLO,-119.05011426,34.217528649999998
81846203,2022,2022-08-23,5600,2022-08-12,1058,5002,8104,5,5,5,5601,0,0,0,,0,8B01,CARMEN DR,PASEO CAMARILLO,14.00,S,N,A,-,N,,,,,,,,,,N,3,0,1,2,A,-,10,21950,A,N,G,B,B,A,H,-,A,A,0,Y,,,,Y,,A,01,0,1,0,0,1,0,0,0,0,- ,- ,34.220989227294922,-119.05074310302734,VENTURA,CAMARILLO,-119.05069732666016,34.220970153808594
81848234,2022,2022-08-25,5609,2022-08-22,1728,464,,1,5,6,5609,0,0,0,,0,004,SEQUOIA AVE,ALAMO ST,4.00,S,N,A,-,N,,,,,,,,,,N,4,0,1,2,A,-,09,21801,A,N,D,G,A,A,H,-,A,A,0,,Y,,,Y,,A,01,0,0,1,0,0,0,1,0,0,- ,- ,34.285850524902344,-118.73049926757812,VENTURA,SIMI VALLEY,-118.73088073730469,34.286300659179688
81867474,2022,2022-09-19,5600,2022-08-29,1654,5058,1002,1,5,2,5603,0,0,0,,0,1A01,OJAI AVE/ SR150,MARICOPA HWY/ SR33,5.00,W,N,A,-,Y,VEN,,150,,,16.575,H,,R,N,4,0,1,2,A,-,08,22101,D,N,D,G,A,A,H,-,A,A,0,,Y,,,Y,,-,- ,0,0,1,0,0,0,1,0,0,- ,- ,34.441410064697266,-119.26096343994141,VENTURA,OJAI,-119.26094055175781,34.441398620605469
81871693,2022,2022-09-23,5600,2022-09-21,0913,5103,5112,3,5,4,5690,0,0,0,,0,2A01,TIERRA REJADA RD,PEACH HILL RD,0.00,,Y,A,-,N,,,,,,,,,,N,3,0,1,2,A,-,12,21453,A,N,H,G,A,A,H,-,A,A,0,,Y,,,Y,,L,04,0,1,0,0,0,0,1,0,0,- ,- ,34.263458251953125,-118.87872314453125,VENTURA,MOORPARK,-118.87865447998047,34.263423919677734
81878496,2022,2022-09-30,5600,2022-09-15,0715,5644,,4,5,6,5607,0,0,0,,0,,THOUSAND OAKS BL,MARMON AV,247.00,W,N,A,-,N,,,,,,,,,,N,3,0,1,2,A,-,05,21650,1,N,D,G,A,A,H,-,A,D,0,,Y,,,Y,,L,04,0,1,0,0,0,0,1,0,0,- ,- ,34.164199829101562,-118.82894134521484,VENTURA,THOUSAND OAKS,-118.82970428466797,34.164455413818359
81882477,2022,2022-10-05,5600,2022-09-20,1656,2913,9102,2,5,6,5607,0,0,0,,0,9G01,TAYLOR CT,THOUSAND OAKS BL,15.00,S,N,A,-,N,,,,,,,,,,N,3,0,1,2,A,-,09,21801,A,N,H,G,A,A,H,-,A,D,0,,Y,,,Y,,A,07,0,1,0,0,0,0,1,0,0,- ,- ,34.176361083984375,-118.86640930175781,VENTURA,THOUSAND OAKS,-118.86241912841797,34.179561614990234
81891117,2022,2022-10-17,5600,2022-10-10,1514,5441,8065,1,5,5,5601,0,0,0,,0,8A01,VENTURA BLVD,PROMENADE DRIVE,647.00,E,N,A,-,N,,,,,,,,,,N,4,0,1,2,A,-,11,21950,B,N,G,B,D,A,H,-,A,A,0,Y,,,,Y,,N,60,0,0,1,0,1,0,0,0,0,- ,- ,34.130298614501953,-119.03549957275391,VENTURA,CAMARILLO,-119.06581878662109,34.217647552490234
81891121,2022,2022-10-17,5600,2022-07-22,2335,4501,8133,5,5,5,5601,0,0,0,,0,8C01,LEWIS RD,CROYDON AV,520.00,N,N,A,-,Y,,,,,,,,,,Y,1,1,0,2,A,-,11,21950,B,N,G,B,D,A,H,-,D,D,0,Y,,,,Y,,N,60,0,0,0,1,0,0,0,0,0,- ,- ,34.236289978027344,-119.01634216308594,VENTURA,CAMARILLO,-119.01235198974609,34.239521026611328
81892375,2022,2022-10-18,5600,2022-10-12,0800,2913,9108,3,5,6,5607,0,0,0,,0,9C01,WENDY DR,BELLA DR,85.00,N,N,A,-,N,,,,,,,,,,N,3,0,1,2,A,-,09,21804,A,N,D,G,A,A,H,-,A,D,0,,Y,,,Y,,A,01,0,1,0,0,0,0,1,0,0,- ,- ,34.187408447265625,-118.94296264648438,VENTURA,THOUSAND OAKS,-118.94278717041016,34.187568664550781
81894818,2022,2022-10-20,5600,2022-10-17,1338,4221,9160,1,5,6,5607,0,0,0,,0,9D01,THOUSAND OAKS BL,CORD AV,14.00,W,N,A,-,N,,,,,,,,,,N,4,0,1,2,A,-,10,21950,A,N,G,B,B,A,H,-,A,B,0,Y,,,,Y,,A,07,0,0,1,0,1,0,0,0,0,- ,- ,34.163360595703125,-118.82736206054688,VENTURA,THOUSAND OAKS,-118.82743835449219,34.163291931152344
81909436,2022,2022-11-04,5600,2022-10-21,1754,5058,1002,5,5,2,5603,0,0,0,,0,1A01,MARICOPA HWY (SR33),VALLERIO AV,38.00,N,N,A,-,Y,VEN,,33,,,11.420,H,,R,N,4,0,1,2,A,-,09,21801,A,N,D,G,A,A,H,-,A,D,0,,Y,,,Y,,A,01,0,0,1,0,0,0,1,0,0,- ,- ,34.442230224609375,-119.26422882080078,VENTURA,OJAI,-119.26422882080078,34.442241668701172
81919914,2022,2022-11-17,5600,2022-11-08,1715,4527,9158,2,5,6,5607,0,0,0,,0,9D01,WILLOW LN,HAMPSHIRE RD,40.00,W,N,C,-,N,,,,,,,,,,N,3,0,1,2,A,-,05,21650,1,N,D,G,A,B,H,-,C,D,0,,Y,,,Y,,L,04,0,1,0,0,0,0,1,0,0,- ,- ,34.165149688720703,-118.83804321289062,VENTURA,THOUSAND OAKS,-118.83822631835938,34.165237426757812
81922144,2022,2022-11-21,5600,2022-11-10,1500,5058,1002,4,5,2,5603,0,0,0,,0,1A01,MARICOPA HWY (SR33),OJAI AVE (SR150),7.00,N,N,A,-,Y,,,,,,,,,,N,3,0,1,2,A,-,03,22350,,F,G,B,B,A,H,-,A,A,0,Y,,,,Y,,A,01,0,1,0,0,1,0,0,0,0,- ,- ,,,VENTURA,OJAI,-119.26092529296875,34.441440582275391
81928466,2022,2022-11-29,5600,2022-11-21,0907,4221,9084,1,5,6,5607,0,0,0,,0,9B01,HILLCREST DR,HODENCAMP RD,12.00,E,N,B,-,N,,,,,,,,,,N,3,0,1,2,A,-,10,21950,A,N,G,B,B,A,H,-,A,A,0,Y,,,,Y,,A,08,0,1,0,0,1,0,0,0,0,- ,- ,34.182579040527344,-118.85746002197266,VENTURA,THOUSAND OAKS,-118.86836242675781,34.181201934814453
81928473,2022,2022-11-29,5600,2022-11-25,1639,5455,9154,5,5,6,5607,0,0,0,,0,9G01,THOUSAND OAKS BL,FAIRVIEW RD,1740.00,E,N,A,-,N,,,,,,,,,,N,3,0,1,2,A,-,17,22517,,N,H,G,A,A,H,-,A,D,0,,Y,,,Y,,A,01,0,1,0,0,0,0,1,0,0,- ,- ,34.166908264160156,-118.84165191650391,VENTURA,THOUSAND OAKS,-118.83335876464844,34.167057037353516
81930983,2022,2022-12-01,5609,2022-11-09,0820,443,,3,5,6,5609,0,0,0,,0,003,BISCAYNE PALM PL,PINE VIEW DR,265.00,S,N,A,-,N,,,,,,,,,,N,2,0,1,2,A,-,21,22106,,N,G,B,E,A,D,-,A,D,0,Y,,,Y,Y,,F,21,1,0,0,0,1,0,0,0,0,- ,- ,34.255390167236328,-118.73207092285156,VENTURA,SIMI VALLEY,-118.73184204101562,34.255191802978516
8193997,2016,2016-12-20,5608,2016-12-06,1654,482,,2,5,6,5608,0,0,0,,0,001,W SANTA CLARA ST,VENTURA AV,196.00,W,N,A,-,N,,,,,,,,,,N,3,0,1,2,A,-,09,21804,A,N,D,G,A,A,H,-,B,D,0,,Y,,,Y,,-,,0,1,0,0,0,0,1,0,0,- ,- ,,,VENTURA,VENTURA,-119.30141810000001,34.279515850000003
8194313,2016,2016-12-28,5608,2016-12-14,0623,401,,3,5,6,5608,0,0,0,,0,004,SOUTH VICTORIA AV,MOON DR,12.00,S,N,B,-,N,,,,,,,,,,N,4,0,1,2,A,-,10,21950,A,N,-,B,B,A,H,-,B,A,0,Y,,,,Y,,-,,0,0,1,0,1,0,0,0,0,- ,- ,,,VENTURA,VENTURA,-119.2105028,34.255757610000003
81945390,2022,2022-12-19,5600,2022-11-18,1300,4704,8201,5,5,5,5601,0,0,0,,0,8D01,CALLE CANCUN,FLYNN RD,0.00,,Y,A,-,N,,,,,,,,,,N,4,0,1,2,A,-,05,21650,,N,D,G,A,A,H,-,A,A,0,,Y,,,Y,,L,04,0,0,1,0,0,0,1,0,0,- ,- ,34.237049102783203,-119.01052856445312,VENTURA,CAMARILLO,-119.01058197021484,34.237117767333984
81950936,2022,2022-12-23,5600,2022-12-09,1856,5653,9127,5,5,6,5607,0,0,0,,0,9H01,CALLE ZAFIRO,AVENIDA DEL PLATINO,380.00,W,N,A,-,N,,,,,,,,,,N,2,0,1,2,A,-,21,22106,,N,G,B,E,A,H,-,C,D,0,Y,,,,Y,,-,35,1,0,0,0,1,0,0,0,0,- ,- ,34.185108184814453,-118.91397094726562,VENTURA,THOUSAND OAKS,-118.91526794433594,34.184989929199219
81950938,2022,2022-12-23,5600,2022-12-11,1659,3147,9115,7,5,6,5607,0,0,0,,0,9C01,WENDY DR,WALTER AV,0.00,,Y,B,-,N,,,,,,,,,,Y,3,0,1,2,A,-,11,21950,B,N,G,B,D,B,H,-,B,D,0,Y,,,,Y,,N,60,0,1,0,0,1,0,0,0,0,- ,- ,34.174331665039062,-118.94927215576172,VENTURA,THOUSAND OAKS,-118.94526672363281,34.176925659179688