CASE_ID,ACCIDENT_YEAR,PROC_DATE,JURIS,COLLISION_DATE,COLLISION_TIME,OFFICER_ID,REPORTING_DISTRICT,DAY_OF_WEEK,CHP_SHIFT,POPULATION,CNTY_CITY_LOC,SPECIAL_COND,BEAT_TYPE,CHP_BEAT_TYPE,CITY_DIVISION_LAPD,CHP_BEAT_CLASS,BEAT_NUMBER,PRIMARY_RD,SECONDARY_RD,DISTANCE,DIRECTION,INTERSECTION,WEATHER_1,WEATHER_2,STATE_HWY_IND,CALTRANS_COUNTY,CALTRANS_DISTRICT,STATE_ROUTE,ROUTE_SUFFIX,POSTMILE_PREFIX,POSTMILE,LOCATION_TYPE,RAMP_INTERSECTION,SIDE_OF_HWY,TOW_AWAY,COLLISION_SEVERITY,NUMBER_KILLED,NUMBER_INJURED,PARTY_COUNT,PRIMARY_COLL_FACTOR,PCF_CODE_OF_VIOL,PCF_VIOL_CATEGORY,PCF_VIOLATION,PCF_VIOL_SUBSECTION,HIT_AND_RUN,TYPE_OF_COLLISION,MVIW,PED_ACTION,ROAD_SURFACE,ROAD_COND_1,ROAD_COND_2,LIGHTING,CONTROL_DEVICE,CHP_ROAD_TYPE,PEDESTRIAN_ACCIDENT,BICYCLE_ACCIDENT,MOTORCYCLE_ACCIDENT,TRUCK_ACCIDENT,NOT_PRIVATE_PROPERTY,ALCOHOL_INVOLVED,STWD_VEHTYPE_AT_FAULT,CHP_VEHTYPE_AT_FAULT,COUNT_SEVERE_INJ,COUNT_VISIBLE_INJ,COUNT_COMPLAINT_PAIN,COUNT_PED_KILLED,COUNT_PED_INJURED,COUNT_BICYCLIST_KILLED,COUNT_BICYCLIST_INJURED,COUNT_MC_KILLED,COUNT_MC_INJURED,PRIMARY_RAMP,SECONDARY_RAMP,LATITUDE,LONGITUDE,COUNTY,CITY,POINT_X,POINT_Y
81950950,2022,2022-12-23,5600,2022-12-18,2001,3147,9118,7,5,6,5607,0,0,0,,0,9C01,BORCHARD RD,THERESA DR,155.00,E,N,A,-,N,,,,,,,,,,N,3,0,1,2,A,-,17,21228,A,N,G,B,E,A,H,-,C,D,0,Y,,,,Y,,N,60,0,1,0,0,0,0,0,0,0,- ,- ,34.176029205322266,-118.94152069091797,VENTURA,THOUSAND OAKS,-118.93700408935547,34.178733825683594
81950953,2022,2022-12-23,5600,2022-12-19,1555,3147,9124,1,5,6,5607,0,0,0,,0,9C01,BORCHARD RD,MICHAEL DR,0.00,,Y,A,-,N,,,,,,,,,,N,2,0,1,2,D,-,00,,,N,G,B,B,A,H,-,A,A,0,Y,,,,Y,,-,- ,1,0,0,0,1,0,0,0,0,- ,- ,34.179168701171875,-118.93131256103516,VENTURA,THOUSAND OAKS,-118.92739105224609,34.181911468505859
81953850,2022,2022-12-28,5600,2022-12-18,1636,4501,8128,7,5,5,5601,0,0,0,,0,8C01,PONDEROSA DR,SHEPHERD DR,13.00,S,N,A,-,N,,,,,,,,,,N,3,0,1,2,A,-,10,21950,A,N,G,B,B,A,H,-,B,A,0,Y,,,,Y,,A,07,0,1,0,0,1,0,0,0,0,- ,- ,34.230571746826172,-119.02995300292969,VENTURA,CAMARILLO,-119.02690887451172,34.232475280761719
81954939,2022,2022-12-29,5600,2022-11-23,1548,5011,9176,3,5,6,5607,0,0,0,,0,9D01,AGOURA RD,WESTLAKE BL,105.00,E,N,A,-,N,,,,,,,,,,N,3,0,1,2,A,-,08,22107,,N,B,G,A,A,H,-,A,D,0,,Y,,,Y,,A,07,0,1,0,0,0,0,1,0,0,- ,- ,34.152118682861328,-118.82907867431641,VENTURA,THOUSAND OAKS,-118.82870483398438,34.151927947998047
81954943,2022,2022-12-29,5600,2022-11-26,1819,5653,9090,6,5,6,5607,0,0,0,,0,9G01,MOORPARK RD,THOUSAND OAKS BL,245.00,N,N,A,-,N,,,,,,,,,,N,3,0,1,2,A,-,11,21955,,N,G,B,D,A,H,-,C,A,0,Y,,,,Y,,N,60,0,1,0,0,1,0,0,0,0,- ,- ,34.175918579101562,-118.88037109375,VENTURA,THOUSAND OAKS,-118.87639617919922,34.179595947265625
81954970,2022,2022-12-29,5600,2022-12-17,1723,5029,9100,6,5,6,5607,0,0,0,,0,9B01,E WILBUR RD,LAURIE LN,244.00,E,N,A,-,N,,,,,,,,,,N,3,0,1,2,A,-,08,22107,,N,D,G,A,A,H,-,D,D,0,,Y,,,Y,,A,01,0,1,0,0,0,0,1,0,0,- ,- ,34.185989379882812,-118.87094116210938,VENTURA,THOUSAND OAKS,-118.87096405029297,34.186054229736328
81965183,2022,2023-01-11,5609,2022-12-24,1633,5004,,6,5,6,5609,0,0,0,,0,001,SIMI TOWN CENTER WAY,FIRST ST,500.00,E,N,A,-,N,,,,,,,,,,N,3,0,1,2,A,-,17,21200,A,N,D,G,A,A,H,-,B,D,0,,Y,,,Y,,L,04,0,1,0,0,0,0,1,0,0,- ,- ,34.284469604492188,-118.77867889404297,VENTURA,SIMI VALLEY,-118.77727508544922,34.283920288085938
81967373,2022,2023-01-13,5609,2022-12-23,1633,5004,,5,5,6,5609,0,0,0,,0,001,SIMI TOWN CENTER WAY,FIRST ST,500.00,E,N,A,-,N,,,,,,,,,,N,3,0,1,2,A,-,17,21200,A,N,D,G,A,A,H,-,B,D,0,,Y,,,Y,,L,04,0,1,0,0,0,0,1,0,0,- ,- ,34.284469604492188,-118.77867889404297,VENTURA,SIMI VALLEY,-118.77727508544922,34.283920288085938
81975315,2023,2023-01-24,5609,2023-01-18,2031,472,116,3,5,6,5609,0,0,0,,0,001,ERRINGER RD,LARCH ST,411.00,N,N,A,-,N,,,,,,,,,,Y,2,0,2,3,A,-,11,21954,A,N,G,B,D,A,H,-,C,D,0,Y,,,,Y,Y,N,60,2,0,0,0,2,0,0,0,0,- ,- ,34.275360107421875,-118.76126098632812,VENTURA,SIMI VALLEY,-118.76139831542969,34.276515960693359
81976419,2023,2023-01-25,5609,2023-01-15,1816,5004,,7,5,6,5609,0,0,0,,0,001,ERRINGER RD,COCHRAN ST,0.00,,Y,C,-,N,,,,,,,,,,N,4,0,1,2,A,-,10,21950,A,N,G,B,B,B,H,-,C,A,0,Y,,,,Y,,A,07,0,0,1,0,1,0,0,0,0,- ,- ,34.278999328613281,-118.76123046875,VENTURA,SIMI VALLEY,-118.76139831542969,34.279010772705078
81977570,2023,2023-01-26,5609,2023-01-20,1553,472,,5,5,6,5609,0,0,0,,0,004,TAPO CANYON RD,EL PASEO WAY,0.00,,Y,A,-,N,,,,,,,,,,N,3,0,1,2,A,-,10,21950,A,N,G,B,B,A,H,-,A,A,0,Y,,,,Y,,A,01,0,1,0,0,1,0,0,0,0,- ,- ,34.287998199462891,-118.7177734375,VENTURA,SIMI VALLEY,-118.71772766113281,34.288009643554688
81992468,2023,2023-02-13,5600,2023-01-27,1256,5500,8120,5,5,5,5601,0,0,0,,0,8B01,CHARTER OAK DR,DANBROOK AV,0.00,,Y,A,-,N,,,,,,,,,,N,4,0,1,2,A,-,10,21950,A,N,G,B,D,A,H,-,A,A,0,Y,,,,Y,,A,01,0,0,1,0,1,0,0,0,0,- ,- ,34.238540649414062,-119.03661346435547,VENTURA,CAMARILLO,-119.03668212890625,34.238555908203125
81999560,2023,2023-02-22,5600,2023-02-14,1900,5370,1006,2,5,2,5603,0,0,0,,0,1B01,OJAI AVE (S/R 150),SIGNAL ST,296.00,E,N,A,-,Y,,,,,,,,,,N,4,0,1,2,A,-,03,22350,,N,G,B,B,A,H,-,C,A,0,Y,,,,Y,,A,01,0,0,1,0,1,0,0,0,0,- ,- ,,,VENTURA,OJAI,-119.24491882324219,34.447830200195312
81999569,2023,2023-02-22,5600,2023-01-21,1808,5166,9086,6,5,6,5607,0,0,0,,0,9H01,LYNN RD,101 FW (N),96.00,N,N,-,-,N,,,,,,,,,,N,4,0,1,2,A,-,08,22107,,N,D,G,A,A,H,-,D,D,0,,Y,,,Y,,L,04,0,0,1,0,0,0,1,0,0,- ,- ,34.183559417724609,-118.89161682128906,VENTURA,THOUSAND OAKS,-118.89166259765625,34.183467864990234
8201461,2017,2017-03-28,5600,2017-03-07,1633,1936,9072,2,5,6,5607,0,0,0,,0,09G,THOUSAND OAKS BL,RANCHO RD,637.00,E,N,A,-,N,,,,,,,,,,N,3,0,1,2,A,-,05,21650,1,N,H,G,A,A,H,-,A,D,0,,Y,,,Y,,L,04,0,1,0,0,0,0,1,0,0,- ,- ,,,VENTURA,THOUSAND OAKS,-118.85583456000001,34.178124150000002
8201547,2017,2018-01-06,5600,2017-03-07,0818,3147,9158,2,5,6,5607,0,0,0,,0,9D01,HAMPSHIRE RD,RT 101,0.00,,Y,A,-,Y,VEN,7,101,-,-,1.493,R,4,S,N,4,0,1,2,D,-,00,,,N,H,G,A,A,H,-,A,A,0,,Y,,Y,Y,,-,- ,0,0,1,0,0,0,1,0,0,- ,SO,,,VENTURA,THOUSAND OAKS,-118.83599712,34.164705619999999
82027574,2023,2023-03-24,5609,2023-03-08,2020,464,,3,5,6,5609,0,0,0,,0,004,TOWNSHIP AVE,SEQUOIA AVE,16.00,E,N,A,-,N,,,,,,,,,,N,4,0,1,2,A,-,12,22450,A,N,G,B,B,A,H,-,C,A,0,Y,,,,Y,,A,01,0,0,1,0,1,0,0,0,0,- ,- ,34.293571472167969,-118.73081970214844,VENTURA,SIMI VALLEY,-118.73075866699219,34.293521881103516
8203372,2016,2017-01-06,5608,2016-12-24,1202,464,,6,5,6,5608,0,0,0,,0,002,BORCHARD DR,THOMPSON BL,8.00,S,N,A,-,N,,,,,,,,,,N,4,0,1,2,A,-,08,22107,,N,D,B,A,A,H,-,A,A,0,,Y,,,Y,,-,,0,0,1,0,0,0,1,0,0,- ,- ,,,VENTURA,VENTURA,-119.26031621999999,34.272348659999999
8203423,2016,2017-01-06,5608,2016-12-19,2030,411,,1,5,6,5608,0,0,0,,0,001,POLI ST,N PALM ST,273.00,W,N,A,-,N,,,,,,,,,,N,3,0,1,2,A,-,08,22107,,F,B,G,A,A,H,-,C,D,0,,Y,,,Y,,-,,0,1,0,0,0,0,1,0,0,- ,- ,,,VENTURA,VENTURA,-119.29709242,34.282113799999998
82034252,2022,2023-04-19,5600,2022-06-07,0926,4045,9085,2,5,6,5607,0,0,0,,0,9G01,THOUSAND OAKS BL,CLAY CT,110.00,W,N,A,-,N,,,,,,,,,,N,1,1,0,2,A,-,10,21950,A,F,G,B,C,A,H,-,C,B,0,Y,,,,Y,Y,A,01,0,0,0,1,0,0,0,0,0,- ,- ,34.17620849609375,-118.86849975585938,VENTURA,THOUSAND OAKS,-118.86492156982422,34.179344177246094
8203427,2016,2017-01-06,5608,2016-12-22,1253,466,,4,5,6,5608,0,0,0,,0,002,DONLON ST,MAIN ST,15.00,N,N,A,-,N,,,,,,,,,,N,3,0,1,2,A,-,12,21453,A,F,G,B,B,A,H,-,A,A,0,Y,,,,Y,Y,-,,0,1,0,0,1,0,0,0,0,- ,- ,,,VENTURA,VENTURA,-119.23556128,34.262990090000002
82040038,2023,2023-04-10,5600,2023-03-17,1648,4973,8102,5,5,5,5601,0,0,0,,0,8B01,CARMEN DR,EDGEMONT DR,0.00,,Y,A,-,N,,,,,,,,,,N,3,0,1,2,A,-,05,21650,1,N,D,G,A,A,A,-,A,A,0,,Y,,,Y,,L,04,0,1,0,0,0,0,1,0,0,- ,- ,34.230770111083984,-119.05200958251953,VENTURA,CAMARILLO,-119.05205535888672,34.230762481689453
82040046,2023,2023-04-10,5600,2023-03-28,1619,5302,8218,2,5,5,5601,0,0,0,,0,8D01,UPLAND RD,ARBOLEDA ROAD,205.00,E,N,A,-,N,,,,,,,,,,N,3,0,1,1,A,-,08,22107,,N,F,G,A,A,D,-,A,D,0,,Y,,,Y,,L,04,0,1,0,0,0,0,1,0,0,- ,- ,34.238021850585938,-119.00238037109375,VENTURA,CAMARILLO,,
8206477,2016,2017-01-17,5608,2016-12-29,1335,430,,4,5,6,5608,0,0,0,,0,,CALIFORNIA ST,THOMPSON BL,168.00,S,N,A,-,N,,,,,,,,,,N,4,0,1,2,A,-,05,21650,G,N,D,G,A,A,H,-,A,D,0,,Y,,,Y,,L,04,0,0,1,0,0,0,1,0,0,- ,- ,,,VENTURA,VENTURA,-119.29303,34.27778953
82093089,2023,2023-06-14,5609,2023-05-20,1454,5004,,6,5,6,5609,0,0,0,,0,003,LOS ANGELES AVE,HUBBARD ST,11.00,W,N,A,-,N,,,,,,,,,,N,4,0,1,2,A,-,09,21804,A,N,D,G,A,A,H,-,A,A,0,,Y,,,Y,,L,04,0,0,1,0,0,0,1,0,0,- ,- ,34.271778106689453,-118.77004241943359,VENTURA,SIMI VALLEY,-118.77017974853516,34.271659851074219
82100445,2023,2023-06-23,5600,2023-06-13,1140,5007,9166,2,5,6,5607,0,0,0,,0,9D01,WESTLAKE BL,MEADOW GATE ST,245.00,N,N,A,-,N,,,,,,,,,,N,3,0,1,2,A,-,08,22107,,N,C,G,A,A,H,-,A,D,0,,Y,,,Y,,L,04,0,1,0,0,0,0,1,0,0,- ,- ,34.159130096435547,-118.82681274414062,VENTURA,THOUSAND OAKS,-118.82279205322266,34.163284301757812
82117499,2023,2023-07-17,5600,2023-05-29,1612,5256,8102,1,5,5,5601,0,0,0,,0,8B01,CARMEN DR,PONDEROSA DR,0.00,,Y,A,-,N,,,,,,,,,,N,3,0,1,2,A,-,05,21650,1,N,D,G,A,A,H,-,A,A,0,,Y,,,Y,,L,04,0,1,0,0,0,0,1,0,0,- ,- ,34.223598480224609,-119.05072021484375,VENTURA,CAMARILLO,-119.05078887939453,34.223644256591797
82124957,2023,2023-07-25,5600,2023-06-17,1318,5004,5110,6,5,4,5690,0,0,0,,0,2A01,MILLER PY,PATRIOT DR,0.00,,Y,A,-,N,,,,,,,,,,N,3,0,1,2,A,-,10,21950,A,N,G,B,B,A,H,-,B,A,0,Y,,,,Y,,A,01,0,1,0,0,1,0,0,0,0,- ,- ,34.277400970458984,-118.86818695068359,VENTURA,MOORPARK,-118.86813354492188,34.277515411376953
82132652,2023,2023-08-15,5600,2023-07-27,1932,3147,9126,4,5,6,5607,0,0,0,,0,9H01,CAMINO DOS RIOS,ACADEMY DR,15.00,N,N,A,-,Y,,,,,,,,,,N,2,0,1,2,A,-,10,21950,A,N,G,B,B,A,H,-,A,B,0,Y,,,,Y,,A,01,1,0,0,0,1,0,0,0,0,- ,- ,34.190868377685547,-118.93804931640625,VENTURA,THOUSAND OAKS,-118.93800354003906,34.190780639648438
82133745,2023,2023-08-02,5609,2023-07-10,1857,5004,,1,5,6,5609,0,0,0,,0,004,ALAMO ST,FAIRBANKS AVE,6.00,W,N,A,-,N,,,,,,,,,,N,3,0,2,3,A,-,10,21950,A,N,G,B,B,A,H,-,B,D,0,Y,,,,Y,,A,01,0,1,1,0,2,0,0,0,0,- ,- ,34.286319732666016,-118.71286773681641,VENTURA,SIMI VALLEY,-118.71282196044922,34.286331176757812
82136678,2023,2023-08-07,5609,2023-06-17,1306,5040,,6,5,6,5609,0,0,0,,0,006,KUEHNER DR,LOS ANGELES AVE,0.00,,Y,A,-,N,,,,,,,,,,N,3,0,1,2,A,-,12,22450,A,N,D,G,A,A,H,-,A,A,0,,Y,,,Y,,L,04,0,1,0,0,0,0,1,0,0,- ,- ,34.271659851074219,-118.66200256347656,VENTURA,SIMI VALLEY,-118.66199493408203,34.271648406982422
82142311,2023,2023-08-14,5609,2023-08-02,1745,5066,,3,5,6,5609,0,0,0,,0,002,FIRST ST,CEDAR CREEK LANE,9.00,N,N,A,-,N,,,,,,,,,,N,3,0,1,2,A,-,21,22106,,N,G,B,D,A,H,-,A,A,0,Y,,,,Y,,A,01,0,1,0,0,1,0,0,0,0,- ,- ,,,VENTURA,SIMI VALLEY,-118.77886199951172,34.26568603515625
82150739,2023,2023-08-25,5600,2023-08-08,2040,5499,9132,2,5,6,5607,0,0,0,,0,9C01,VENTU PARK RD,OFFRAMP NB 101 VENTU PARK,250.00,S,N,A,-,N,,,,,,,,,,N,4,0,1,2,D,-,00,,,F,G,B,F,A,H,-,C,D,0,Y,,,,Y,,-,- ,0,0,1,0,1,0,0,0,0,- ,- ,34.185451507568359,-118.91111755371094,VENTURA,THOUSAND OAKS,-118.91123199462891,34.179683685302734
82157976,2023,2023-08-30,5609,2023-08-28,716 ,443,,1,5,6,5609,0,0,0,,0,004,LOS ANGELES AVE,SEQUOIA AVE,0.00,,Y,A,-,N,,,,,,,,,,N,3,0,1,2,A,-,09,21801,A,N,D,G,A,A,H,-,A,A,0,,Y,,,Y,,A,01,0,1,0,0,0,0,1,0,0,- ,- ,34.271690368652344,-118.73056030273438,VENTURA,SIMI VALLEY,-118.73052978515625,34.271675109863281
82167725,2023,2023-10-05,5600,2023-08-12,1727,5244,9128,6,5,6,5607,0,0,0,,0,9H01,HILLCREST DR,SHADY OAKS DR (E),7.00,S,N,A,-,N,,,,,,,,,,N,3,0,1,2,A,-,10,21950,A,F,G,B,B,A,H,-,A,D,0,Y,,,,Y,,A,01,0,1,0,0,1,0,0,0,0,- ,- ,34.188068389892578,-118.9180908203125,VENTURA,THOUSAND OAKS,-118.92001342773438,34.187625885009766
82167741,2023,2023-09-12,5600,2023-08-29,1750,5196,9006,2,5,6,5607,0,0,0,,0,9A01,OLSEN RD,ERBES RD,215.00,W,N,A,-,N,,,,,,,,,,N,3,0,1,2,A,-,08,22107,,N,C,G,A,A,H,-,A,D,0,,Y,,,Y,,L,04,0,1,0,0,0,0,1,0,0,- ,- ,34.238510131835938,-118.84790802001953,VENTURA,THOUSAND OAKS,-118.84864044189453,34.238407135009766
82169662,2023,2023-09-14,5600,2023-08-17,1910,4869,8202,4,5,5,5601,0,0,0,,0,8D01,AVENIDA ACASO,VIA PESCADOR (S),556.00,N,N,A,-,N,,,,,,,,,,N,3,0,2,2,A,-,03,22350,,N,C,G,A,A,H,-,A,D,0,,Y,,,Y,,L,04,0,2,0,0,0,0,2,0,0,- ,- ,34.221729278564453,-119.02329254150391,VENTURA,CAMARILLO,-119.01914215087891,34.224987030029297
82195904,2023,2023-10-11,5600,2023-10-05,540 ,4750,8065,4,5,5,5601,0,0,0,,0,8A01,CAMARILLO CENTER DR,LAS POSAS RD,15.00,E,N,A,-,N,,,,,,,,,,N,3,0,1,2,A,-,08,22107,,F,D,G,A,A,H,-,D,D,0,,Y,,,Y,,D,22,0,1,0,0,0,0,1,0,0,- ,- ,34.213279724121094,-119.06981658935547,VENTURA,CAMARILLO,-119.06968688964844,34.213291168212891
82198064,2023,2023-11-13,5600,2023-09-09,2232,4045,9124,6,5,6,5607,0,0,0,,0,9C01,BORCHARD RD,US-101 S/B OFF-RAMP,88.00,S,N,A,-,Y,VEN,,101, , ,7.024,H,,L,N,2,0,1,2,A,-,11,21954,A,N,G,B,D,A,H,-,C,A,0,Y,,,,Y,Y,N,60,1,0,0,0,1,0,0,0,0,- ,- ,34.184368133544922,-118.92581939697266,VENTURA,THOUSAND OAKS,-118.92581939697266,34.184356689453125
82206732,2023,2023-10-24,5600,2023-10-06,1643,5336,9128,5,5,6,5607,0,0,0,,0,9H01,VENTU PARK RD,HILLCREST DR,460.00,S,N,A,-,N,,,,,,,,,,N,4,0,1,2,A,-,10,21950,A,N,G,B,B,A,H,-,A,A,0,Y,,,,Y,,A,08,0,0,1,0,1,0,0,0,0,- ,- ,34.185390472412109,-118.91512298583984,VENTURA,THOUSAND OAKS,-118.91124725341797,34.187042236328125
82206764,2023,2023-10-24,5600,2023-10-13,1325,5039,9080,5,5,6,5607,0,0,0,,0,9H01,WILBUR RD,SAINT CHARLES DR,12.00,S,N,A,-,N,,,,,,,,,,N,3,0,1,2,A,-,10,21950,A,N,G,B,D,A,H,-,A,A,0,Y,,,,Y,,A,01,0,1,0,0,1,0,0,0,0,- ,- ,34.185230255126953,-118.87757873535156,VENTURA,THOUSAND OAKS,-118.87758636474609,34.185203552246094
82221026,2023,2023-10-27,5600,2023-10-17,825 ,4750,8135,2,5,5,5601,0,0,0,,0,8C01,LAS POSAS RD,ANTONIO AV,21.00,E,N,A,-,N,,,,,,,,,,N,3,0,1,2,A,-,17,21451,A,N,G,B,B,A,H,-,A,A,0,Y,,,,Y,,D,22,0,1,0,0,1,0,0,0,0,- ,- ,34.241630554199219,-119.01783752441406,VENTURA,CAMARILLO,-119.01778411865234,34.241695404052734
82224923,2023,2023-12-18,5600,2023-10-11,2342,5509,9088,3,5,6,5607,0,0,0,,0,9G01,HILLCREST DR,CONEJO BL,0.00,,Y,A,-,N,,,,,,,,,,N,3,0,1,2,A,-,08,22107,,F,B,G,A,A,H,-,C,A,0,,Y,,,Y,,-,99,0,1,0,0,0,0,1,0,0,- ,- ,34.180721282958984,-118.87811279296875,VENTURA,THOUSAND OAKS,-118.87805938720703,34.180633544921875
82239729,2023,2023-11-20,5600,2023-10-14,835 ,4045,9176,6,5,6,5607,0,0,0,,0,9D01,LA VENTA DR,OAKSHORE DR,10.00,N,N,A,-,N,,,,,,,,,,N,2,0,1,2,A,-,10,21950,A,N,G,B,B,A,H,-,A,D,0,Y,,,,Y,Y,A,01,1,0,0,0,1,0,0,0,0,- ,- ,34.143878936767578,-118.82866668701172,VENTURA,THOUSAND OAKS,-118.82851409912109,34.143905639648438
82246071,2023,2023-11-28,5600,2023-11-21,1440,5208,6009,2,5,3,5602,0,0,0,,0,6A01,C ST,MEADOWLARK DR,0.00,,Y,A,-,N,,,,,,,,,,N,2,0,1,2,A,-,11,21954,A,N,G,B,D,A,H,-,A,D,0,Y,,,,Y,,N,60,1,0,0,0,1,0,0,0,0,- ,- ,34.402111053466797,-118.92862701416016,VENTURA,FILLMORE,-118.92864990234375,34.402103424072266
82262765,2023,2023-12-15,5600,2023-11-05,1527,5302,8124,7,5,5,5601,0,0,0,,0,8C01,ARNEILL RD,PICKWICK DR,0.00,,Y,A,-,N,,,,,,,,,,N,2,0,1,2,A,-,10,21950,A,N,G,B,B,A,H,-,A,A,0,Y,,,,Y,,A,07,1,0,0,0,1,0,0,0,0,- ,- ,34.222270965576172,-119.03900909423828,VENTURA,CAMARILLO,-119.03904724121094,34.222282409667969
82263788,2023,2023-12-18,5609,2023-12-12,1521,443,,2,5,6,5609,0,0,0,,0,004,LARCH ST,CLOVER ST,12.00,W,N,A,-,N,,,,,,,,,,N,3,0,1,2,A,-,08,22107,,N,B,G,A,A,H,-,A,D,0,,Y,,,Y,,L,04,0,1,0,0,0,0,1,0,0,- ,- ,34.275421142578125,-118.74452209472656,VENTURA,SIMI VALLEY,-118.74478912353516,34.275871276855469
82269914,2023,2023-12-25,5609,2023-11-19,1057,5100,,7,5,6,5609,0,0,0,,0,006,BIRCHCROFT ST,STEARNS ST,4.00,E,N,A,-,N,,,,,,,,,,N,4,0,1,2,A,-,09,21800,A,N,D,G,A,A,H,-,A,A,0,,Y,,,Y,,M,91,0,0,1,0,0,0,1,0,0,- ,- ,34.276889801025391,-118.69129943847656,VENTURA,SIMI VALLEY,-118.69136047363281,34.276821136474609
82269915,2023,2023-12-25,5609,2023-11-29,1447,464,,3,5,6,5609,0,0,0,,0,006,KUEHNER DR,MOUNT SINAI DR,0.00,,Y,A,-,N,,,,,,,,,,N,1,1,0,2,A,-,12,22450,A,N,D,G,A,A,H,-,A,A,0,,Y,,,Y,,L,04,0,0,0,0,0,1,0,0,0,- ,- ,34.28070068359375,-118.66192626953125,VENTURA,SIMI VALLEY,-118.66197204589844,34.280830383300781
82278837,2023,2024-02-09,5600,2023-12-09,606 ,4045,9050,6,5,6,5607,0,0,0,,0,9B01,JANSS RD,WINDSOR DR,40.00,E,N,A,-,N,,,,,,,,,,N,1,1,0,2,A,-,11,21954,A,N,G,B,C,A,H,-,A,A,0,Y,,,,Y,Y,N,60,0,0,0,1,0,0,0,0,0,- ,- ,34.196060180664062,-118.86483001708984,VENTURA,THOUSAND OAKS,-118.86101531982422,34.199256896972656
82283398,2023,2024-01-10,5600,2023-11-23,2150,4869,8125,4,5,5,5601,0,0,0,,0,8C01,DAILY DR,ARNEILL RD,0.00,,Y,A,-,N,,,,,,,,,,N,3,0,1,2,A,-,11,21950,B,N,G,B,B,A,H,-,C,A,0,Y,,,,Y,,N,60,0,1,0,0,1,0,0,0,0,- ,- ,34.217781066894531,-119.0390625,VENTURA,CAMARILLO,-119.03900909423828,34.217819213867188
82289890,2023,2024-01-29,5600,2023-12-22,1301,5302,,5,5,5,5601,0,0,0,,0,8D01,WOODCREEK RD,MISSION OAKS BL,164.00,N,N,B,-,N,,,,,,,,,,N,3,0,1,2,A,-,11,21950,B,N,G,B,E,A,H,-,A,D,0,Y,,,,Y,,N,60,0,1,0,0,1,0,0,0,0,- ,- ,34.228649139404297,-118.99716186523438,VENTURA,CAMARILLO,-118.99745178222656,34.229160308837891
82292312,2024,2024-01-22,5609,2024-01-18,753 ,443,,4,5,6,5609,0,0,0,,0,003,ROYAL AVE,WHITCOMB AVE,19.00,E,N,A,-,N,,,,,,,,,,N,3,0,1,2,A,-,10,21950,A,N,G,B,B,A,H,-,A,A,0,Y,,,,Y,,D,22,0,1,0,0,1,0,0,0,0,- ,- ,34.260799407958984,-118.75330352783203,VENTURA,SIMI VALLEY,-118.75320434570312,34.260841369628906
82292643,2024,2024-01-22,5600,2024-01-05,1518,5011,,5,5,6,5607,0,0,0,,0,9A01,AVENIDA DE LOS ARBOLES,CALLE DAMASCO,196.00,W,N,A,-,N,,,,,,,,,,N,3,0,1,2,A,-,05,21650,1,N,D,G,A,A,H,-,A,D,0,,Y,,,Y,,L,04,0,1,0,0,0,0,1,0,0,- ,- ,34.215419769287109,-118.86038970947266,VENTURA,THOUSAND OAKS,-118.86100769042969,34.215442657470703
82292657,2024,2024-01-22,5600,2024-01-16,1655,4704,,2,5,5,5601,0,0,0,,0,8C01,LAS POSAS RD,CHARTER OAK DR,0.00,,Y,A,-,N,,,,,,,,,,N,4,0,1,2,A,-,10,21950,A,F,G,B,B,A,H,-,B,A,0,Y,,,,Y,,A,07,0,0,1,0,1,0,0,0,0,- ,- ,34.237190246582031,-119.03614807128906,VENTURA,CAMARILLO,-119.03621673583984,34.237270355224609
82301559,2023,2024-01-31,5608,2023-10-11,1855,550,,3,5,6,5608,0,0,0,,0,002,PENINSULA ST,BAYSHORE AVE,0.00,,Y,A,-,N,,,,,,,,,,N,2,0,1,2,A,-,10,21950,A,N,D,G,A,A,H,-,D,D,0,,Y,,,Y,,A,01,1,0,0,0,0,0,1,0,0,- ,- ,,,VENTURA,VENTURA,-119.26863861083984,34.260246276855469
82309802,2024,2024-02-09,5600,2024-01-26,1328,5497,5146,5,5,4,5690,0,0,0,,0,2A01,LOS ANGELES AV,SPRING RD,550.00,E,N,A,-,Y,VEN,,118, ,R,17.906,H,,L,N,4,0,1,2,A,-,21,22106,,N,G,B,F,A,H,-,A,D,0,Y,,,,Y,,-,- ,0,0,1,0,1,0,0,0,0,- ,- ,34.2789306640625,-118.87474060058594,VENTURA,MOORPARK,-118.87474060058594,34.278999328613281