CASE_ID,ACCIDENT_YEAR,PROC_DATE,JURIS,COLLISION_DATE,COLLISION_TIME,OFFICER_ID,REPORTING_DISTRICT,DAY_OF_WEEK,CHP_SHIFT,POPULATION,CNTY_CITY_LOC,SPECIAL_COND,BEAT_TYPE,CHP_BEAT_TYPE,CITY_DIVISION_LAPD,CHP_BEAT_CLASS,BEAT_NUMBER,PRIMARY_RD,SECONDARY_RD,DISTANCE,DIRECTION,INTERSECTION,WEATHER_1,WEATHER_2,STATE_HWY_IND,CALTRANS_COUNTY,CALTRANS_DISTRICT,STATE_ROUTE,ROUTE_SUFFIX,POSTMILE_PREFIX,POSTMILE,LOCATION_TYPE,RAMP_INTERSECTION,SIDE_OF_HWY,TOW_AWAY,COLLISION_SEVERITY,NUMBER_KILLED,NUMBER_INJURED,PARTY_COUNT,PRIMARY_COLL_FACTOR,PCF_CODE_OF_VIOL,PCF_VIOL_CATEGORY,PCF_VIOLATION,PCF_VIOL_SUBSECTION,HIT_AND_RUN,TYPE_OF_COLLISION,MVIW,PED_ACTION,ROAD_SURFACE,ROAD_COND_1,ROAD_COND_2,LIGHTING,CONTROL_DEVICE,CHP_ROAD_TYPE,PEDESTRIAN_ACCIDENT,BICYCLE_ACCIDENT,MOTORCYCLE_ACCIDENT,TRUCK_ACCIDENT,NOT_PRIVATE_PROPERTY,ALCOHOL_INVOLVED,STWD_VEHTYPE_AT_FAULT,CHP_VEHTYPE_AT_FAULT,COUNT_SEVERE_INJ,COUNT_VISIBLE_INJ,COUNT_COMPLAINT_PAIN,COUNT_PED_KILLED,COUNT_PED_INJURED,COUNT_BICYCLIST_KILLED,COUNT_BICYCLIST_INJURED,COUNT_MC_KILLED,COUNT_MC_INJURED,PRIMARY_RAMP,SECONDARY_RAMP,LATITUDE,LONGITUDE,COUNTY,CITY,POINT_X,POINT_Y
82328063,2024,2024-03-04,5600,2024-01-29,1845,5424,8007,1,5,5,5601,0,0,0,,0,8A01,LAS POSAS RD,101 FW (N),0.00,,Y,A,-,Y,VEN,,101, , ,15.886,H,,R,N,2,0,1,2,A,-,09,21453,B,N,G,B,B,A,H,-,C,A,0,Y,,,,Y,,A,01,1,0,0,0,1,0,0,0,0,- ,- ,34.21929931640625,-119.06976318359375,VENTURA,CAMARILLO,-119.06976318359375,34.219295501708984
82329591,2024,2024-03-05,5609,2024-02-28,2152,5023,,3,5,6,5609,0,0,0,,0,002,HIGHLAND RD,OLDSTONE PL,245.00,E,N,A,-,N,,,,,,,,,,N,2,0,1,2,A,-,00,23103,,N,G,B,E,A,H,-,C,D,0,Y,,,,Y,Y,D,22,1,0,0,0,1,0,0,0,0,- ,- ,34.249988555908203,-118.79183959960938,VENTURA,SIMI VALLEY,-118.79109191894531,34.249961853027344
82329641,2024,2024-03-07,5600,2024-02-28,1536,4704,8020,3,5,5,5601,0,0,0,,0,8A01,PONDEROSA DR,LIGHT POLE# 2323656E,2.00,W,N,A,-,N,,,,,,,,,,N,3,0,1,2,A,-,01,23152,A,F,B,G,A,A,H,-,A,A,0,,Y,,,Y,Y,A,01,0,1,0,0,0,0,1,0,0,- ,- ,,,VENTURA,CAMARILLO,,
82343384,2024,2024-03-21,5609,2024-03-16,1123,5033,512,6,5,6,5609,0,0,0,,0,005,LOS ANGELES AVE,TAPO ST,11.00,W,N,A,-,N,,,,,,,,,,N,3,0,1,2,A,-,10,21950,A,N,G,B,B,A,H,-,A,A,0,Y,,,,Y,,D,22,0,1,0,0,1,0,0,0,0,- ,- ,34.271678924560547,-118.70913696289062,VENTURA,SIMI VALLEY,-118.708984375,34.271697998046875
82344463,2024,2024-03-25,5600,2024-03-17,2018,4946,9114,7,5,6,5607,0,0,0,,0,9C01,REINO RD,KIMBER DR,12.00,S,N,A,-,N,,,,,,,,,,N,3,0,1,2,A,-,12,21453,A,N,D,G,A,A,H,-,C,A,0,,Y,,,Y,,L,04,0,1,0,0,0,0,1,0,0,- ,- ,34.171630859375,-118.95493316650391,VENTURA,THOUSAND OAKS,-118.95490264892578,34.171600341796875
82346859,2024,2024-03-26,5600,2024-03-24,1150,2913,,7,5,3,5602,0,0,0,,0,6B01,CENTRAL AVE,MAIN ST,0.00,,Y,A,-,N,,,,,,,,,,N,3,0,1,2,A,-,11,21950,B,N,D,B,D,A,H,-,A,D,0,Y,,,,Y,,N,60,0,1,0,0,1,0,0,0,0,- ,- ,,,VENTURA,FILLMORE,-118.91347503662109,34.399169921875
82361631,2024,2024-04-15,5600,2024-04-09,1944,5495,1000,2,5,2,5603,0,0,0,,0,1A01,EAST ALISO STREET,NORTH VENTURA STREET,0.00,,Y,A,-,N,,,,,,,,,,N,4,0,1,2,A,-,12,22450,A,N,D,G,A,A,H,-,B,A,0,,Y,,,Y,,L,04,0,0,1,0,0,0,1,0,0,- ,- ,34.449600219726562,-119.24730682373047,VENTURA,OJAI,-119.24726104736328,34.449596405029297
82363755,2024,2024-04-15,5600,2024-04-10,558 ,5016,6020,3,5,3,5602,0,0,0,,0,6B01,SR 126 (VENTURA STREET),SANTA CLARA STREET,300.00,W,N,A,-,Y,,,,,,,,,,Y,2,0,1,2,A,-,08,22107,,F,G,B,D,A,H,-,B,D,0,Y,,,,Y,,A,07,1,0,0,0,1,0,0,0,0,- ,- ,,,VENTURA,FILLMORE,-118.90486145019531,34.398990631103516
82366083,2024,2024-04-17,5609,2024-04-06,12  ,504,,6,5,6,5609,0,0,0,,0,003,TALBERT AVE,WATSON AVE,555.00,E,N,A,-,N,,,,,,,,,,Y,3,0,1,2,A,-,05,21650,1,N,D,G,A,A,H,-,C,D,0,,Y,,,Y,Y,L,04,0,1,0,0,0,0,1,0,0,- ,- ,34.252460479736328,-118.74217987060547,VENTURA,SIMI VALLEY,-118.740478515625,34.251869201660156
82366125,2024,2024-04-19,5600,2024-04-02,1414,4750,8077,2,5,5,5601,0,0,0,,0,8A01,PONDEROSA DR,SPRINGVILLE RD,12.00,E,N,A,-,N,,,,,,,,,,N,3,0,2,2,A,-,00,23153,G,N,G,B,F,A,D,E,A,A,0,Y,,,,Y,Y,A,01,0,2,0,0,1,0,0,0,0,- ,- ,34.221588134765625,-119.08840942382812,VENTURA,CAMARILLO,-119.08485412597656,34.223026275634766
82373671,2024,2024-04-24,5609,2024-04-22,2042,5004,,1,5,6,5609,0,0,0,,0,006,COCHRAN ST,STOW ST,11.00,E,N,B,-,N,,,,,,,,,,N,3,0,1,2,A,-,10,21950,A,N,D,B,B,A,H,-,C,A,0,Y,,,,Y,,A,07,0,1,0,0,1,0,0,0,0,- ,- ,34.279041290283203,-118.68269348144531,VENTURA,SIMI VALLEY,-118.68272399902344,34.279010772705078
82373691,2024,2024-04-29,5600,2024-04-02,715 ,5302,8007,2,5,5,5601,0,0,0,,0,8A01,PONDEROSA DR,LAS POSAS RD (W),173.00,W,N,A,-,N,,,,,,,,,,N,3,0,1,2,A,-,08,22107,,N,C,G,A,A,H,-,A,D,0,,Y,,,Y,,I,09,0,1,0,0,0,0,1,0,0,- ,- ,34.223670959472656,-119.06980133056641,VENTURA,CAMARILLO,-119.07034301757812,34.22369384765625
82378030,2024,2024-04-30,5600,2024-04-15,1756,5278,5170,1,5,4,5690,0,0,0,,0,2A01,POINDEXTER AV,GISLER RD,0.00,,Y,A,-,N,,,,,,,,,,N,3,0,1,3,A,-,12,22450,A,F,G,B,B,A,H,-,A,A,0,Y,,,,Y,,A,01,0,1,0,0,1,0,0,0,0,- ,- ,34.281650543212891,-118.89093780517578,VENTURA,MOORPARK,-118.88852691650391,34.284671783447266
82378042,2024,2024-04-30,5600,2024-04-25,2120,4750,8111,4,5,5,5601,0,0,0,,0,8B01,PONDEROSA DR,ARNEILL RD,187.00,W,N,B,-,N,,,,,,,,,,N,4,0,1,2,A,-,08,22107,,F,G,B,E,A,H,-,C,D,0,Y,,,,Y,Y,D,22,0,0,1,0,1,0,0,0,0,- ,- ,34.223560333251953,-119.03898620605469,VENTURA,CAMARILLO,-119.03965759277344,34.223529815673828
82386478,2024,2024-05-10,5600,2024-04-30,820 ,5456,,2,5,2,5603,0,0,0,,0,1B01,GRAND AV,SHADY LN,0.00,,Y,A,-,N,,,,,,,,,,N,4,0,1,2,A,-,09,21802,A,N,D,G,A,A,H,-,A,D,0,,Y,,,Y,,A,01,0,0,1,0,0,0,1,0,0,- ,- ,34.454319000244141,-119.23470306396484,VENTURA,OJAI,-119.23466491699219,34.454322814941406
82393211,2024,2024-05-20,5608,2024-05-02,826 ,423,,4,5,6,5608,0,0,0,,0,003,TELEGRAPH RD,SHAMROCK RD,69.00,E,Y,A,-,N,,,,,,,,,,N,4,0,1,2,A,-,00,21953,A,N,G,B,D,A,H,-,A,D,0,Y,,,,Y,,N,60,0,0,1,0,1,0,0,0,0,- ,- ,34.275051116943359,-119.2471923828125,VENTURA,VENTURA,-119.24659729003906,34.273342132568359
82398862,2024,2024-05-27,5600,2024-05-25,1302,2913,,6,5,3,5602,0,0,0,,0,6A01,OLD TELEGRAPH RD,FIRST ST,0.00,,Y,A,-,N,,,,,,,,,,N,3,0,1,2,A,-,05,21650,1,N,D,G,A,A,H,-,A,A,0,,Y,,,Y,,L,04,0,1,0,0,0,0,1,0,0,- ,- ,,,VENTURA,FILLMORE,-118.92294311523438,34.401348114013672
82402784,2024,2024-05-31,5600,2024-05-24,1536,5256,,5,5,5,5601,0,0,0,,0,8D01,RANCHO CALLEGUAS,MISSION OAKS BL,10.00,S,N,A,-,N,,,,,,,,,,N,4,0,1,2,A,-,05,21202,A,N,D,G,A,A,H,-,A,A,0,,Y,,,Y,,L,04,0,0,1,0,0,0,1,0,0,- ,- ,34.217071533203125,-119.01319885253906,VENTURA,CAMARILLO,-119.01316070556641,34.217166900634766
82408409,2024,2024-06-07,5600,2024-06-01,1546,4973,,6,5,5,5601,0,0,0,,0,8D01,MISSION OAKS BL,OAK CANYON RD,13.00,W,N,A,-,N,,,,,,,,,,N,3,0,1,2,A,-,09,21802,A,N,D,G,A,A,H,-,A,A,0,,Y,,,Y,,A,07,0,1,0,0,0,0,1,0,0,- ,- ,34.231781005859375,-119.98938751220703,VENTURA,CAMARILLO,-118.98937225341797,34.231796264648438
82418966,2024,2024-06-20,5609,2024-06-06,1847,447,,4,5,6,5609,0,0,0,,0,002,LOS AMIGOS AVE,MARVIN CT,0.00,,Y,A,-,N,,,,,,,,,,N,3,0,1,2,A,-,09,21800,A,N,D,G,A,A,H,-,A,D,0,,Y,,,Y,,L,04,0,1,0,0,0,0,1,0,0,- ,- ,34.266429901123047,-118.80039215087891,VENTURA,SIMI VALLEY,-118.80030822753906,34.266429901123047
82419997,2024,2024-06-21,5609,2024-06-10,2108,464,,1,5,6,5609,0,0,0,,0,003,LOS ANGELES AVE,ERRINGER RD,17.00,W,N,A,-,N,,,,,,,,,,N,4,0,1,2,A,-,10,21950,A,N,G,B,B,A,H,-,C,A,0,Y,,,,Y,,A,01,0,0,1,0,1,0,0,0,0,- ,- ,34.271411895751953,-118.76120758056641,VENTURA,SIMI VALLEY,-118.76145935058594,34.271617889404297
82426477,2024,2024-07-01,5609,2024-06-03,1545,5004,,1,5,6,5609,0,0,0,,0,,LOS ANGELES AVE,FIRST ST,0.00,,Y,A,-,N,,,,,,,,,,N,3,0,1,2,A,-,12,21453,A,N,D,G,A,A,H,-,A,A,0,,Y,,,Y,,L,04,0,1,0,0,0,0,1,0,0,- ,- ,34.271598815917969,-118.77886199951172,VENTURA,SIMI VALLEY,-118.77898406982422,34.271812438964844
82434704,2024,2024-07-10,5600,2024-06-27,1728,5244,,4,5,6,5607,0,0,0,,0,9H01,AVENIDA DE LA PLATA,HILLCREST DR,11.00,S,N,A,-,N,,,,,,,,,,N,4,0,1,2,A,-,10,21950,A,N,G,B,B,A,H,-,A,A,0,Y,,,,Y,,A,01,0,0,1,0,1,0,0,0,0,- ,- ,34.188381195068359,-118.91657257080078,VENTURA,THOUSAND OAKS,-118.91653442382812,34.188388824462891
82434712,2024,2024-07-10,5600,2024-07-02,1636,2913,,2,5,6,5607,0,0,0,,0,9C01,HILLROSE CT,KIMBER DR,15.00,N,N,A,-,N,,,,,,,,,,N,3,0,1,2,A,-,05,21650,1,N,D,G,A,A,H,-,A,D,0,,Y,,,Y,,L,04,0,1,0,0,0,0,1,0,0,- ,- ,34.169078826904297,-118.96507263183594,VENTURA,THOUSAND OAKS,-118.96101379394531,34.171554565429688
82595853,2024,2024-07-24,5600,2024-07-15,1412,5293,,1,5,5,5601,0,0,0,,0,8C01,ARNEILL RD,DUNNIGAN ST,0.00,,Y,A,-,N,,,,,,,,,,N,3,0,1,2,A,-,12,21453,A,N,D,G,A,A,H,-,A,A,0,,Y,,,Y,,L,04,0,1,0,0,0,0,1,0,0,- ,- ,34.229190826416016,-119.03903961181641,VENTURA,CAMARILLO,-119.03907012939453,34.22918701171875
82700110,2024,2024-07-29,5600,2024-07-21,927 ,5150,,7,5,6,5607,0,0,0,,0,9C01,LYNN RD,CAPITAN ST,19.00,W,N,A,-,N,,,,,,,,,,N,2,0,1,2,A,-,10,21950,A,F,G,B,B,A,H,-,A,A,0,Y,,,,Y,,D,22,1,0,0,0,1,0,0,0,0,- ,- ,34.177108764648438,-118.90078735351562,VENTURA,THOUSAND OAKS,-118.90079498291016,34.17724609375
8281342,2016,2017-01-19,5600,2016-12-31,2006,4745,1005,6,5,2,5603,0,0,0,,0,1B01,ALISO ST,LION ST,0.00,,Y,C,-,N,,,,,,,,,,N,4,0,1,2,A,-,11,21954,A,N,G,B,D,B,H,-,C,A,0,Y,,,,Y,Y,N,60,0,0,1,0,1,0,0,0,0,- ,- ,34.449869999999997,-119.24438000000001,VENTURA,OJAI,-119.24431995,34.449830079999998
8281857,2016,2017-03-01,5600,2016-12-24,1610,2833,9174,6,5,6,5607,0,0,0,,0,09D,RT 23,BAY DR,1.00,N,N,A,-,Y,VEN,7,23,-,R,2.400,I,5,N,N,4,0,1,2,A,-,09,21804,,N,G,B,E,A,H,-,A,D,0,Y,,,,Y,,A,07,0,0,1,0,1,0,0,0,0,- ,- ,,,VENTURA,THOUSAND OAKS,-118.83660165000001,34.149805780000001
8284558,2017,2017-01-24,5600,2017-01-11,1427,4901,6007,3,5,3,5602,0,0,0,,0,6A01,B ST,WILEMAN ST,18.00,S,N,B,-,N,,,,,,,,,,N,3,0,1,2,A,-,11,21954,A,N,G,B,D,A,H,-,A,D,0,Y,,,,Y,,N,60,0,1,0,0,1,0,0,0,0,- ,- ,,,VENTURA,FILLMORE,-118.92305052,34.398551240000003
8285020,2017,2017-01-30,5609,2017-01-10,1741,389,,2,5,6,5609,0,0,0,,0,005,ALAMO ST,TAPO CANYON RD,10.00,E,N,C,-,N,,,,,,,,,,N,4,0,1,2,A,-,10,21950,A,N,G,B,B,B,H,-,C,A,0,Y,,,,Y,,D,22,0,0,1,0,1,0,0,0,0,- ,- ,34.286430000000003,-118.71781,VENTURA,SIMI VALLEY,-118.71780695,34.286380000000001
8285798,2017,2018-02-07,5600,2017-01-12,0900,4972,9108,4,5,6,5607,0,0,0,,0,09C,OLD CONEJO RD,WENDY DR,5.00,W,N,C,-,Y,VEN,7,101,-,-,7.920,R,4,S,N,2,0,1,2,D,-,00,,,N,D,G,A,B,H,-,A,A,0,,Y,,,Y,,-,- ,1,0,0,0,0,0,1,0,0,- ,- ,,,VENTURA,THOUSAND OAKS,-118.93992892999999,34.189945520000002
82877993,2024,2024-07-30,5600,2024-07-23,1825,5368,,2,5,6,5607,0,0,0,,0,9C01,VENTU PARK RD,LYNN RD,10.00,N,N,A,-,N,,,,,,,,,,N,3,0,1,2,A,-,10,21950,A,F,G,B,B,A,H,-,A,A,0,Y,,,Y,Y,Y,F,26,0,1,0,0,1,0,0,0,0,- ,- ,34.176521301269531,-118.91118621826172,VENTURA,THOUSAND OAKS,-118.91117858886719,34.176486968994141
82877997,2024,2024-07-30,5600,2024-07-24,1348,4878,,3,5,4,5690,0,0,0,,0,2B01,PRINCETON AV,SPRING RD,17.00,E,N,A,-,N,,,,,,,,,,Y,3,0,1,2,A,-,09,21453,B,N,G,B,B,A,H,-,A,A,0,Y,,,,Y,,A,07,0,1,0,0,1,0,0,0,0,- ,- ,34.282329559326172,-118.87712860107422,VENTURA,MOORPARK,-118.87467193603516,34.285488128662109
8289821,2016,2017-01-30,5608,2016-12-04,1940,475,,7,5,6,5608,0,0,0,,0,004,PETIT AV,TELEPHONE RD,151.00,S,N,A,-,N,,,,,,,,,,N,3,0,1,2,A,-,11,21955,,N,G,B,D,A,H,-,C,A,0,Y,,,,Y,Y,N,60,0,1,0,0,1,0,0,0,0,- ,- ,,,VENTURA,VENTURA,-119.17022608000001,34.271939619999998
8297671,2017,2017-02-17,5600,2017-01-26,1443,4866,9084,4,5,6,5607,0,0,0,,0,09B,HODENCAMP RD,WILBUR RD,130.00,N,N,A,-,N,,,,,,,,,,N,3,0,1,2,A,-,08,22107,,N,H,G,A,A,H,-,A,D,0,,Y,,,Y,,D,22,0,1,0,0,0,0,1,0,0,- ,- ,,,VENTURA,THOUSAND OAKS,-118.86840457,34.18607669
8299882,2017,2017-02-27,5608,2017-02-04,1515,420,,6,5,6,5608,0,0,0,,0,001,DEANZA DR,VENTURA AV,10.00,E,N,A,-,N,,,,,,,,,,N,4,0,1,2,A,-,09,21802,A,N,D,G,A,A,H,-,A,A,0,,Y,,,Y,,-,,0,0,1,0,0,0,1,0,0,- ,- ,,,VENTURA,VENTURA,-119.29481788,34.301063470000003
8300311,2017,2017-02-06,5608,2017-01-19,1458,389,,4,5,6,5608,0,0,0,,0,002,MAIN ST,EVERGREEN DR,210.00,E,N,A,-,N,,,,,,,,,,N,3,0,1,2,A,-,17,22517,,N,E,G,A,A,-,-,A,D,0,,Y,,,Y,,A,01,0,1,0,0,0,0,1,0,0,- ,- ,,,VENTURA,VENTURA,-119.26286883,34.275376430000001
8302620,2017,2017-03-16,5600,2017-02-01,1400,4915,9174,3,5,6,5607,0,0,0,,0,09D,TRIUNFO CANYON RD,WESTLAKE BL,325.00,E,N,A,-,N,,,,,,,,,,N,3,0,1,2,A,-,07,21658,A,N,H,G,A,A,H,-,A,D,0,,Y,,,Y,,L,04,0,1,0,0,0,0,1,0,0,- ,- ,,,VENTURA,THOUSAND OAKS,-118.83840809,34.148743359999997
8312290,2017,2018-01-06,5600,2017-01-26,1630,4919,1000,4,5,2,5603,0,0,0,,0,1A01,SOUTH VENTUA ST,RT 150,4.00,S,N,A,-,Y,VEN,7,150,-,-,17.486,I,6,E,N,3,0,1,2,A,-,09,21801,A,N,D,G,A,A,H,-,A,D,0,,Y,,,Y,,A,01,0,1,0,0,0,0,1,0,0,- ,- ,,,VENTURA,OJAI,-119.24512383,34.447874030000001
8319337,2017,2017-03-03,5608,2017-02-06,0545,422,VENTU,1,5,6,5608,0,0,0,,0,003,JOHN F JOHNSON DR,THILLE ST,200.00,S,N,C,-,N,,,,,,,,,,N,3,0,1,2,A,-,03,22350,,F,B,B,B,B,H,-,C,D,0,Y,,,,Y,,-,,0,1,0,0,1,0,0,0,0,- ,- ,,,VENTURA,VENTURA,-119.20171916,34.271509780000002
8319857,2017,2017-03-13,5608,2017-02-21,1912,446,,2,5,6,5608,0,0,0,,0,001,THOMPSON BL,FIGUEROA ST,0.00,,Y,E,-,N,,,,,,,,,,Y,2,0,1,2,A,-,12,21453,A,N,D,G,A,B,H,-,C,A,0,,Y,,,Y,,L,04,1,0,0,0,0,0,1,0,0,- ,- ,,,VENTURA,VENTURA,-119.29772987,34.278260080000003
8320450,2017,2017-08-04,5608,2017-02-24,2303,386,,5,5,6,5608,0,0,0,,0,002,HARBOR BL,SCHOONER ST,0.00,,N,A,-,N,,,,,,,,,,N,3,0,1,2,A,-,09,21804,A,N,D,G,A,A,H,-,C,A,0,,Y,,,Y,,L,04,0,1,0,0,0,0,1,0,0,- ,- ,34.247500000000002,-119.25749999999999,VENTURA,VENTURA,-119.25799988999999,34.24909006
8327932,2017,2017-03-24,5608,2017-03-13,2311,446,,1,5,6,5608,0,0,0,,0,001,THOMPSON BL,CALIFORNIA ST,0.00,,Y,B,E,N,,,,,,,,,,N,4,0,1,2,A,-,17,21200,,F,D,G,A,A,H,-,C,A,0,,Y,,,Y,Y,L,04,0,0,1,0,0,0,1,0,0,- ,- ,,,VENTURA,VENTURA,-119.29305992,34.278250079999999
8327944,2017,2017-03-24,5608,2017-03-12,1506,482,,7,5,6,5608,0,0,0,,0,004,TELEGRAPH RD,MILLS,331.00,W,N,A,-,N,,,,,,,,,,Y,4,0,1,2,A,-,11,21954,A,N,G,B,D,A,H,-,A,D,0,Y,,,,Y,Y,N,60,0,0,1,0,1,0,0,0,0,- ,- ,,,VENTURA,VENTURA,-119.24889696,34.272918599999997
8327971,2017,2017-03-24,5608,2017-03-10,1914,401,,5,5,6,5608,0,0,0,,0,002,EAST MAIN ST,N KATHERINE DR,0.00,,Y,A,-,N,,,,,,,,,,Y,3,0,2,3,A,-,01,23153,,F,G,B,B,A,H,-,C,A,0,Y,,,,Y,Y,-,,0,2,0,0,2,0,0,0,0,- ,- ,,,VENTURA,VENTURA,-119.26152998000001,34.274780110000002
8328973,2017,2017-03-27,5608,2017-03-12,1654,476,,7,5,6,5608,0,0,0,,0,001,PALM AV,POLI ST,75.00,S,N,A,-,N,,,,,,,,,,Y,2,0,2,2,A,-,01,23153,,N,E,B,-,A,H,-,A,A,0,Y,,,,Y,Y,-,,1,1,0,0,1,0,0,0,0,- ,- ,,,VENTURA,VENTURA,-119.29619,34.28192413
8329720,2017,2017-03-29,5600,2017-03-06,1758,4575,8261,1,5,5,5601,0,0,0,,0,08D,CALLE ALTO,CALLE PLANO,303.00,E,N,A,-,N,,,,,,,,,,N,4,0,1,2,A,-,11,21954,A,N,G,B,E,A,H,-,A,D,0,Y,,,,Y,,N,60,0,0,1,0,1,0,0,0,0,- ,- ,34.203440000000001,-119.0069,VENTURA,CAMARILLO,-119.00729921999999,34.203425240000001
8334710,2017,2017-04-04,5600,2017-03-01,0908,5234,9006,3,5,6,5607,0,0,0,,0,09A,OLSEN RD,RT 23,75.00,E,N,A,-,Y,,,,,,,,,,N,3,0,1,2,A,-,08,22107,,N,H,G,A,A,H,-,A,D,0,,Y,,,Y,,D,22,0,1,0,0,0,0,1,0,0,- ,SO,,,VENTURA,THOUSAND OAKS,-118.84000054000001,34.241542119999998
8346740,2017,2017-04-14,5609,2017-03-10,0534,374,,5,5,6,5609,0,0,0,,0,,LOS ANGELES AV,ERRINGER RD,0.00,,Y,A,-,N,,,,,,,,,,Y,2,0,1,2,A,-,04,21703,,N,C,G,A,A,H,-,C,A,0,,Y,,,Y,,A,01,1,0,0,0,0,0,1,0,0,- ,- ,34.271729999999998,-118.76130000000001,VENTURA,SIMI VALLEY,-118.76140008,34.271750060000002
8346916,2017,2017-04-25,5608,2017-04-05,2115,480,VENTU,3,5,6,5608,0,0,0,,0,003,RALSTON ST,VICTORIA AV,0.00,,Y,A,-,N,,,,,,,,,,N,4,0,1,2,A,-,00,21450,A,F,G,B,B,A,H,-,C,A,0,Y,,,,Y,Y,-,,0,0,1,0,1,0,0,0,0,- ,- ,,,VENTURA,VENTURA,-119.21164992,34.261060069999999
8350383,2017,2017-04-25,5609,2017-04-04,0738,312,,2,5,6,5609,0,0,0,,0,,KATHERINE RD,JOSHUA TREE CT,154.00,E,N,A,-,N,,,,,,,,,,N,4,0,1,2,A,-,10,21950,A,N,G,B,C,A,H,-,A,D,0,Y,,,,Y,,D,22,0,0,1,0,1,0,0,0,0,- ,- ,34.265210000000003,-118.6673,VENTURA,SIMI VALLEY,-118.66672142,34.265284530000002
8352947,2017,2017-04-25,5600,2017-03-17,1959,4663,9134,5,5,6,5607,0,0,0,,0,09C,NEWBURY RD,NEWBURY PARK,7.00,E,N,A,-,N,,,,,,,,,,N,4,0,2,3,A,-,10,21950,A,N,G,B,B,A,H,-,C,A,0,Y,,,,Y,,A,01,0,0,2,0,2,0,0,0,0,- ,- ,,,VENTURA,THOUSAND OAKS,-118.92539662,34.181539000000001
8355672,2017,2017-05-03,5600,2017-04-21,0811,4615,8217,5,5,5,5601,0,0,0,,0,08D,MISSION OAKS BL,WOODCREEK RD,0.00,S,N,A,-,N,,,,,,,,,,N,3,0,1,2,A,-,05,21650,1,N,D,G,A,A,H,-,A,D,0,,Y,,,Y,,L,04,0,1,0,0,0,0,1,0,0,- ,- ,34.228290000000001,-118.99854000000001,VENTURA,CAMARILLO,-118.99718005,34.228770089999998
8355806,2017,2017-05-08,5600,2017-02-12,1703,4959,,7,5,4,5690,0,0,0,,0,2A01,SPRING RD,LOS ANGELES AV,340.00,S,N,A,-,N,,,,,,,,,,N,3,0,1,2,D,-,00,,,N,A,G,A,A,H,-,A,D,0,,Y,,,Y,,-,- ,0,1,0,0,0,0,1,0,0,- ,- ,,,VENTURA,MOORPARK,-118.87472034,34.277995060000002
8356375,2017,2017-05-18,5600,2017-05-04,0913,4498,9134,4,5,6,5607,0,0,0,,0,09C,GREENMEADOW AV,LYNN RD,11.00,N,N,A,-,N,,,,,,,,,,N,3,0,1,2,A,-,10,21950,A,N,G,B,B,A,H,-,A,A,0,Y,,,,Y,,A,07,0,1,0,0,1,0,0,0,0,- ,- ,,,VENTURA,THOUSAND OAKS,-118.89442276,34.17830352
8358629,2017,2017-05-05,5608,2017-04-19,0755,313,,3,5,6,5608,0,0,0,,0,003,MILLS RD,DEAN DR,222.00,S,N,A,-,N,,,,,,,,,,N,3,0,1,2,A,-,08,22107,,N,G,G,A,A,G,H,A,A,0,,Y,,,Y,,L,04,0,1,0,0,0,0,1,0,0,- ,- ,,,VENTURA,VENTURA,-119.24645928,34.266711960000002
8358655,2017,2017-05-15,5600,2017-04-21,1406,4529,9050,5,5,6,5607,0,0,0,,0,09B,MOORPARK RD,COLUMBIA RD,16.00,S,N,A,-,N,,,,,,,,,,N,4,0,1,2,A,-,10,21950,A,N,G,B,B,A,H,-,A,A,0,Y,,,,Y,,D,22,0,0,1,0,1,0,0,0,0,- ,- ,,,VENTURA,THOUSAND OAKS,-118.86836,34.202176100000003
8359877,2017,2018-04-25,5600,2017-04-06,1833,4703,8250,4,5,5,5601,0,0,0,,0,8C01,VENTURA BL,LEWIS RD,34.00,W,N,A,-,Y,VEN,7,34,-,R,13.541,I,6,W,Y,3,0,1,2,A,-,01,23152,A,N,E,G,A,A,H,-,B,A,0,,,,,Y,Y,A,01,0,1,0,0,0,0,0,0,0,- ,- ,34.216180000000001,-119.08419000000001,VENTURA,CAMARILLO,-119.03470710000001,34.21609591
8362635,2017,2017-06-22,5600,2017-04-30,1955,2740,9154,7,5,6,5607,0,0,0,,0,09G,THOUSAND OAKS BL,OAKVIEW DR,8.00,E,N,A,-,N,,,,,,,,,,N,3,0,1,2,A,-,10,21950,A,N,G,B,B,A,H,-,B,A,0,Y,,,,Y,,A,01,0,1,0,0,1,0,0,0,0,- ,- ,,,VENTURA,THOUSAND OAKS,-118.84170983999999,34.173465819999997
8373852,2017,2017-05-25,5606,2017-02-15,2057,1105,5056,3,5,4,5606,0,0,0,,0,001,HARVARD BL,STECKEL DR,424.00,E,N,B,C,N,,,,,,,,,,N,3,0,1,2,A,-,11,21954,A,N,G,B,D,B,H,-,C,D,0,Y,,,,Y,,N,60,0,1,0,0,1,0,0,0,0,- ,- ,,,VENTURA,SANTA PAULA,-119.0767099,34.344856139999997