CASE_ID,ACCIDENT_YEAR,PROC_DATE,JURIS,COLLISION_DATE,COLLISION_TIME,OFFICER_ID,REPORTING_DISTRICT,DAY_OF_WEEK,CHP_SHIFT,POPULATION,CNTY_CITY_LOC,SPECIAL_COND,BEAT_TYPE,CHP_BEAT_TYPE,CITY_DIVISION_LAPD,CHP_BEAT_CLASS,BEAT_NUMBER,PRIMARY_RD,SECONDARY_RD,DISTANCE,DIRECTION,INTERSECTION,WEATHER_1,WEATHER_2,STATE_HWY_IND,CALTRANS_COUNTY,CALTRANS_DISTRICT,STATE_ROUTE,ROUTE_SUFFIX,POSTMILE_PREFIX,POSTMILE,LOCATION_TYPE,RAMP_INTERSECTION,SIDE_OF_HWY,TOW_AWAY,COLLISION_SEVERITY,NUMBER_KILLED,NUMBER_INJURED,PARTY_COUNT,PRIMARY_COLL_FACTOR,PCF_CODE_OF_VIOL,PCF_VIOL_CATEGORY,PCF_VIOLATION,PCF_VIOL_SUBSECTION,HIT_AND_RUN,TYPE_OF_COLLISION,MVIW,PED_ACTION,ROAD_SURFACE,ROAD_COND_1,ROAD_COND_2,LIGHTING,CONTROL_DEVICE,CHP_ROAD_TYPE,PEDESTRIAN_ACCIDENT,BICYCLE_ACCIDENT,MOTORCYCLE_ACCIDENT,TRUCK_ACCIDENT,NOT_PRIVATE_PROPERTY,ALCOHOL_INVOLVED,STWD_VEHTYPE_AT_FAULT,CHP_VEHTYPE_AT_FAULT,COUNT_SEVERE_INJ,COUNT_VISIBLE_INJ,COUNT_COMPLAINT_PAIN,COUNT_PED_KILLED,COUNT_PED_INJURED,COUNT_BICYCLIST_KILLED,COUNT_BICYCLIST_INJURED,COUNT_MC_KILLED,COUNT_MC_INJURED,PRIMARY_RAMP,SECONDARY_RAMP,LATITUDE,LONGITUDE,COUNTY,CITY,POINT_X,POINT_Y
8375300,2017,2017-06-07,5600,2017-05-23,1720,2833,9142,2,5,6,5607,0,0,0,,0,09D,WESTLAKE BL,BRUNSTON CT,0.00,,Y,A,-,N,,,,,,,,,,N,3,0,1,2,A,-,09,21801,A,N,H,G,A,A,H,-,A,D,0,,Y,,,Y,,A,01,0,1,0,0,0,0,1,0,0,- ,- ,,,VENTURA,THOUSAND OAKS,-118.82436004,34.199240039999999
8376919,2017,2017-06-01,5605,2017-04-24,0537,165,PATRO,1,5,3,5605,0,0,0,,0,GRID12,SURFSIDE DR,PORT HUENEME RD,85.00,S,N,A,-,N,,,,,,,,,,N,4,0,1,2,A,-,11,21954,A,F,G,B,E,A,H,-,B,A,0,Y,,,,Y,,N,60,0,0,1,0,1,0,0,0,0,- ,- ,,,VENTURA,PORT HUENEME,,
8378679,2017,2018-07-20,5608,2017-05-14,2004,454,VENTU,7,5,6,5608,0,0,0,,0,004,MARKET ST,LA PALMA,200.00,W,N,A,-,N,,,,,,,,,,N,3,0,1,2,B,-,22,,,N,C,G,A,A,H,-,A,D,0,,Y,,,Y,,L,04,0,1,0,0,0,0,1,0,0,- ,- ,,,VENTURA,VENTURA,-119.22820045,34.257414990000001
8383585,2017,2017-06-08,5608,2017-05-25,0801,441,,4,5,6,5608,0,0,0,,0,001,MAIN ST,MILLS RD,176.00,E,N,B,-,N,,,,,,,,,,N,3,0,1,2,A,-,05,21650,1,N,A,G,A,A,H,-,A,D,0,,Y,,,Y,,L,04,0,1,0,0,0,0,1,0,0,- ,- ,,,VENTURA,VENTURA,-119.24549820999999,34.264906719999999
8384311,2017,2017-07-06,5609,2017-06-11,1815,389,,7,5,6,5609,0,0,0,,0,004,TAPO CANYON RD,LOS ANGELES AV,9.00,S,N,A,-,N,,,,,,,,,,N,3,0,1,2,A,-,05,21650,1,N,H,G,A,A,H,-,A,A,0,,Y,,,Y,Y,L,04,0,1,0,0,0,0,1,0,0,- ,- ,34.271610000000003,-118.71733999999999,VENTURA,SIMI VALLEY,-118.71732425,34.271645769999999
8384761,2017,2017-06-28,5600,2017-06-02,1555,2941,6007,5,5,3,5602,0,0,0,,0,6A01,B ST,SANTA CLARA ST,1.00,W,N,A,-,N,,,,,,,,,,N,4,0,1,2,A,-,05,21650,1,N,D,G,A,A,H,-,A,A,0,,Y,,,Y,,L,04,0,0,1,0,0,0,1,0,0,- ,- ,,,VENTURA,FILLMORE,-118.92270053999999,34.396782709999997
8387006,2017,2018-06-11,5608,2017-07-05,1232,377,,3,5,6,5608,0,0,0,,0,003,VICTORIA AV,RT 126,0.00,,Y,A,-,Y,VEN,7,126,-,-,1.691,R,1,W,N,3,0,1,2,B,-,22,,,F,G,B,B,A,H,-,A,D,0,Y,,,,Y,,-,,0,1,0,0,1,0,0,0,0,- ,WF,,,VENTURA,VENTURA,-119.20945988,34.271993330000001
8389531,2017,2017-06-16,5608,2017-06-05,1203,423,,1,5,6,5608,0,0,0,,0,003,MILLS RD,N MAIN ST,494.00,N,N,A,-,N,,,,,,,,,,N,2,0,1,2,A,-,10,21952,,N,G,B,B,A,H,-,A,D,0,Y,,,,Y,,-,,1,0,0,0,1,0,0,0,0,- ,- ,,,VENTURA,VENTURA,-119.24626445,34.26639308
8393765,2017,2017-06-21,5600,2017-06-01,1142,4703,8210,4,5,5,5601,0,0,0,,0,08D,SANTA ROSA RD,RANA PL,0.00,,Y,A,-,N,,,,,,,,,,N,3,0,1,2,A,-,05,21650,1,N,A,G,A,A,H,-,A,A,0,,Y,,,Y,,L,04,0,1,0,0,0,0,1,0,0,- ,- ,34.2196,-119.00369000000001,VENTURA,CAMARILLO,-119.00356003,34.219590109999999
83983047,2024,2024-08-09,5609,2024-08-07,1900,443,,3,5,6,5609,0,0,0,,0,001,LOS ANGELES AVE,GALT ST,0.00,,Y,A,-,N,,,,,,,,,,N,3,0,1,2,A,-,12,21453,A,N,D,G,A,A,H,-,A,A,0,,Y,,,Y,,A,07,0,1,0,0,0,0,1,0,0,- ,- ,34.271430969238281,-118.76573181152344,VENTURA,SIMI VALLEY,-118.76589202880859,34.27166748046875
8398586,2017,2017-06-27,5600,2017-05-25,0935,4529,9090,4,5,6,5607,0,0,0,,0,09G,HILLCREST DR,MOORPARK RD,5.00,E,N,A,-,N,,,,,,,,,,N,4,0,1,2,A,-,10,21950,A,F,G,B,B,A,H,-,A,A,0,Y,,,,Y,,A,01,0,0,1,0,1,0,0,0,0,- ,- ,,,VENTURA,THOUSAND OAKS,,
8399758,2017,2017-07-06,5608,2017-06-15,2016,456,,4,5,6,5608,0,0,0,,0,002,N CATALINA,TERRACE DR,0.00,,Y,A,-,N,,,,,,,,,,N,3,0,1,2,A,-,08,22107,,N,G,B,D,A,H,-,B,D,0,Y,,,,Y,Y,A,01,0,1,0,0,1,0,0,0,0,- ,- ,,,VENTURA,VENTURA,-119.26820995999999,34.28297002
8400114,2016,2018-05-03,5604,2016-01-16,2130,5434,,6,5,6,5604,0,0,0,,0,011,OXNARD BL,GONZALES RD,500.00,S,N,A,-,N,,,1,,,,,,,N,4,0,1,2,B,-,22,,,N,D,B,A,A,H,-,C,D,0,,Y,,,Y,,L,04,0,0,1,0,0,0,1,0,0,- ,- ,34.217750000000002,-119.17764,VENTURA,OXNARD,-119.17725277,34.217750000000002
8401122,2016,2018-05-03,5604,2016-11-01,0534,4674,,2,5,6,5604,0,0,0,,0,032,ROSE AV,5TH ST,250.00,S,N,A,-,N,,,,,,,,,,N,4,0,1,2,A,-,09,21801,A,N,G,G,A,A,H,-,B,A,0,,Y,,,Y,,I,11,0,0,1,0,0,0,1,0,0,- ,- ,34.196530000000003,-119.16028,VENTURA,OXNARD,-119.15980159999999,34.197685040000003
8401142,2016,2018-05-03,5604,2016-11-21,1605,4691,,1,5,6,5604,0,0,0,,0,042,C ST,VAN NESS AV,0.00,,Y,A,-,N,,,,,,,,,,N,3,0,1,2,A,-,10,21950,A,N,G,B,B,A,H,-,A,D,0,Y,,,,Y,,D,22,0,1,0,0,1,0,0,0,0,- ,- ,34.15692,-119.18098999999999,VENTURA,OXNARD,-119.18058008,34.157150020000003
8401259,2016,2018-05-02,5604,2016-08-29,1405,5215,,1,5,6,5604,0,0,0,,0,024,CHANNEL ISLANDS BL,VENTURA RD,20.00,E,N,A,-,N,,,,,,,,,,N,4,0,1,2,B,-,22,,,F,B,B,F,A,H,-,A,A,0,Y,,,,Y,,D,22,0,0,1,0,1,0,0,0,0,- ,- ,34.176130000000001,-119.19441,VENTURA,OXNARD,-119.19484404000001,34.175697249999999
8401305,2016,2018-06-13,5604,2016-09-13,0940,4942,,2,5,6,5604,0,0,0,,0,022,C ST,9TH ST,0.00,,Y,A,-,N,,,,,,,,,,N,3,0,1,2,A,-,10,21950,A,N,G,B,B,A,H,-,A,D,0,Y,,,,Y,,A,01,0,1,0,0,1,0,0,0,0,- ,- ,,,VENTURA,OXNARD,-119.18117004,34.192460079999996
8401329,2016,2018-05-02,5604,2016-09-30,1358,REBOLLAR,,5,5,6,5604,0,0,0,,0,032,SAVIERS RD,LAUREL ST,0.00,,Y,A,-,N,,,,,,,,,,N,3,0,2,3,A,-,10,21950,A,N,G,B,B,A,H,-,A,A,0,Y,,,,Y,,D,22,0,1,1,0,2,0,0,0,0,- ,- ,,,VENTURA,OXNARD,-119.1776,34.17735004
8401339,2016,2018-05-03,5604,2016-09-24,1341,5428,,6,5,6,5604,0,0,0,,0,023,A ST,3RD ST,0.00,,Y,A,-,N,,,,,,,,,,N,3,0,1,2,A,-,09,21801,A,F,G,G,A,A,H,-,A,A,0,,Y,,,Y,,D,22,0,1,0,0,0,0,1,0,0,- ,- ,34.200319999999998,-119.17855,VENTURA,OXNARD,-119.17856014,34.200350100000001
8401348,2016,2018-05-02,5604,2016-03-16,1100,5172,,3,5,6,5604,0,0,0,,0,024,MAYWOOD WY,CHANNEL ISLANDS BL,5.00,N,N,A,-,N,,,,,,,,,,N,3,0,1,2,A,-,05,21650,1,N,D,G,A,A,H,-,A,D,0,,Y,,,Y,,L,04,0,1,0,0,0,0,1,0,0,- ,- ,34.175069999999998,-119.18375,VENTURA,OXNARD,-119.18377022999999,34.175101060000003
8408281,2017,2017-07-25,5609,2017-06-19,1102,312,,1,5,6,5609,0,0,0,,0,,LOS ANGELES AV,AVENIDA VISTA DEL MONTE,115.00,W,N,A,-,N,,,,,,,,,,N,4,0,1,2,A,-,11,21956,,N,G,B,E,A,H,-,A,D,0,Y,,,,Y,,N,60,0,0,1,0,1,0,0,0,0,- ,- ,34.271729999999998,-118.67498999999999,VENTURA,SIMI VALLEY,-118.67537000999999,34.271742189999998
8408336,2017,2017-07-24,5609,2017-06-13,2042,389,,2,5,6,5609,0,0,0,,0,003,LOS ANGELES AV,CHURCH ST,0.00,,Y,A,-,N,,,,,,,,,,N,4,0,1,2,A,-,05,21650,1,N,-,G,A,A,H,-,C,A,0,,Y,,,Y,,L,04,0,0,1,0,0,0,1,0,0,- ,- ,34.271729999999998,-118.73656,VENTURA,SIMI VALLEY,-118.73652001000001,34.271690120000002
8408718,2017,2017-08-03,5608,2017-07-02,1643,342,,7,5,6,5608,0,0,0,,0,003,VICTORIA AV,RT 126,0.00,,Y,A,-,N,,,,,,,,,,N,3,0,1,2,A,-,09,21804,A,F,D,G,A,A,H,-,A,D,0,,Y,,,Y,Y,-,,0,1,0,0,0,0,1,0,0,- ,WF,,,VENTURA,VENTURA,-119.21373987,34.271510020000001
8409053,2017,2017-07-26,5600,2017-05-23,0644,2203,9116,2,5,6,5607,0,0,0,,0,9C01,POTRERO RD,WENDY DR,2920.00,E,N,A,-,N,,,,,,,,,,N,2,0,1,2,A,-,06,21750,A,F,B,G,A,A,H,-,A,D,0,,Y,,,Y,,L,04,1,0,0,0,0,0,1,0,0,- ,- ,,,VENTURA,THOUSAND OAKS,-118.94090944,34.155533519999999
8410370,2017,2017-07-26,5600,2017-07-08,1013,5007,9072,6,5,6,5607,0,0,0,,0,09G,THE LAKES DR,THOUSAND OAKS BL,6.00,S,N,A,-,N,,,,,,,,,,N,4,0,1,2,A,-,05,21650,1,N,H,G,A,A,H,-,A,D,0,,Y,,,Y,,L,04,0,0,1,0,0,0,1,0,0,- ,- ,,,VENTURA,THOUSAND OAKS,-118.84692192,34.17518681
8415810,2016,2018-04-25,5604,2016-05-01,1849,5396,,7,5,6,5604,0,0,0,,0,024,SAVIERS RD,LAUREL ST,50.00,S,N,A,-,N,,,,,,,,,,N,4,0,1,2,B,-,22,,,M,G,B,E,A,H,-,A,D,0,Y,,,,Y,,-,99,0,0,1,0,1,0,0,0,0,- ,- ,34.176769999999998,-119.17932,VENTURA,OXNARD,-119.17760174,34.177212769999997
8415815,2016,2018-04-26,5604,2016-06-12,1034,5411,,7,5,6,5604,0,0,0,,0,022,OXNARD BL,2ND ST,0.00,,Y,A,-,N,,,1,,,,,,,N,3,0,1,2,A,-,05,21650,1,N,D,G,A,A,H,-,A,A,0,,Y,,,Y,,A,07,0,1,0,0,0,0,1,0,0,- ,- ,34.201630000000002,-119.17731999999999,VENTURA,OXNARD,-119.17729575,34.201629740000001
8415824,2016,2018-04-26,5604,2016-06-15,1458,4531,,3,5,6,5604,0,0,0,,0,024,C ST,COACH C LN,0.00,,Y,A,-,N,,,,,,,,,,N,3,0,1,2,A,-,05,21650,1,N,D,G,A,A,H,-,A,A,0,,Y,,,Y,,L,04,0,1,0,0,0,0,1,0,0,- ,- ,34.177390000000003,-119.18132,VENTURA,OXNARD,,
8420902,2017,2018-04-24,5600,2017-04-24,1220,4844,5146,1,5,4,5690,0,0,0,,0,02A,RT 118,PARK LN,5.00,E,N,A,-,Y,VEN,7,118,-,-,17.331,I,5,W,N,3,0,1,2,A,-,11,21456,B,N,G,B,B,A,H,-,A,A,0,Y,,Y,,Y,,N,60,0,1,0,0,1,0,0,0,0,- ,- ,,,VENTURA,MOORPARK,-118.88543931,34.279006840000001
8421267,2017,2017-08-04,5608,2017-07-20,1846,308,,4,5,6,5608,0,0,0,,0,003,THILLE ST,VICTORIA AV,0.00,,Y,A,-,N,,,,,,,,,,N,3,0,1,2,A,-,10,21950,A,N,D,G,A,A,H,-,A,A,0,,Y,,,Y,,A,,0,1,0,0,0,0,1,0,0,- ,- ,,,VENTURA,VENTURA,-119.21303994,34.268100029999999
8421317,2017,2017-08-07,5600,2017-07-21,1204,5360,9154,5,5,6,5607,0,0,0,,0,09G,THOUSAND OAKS BL,LIVE OAK AV,98.00,E,N,A,-,N,,,,,,,,,,N,4,0,1,2,A,-,10,21952,,N,G,B,F,A,H,-,A,D,0,Y,,,,Y,,A,07,0,0,1,0,1,0,0,0,0,- ,- ,,,VENTURA,THOUSAND OAKS,-118.84024051,34.17234921
8421864,2017,2017-08-09,5608,2017-08-01,1905,466,,2,5,6,5608,0,0,0,,0,001,PARK RD,MAIN ST,1000.00,S,N,A,-,N,,,,,,,,,,N,3,0,1,2,A,-,08,22107,,N,D,G,A,A,H,-,A,D,0,,Y,,,Y,,L,04,0,1,0,0,0,0,1,0,0,- ,- ,34.280769999999997,-119.30861,VENTURA,VENTURA,,
8422154,2017,2017-08-03,5600,2017-07-03,1955,2740,9127,1,5,6,5607,0,0,0,,0,09H,AVENIDA DE LA PLATA,CALLE ZAFIRO,211.00,N,N,A,-,N,,,,,,,,,,N,3,0,1,2,A,-,09,21804,A,N,H,G,A,A,H,-,A,D,0,,Y,,,Y,,L,04,0,1,0,0,0,0,1,0,0,- ,- ,,,VENTURA,THOUSAND OAKS,-118.91644429,34.185549880000003
8422336,2017,2017-08-07,5600,2017-07-14,1750,2833,9032,5,5,6,5607,0,0,0,,0,09A,AVENIDA DE LOS ARBOLES,CALLE CASTANO,0.00,,Y,A,-,N,,,,,,,,,,Y,3,0,1,2,D,-,00,,,N,H,G,A,A,H,-,A,D,0,,Y,,,Y,,-,- ,0,1,0,0,0,0,1,0,0,- ,- ,,,VENTURA,THOUSAND OAKS,-118.86404011,34.216750050000002
8422645,2017,2017-08-17,5600,2017-06-05,1825,4721,5100,1,5,4,5690,0,0,0,,0,02B,BARD ST,2ND ST,0.00,,Y,B,-,N,,,,,,,,,,N,3,0,1,2,A,-,11,21950,B,N,G,B,B,A,H,-,A,A,0,Y,,,,Y,,-,- ,0,1,0,0,1,0,0,0,0,- ,- ,,,VENTURA,MOORPARK,-118.87931003,34.28293
8422723,2017,2017-08-09,5600,2017-06-22,1000,2913,9128,4,5,6,5607,0,0,0,,0,09H,HILLCREST DR,VENTU PARK RD,210.00,W,N,A,-,N,,,,,,,,,,N,3,0,1,2,A,-,11,21954,A,N,G,B,D,A,H,-,A,D,0,Y,,,,Y,,N,60,0,1,0,0,1,0,0,0,0,- ,- ,,,VENTURA,THOUSAND OAKS,-118.91207425,34.188390140000003
8426754,2017,2017-08-10,5606,2017-04-15,1042,1115,5606,6,5,4,5606,0,0,0,,0,001,STECKEL DR,HARVARD BL,142.00,S,N,A,-,N,,,,,,,,,,N,4,0,1,2,A,-,11,21950,B,N,G,B,D,A,H,-,A,D,0,Y,,,,Y,,N,60,0,0,1,0,1,0,0,0,0,- ,- ,,,VENTURA,SANTA PAULA,-119.07775329,34.344119169999999
8432914,2017,2017-09-08,5605,2017-07-18,0608,100,,2,5,3,5605,0,0,0,,0,,PLEASANT VALLEY RD,VENTURA RD,0.00,,Y,A,-,N,,,,,,,,,,N,3,0,1,2,A,-,10,21950,A,N,G,B,B,A,H,-,A,A,0,Y,,,,Y,,A,01,0,1,0,0,1,0,0,0,0,- ,- ,,,VENTURA,PORT HUENEME,-119.19533011999999,34.154820039999997
8435394,2017,2017-08-25,5608,2017-08-15,2144,466,,2,5,6,5608,0,0,0,,0,004,VICTORIA AV,THILLE ST,15.00,N,N,A,-,N,,,,,,,,,,N,4,0,1,2,A,-,12,21453,A,N,D,G,A,A,H,-,B,A,0,,Y,,,Y,,L,04,0,0,1,0,0,0,1,0,0,- ,- ,,,VENTURA,VENTURA,-119.21304859,34.268140549999998
84361083,2024,2024-08-20,5600,2024-07-25,1714,4787,,4,5,4,5690,0,0,0,,0,2A01,LOS ANGELES AV,EDENBRIDGE RD,0.00,,Y,A,-,Y,VEN,,118, ,R,17.795,H,,L,N,2,0,1,2,A,-,05,21650,1,N,D,G,A,A,H,-,A,D,0,,Y,,,Y,,L,04,1,0,0,0,0,0,1,0,0,- ,- ,34.278938293457031,-118.87722015380859,VENTURA,MOORPARK,-118.87722015380859,34.27899169921875
8437328,2017,2018-06-14,5600,2017-07-21,2326,3927,8218,5,5,5,5601,0,0,0,,0,08D,RT 34,UPLAND RD,0.00,,Y,A,-,Y,VEN,7,34,-,-,15.871,I,5,E,N,3,0,1,2,A,-,12,21453,A,F,D,G,A,A,H,-,C,A,0,,Y,,Y,Y,Y,F,27,0,1,0,0,0,0,1,0,0,- ,- ,34.24277,-119.01002,VENTURA,CAMARILLO,-119.01017448,34.242645150000001
84376248,2024,2024-08-30,5600,2024-08-24,1901,5269,,6,5,5,5601,0,0,0,,0,8A01,PONDEROSA DR,CAMINO TIERRA SANTA,0.00,,Y,A,-,N,,,,,,,,,,Y,4,0,1,2,A,-,09,21801,A,N,H,B,A,A,H,-,B,A,0,,,,,Y,,A,07,0,0,1,0,0,0,0,0,0,- ,- ,34.2235107421875,-119.08152770996094,VENTURA,CAMARILLO,-119.08145904541016,34.223491668701172
84380468,2024,2024-09-04,5600,2024-08-26,1717,5627,,1,5,6,5607,0,0,0,,0,9H01,VENTU PARK RD,HILLCREST DR,18.00,S,N,A,-,N,,,,,,,,,,N,4,0,1,2,A,-,10,21950,A,N,G,B,B,A,H,-,A,A,0,Y,,,,Y,,A,07,0,0,1,0,1,0,0,0,0,- ,- ,34.188240051269531,-118.91121673583984,VENTURA,THOUSAND OAKS,-118.911376953125,34.188251495361328
84385103,2024,2024-09-09,5609,2024-09-04,2057,484,,3,5,6,5609,0,0,0,,0,004,RAVENNA ST,WALDO AVE,282.00,N,N,A,-,N,,,,,,,,,,N,3,0,2,2,A,-,05,21650,,N,G,B,E,A,H,-,C,D,0,Y,Y,,,Y,Y,M,91,0,2,0,0,1,0,1,0,0,- ,- ,34.274639129638672,-118.73956298828125,VENTURA,SIMI VALLEY,-118.74018096923828,34.275131225585938
84387594,2024,2024-09-10,5600,2024-08-07,2149,5502,,3,5,6,5607,0,0,0,,0,9G01,THOUSAND OAKS BL,RANCHO RD,450.00,E,N,A,-,N,,,,,,,,,,N,4,0,1,2,A,-,05,21650,1,N,D,G,A,A,H,-,C,D,0,,Y,,,Y,,L,04,0,0,1,0,0,0,1,0,0,- ,- ,34.179798126220703,-118.84690093994141,VENTURA,THOUSAND OAKS,-118.85643768310547,34.178241729736328
84398313,2024,2024-09-18,5600,2024-09-10,703 ,5011,,2,5,6,5607,0,0,0,,0,9C01,OLD CONEJO RD,JENNY DR,70.00,W,N,A,-,N,,,,,,,,,,N,2,0,1,2,A,-,08,22107,,N,B,G,A,A,H,-,A,A,0,,Y,,,Y,,D,22,1,0,0,0,0,0,1,0,0,- ,- ,34.191638946533203,-118.95002746582031,VENTURA,THOUSAND OAKS,-118.95028686523438,34.191658020019531
84398322,2024,2024-09-18,5600,2024-09-13,1155,5196,,5,5,6,5607,0,0,0,,0,9G01,THOUSAND OAKS BL,LOMBARD ST,100.00,W,N,A,-,N,,,,,,,,,,N,3,0,1,2,A,-,08,22107,,N,D,G,A,A,H,-,A,D,0,,Y,,,Y,,L,04,0,1,0,0,0,0,1,0,0,- ,- ,34.180061340332031,-118.85846710205078,VENTURA,THOUSAND OAKS,-118.8697509765625,34.178752899169922
8440231,2017,2017-10-02,5608,2017-07-26,1558,275,,3,5,6,5608,0,0,0,,0,001,VENTURA AV,KELLOG AV,0.00,,Y,A,-,N,,,,,,,,,,N,4,0,1,2,A,-,10,21950,A,N,G,B,B,A,H,-,A,-,0,Y,,,,Y,,-,,0,0,1,0,1,0,0,0,0,- ,- ,,,VENTURA,VENTURA,-119.29799995,34.290660090000003
8441013,2017,2017-09-25,5608,2017-08-30,0722,403,,3,5,6,5608,0,0,0,,0,003,LOMA VISTA RD,VICTORIA AV,0.00,,Y,A,-,N,,,,,,,,,,N,3,0,1,2,A,-,05,21650,1,N,D,G,A,A,H,-,A,A,0,,Y,,,Y,,L,04,0,1,0,0,0,0,1,0,0,- ,- ,,,VENTURA,VENTURA,-119.21554992,34.281960050000002
84415712,2024,2024-10-02,5600,2024-09-17,738 ,5011,,2,5,6,5607,0,0,0,,0,9G01,THOUSAND OAKS BL,OFFRAMP SB 23 THOUSAND OAKS,5.00,W,N,A,-,N,,,,,,,,,,N,3,0,1,2,A,-,10,21950,A,N,G,B,B,A,H,-,A,A,0,Y,,,,Y,,-,- ,0,1,0,0,1,0,0,0,0,- ,- ,34.180778503417969,-118.85048675537109,VENTURA,THOUSAND OAKS,,
84422299,2024,2024-10-08,5600,2024-09-24,914 ,5150,,2,5,6,5607,0,0,0,,0,9B01,OFFRAMP NB 23 JANSS,JANSS RD,6.00,S,N,A,-,Y,VEN,,23, ,R,4.803,H,,L,N,3,0,1,2,D,-,00,,,N,G,B,B,A,H,-,A,A,0,Y,,,,Y,,-,- ,0,1,0,0,1,0,0,0,0,- ,- ,34.196571350097656,-118.85958099365234,VENTURA,THOUSAND OAKS,-118.85943603515625,34.196506500244141
84432522,2024,2024-10-16,5600,2024-10-11,2014,5244,,5,5,6,5607,0,0,0,,0,9G01,THOUSAND OAKS BL,CONEJO SCHOOL RD,170.00,E,N,A,-,N,,,,,,,,,,N,2,0,1,2,A,-,11,21954,A,N,G,B,D,A,H,-,C,D,0,Y,,,,Y,Y,N,60,1,0,0,0,1,0,0,0,0,- ,- ,34.174560546875,-118.84481811523438,VENTURA,THOUSAND OAKS,-118.84427642822266,34.174392700195312
84439674,2024,2024-10-22,5600,2024-10-04,833 ,5196,,5,5,6,5607,0,0,0,,0,9B01,ERBES RD,AVENIDA DE LOS ARBOLES,482.00,S,N,B,-,N,,,,,,,,,,N,3,0,1,2,A,-,09,21801,A,N,D,G,A,A,H,-,A,D,0,,Y,,,Y,,A,01,0,1,0,0,0,0,0,0,0,- ,- ,34.208370208740234,-118.84352111816406,VENTURA,THOUSAND OAKS,-118.83971405029297,34.210529327392578
8443970,2017,2017-09-12,5609,2017-08-08,1929,447,,2,5,6,5609,0,0,0,,0,,ERRINGER RD,LOS ANGELES AV,0.00,,Y,A,-,N,,,,,,,,,,N,4,0,1,2,A,-,12,21453,A,N,D,G,A,A,H,-,B,A,0,,Y,,,Y,,L,04,0,0,1,0,0,0,1,0,0,- ,- ,34.271729999999998,-118.76130000000001,VENTURA,SIMI VALLEY,-118.76140008,34.271750060000002
84461110,2024,2024-11-07,5600,2024-10-07,808 ,4965,,1,5,5,5601,0,0,0,,0,8D01,ADOLFO RD,TAHQUITZ DR,0.00,,Y,A,-,N,,,,,,,,,,N,3,0,1,2,A,-,12,22450,A,N,D,G,A,A,H,-,A,A,0,,Y,,,Y,,D,22,0,1,0,0,0,0,1,0,0,- ,- ,34.222709655761719,-119.01011657714844,VENTURA,CAMARILLO,-119.01014709472656,34.222698211669922
84467189,2024,2024-11-25,5600,2024-10-24,1546,5256,,4,5,5,5601,0,0,0,,0,8C01,LEWIS RD,ADOLFO RD,90.00,S,N,A,-,N,,,,,,,,,,N,3,0,1,2,A,-,12,21453,A,N,D,G,A,A,H,-,A,A,0,,Y,,,Y,,L,04,0,1,0,0,0,0,1,0,0,- ,- ,34.231189727783203,-119.01959991455078,VENTURA,CAMARILLO,-119.01966857910156,34.231006622314453
84470462,2024,2024-11-15,5600,2024-10-30,856 ,5298,,3,5,3,5602,0,0,0,,0,6B01,EL DORADO DR,TELEGRAPH RD,50.00,S,N,A,-,Y,,,,,,,,,,N,4,0,1,2,A,-,05,21650,,N,A,G,A,A,H,-,A,D,0,,Y,,,Y,,L,04,0,0,1,0,0,0,1,0,0,- ,- ,34.3956298828125,-118.89927673339844,VENTURA,FILLMORE,-118.89865112304688,34.398483276367188
84474591,2024,2024-11-21,5600,2024-10-08,1442,4965,,2,5,5,5601,0,0,0,,0,8C01,PONDEROSA DR,SHEPHERD DR,0.00,,Y,A,-,N,,,,,,,,,,N,4,0,1,2,A,-,05,21650,1,N,D,G,A,A,H,-,A,A,0,,Y,,,Y,,M,91,0,0,1,0,0,0,1,0,0,- ,- ,34.232391357421875,-119.02680969238281,VENTURA,CAMARILLO,-119.02687835693359,34.232498168945312
84477868,2024,2024-11-21,5600,2024-11-08,1728,5807,,5,5,6,5607,0,0,0,,0,9G01,THOUSAND OAKS BL,MOORPARK RD,5.00,E,N,B,-,N,,,,,,,,,,N,3,0,2,3,A,-,10,21950,A,N,G,B,B,A,H,-,C,A,0,Y,,,,Y,,D,22,0,1,1,0,2,0,0,0,0,- ,- ,34.179019927978516,-118.87648773193359,VENTURA,THOUSAND OAKS,-118.87650299072266,34.178932189941406
84477884,2024,2024-11-21,5600,2024-11-15,1705,5862,,5,5,5,5601,0,0,0,,0,8C01,GERMAIN ST,JOSE AV,54.00,E,N,A,-,N,,,,,,,,,,N,3,0,1,2,A,-,05,21650,1,N,A,G,A,A,H,-,B,D,0,,Y,,,Y,,L,04,0,1,0,0,0,0,1,0,0,- ,- ,34.234951019287109,-119.01879119873047,VENTURA,CAMARILLO,-119.01850891113281,34.234943389892578
8448418,2017,2017-09-14,5600,2017-08-28,0811,5065,8020,1,5,5,5601,0,0,0,,0,08A,SKEEL DR,COE ST,10.00,S,N,A,-,N,,,,,,,,,,N,3,0,1,2,A,-,09,21804,A,N,D,G,A,A,E,H,A,D,0,,Y,,,Y,,L,04,0,1,0,0,0,0,1,0,0,- ,- ,34.227890000000002,-119.06052,VENTURA,CAMARILLO,-119.06047952,34.227952559999999
84489819,2024,2024-12-03,5600,2024-11-23,1833,5445,,6,5,5,5601,0,0,0,,0,,ARNEILL RD,VENTURA BL,0.00,,Y,C,-,N,,,,,,,,,,N,4,0,1,2,A,-,10,21950,A,N,G,B,B,B,H,-,C,A,0,Y,,,,Y,,A,01,0,0,1,0,1,0,0,0,0,- ,- ,34.21649169921875,-119.03919982910156,VENTURA,CAMARILLO,-119.03910827636719,34.216506958007812