CASE_ID,ACCIDENT_YEAR,PROC_DATE,JURIS,COLLISION_DATE,COLLISION_TIME,OFFICER_ID,REPORTING_DISTRICT,DAY_OF_WEEK,CHP_SHIFT,POPULATION,CNTY_CITY_LOC,SPECIAL_COND,BEAT_TYPE,CHP_BEAT_TYPE,CITY_DIVISION_LAPD,CHP_BEAT_CLASS,BEAT_NUMBER,PRIMARY_RD,SECONDARY_RD,DISTANCE,DIRECTION,INTERSECTION,WEATHER_1,WEATHER_2,STATE_HWY_IND,CALTRANS_COUNTY,CALTRANS_DISTRICT,STATE_ROUTE,ROUTE_SUFFIX,POSTMILE_PREFIX,POSTMILE,LOCATION_TYPE,RAMP_INTERSECTION,SIDE_OF_HWY,TOW_AWAY,COLLISION_SEVERITY,NUMBER_KILLED,NUMBER_INJURED,PARTY_COUNT,PRIMARY_COLL_FACTOR,PCF_CODE_OF_VIOL,PCF_VIOL_CATEGORY,PCF_VIOLATION,PCF_VIOL_SUBSECTION,HIT_AND_RUN,TYPE_OF_COLLISION,MVIW,PED_ACTION,ROAD_SURFACE,ROAD_COND_1,ROAD_COND_2,LIGHTING,CONTROL_DEVICE,CHP_ROAD_TYPE,PEDESTRIAN_ACCIDENT,BICYCLE_ACCIDENT,MOTORCYCLE_ACCIDENT,TRUCK_ACCIDENT,NOT_PRIVATE_PROPERTY,ALCOHOL_INVOLVED,STWD_VEHTYPE_AT_FAULT,CHP_VEHTYPE_AT_FAULT,COUNT_SEVERE_INJ,COUNT_VISIBLE_INJ,COUNT_COMPLAINT_PAIN,COUNT_PED_KILLED,COUNT_PED_INJURED,COUNT_BICYCLIST_KILLED,COUNT_BICYCLIST_INJURED,COUNT_MC_KILLED,COUNT_MC_INJURED,PRIMARY_RAMP,SECONDARY_RAMP,LATITUDE,LONGITUDE,COUNTY,CITY,POINT_X,POINT_Y
84501096,2024,2024-12-13,5600,2024-12-01,1116,5807,,7,5,6,5607,0,0,0,,0,9D01,VILLAGE GLEN AV,AGOURA RD,9.00,N,N,A,-,N,,,,,,,,,,N,3,0,1,2,A,-,10,21950,A,N,G,B,B,A,H,-,A,A,0,Y,,,,Y,,A,01,0,1,0,0,1,0,0,0,0,- ,- ,34.147029876708984,-118.82972717285156,VENTURA,THOUSAND OAKS,-118.82532501220703,34.150470733642578
8450360,2017,2018-06-11,5608,2017-09-04,0900,493,,1,5,6,5608,0,0,0,,0,003,SOUTH VICTORIA AV,WEBSTER,0.00,,Y,B,-,Y,VEN,7,126,-,-,1.320,R,4,E,N,4,0,1,2,A,-,10,21950,A,F,G,B,B,A,H,-,A,A,0,Y,,,,Y,,-,,0,0,1,0,1,0,0,0,0,- ,- ,34.270400000000002,-119.2133,VENTURA,VENTURA,-119.21555694,34.271066830000002
84517457,2024,2024-12-27,5609,2024-12-20,1232,5004,,5,5,6,5609,0,0,0,,0,,KUEHNER DR,CHARING ST,0.00,,Y,A,-,N,,,,,,,,,,N,2,0,1,2,A,-,09,21801,A,N,D,G,A,A,H,-,A,A,0,,Y,,,Y,,A,07,1,0,0,0,0,0,1,0,0,- ,- ,34.269798278808594,-118.66201782226562,VENTURA,SIMI VALLEY,-118.66204833984375,34.269874572753906
84517462,2024,2024-12-27,5609,2024-12-25,1838,481,,3,5,6,5609,0,0,0,,0,005,LOS ANGELES AVE,TAPO ST,7.00,W,N,A,-,N,,,,,,,,,,N,4,0,1,2,A,-,10,21950,A,N,G,B,B,A,H,-,C,A,0,Y,,,,Y,,-,- ,0,0,1,0,1,0,0,0,0,- ,- ,34.271678924560547,-118.70913696289062,VENTURA,SIMI VALLEY,-118.70897674560547,34.271697998046875
84522379,2024,2025-01-01,5609,2024-12-20,1110,5004,,5,5,6,5609,0,0,0,,0,005,TAPO CANYON RD,ALAMO ST,364.00,S,N,A,-,N,,,,,,,,,,N,3,0,1,2,A,-,07,21658,A,N,D,G,A,A,H,-,A,D,0,,Y,,,Y,,L,04,0,1,0,0,0,0,1,0,0,- ,- ,34.286369323730469,-118.71784210205078,VENTURA,SIMI VALLEY,-118.71784210205078,34.285381317138672
84529280,2024,2025-01-08,5600,2024-12-28,1140,5039,,6,5,6,5607,0,0,0,,0,9D01,WESTLAKE BL,DEVONSHIRE CT,0.00,,Y,A,-,N,,,,,,,,,,N,3,0,1,2,A,-,09,21802,A,F,D,G,A,A,H,-,A,A,0,,Y,,,Y,,A,08,0,1,0,0,0,0,1,0,0,- ,- ,34.144138336181641,-118.84787750244141,VENTURA,THOUSAND OAKS,-118.84774780273438,34.144027709960938
8455712,2017,2017-09-27,5600,2017-09-01,2003,2833,9176,5,5,6,5607,0,0,0,,0,09D,OAKSHORE DR,LA VENTA DR,8.00,E,N,A,-,N,,,,,,,,,,N,4,0,1,2,B,-,22,,,N,G,B,-,A,H,-,C,D,0,Y,,,,Y,,A,01,0,0,1,0,1,0,0,0,0,- ,- ,,,VENTURA,THOUSAND OAKS,-118.82852421,34.14387241
8456223,2017,2017-09-25,5600,2017-09-12,1115,1936,9050,2,5,6,5607,0,0,0,,0,09B,JANSS RD,MONTGOMERY RD,451.00,W,N,A,-,N,,,,,,,,,,N,4,0,1,2,A,-,05,21650,1,N,H,G,A,A,H,-,A,A,0,,Y,,,Y,,L,04,0,0,1,0,0,0,1,0,0,- ,- ,,,VENTURA,THOUSAND OAKS,-118.86551514999999,34.199532220000002
84565715,2025,2025-02-05,5600,2025-01-31,1519,5572,,5,5,2,5603,0,0,0,,0,1A01,BRISTOL RD,PALOMAR RD,0.00,,Y,A,-,N,,,,,,,,,,N,3,0,1,2,A,-,12,22450,A,N,D,G,A,A,H,-,A,D,0,,Y,,,Y,,L,04,0,1,0,0,0,0,1,0,0,- ,- ,34.447708129882812,-119.25354766845703,VENTURA,OJAI,-119.2535400390625,34.447669982910156
84583502,2025,2025-02-19,5600,2025-01-23,1815,5659,,4,5,3,5602,0,0,0,,0,6B01,RIVER ST,A ST,0.00,,Y,A,-,N,,,,,,,,,,N,3,0,1,2,A,-,10,21950,A,N,G,B,B,A,H,-,C,A,0,Y,,,,Y,,A,01,0,1,0,0,1,0,0,0,0,- ,- ,34.391548156738281,-118.91811370849609,VENTURA,FILLMORE,-118.91740417480469,34.394374847412109
84584741,2025,2025-02-20,5600,2025-02-08,950 ,5280,,6,5,5,5601,0,0,0,,0,8D01,CALLE CANCUN,FLYNN RD,0.00,,Y,A,-,N,,,,,,,,,,N,3,0,1,2,A,-,05,21650,1,N,D,G,A,A,H,-,A,A,0,,Y,,,Y,,L,04,0,1,0,0,0,0,1,0,0,- ,- ,34.237049102783203,-119.01052856445312,VENTURA,CAMARILLO,-119.01058197021484,34.237117767333984
84592384,2025,2025-02-28,5600,2025-02-24,1704,3147,,1,5,6,5607,0,0,0,,0,9A01,LYNN RD,JANSS RD,32.00,S,N,A,-,N,,,,,,,,,,N,2,0,1,2,A,-,06,21750,,N,C,G,A,A,H,-,A,A,0,,Y,,,Y,,L,04,1,0,0,0,0,0,1,0,0,- ,- ,34.206100463867188,-118.88638305664062,VENTURA,THOUSAND OAKS,-118.8865966796875,34.206016540527344
8459482,2017,2017-09-28,5608,2017-09-19,0618,443,VENTU,2,5,6,5608,0,0,0,,0,001,POLI ST,CHESTNUT ST,0.00,,Y,B,-,N,,,,,,,,,,N,4,0,1,2,A,-,12,22450,A,N,D,G,A,A,H,-,C,A,0,,Y,,,Y,,L,04,0,0,1,0,0,0,1,0,0,- ,- ,,,VENTURA,VENTURA,-119.29157997999999,34.282140099999999
84596769,2025,2025-03-18,5600,2025-02-28,1530,5781,,5,5,5,5601,0,0,0,,0,8D01,ADOLFO RD,RANCHO CALLEGUAS,2.00,E,N,A,-,N,,,,,,,,,,N,3,0,1,2,A,-,05,21650,1,N,D,G,A,A,H,-,A,A,0,,Y,,,Y,,M,91,0,1,0,0,0,0,1,0,0,- ,- ,34.222011566162109,-119.01643371582031,VENTURA,CAMARILLO,-119.01317596435547,34.223987579345703
8459737,2017,2017-10-02,5605,2017-09-07,1730,126,PATRO,4,5,3,5605,0,0,0,,0,003,NORTH 5TH ST,EAST CLARA ST,7.00,S,N,A,-,N,,,,,,,,,,N,4,0,1,2,A,-,09,21801,A,N,B,G,A,A,H,-,A,D,0,,Y,,,Y,,A,07,0,0,1,0,0,0,1,0,0,- ,- ,,,VENTURA,PORT HUENEME,-119.19394,34.151580789999997
84598007,2025,2025-03-06,5609,2025-03-04,1544,5023,,2,5,6,5609,0,0,0,,0,003,LOS ANGELES AVE,DONVILLE AVE,0.00,,Y,A,-,N,,,,,,,,,,N,2,0,1,2,A,-,10,21950,A,N,G,B,B,A,H,-,A,A,0,Y,,,,Y,,D,22,1,0,0,0,1,0,0,0,0,- ,- ,34.271770477294922,-118.76844787597656,VENTURA,SIMI VALLEY,-118.76853942871094,34.27166748046875
8460567,2017,2018-06-20,5600,2017-09-25,1632,2740,9028,1,5,6,5607,0,0,0,,0,09B,AVENIDA DE LOS ARBOLES,RT 23,0.00,,Y,A,-,Y,VEN,7,23,-,R,5.853,R,1,N,N,3,0,1,2,A,-,10,21950,A,N,G,B,B,A,H,-,A,A,0,Y,,,,Y,,A,01,0,1,0,0,1,0,0,0,0,- ,NF,,,VENTURA,THOUSAND OAKS,-118.8490999,34.20893212
8462246,2017,2017-10-10,5608,2017-09-26,1430,450,VENTU,2,5,6,5608,0,0,0,,0,004,TELEPHONE RD,PORTOLA RD,0.00,,Y,A,-,N,,,,,,,,,,N,4,0,1,2,A,-,10,21950,A,F,G,B,B,A,H,-,A,A,0,Y,,,,Y,,A,07,0,0,1,0,1,0,0,0,0,- ,- ,,,VENTURA,VENTURA,-119.22514996,34.263590010000001
8462643,2017,2017-11-27,5609,2017-09-14,1520,447,,4,5,6,5609,0,0,0,,0,006,LOS ANGELES AV,YOSEMITE AV,0.00,,Y,A,-,N,,,,,,,,,,N,3,0,1,2,A,-,11,21950,B,N,G,B,B,A,H,-,A,A,0,Y,,,,Y,,N,60,0,1,0,0,1,0,0,0,0,- ,- ,34.271749999999997,-118.67838,VENTURA,SIMI VALLEY,-118.67840008,34.271740100000002
8462906,2017,2017-10-30,5608,2017-09-29,2152,417,,5,5,6,5608,0,0,0,,0,004,RAMELLI AV,RACCOON CT,0.00,,Y,A,-,N,,,,,,,,,,N,3,0,1,2,A,-,05,21650,1,N,D,G,A,A,H,-,C,D,0,,Y,,Y,Y,,L,04,0,1,0,0,0,0,1,0,0,- ,- ,,,VENTURA,VENTURA,-119.19270004000001,34.264160080000003
8463247,2017,2017-11-09,5608,2017-09-29,1200,401,,5,5,6,5608,0,0,0,,0,004,THILLE ST,PORTOLA RD,0.00,,N,A,-,N,,,,,,,,,,N,3,0,1,2,A,-,09,21804,A,F,-,G,A,A,H,-,A,D,0,,Y,,,Y,,-,,0,1,0,0,0,0,1,0,0,- ,- ,34.266599999999997,-119.2238,VENTURA,VENTURA,-119.22575996,34.266470069999997
84637068,2025,2025-04-04,5600,2025-01-17,1930,5567,,5,5,6,5607,0,0,0,,0,9B01,LAURIE LN,BLUEBERRY LN,10.00,W,Y,A,-,N,,,,,,,,,,N,4,0,1,2,A,-,10,21950,A,N,G,B,D,A,H,-,B,D,0,Y,,,,Y,,A,01,0,0,1,0,1,0,0,0,0,- ,- ,34.185420989990234,-118.87191772460938,VENTURA,THOUSAND OAKS,-118.87189483642578,34.185443878173828
84660868,2025,2025-04-24,5600,2025-03-21,2103,5924,,5,5,6,5607,0,0,0,,0,9G01,OAK VIEW DR,PLEASANT WY,0.00,,Y,A,-,N,,,,,,,,,,Y,3,0,1,2,A,-,09,21801,A,N,D,G,A,A,H,-,D,A,0,,Y,,,Y,,L,04,0,1,0,0,0,0,1,0,0,- ,- ,34.173080444335938,-118.84219360351562,VENTURA,THOUSAND OAKS,-118.8421630859375,34.173118591308594
84660878,2025,2025-04-24,5600,2025-04-17,1624,5251,,4,5,6,5607,0,0,0,,0,9B01,JANSS RD,EL MONTE DR,0.00,,Y,B,-,N,,,,,,,,,,N,3,0,1,2,A,-,11,21950,B,N,G,B,D,A,H,-,A,A,0,Y,,,,Y,,N,60,0,1,0,0,1,0,0,0,0,- ,- ,34.199069976806641,-118.85063171386719,VENTURA,THOUSAND OAKS,-118.85060882568359,34.199062347412109
84671124,2025,2025-05-01,5609,2025-04-23,1713,447,,3,5,6,5609,0,0,0,,0,001,WEST LOS ANGELES AVE,LIGHT POLE #SV05314,49.00,W,N,A,-,N,,,,,,,,,,N,3,0,1,2,A,-,11,21950,B,N,G,B,D,A,H,-,A,A,0,Y,,,,Y,,N,60,0,1,0,0,1,0,0,0,0,- ,- ,,,VENTURA,SIMI VALLEY,,
84677834,2025,2025-05-07,5600,2025-04-30,946 ,5007,,3,5,6,5607,0,0,0,,0,9C01,MICHAEL DR,NEWBURY RD,185.00,W,N,B,-,N,,,,,,,,,,N,4,0,1,2,A,-,08,22107,,N,B,G,A,A,H,-,A,D,0,,Y,,,Y,,L,04,0,0,1,0,0,0,1,0,0,- ,- ,34.181541442871094,-118.92552947998047,VENTURA,THOUSAND OAKS,-118.92601013183594,34.181537628173828
8469509,2016,2018-04-27,5604,2016-01-28,0811,5208,,4,5,6,5604,0,0,0,,0,031,ENTRADA DR,MARTIN LUTHER KING DR,0.00,,Y,A,-,N,,,,,,,,,,N,3,0,2,3,A,-,10,21950,A,N,G,B,B,B,H,-,A,D,0,Y,,,,Y,,A,01,0,1,1,0,2,0,0,0,0,- ,- ,,,VENTURA,OXNARD,-119.17529007,34.21540005
8469989,2017,2017-10-20,5600,2017-10-04,1609,5022,9124,3,5,6,5607,0,0,0,,0,09C,BORCHARD RD,CAROB DR,0.00,,Y,A,-,N,,,,,,,,,,N,3,0,1,2,A,-,05,21650,1,F,H,G,A,A,H,-,A,A,0,,Y,,,Y,,L,04,0,1,0,0,0,0,1,0,0,- ,- ,,,VENTURA,THOUSAND OAKS,-118.92929006999999,34.180570099999997
84713888,2025,2025-06-06,5600,2025-06-02,704 ,4617,,1,5,6,5607,0,0,0,,0,9B01,MEADOW BROOK CT,RIKKARD DR,7.00,W,N,A,-,N,,,,,,,,,,N,3,0,1,2,A,-,10,21950,A,N,G,B,B,A,H,-,A,D,0,Y,,,,Y,,A,07,0,1,0,0,1,0,0,0,0,- ,- ,34.214061737060547,-118.84079742431641,VENTURA,THOUSAND OAKS,-118.84066772460938,34.214096069335938
84713897,2025,2025-06-05,5609,2025-05-25,1354,5120,,7,5,6,5609,0,0,0,,0,,COCHRAN ST,GALENA AVE,260.00,W,N,A,-,N,,,,,,,,,,N,4,0,1,2,A,-,05,21650,1,N,D,G,A,A,H,-,A,D,0,,Y,,,Y,,M,91,0,0,1,0,0,0,1,0,0,- ,- ,34.279029846191406,-118.73562622070312,VENTURA,SIMI VALLEY,-118.73649597167969,34.279010772705078
84722735,2025,2025-06-12,5600,2025-05-30,835 ,4221,,5,5,6,5607,0,0,0,,0,9G01,ERBES RD,FOURSITE LN,55.00,N,N,A,-,N,,,,,,,,,,N,3,0,1,2,A,-,09,21804,A,N,G,B,E,A,H,-,A,D,0,Y,,,,Y,,A,01,0,1,0,0,1,0,0,0,0,- ,- ,34.179950714111328,-118.84886932373047,VENTURA,THOUSAND OAKS,-118.84872436523438,34.180080413818359
84756104,2025,2025-07-10,5609,2025-07-01,1650,5023,,2,5,6,5609,0,0,0,,0,002,ETTIN AVE,HARPER ST,24.00,N,N,A,-,N,,,,,,,,,,N,3,0,1,2,A,-,05,21650,,N,D,G,A,A,H,-,A,D,0,,Y,,,Y,,M,91,0,1,0,0,0,0,1,0,0,- ,- ,34.255050659179688,-118.78098297119141,VENTURA,SIMI VALLEY,-118.78105926513672,34.255146026611328
84757704,2025,2025-07-11,5600,2025-07-05,1853,2833,,6,5,6,5607,0,0,0,,0,9G01,HILLCREST DR,ERBES RD (E),0.00,,Y,A,-,N,,,,,,,,,,N,3,0,1,2,A,-,05,21650,1,N,D,G,A,A,H,-,A,A,0,,Y,Y,,Y,,M,91,0,1,0,0,0,0,1,0,0,- ,- ,34.182399749755859,-118.84721374511719,VENTURA,THOUSAND OAKS,-118.84744262695312,34.182422637939453
84763042,2025,2025-07-16,5600,2025-06-22,1802,5768,,7,5,5,5601,0,0,0,,0,8A01,LAS POSAS RD,VENTURA BL,0.00,,Y,A,-,N,,,,,,,,,,N,4,0,1,3,A,-,11,21456,A,N,D,G,A,A,H,-,A,A,0,,Y,,,Y,,M,91,0,0,1,0,0,0,1,0,0,- ,- ,34.215839385986328,-119.06977844238281,VENTURA,CAMARILLO,-119.06978607177734,34.215766906738281
8478436,2017,2017-11-16,5600,2017-10-04,0840,3927,8014,3,5,5,5601,0,0,0,,0,08A,CALLE LA RODA,DAILY DR,14.00,N,N,A,-,N,,,,,,,,,,N,3,0,2,3,A,-,10,21950,A,N,G,B,B,A,H,-,A,D,0,Y,,,,Y,,A,01,0,2,0,0,2,0,0,0,0,- ,- ,34.221640000000001,-119.06744,VENTURA,CAMARILLO,-119.06747265999999,34.221585619999999
84809914,2025,2025-08-20,5600,2025-08-15,1503,5771,,5,5,6,5607,0,0,0,,0,9B01,AVENIDA DE LOS ARBOLES,ERBES RD,0.00,,Y,A,-,N,,,,,,,,,,N,3,0,1,2,A,-,05,21650,1,F,D,G,A,A,H,-,A,A,0,,Y,,,Y,,L,04,0,1,0,0,0,0,1,0,0,- ,- ,34.208370208740234,-118.84352111816406,VENTURA,THOUSAND OAKS,-118.84014129638672,34.211799621582031
84811802,2025,2025-08-21,5609,2025-08-18,1828,5004,,1,5,6,5609,0,0,0,,0,006,STEARNS ST,ALTA ST,311.00,S,N,A,-,N,,,,,,,,,,Y,3,0,1,2,A,-,05,21202,A,N,D,G,A,A,H,-,A,A,0,,Y,,,Y,,L,04,0,1,0,0,0,0,1,0,0,- ,- ,34.284439086914062,-118.69129943847656,VENTURA,SIMI VALLEY,-118.69149780273438,34.28350830078125
84821063,2025,2025-08-28,5600,2025-08-12,1635,5757,,2,5,5,5601,0,0,0,,0,8B01,MOBIL AV,DAILY DR,4.00,N,N,A,-,N,,,,,,,,,,N,3,0,1,2,A,-,05,21650,1,N,D,G,A,A,H,-,A,D,0,,Y,,,Y,,L,04,0,1,0,0,0,0,1,0,0,- ,- ,34.217628479003906,-119.04297637939453,VENTURA,CAMARILLO,-119.04299163818359,34.21771240234375
8482684,2017,2018-06-08,5608,2017-11-01,1614,378,,3,5,6,5608,0,0,0,,0,004,VALENTINE RD,RT 101,242.00,W,N,A,-,N,,,,,,,,,,N,2,0,1,2,A,-,05,21650,1,N,D,G,A,A,-,-,A,D,0,,Y,,,Y,,L,04,1,0,0,0,0,0,1,0,0,- ,SF,,,VENTURA,VENTURA,-119.2310518,34.261441740000002
84827643,2025,2025-09-03,5609,2025-08-21,2046,5023,,4,5,6,5609,0,0,0,,0,005,LOS ANGELES AVE,LIGHT POLE #SV00979,58.00,E,N,A,-,N,,,,,,,,,,N,2,0,1,2,A,-,08,22107,,F,G,B,E,A,H,-,C,D,0,Y,,,,Y,,A,01,1,0,0,0,1,0,0,0,0,- ,- ,,,VENTURA,SIMI VALLEY,,
8483585,2017,2017-11-07,5608,2017-10-21,2230,373,,6,5,6,5608,0,0,0,,0,001,MAIN ST,CALIFORNIA ST,175.00,E,N,A,-,N,,,,,,,,,,N,3,0,2,3,A,-,21,22106,,F,G,B,E,A,H,-,C,D,0,Y,,,,Y,Y,-,,0,2,0,0,2,0,0,0,0,- ,- ,,,VENTURA,VENTURA,-119.29252133999999,34.280823740000002
8483750,2017,2017-11-07,5608,2017-10-23,2030,422,VENTU,1,5,6,5608,0,0,0,,0,001,WALL ST,POLI ST,200.00,N,N,A,-,N,,,,,,,,,,N,4,0,1,2,A,-,05,21650,1,N,A,G,A,A,H,-,C,D,0,,Y,,,Y,,L,04,0,0,1,0,0,0,1,0,0,- ,- ,,,VENTURA,VENTURA,,
8484007,2017,2017-11-15,5600,2017-10-24,0808,3852,9154,2,5,6,5607,0,0,0,,0,9G01,CONEJO SCHOOL RD,THOUSAND OAKS BL,7.00,S,N,A,-,N,,,,,,,,,,N,3,0,1,2,A,-,05,21650,1,N,H,G,A,A,H,-,A,A,0,,Y,,,Y,,L,04,0,1,0,0,0,0,1,0,0,- ,- ,,,VENTURA,THOUSAND OAKS,-118.84480919000001,34.174542379999998
84847364,2025,2025-09-17,5609,2025-09-11,2033,447,,4,5,6,5609,0,0,0,,0,004,TRACY AVE,COCHRAN ST,19.00,S,N,A,-,N,,,,,,,,,,N,3,0,1,2,A,-,10,21950,A,N,G,B,B,A,H,-,C,A,0,Y,,,,Y,,A,07,0,1,0,0,1,0,0,0,0,- ,- ,34.278961181640625,-118.72360229492188,VENTURA,SIMI VALLEY,-118.72362518310547,34.278968811035156
84865490,2025,2025-09-30,5600,2025-09-16,812 ,5293,,2,5,4,5690,0,0,0,,0,2B01,300 HIGH STREET,MAGNOLIA ST,10.00,W,N,A,-,N,,,,,,,,,,N,4,0,1,2,B,-,22,,,N,H,G,A,A,H,-,A,D,0,,Y,,,Y,,-,- ,0,0,1,0,0,0,1,0,0,- ,- ,,,VENTURA,MOORPARK,-118.87778472900391,34.285408020019531
84870922,2025,2026-04-20,5600,2025-10-02,1414,4527,,4,5,6,5607,0,0,0,,0,9G01,MOORPARK RD,WILBUR RD,300.00,S,N,A,-,N,,,,,,,,,,N,3,0,1,2,A,-,05,21650,1,F,D,G,A,A,H,-,A,A,0,,Y,,,Y,,L,04,0,1,0,0,0,0,1,0,0,- ,- ,34.186569213867188,-118.87493896484375,VENTURA,THOUSAND OAKS,-118.87521362304688,34.185779571533203
84886714,2025,2025-10-15,5600,2025-09-29,1615,5757,,1,5,5,5601,0,0,0,,0,8B01,PARKWAY DR,BROOKHILL DR,15.00,E,N,A,-,N,,,,,,,,,,N,3,0,1,2,A,-,00,23123,,N,C,G,A,A,H,-,A,D,0,,Y,,,Y,,M,91,0,1,0,0,0,0,1,0,0,- ,- ,34.242641448974609,-119.03959655761719,VENTURA,CAMARILLO,-119.03968048095703,34.242610931396484
84886757,2025,2025-10-15,5609,2025-10-10,2130,5004,,5,5,6,5609,0,0,0,,0,003,ROYAL AVE,APPLETON RD,0.00,,Y,A,-,N,,,,,,,,,,N,3,0,1,3,A,-,12,22450,A,N,D,G,A,A,H,-,A,A,0,,Y,,,Y,Y,L,04,0,1,0,0,0,0,1,0,0,- ,- ,34.260749816894531,-118.74391174316406,VENTURA,SIMI VALLEY,-118.743896484375,34.260841369628906
84888613,2025,2025-10-16,5600,2025-09-20,815 ,5563,,6,5,6,5607,0,0,0,,0,9B01,HODENCAMP RD,WILBUR RD,10.00,S,N,A,-,N,,,,,,,,,,N,4,0,1,2,A,-,10,21950,A,N,G,B,B,A,H,-,A,A,0,Y,,,,Y,,A,07,0,0,1,0,1,0,0,0,0,- ,- ,34.185638427734375,-118.86843872070312,VENTURA,THOUSAND OAKS,-118.868408203125,34.185691833496094
84898826,2025,2026-03-16,5600,2025-10-20,1005,5251,,1,5,6,5607,0,0,0,,0,9D01,TRIUNFO CANYON RD,TAMARACK ST,0.00,,Y,A,-,N,,,,,,,,,,N,3,0,1,2,A,-,12,22450,A,N,G,B,D,A,H,-,A,A,0,Y,,,,Y,,A,01,0,1,0,0,1,0,0,0,0,- ,- ,34.154750823974609,-118.84259033203125,VENTURA,THOUSAND OAKS,-118.84258270263672,34.154666900634766
84925343,2025,2025-11-12,5609,2025-11-07,1734,5004,,5,5,6,5609,0,0,0,,0,003,ERRINGER RD,PATRICIA AVE,124.00,N,N,A,-,N,,,,,,,,,,N,3,0,1,2,A,-,05,21650,1,N,D,G,A,A,H,-,C,D,0,,Y,,,Y,,L,04,0,1,0,0,0,0,1,0,0,- ,- ,34.269981384277344,-118.76130676269531,VENTURA,SIMI VALLEY,-118.76139831542969,34.270359039306641
8493320,2017,2018-06-14,5600,2017-10-19,1015,4825,6015,4,5,3,5602,0,0,0,,0,06B,RT 126,CENTRAL AV,13.00,E,N,A,-,Y,VEN,7,126,-,-,21.411,I,5,E,N,2,0,1,2,A,-,10,21950,A,N,G,B,B,A,H,-,A,A,0,Y,,,,Y,,A,01,1,0,0,0,1,0,0,0,0,- ,- ,,,VENTURA,FILLMORE,-118.91301262,34.396796690000002
8493731,2017,2017-12-14,5608,2017-11-14,0930,437,,2,5,6,5608,0,0,0,,0,002,HARBOR BL,MONMOUTH WY,0.00,,Y,A,-,N,,,,,,,,,,N,4,0,1,2,A,-,10,21950,A,N,D,G,A,A,H,-,A,A,0,,Y,,,Y,,-,,0,0,1,0,0,0,1,0,0,- ,- ,,,VENTURA,VENTURA,-119.27286998,34.267479999999999
8493735,2017,2017-12-14,5608,2017-11-14,1750,443,VENTU,2,5,6,5608,0,0,0,,0,001,VENTURA AV,PLEASANT ST,75.00,S,N,A,-,N,,,,,,,,,,N,3,0,1,2,A,-,11,21950,B,N,G,B,B,A,D,-,C,D,0,Y,,,,Y,,N,60,0,1,0,0,1,0,0,0,0,- ,- ,,,VENTURA,VENTURA,-119.29625476,34.296449209999999
84946398,2025,2025-11-25,5600,2025-11-18,839 ,5293,,2,5,4,5690,0,0,0,,0,2A01,SPRING RD,LOS ANGELES AV,0.00,,Y,B,-,Y,,,,,,,,,,N,4,0,1,2,A,-,10,21950,A,N,G,B,B,B,H,-,A,A,0,Y,,,,Y,,A,07,0,0,1,0,1,0,0,0,0,- ,- ,34.275821685791016,-118.87722015380859,VENTURA,MOORPARK,-118.87468719482422,34.278938293457031
84949852,2025,2025-11-27,5609,2025-11-20,1704,5023,,4,5,6,5609,0,0,0,,0,001,LOS ANGELES AVE,LIGHT POLE SV01002,58.00,E,N,B,C,N,,,,,,,,,,N,3,0,1,2,A,-,05,21650,,N,H,G,A,B,H,-,C,D,0,,Y,,,Y,,L,04,0,1,0,0,0,0,1,0,0,- ,- ,,,VENTURA,SIMI VALLEY,,
84951769,2025,2025-12-01,5600,2025-11-29,1404,5612,,6,5,3,5602,0,0,0,,0,6A01,B ST,SESPE AV,288.00,N,N,A,-,N,,,,,,,,,,N,3,0,1,3,A,-,21,22106,,N,G,B,F,A,H,-,A,D,0,Y,,,,Y,,A,01,0,1,0,0,1,0,0,0,0,- ,- ,34.396598815917969,-118.92385864257812,VENTURA,FILLMORE,-118.92337036132812,34.400157928466797
8495469,2017,2017-12-08,5600,2017-11-15,1301,4529,9072,3,5,6,5607,0,0,0,,0,00G,THOUSAND OAKS BL,RANCHO RD,93.00,W,N,A,-,N,,,,,,,,,,N,4,0,1,2,A,-,05,21650,1,N,H,G,A,A,H,-,A,D,0,,Y,,,Y,,L,04,0,0,1,0,0,0,1,0,0,- ,- ,,,VENTURA,THOUSAND OAKS,-118.85817174,34.178609569999999
84965013,2025,2025-12-10,5600,2025-11-23,1050,6164,,7,5,5,5601,0,0,0,,0,8C01,PONDEROSA DR,APPIAN WY,150.00,S,N,A,-,N,,,,,,,,,,N,2,0,1,1,C,-,18,,,N,H,G,A,A,H,-,A,D,0,,Y,,,Y,,-,- ,1,0,0,0,0,0,1,0,0,- ,- ,34.237369537353516,-119.02189636230469,VENTURA,CAMARILLO,-119.02200317382812,34.2369384765625
84984850,2025,2026-01-15,5600,2025-12-10,1603,5568,,3,5,2,5603,0,0,0,,0,1B01,S. FULTON ST,E. OJAI AVENUE / SR 150,12.00,S,N,B,-,Y,,,,,,,,,,N,3,0,1,2,A,-,09,21801,A,N,D,G,A,A,H,-,A,D,0,,Y,,,Y,,D,22,0,1,0,0,0,0,1,0,0,- ,- ,,,VENTURA,OJAI,,