CASE_ID,ACCIDENT_YEAR,PROC_DATE,JURIS,COLLISION_DATE,COLLISION_TIME,OFFICER_ID,REPORTING_DISTRICT,DAY_OF_WEEK,CHP_SHIFT,POPULATION,CNTY_CITY_LOC,SPECIAL_COND,BEAT_TYPE,CHP_BEAT_TYPE,CITY_DIVISION_LAPD,CHP_BEAT_CLASS,BEAT_NUMBER,PRIMARY_RD,SECONDARY_RD,DISTANCE,DIRECTION,INTERSECTION,WEATHER_1,WEATHER_2,STATE_HWY_IND,CALTRANS_COUNTY,CALTRANS_DISTRICT,STATE_ROUTE,ROUTE_SUFFIX,POSTMILE_PREFIX,POSTMILE,LOCATION_TYPE,RAMP_INTERSECTION,SIDE_OF_HWY,TOW_AWAY,COLLISION_SEVERITY,NUMBER_KILLED,NUMBER_INJURED,PARTY_COUNT,PRIMARY_COLL_FACTOR,PCF_CODE_OF_VIOL,PCF_VIOL_CATEGORY,PCF_VIOLATION,PCF_VIOL_SUBSECTION,HIT_AND_RUN,TYPE_OF_COLLISION,MVIW,PED_ACTION,ROAD_SURFACE,ROAD_COND_1,ROAD_COND_2,LIGHTING,CONTROL_DEVICE,CHP_ROAD_TYPE,PEDESTRIAN_ACCIDENT,BICYCLE_ACCIDENT,MOTORCYCLE_ACCIDENT,TRUCK_ACCIDENT,NOT_PRIVATE_PROPERTY,ALCOHOL_INVOLVED,STWD_VEHTYPE_AT_FAULT,CHP_VEHTYPE_AT_FAULT,COUNT_SEVERE_INJ,COUNT_VISIBLE_INJ,COUNT_COMPLAINT_PAIN,COUNT_PED_KILLED,COUNT_PED_INJURED,COUNT_BICYCLIST_KILLED,COUNT_BICYCLIST_INJURED,COUNT_MC_KILLED,COUNT_MC_INJURED,PRIMARY_RAMP,SECONDARY_RAMP,LATITUDE,LONGITUDE,COUNTY,CITY,POINT_X,POINT_Y
84986395,2025,2025-12-25,5609,2025-12-15,1829,443,,1,5,6,5609,0,0,0,,0,001,PATRICIA ST,LOS ANGELES AVE,0.00,,Y,A,-,N,,,,,,,,,,N,3,0,1,2,A,-,10,21950,A,N,G,B,B,A,H,-,C,A,0,Y,,,,Y,,A,01,0,1,0,0,1,0,0,0,0,- ,- ,34.271488189697266,-118.77652740478516,VENTURA,SIMI VALLEY,-118.77668762207031,34.271659851074219
84988074,2025,2025-12-29,5609,2025-12-12,936 ,5120,,5,5,6,5609,0,0,0,,0,,LOS ANGELES AVE,HIDDEN RANCH DR,16.00,E,N,A,-,N,,,,,,,,,,N,3,0,1,2,A,-,10,21950,A,N,G,B,B,A,H,-,A,A,0,Y,,,,Y,,A,01,0,1,0,0,1,0,0,0,0,- ,- ,34.2718505859375,-118.69454956054688,VENTURA,SIMI VALLEY,-118.69450378417969,34.271739959716797
85012573,2025,2026-01-14,5600,2025-11-16,1900,4965,,7,5,5,5601,0,0,0,,0,8C01,EL NIDO ST,LOOP DR,9.00,E,N,A,-,N,,,,,,,,,,N,3,0,1,2,A,-,12,22450,A,F,G,B,B,A,H,-,C,A,0,Y,,,,Y,,A,07,0,1,0,0,1,0,0,0,0,- ,- ,34.240139007568359,-119.02681732177734,VENTURA,CAMARILLO,-119.02679443359375,34.240066528320312
85023813,2026,2026-01-22,5600,2026-01-12,1115,5280,,1,5,5,5601,0,0,0,,0,8B01,ARNEILL RD,VENTURA BL,5.00,N,N,A,-,N,,,,,,,,,,N,4,0,1,2,A,-,12,21453,A,N,D,G,A,A,H,-,A,A,0,,Y,,,Y,,A,01,0,0,1,0,0,0,1,0,0,- ,- ,34.21649169921875,-119.03919982910156,VENTURA,CAMARILLO,-119.03910827636719,34.216522216796875
85032413,2026,2026-01-28,5604,2026-01-16,1737,5817,,5,5,6,5604,0,0,0,,0,041,SAVIERS RD,E YUCCA ST,150.00,S,-,A,-,N,,,,,,,,,,N,4,0,1,2,A,-,05,21650,1,N,A,G,A,A,H,-,B,D,0,,Y,,,Y,,L,04,0,0,1,0,0,0,1,0,0,- ,- ,,,VENTURA,OXNARD,-119.17760467529297,34.16552734375
85036353,2026,2026-01-30,5604,2026-01-29,1234,5846,,4,5,6,5604,0,0,0,,0,042,SAVIERS RD,HOOD WAY,0.00,,-,A,-,N,,,,,,,,,,N,4,0,1,2,A,-,05,21650,1,N,H,G,A,A,H,-,A,D,0,,Y,,,Y,,L,04,0,0,1,0,0,0,1,0,0,- ,- ,,,VENTURA,OXNARD,-119.17790985107422,34.149204254150391
85046292,2026,2026-02-11,5600,2026-02-02,924 ,6095,,1,5,6,5607,0,0,0,,0,9H01,GAINSBOROUGH RD,WARWICK AV,3.00,W,N,A,-,N,,,,,,,,,,N,3,0,1,2,A,-,09,21802,A,N,D,G,A,A,H,-,A,A,0,,Y,,,Y,,A,07,0,1,0,0,0,0,1,0,0,- ,- ,34.192489624023438,-118.87753295898438,VENTURA,THOUSAND OAKS,-118.87380981445312,34.195613861083984
8505359,2017,2018-01-22,5608,2017-11-18,1909,474,,6,5,6,5608,0,0,0,,0,001,MAIN ST,CALIFORNIA ST,66.00,E,N,A,-,N,,,,,,,,,,N,3,0,1,2,C,-,18,,,N,B,G,A,A,H,-,C,D,0,,Y,,,Y,,-,- ,0,1,0,0,0,0,1,0,0,- ,- ,,,VENTURA,VENTURA,-119.29288176,34.280821410000001
85053590,2026,2026-02-12,5600,2026-01-26,1553,5924,,1,5,6,5607,0,0,0,,0,9C01,VIRGINIA DR,HELEN CT,130.00,S,N,A,B,N,,,,,,,,,,N,3,0,1,2,A,-,09,21801,A,N,D,G,A,A,H,-,A,D,0,,Y,,,Y,,A,07,0,1,0,0,0,0,1,0,0,- ,- ,34.177749633789062,-118.94297027587891,VENTURA,THOUSAND OAKS,-118.93900299072266,34.180023193359375
85053623,2026,2026-02-12,5609,2026-02-06,1546,5004,,5,5,6,5609,0,0,0,,0,003,COCHRAN ST,ERRINGER RD,44.00,W,N,A,-,N,,,,,,,,,,N,4,0,1,2,A,-,11,21456,A,N,D,B,B,A,H,-,A,A,0,Y,,,,Y,,N,60,0,0,1,0,1,0,0,0,0,- ,- ,34.278999328613281,-118.76123046875,VENTURA,SIMI VALLEY,-118.76154327392578,34.279010772705078
85053628,2026,2026-02-12,5609,2026-02-09,826 ,443,,1,5,6,5609,0,0,0,,0,003,ARCANE ST,DONNER AVE,254.00,W,-,A,-,N,,,,,,,,,,N,3,0,1,2,A,-,10,21952,,N,G,B,F,A,H,-,A,D,0,Y,,,,Y,,D,22,0,1,0,0,1,0,0,0,0,- ,- ,,,VENTURA,SIMI VALLEY,-118.75978088378906,34.260848999023438
85060317,2026,2026-02-18,5604,2026-01-29,1841,5802,,4,5,6,5604,0,0,0,,0,031,ENTRADA DR,MARTIN LUTHER KING JR DR,0.00,,-,A,-,N,,,,,,,,,,N,4,0,1,2,A,-,10,21950,A,N,G,B,B,A,H,-,C,A,0,Y,,,,Y,,A,01,0,0,1,0,1,0,0,0,0,- ,- ,,,VENTURA,OXNARD,-119.17529296875,34.215400695800781
85060596,2026,2026-02-18,5609,2026-02-09,1513,5004,,1,5,6,5609,0,0,0,,0,004,COCHRAN ST,COLONIAL WAY,223.00,W,N,A,-,N,,,,,,,,,,N,3,0,1,2,A,-,05,21650,1,N,D,G,A,A,H,-,A,A,0,,Y,,,Y,,L,04,0,1,0,0,0,0,1,0,0,- ,- ,34.279071807861328,-118.73943328857422,VENTURA,SIMI VALLEY,-118.67119598388672,34.282039642333984
85079598,2026,2026-03-03,5600,2026-02-12,1359,5924,,4,5,6,5607,0,0,0,,0,9H01,MARIN ST,HILLCREST DR,655.00,N,N,A,B,N,,,,,,,,,,N,3,0,1,2,A,-,05,21650,1,N,D,G,A,A,H,-,A,D,0,,Y,,,Y,,M,91,0,1,0,0,0,0,1,0,0,- ,- ,34.182838439941406,-118.88381195068359,VENTURA,THOUSAND OAKS,-118.88211059570312,34.183700561523438
85101050,2026,2026-03-18,5600,2026-02-27,940 ,5887,,5,5,6,5607,0,0,0,,0,9D01,954 S WESTLAKE BL,TOWNSGATE,37.00,S,N,A,-,N,,,,,,,,,,N,3,0,1,2,B,-,22,,,N,G,B,F,A,H,-,A,D,0,Y,,,,Y,,A,01,0,1,0,0,1,0,0,0,0,- ,- ,,,VENTURA,THOUSAND OAKS,-118.82733917236328,34.154682159423828
85101072,2026,2026-03-18,5609,2026-03-13,756 ,5120,,5,5,6,5609,0,0,0,,0,,TRACY AVE,COCHRAN ST,12.00,N,-,A,-,N,,,,,,,,,,N,3,0,1,2,A,-,05,21202,,N,G,B,F,A,H,-,A,D,0,Y,Y,,,Y,,L,04,0,1,0,0,1,0,0,0,0,- ,- ,,,VENTURA,SIMI VALLEY,-118.72361755371094,34.279052734375
85104244,2026,2026-03-20,5600,2026-03-07,1348,5873,,6,5,4,5690,0,0,0,,0,2A01,12552 VILLA CAMPESINA AV,JUAREZ AVENUE,131.00,W,N,A,-,N,,,,,,,,,,N,3,0,1,2,A,-,21,22106,,N,D,G,A,A,H,-,A,A,0,,Y,,,Y,,L,04,0,1,0,0,0,0,1,0,0,- ,- ,,,VENTURA,MOORPARK,-118.88713073730469,34.276687622070312
85109379,2026,2026-03-24,5600,2026-03-06,1555,5924,,5,5,6,5607,0,0,0,,0,9B01,MOORPARK RD,COLUMBIA RD,15.00,S,N,A,B,N,,,,,,,,,,N,3,0,2,2,A,-,09,21801,A,N,H,G,A,A,H,-,A,A,0,,Y,,,Y,,D,22,0,2,0,0,0,0,2,0,0,- ,- ,34.20220947265625,-118.86824035644531,VENTURA,THOUSAND OAKS,-118.86836242675781,34.202178955078125
85120431,2026,2026-03-31,5600,2026-03-25,1745,5039,,3,5,6,5607,0,0,0,,0,9B01,HODENCAMP RD,COMBES AV,35.00,N,N,A,-,N,,,,,,,,,,N,3,0,2,2,A,-,08,22107,,N,B,G,A,A,H,-,A,A,0,,Y,,,Y,,D,22,0,1,1,0,0,0,2,0,0,- ,- ,34.187641143798828,-118.86837768554688,VENTURA,THOUSAND OAKS,,
85127626,2026,2026-04-14,5604,2026-03-29,1934,5623,,7,5,6,5604,0,0,0,,0,023,9TH ST,S A ST,300.00,E,-,A,-,N,,,,,,,,,,N,3,0,1,2,A,-,05,21650,1,N,H,G,A,A,H,-,B,D,0,,Y,,,Y,,L,04,0,1,0,0,0,0,1,0,0,- ,- ,,,VENTURA,OXNARD,-119.17765045166016,34.192375183105469
85134014,2026,2026-04-16,5604,2026-03-18,1553,5615,,3,5,6,5604,0,0,0,,0,022,S VENTURA RD,2ND ST,0.00,,-,A,-,N,,,,,,,,,,N,3,0,1,2,A,-,05,21650,1,F,H,G,A,A,H,-,A,A,0,,Y,,,Y,,L,04,0,1,0,0,0,0,1,0,0,- ,- ,,,VENTURA,OXNARD,-119.19470977783203,34.202888488769531
85140533,2026,2026-04-22,5600,2026-03-17,1303,5495,,2,5,2,5603,0,0,0,,0,1B01,CREEK RD,SADDLE LN,0.00,,Y,A,-,N,,,,,,,,,,N,3,0,1,2,A,-,08,22107,,N,B,G,A,A,H,-,A,A,0,,Y,,,Y,,D,22,0,1,0,0,0,0,1,0,0,- ,- ,34.437698364257812,-119.24817657470703,VENTURA,OJAI,-119.24803924560547,34.437698364257812
85155776,2026,2026-04-30,5600,2026-03-28,1940,4455,,6,5,3,5602,0,0,0,,0,6B01,RIVER ST,WILLOW ST,340.00,W,N,A,-,N,,,,,,,,,,N,3,0,1,2,A,-,09,21804,A,N,D,G,A,A,H,-,B,D,0,,Y,,,Y,,L,04,0,1,0,0,0,0,1,0,0,- ,- ,34.394840240478516,-118.91391754150391,VENTURA,FILLMORE,,
85172007,2026,2026-05-14,5604,2026-03-12,1940,5597,,4,5,6,5604,0,0,0,,0,014,E ESPLANADE DR,VINEYARD AVE,0.00,,-,B,-,N,,,,,,,,,,N,2,0,1,2,D,-,00,,,N,H,G,A,A,H,-,A,A,0,,Y,,,Y,,-,- ,1,0,0,0,0,0,1,0,0,- ,- ,,,VENTURA,OXNARD,-119.17465972900391,34.229995727539062
8517939,2017,2017-12-26,5609,2017-11-27,0628,310,120,1,5,6,5609,0,0,0,,0,001,AGNEW ST,1ST ST,9.00,E,N,B,-,N,,,,,,,,,,N,3,0,1,2,D,-,00,,,N,G,B,B,A,H,-,C,A,0,Y,,,,Y,,-,- ,0,1,0,0,1,0,0,0,0,- ,- ,,,VENTURA,SIMI VALLEY,-118.77894058,34.27680368
8518408,2017,2017-12-20,5600,2017-12-02,0951,4863,9001,6,5,6,5607,0,0,0,,0,09A,OLSEN RD,CAMPUS DR,10.00,E,N,A,-,N,,,,,,,,,,N,4,0,1,2,A,-,10,21950,A,N,G,B,B,A,H,-,A,A,0,Y,,,,Y,,A,01,0,0,1,0,1,0,0,0,0,- ,- ,,,VENTURA,THOUSAND OAKS,-118.88136747999999,34.225044820000001
85189444,2026,2026-05-27,5604,2026-03-18,851 ,5817,,3,5,6,5604,0,0,0,,0,011,N OXNARD BLVD,W ROBERT AVE,125.00,S,-,A,-,N,,,,,,,,,,N,3,0,1,2,A,-,07,21658,A,N,H,G,A,A,H,-,A,D,0,,Y,,,Y,,L,04,0,1,0,0,0,0,1,0,0,- ,- ,,,VENTURA,OXNARD,-119.17733001708984,34.210857391357422
8519967,2017,2018-01-04,5600,2017-12-12,1540,3852,9028,2,5,6,5607,0,0,0,,0,9B01,AVENIDA DE LOS ARBOLES,OAKBROOK DR,20.00,W,N,A,-,N,,,,,,,,,,N,3,0,2,3,A,-,10,21950,A,N,G,B,B,A,H,-,A,A,0,Y,,,,Y,,A,07,0,2,0,0,2,0,0,0,0,- ,- ,,,VENTURA,THOUSAND OAKS,-118.84530579,34.211444870000001
8521043,2017,2018-01-05,5609,2017-12-01,2058,437,,5,5,6,5609,0,0,0,,0,004,EAST COCHRAN ST,ERRINGER RD,15.00,E,N,A,-,N,,,,,,,,,,Y,2,0,2,3,A,-,10,21950,A,N,G,B,B,A,H,-,C,B,0,Y,,,,Y,,A,01,2,0,0,0,2,0,0,0,0,- ,- ,,,VENTURA,SIMI VALLEY,-118.76135042,34.27901
8523024,2017,2018-01-12,5608,2017-12-17,1753,492,VENTU,7,5,6,5608,0,0,0,,0,001,EAST THOMPSON BL,BORCHARD DR,0.00,,N,A,-,N,,,,,,,,,,Y,3,0,1,2,A,-,11,21955,,N,G,B,D,A,H,-,C,D,0,Y,,,,Y,,N,60,0,1,0,0,1,0,0,0,0,- ,- ,34.272399999999998,-119.2607,VENTURA,VENTURA,-119.26030986000001,34.272370039999998
8525272,2017,2018-01-13,5600,2017-12-21,1632,4045,9124,4,5,6,5607,0,0,0,,0,9C01,BORCHARD DR,CAROB DR,359.00,W,N,A,-,N,,,,,,,,,,N,3,0,1,2,A,-,09,21804,A,N,H,G,A,A,H,-,A,D,0,,Y,,,Y,,L,04,0,1,0,0,0,0,1,0,0,- ,- ,,,VENTURA,THOUSAND OAKS,-118.93041239999999,34.180262650000003
8525537,2017,2018-01-11,5600,2017-12-02,1840,2833,9114,6,5,6,5607,0,0,0,,0,09C,BORCHARD RD,WENDY DR,4.00,W,N,A,-,N,,,,,,,,,,Y,2,0,1,2,A,-,11,21954,A,N,G,B,B,A,H,-,C,A,0,Y,,,,Y,,N,60,1,0,0,0,1,0,0,0,0,- ,- ,,,VENTURA,THOUSAND OAKS,-118.94416234000001,34.179333909999997
8526528,2017,2018-07-09,5606,2017-11-03,1835,1110,5606,5,5,4,5606,0,0,0,,0,002,RT 150,HIGH ST,6.00,N,N,A,-,Y,VEN,7,150,-,-,33.430,I,5,W,N,3,0,1,2,A,-,10,21950,A,N,G,B,B,A,H,-,C,D,0,Y,,,,Y,,D,22,0,1,0,0,1,0,0,0,0,- ,- ,,,VENTURA,SANTA PAULA,-119.06164803,34.363148539999997
8526782,2017,2018-01-11,5606,2017-11-08,0726,1024,5606,3,5,4,5606,0,0,0,,0,001,PALM AV,SANTA PAULA E ST,10.00,S,N,A,-,N,,,,,,,,,,N,3,0,1,2,A,-,10,21950,A,N,G,B,B,A,H,-,A,D,0,Y,,,,Y,,A,01,0,1,0,0,1,0,0,0,0,- ,- ,,,VENTURA,SANTA PAULA,-119.07328836000001,34.353564310000003
8526786,2017,2018-01-11,5606,2017-11-03,1220,1065,0560,5,5,4,5606,0,0,0,,0,001,MAIN ST,DEAN DR,5.00,W,N,A,-,N,,,,,,,,,,N,3,0,1,2,A,-,10,21950,A,N,G,B,B,A,H,-,A,A,0,Y,,,,Y,Y,A,01,0,1,0,0,1,0,0,0,0,- ,- ,,,VENTURA,SANTA PAULA,-119.07704543,34.348565059999999
8529848,2017,2018-01-16,5608,2017-12-20,0843,451,,3,5,6,5608,0,0,0,,0,004,CRYSTAL PL,GARNET AV,11.00,E,N,B,-,N,,,,,,,,,,N,3,0,1,2,A,-,10,21952,,N,G,B,F,A,H,-,A,D,0,Y,,,,Y,,-,,0,1,0,0,1,0,0,0,0,- ,- ,,,VENTURA,VENTURA,-119.18663884999999,34.271804420000002
8530441,2017,2018-01-19,5600,2017-12-24,1157,4466,9071,7,5,6,5607,0,0,0,,0,04B,WESTLAKE BL,LANG RANCH PKWY,0.00,,Y,A,-,N,,,,,,,,,,N,4,0,1,2,A,-,09,21801,A,N,H,G,A,A,H,-,A,D,0,,Y,,,Y,,A,01,0,0,1,0,0,0,1,0,0,- ,- ,,,VENTURA,THOUSAND OAKS,-118.82340007000001,34.211590080000001
8530453,2017,2018-01-19,5600,2017-12-11,0615,5005,6011,1,5,3,5602,0,0,0,,0,6A01,LANDEROS LN,A ST,0.00,,Y,A,-,N,,,,,,,,,,N,4,0,1,2,A,-,10,21950,A,N,G,B,B,A,H,-,A,A,0,Y,,,,Y,,A,01,0,0,1,0,1,0,0,0,0,- ,- ,,,VENTURA,FILLMORE,-118.91842961,34.399274650000002
8530457,2017,2018-01-19,5600,2017-12-16,1514,4615,8104,6,5,5,5601,0,0,0,,0,08B,CARMEN DR,DAILY DR,8.00,N,N,A,-,N,,,,,,,,,,N,2,0,1,2,A,-,05,21650,,N,D,G,A,A,H,-,A,A,0,,Y,,,Y,,L,04,1,0,0,0,0,0,1,0,0,- ,- ,34.219380000000001,-119.05092999999999,VENTURA,CAMARILLO,-119.05075805,34.219281899999999
8530783,2018,2018-01-30,5609,2018-01-02,0853,310,511,2,5,6,5609,0,0,0,,0,005,LOS ANGELES AV,TAPO CANYON RD,36.00,W,N,A,-,N,,,,,,,,,,N,3,0,2,2,A,-,07,21658,A,N,D,G,A,A,H,-,A,A,0,,Y,,,Y,,L,04,0,2,0,0,0,0,1,0,0,- ,- ,34.271629333496094,-118.71752166748047,VENTURA,SIMI VALLEY,-118.71744537353516,34.271671295166016
8531107,2018,2018-01-25,5609,2018-01-06,1653,437,,6,5,6,5609,0,0,0,,0,005,ALAMO ST,TAPO ST,380.00,E,N,A,-,N,,,,,,,,,,N,3,0,1,2,A,-,05,21650,,N,H,G,A,A,H,-,A,D,0,,Y,,,Y,Y,L,04,0,1,0,0,0,0,1,0,0,- ,- ,34.286289215087891,-118.70899963378906,VENTURA,SIMI VALLEY,-118.70769500732422,34.286319732666016
8531318,2016,2018-04-23,5604,2016-11-13,1657,5435,,7,5,6,5604,0,0,0,,0,011,C ST,FERNWOOD DR,0.00,,Y,A,-,N,,,,,,,,,,N,3,0,3,4,A,-,10,21950,A,N,G,B,D,A,H,-,A,D,0,Y,,,,Y,,A,01,0,1,2,0,3,0,0,0,0,- ,- ,34.213419999999999,-119.18116999999999,VENTURA,OXNARD,-119.18092006000001,34.213180090000002
8531354,2016,2018-04-24,5604,2016-10-05,0744,5189,,3,5,6,5604,0,0,0,,0,011,VENTURA RD,STONE CREEK DR,0.00,,Y,A,-,N,,,,,,,,,,N,3,0,1,2,A,-,10,21950,A,N,G,B,B,A,H,-,A,A,0,Y,,,,Y,,A,01,0,1,0,0,1,0,0,0,0,- ,- ,,,VENTURA,OXNARD,-119.19454001,34.23231011
8531728,2018,2018-01-17,5608,2018-01-01,0830,438,,1,5,6,5608,0,0,0,,0,002,THOMPSON BL,CHRISMAN AV,0.00,,Y,A,-,N,,,,,,,,,,N,4,0,1,2,A,-,21,22106,,F,H,G,A,A,H,-,A,D,0,,Y,,,Y,,-,,0,0,1,0,0,0,1,0,0,- ,- ,,,VENTURA,VENTURA,-119.27860260009766,34.2760009765625
8533724,2017,2018-01-19,5605,2017-12-26,1725,147,PATRO,2,5,3,5605,0,0,0,,0,002,VENTURA RD,PLEASANT VALLEY RD,232.00,N,N,A,-,N,,,,,,,,,,N,4,0,1,2,A,-,11,21954,A,N,B,B,D,A,H,-,C,A,0,Y,,,,Y,,N,60,0,0,1,0,1,0,0,0,0,- ,- ,,,VENTURA,PORT HUENEME,-119.19529745,34.155456200000003
8535236,2018,2018-01-23,5608,2018-01-05,1150,429,,5,5,6,5608,0,0,0,,0,004,VICTORIA AV,THILLE ST,0.00,,Y,B,-,N,,,,,,,,,,N,4,0,1,2,A,-,08,22107,A,N,G,B,A,A,H,-,A,A,0,,Y,,,Y,,-,,0,0,1,0,0,0,1,0,0,- ,- ,,,VENTURA,VENTURA,-119.21304321289062,34.268100738525391
8536423,2018,2018-01-22,5608,2018-01-09,1217,456,,2,5,6,5608,0,0,0,,0,003,TELEGRAPH RD,CLAREMONT WY,13.00,E,N,C,-,N,,,,,,,,,,N,4,0,1,2,A,-,10,21950,A,N,G,B,B,B,H,-,A,A,0,Y,,,,Y,,-,,0,0,1,0,1,0,0,0,0,- ,- ,,,VENTURA,VENTURA,-119.23397827148438,34.275135040283203
8536632,2018,2018-01-22,5608,2018-01-10,0812,430,,3,5,6,5608,0,0,0,,0,,MAIN ST,SEAWARD,0.00,,Y,A,-,N,,,,,,,,,,N,3,0,1,2,A,-,08,22107,,N,D,G,A,A,H,-,A,A,0,,Y,,,Y,,A,01,0,1,0,0,0,0,1,0,0,- ,- ,,,VENTURA,VENTURA,-119.26526641845703,34.276500701904297
8536640,2018,2018-01-22,5608,2018-01-12,1844,497,,5,5,6,5608,0,0,0,,0,004,TELEPHONE RD,VICTORIA AV,115.00,W,N,A,-,N,,,,,,,,,,N,3,0,1,2,A,-,10,21952,,N,A,B,C,A,H,-,B,A,0,Y,,,,Y,,-,,0,1,0,0,1,0,0,0,0,- ,- ,,,VENTURA,VENTURA,-119.21293640136719,34.265396118164062
8541123,2018,2018-02-01,5608,2018-01-13,0859,459,5608,6,5,6,5608,0,0,0,,0,001,NORTH VENTURA AV,W HARRISON AV,0.00,,Y,A,-,N,,,,,,,,,,N,3,0,1,2,D,-,00,,,N,G,G,B,A,H,-,A,D,0,Y,,,,Y,,-,- ,0,1,0,0,1,0,0,0,0,- ,- ,,,VENTURA,VENTURA,-119.29942321777344,34.286048889160156
8545160,2018,2018-02-08,5600,2018-01-17,1611,4615,8135,3,5,5,5601,0,0,0,,0,08C,LAS POSAS RD,PONDEROSA DR,494.00,E,N,A,-,N,,,,,,,,,,N,3,0,1,2,A,-,05,21650,1,N,D,G,A,A,H,-,A,D,0,,Y,,,Y,,L,04,0,1,0,0,0,0,1,0,0,- ,- ,34.241039276123047,-119.02071380615234,VENTURA,CAMARILLO,,
8545176,2018,2018-02-08,5608,2018-01-19,1053,438,,5,5,6,5608,0,0,0,,0,003,TELEGRAPH RD,ESTATES AV,0.00,,Y,A,-,N,,,,,,,,,,N,4,0,1,2,A,-,08,22107,,N,G,B,B,A,H,-,A,A,0,Y,,,,Y,,A,01,0,0,1,0,1,0,0,0,0,- ,- ,,,VENTURA,VENTURA,-119.23068237304688,34.275619506835938
8554648,2016,2018-04-30,5604,2016-01-07,1132,4959,,4,5,6,5604,0,0,0,,0,042,BARD RD,ANCHORAGE ST,50.00,S,N,B,-,N,,,,,,,,,,N,4,0,1,2,A,-,10,21950,A,N,D,B,C,A,H,-,A,A,0,Y,,,,Y,,A,01,0,0,1,0,1,0,0,0,0,- ,- ,34.161700000000003,-119.16225,VENTURA,OXNARD,,
8554680,2016,2018-04-30,5604,2016-01-04,1950,5311,,1,5,6,5604,0,0,0,,0,022,5TH ST,F ST,0.00,,Y,B,-,N,,,,,,,,,,N,2,0,1,2,A,-,11,21954,A,N,B,B,E,A,H,-,C,D,0,Y,,,,Y,Y,N,60,1,0,0,0,1,0,0,0,0,- ,- ,34.197719999999997,-119.18514,VENTURA,OXNARD,-119.18514012999999,34.197730120000003
8554689,2016,2018-04-26,5604,2016-02-19,0745,5468,,5,5,6,5604,0,0,0,,0,041,SAVIERS RD,CHANNEL ISLANDS BL,150.00,S,N,A,-,N,,,,,,,,,,N,4,0,1,2,A,-,10,21950,A,N,G,B,C,A,H,-,A,D,0,Y,,,,Y,,A,07,0,0,1,0,1,0,0,0,0,- ,- ,34.173400000000001,-119.17755,VENTURA,OXNARD,-119.17766,34.173028299999999
8554699,2016,2018-04-27,5604,2016-08-28,2228,5472,,7,5,6,5604,0,0,0,,0,042,HUENEME RD,SAVIERS RD,0.00,,Y,A,-,N,,,,,,,,,,N,4,0,1,2,A,-,10,21950,A,F,C,B,E,A,H,-,C,A,0,Y,,,,Y,,-,99,0,0,1,0,1,0,0,0,0,- ,- ,34.147449999999999,-119.17948,VENTURA,OXNARD,-119.17792005,34.147510060000002
8554710,2016,2018-04-26,5604,2016-02-23,0730,5039,,2,5,6,5604,0,0,0,,0,032,OLIVE ST,GISLER AV,0.00,,Y,A,-,N,,,,,,,,,,N,4,0,1,2,A,-,10,21950,A,M,G,B,B,A,H,-,A,A,0,Y,,,,Y,,A,01,0,0,1,0,1,0,0,0,0,- ,- ,,,VENTURA,OXNARD,-119.17225003,34.175000050000001
8554766,2016,2018-04-23,5604,2016-02-15,1900,5471,,1,5,6,5604,0,0,0,,0,022,VENTURA RD,WOOLEY RD,0.00,,Y,A,-,N,,,,,,,,,,N,4,0,1,2,A,-,05,21650,1,N,A,G,A,A,H,-,C,A,0,,Y,,,Y,,L,04,0,0,1,0,0,0,1,0,0,- ,- ,34.190089999999998,-119.19488,VENTURA,OXNARD,-119.19512013000001,34.190300069999999
8554779,2016,2018-04-23,5604,2016-02-17,1805,4751,,3,5,6,5604,0,0,0,,0,022,K ST,5TH ST,0.00,,Y,C,-,N,,,,,,,,,,N,2,0,1,2,A,-,11,21461,5,N,G,B,B,B,H,-,C,A,0,Y,,,,Y,,N,60,1,0,0,0,1,0,0,0,0,- ,- ,34.197769999999998,-119.19168000000001,VENTURA,OXNARD,-119.19168012,34.197850090000003
8554810,2016,2018-04-24,5604,2016-11-30,1849,5486,,3,5,6,5604,0,0,0,,0,024,HEMLOCK ST,M ST,10.00,W,N,A,-,N,,,,,,,,,,Y,3,0,1,2,A,-,11,21954,A,N,G,B,D,A,H,-,C,A,0,Y,,,,Y,Y,N,60,0,1,0,0,1,0,0,0,0,- ,- ,,,VENTURA,OXNARD,-119.19074302999999,34.181100000000001
8554814,2016,2018-06-21,5604,2016-11-30,1836,5474,,3,5,6,5604,0,0,0,,0,012,RT 232,VENTURA BL,500.00,N,N,A,-,Y,VEN,7,232,-,-,0.670,H,-,N,N,4,0,1,2,A,-,09,21804,A,N,D,G,A,A,G,-,C,D,0,,Y,,,Y,,A,01,0,0,1,0,0,0,1,0,0,- ,- ,34.23348,-119.16976,VENTURA,OXNARD,-119.1712342,34.234649619999999
8554822,2016,2018-04-24,5604,2016-11-11,1511,5294,,5,5,6,5604,0,0,0,,0,011,VINEYARD AV,VENTURA RD,0.00,,Y,A,-,N,,,,,,,,,,N,3,0,1,2,A,-,05,21650,1,N,D,G,A,A,H,-,A,A,0,,Y,,,Y,,L,04,0,1,0,0,0,0,1,0,0,- ,- ,34.22936,-119.19444,VENTURA,OXNARD,-119.19457007,34.22942011
8554863,2016,2018-04-25,5604,2016-08-19,2104,5360,,5,5,6,5604,0,0,0,,0,042,SAVIERS RD,DOLLIE ST,200.00,N,N,A,-,N,,,,,,,,,,N,3,0,1,2,A,-,17,22517,,N,A,G,A,A,H,-,C,A,0,,Y,,,Y,,A,01,0,1,0,0,0,0,1,0,0,- ,- ,34.158009999999997,-119.17807999999999,VENTURA,OXNARD,-119.17780438,34.157898779999996