CASE_ID,ACCIDENT_YEAR,PROC_DATE,JURIS,COLLISION_DATE,COLLISION_TIME,OFFICER_ID,REPORTING_DISTRICT,DAY_OF_WEEK,CHP_SHIFT,POPULATION,CNTY_CITY_LOC,SPECIAL_COND,BEAT_TYPE,CHP_BEAT_TYPE,CITY_DIVISION_LAPD,CHP_BEAT_CLASS,BEAT_NUMBER,PRIMARY_RD,SECONDARY_RD,DISTANCE,DIRECTION,INTERSECTION,WEATHER_1,WEATHER_2,STATE_HWY_IND,CALTRANS_COUNTY,CALTRANS_DISTRICT,STATE_ROUTE,ROUTE_SUFFIX,POSTMILE_PREFIX,POSTMILE,LOCATION_TYPE,RAMP_INTERSECTION,SIDE_OF_HWY,TOW_AWAY,COLLISION_SEVERITY,NUMBER_KILLED,NUMBER_INJURED,PARTY_COUNT,PRIMARY_COLL_FACTOR,PCF_CODE_OF_VIOL,PCF_VIOL_CATEGORY,PCF_VIOLATION,PCF_VIOL_SUBSECTION,HIT_AND_RUN,TYPE_OF_COLLISION,MVIW,PED_ACTION,ROAD_SURFACE,ROAD_COND_1,ROAD_COND_2,LIGHTING,CONTROL_DEVICE,CHP_ROAD_TYPE,PEDESTRIAN_ACCIDENT,BICYCLE_ACCIDENT,MOTORCYCLE_ACCIDENT,TRUCK_ACCIDENT,NOT_PRIVATE_PROPERTY,ALCOHOL_INVOLVED,STWD_VEHTYPE_AT_FAULT,CHP_VEHTYPE_AT_FAULT,COUNT_SEVERE_INJ,COUNT_VISIBLE_INJ,COUNT_COMPLAINT_PAIN,COUNT_PED_KILLED,COUNT_PED_INJURED,COUNT_BICYCLIST_KILLED,COUNT_BICYCLIST_INJURED,COUNT_MC_KILLED,COUNT_MC_INJURED,PRIMARY_RAMP,SECONDARY_RAMP,LATITUDE,LONGITUDE,COUNTY,CITY,POINT_X,POINT_Y
8554865,2016,2018-04-25,5604,2016-08-20,1327,5311,,6,5,6,5604,0,0,0,,0,024,S C ST,WOOLEY RD,10.00,W,N,A,-,N,,,,,,,,,,N,4,0,1,2,B,-,22,,,F,G,B,F,A,H,-,A,C,0,Y,,,,Y,,A,01,0,0,1,0,1,0,0,0,0,- ,- ,34.189729999999997,-119.18074,VENTURA,OXNARD,,
8554871,2016,2018-04-25,5604,2016-08-18,1633,4950,,4,5,6,5604,0,0,0,,0,024,LAUREL ST,K ST,0.00,,Y,A,-,N,,,,,,,,,,N,3,0,1,2,A,-,10,21950,A,N,G,B,D,A,H,-,A,D,0,Y,,,,Y,,A,01,0,1,0,0,1,0,0,0,0,- ,- ,34.176340000000003,-119.18817,VENTURA,OXNARD,-119.18813013,34.176390050000002
8554875,2016,2018-04-25,5604,2016-08-17,2030,4531,,3,5,6,5604,0,0,0,,0,012,GONZALES RD,WILLIAMS DR,0.00,,Y,A,-,N,,,,,,,,,,N,4,0,1,2,A,-,10,21950,A,F,G,B,B,A,H,-,A,A,0,Y,,,,Y,,-,99,0,0,1,0,1,0,0,0,0,- ,- ,34.216349999999998,-119.1559,VENTURA,OXNARD,-119.15392014,34.218940119999999
8554900,2016,2018-04-25,5604,2016-11-15,2019,5473,,2,5,6,5604,0,0,0,,0,022,7TH ST,I ST,30.00,W,N,A,-,N,,,,,,,,,,N,4,0,1,2,A,-,10,21950,A,N,G,B,B,A,H,-,C,D,0,Y,,,,Y,,A,01,0,0,1,0,1,0,0,0,0,- ,- ,34.19511,-119.18850999999999,VENTURA,OXNARD,-119.19013906000001,34.19521211
8554904,2016,2018-04-24,5604,2016-11-29,0733,4610,,2,5,6,5604,0,0,0,,0,011,BERYL AV,GONZALES RD,5.00,S,N,A,-,N,,,,,,,,,,N,3,0,1,2,A,-,05,21650,1,N,D,G,A,A,H,-,A,A,0,,Y,,,Y,,L,04,0,1,0,0,0,0,1,0,0,- ,- ,34.219349999999999,-119.20473,VENTURA,OXNARD,-119.20473,34.219416279999997
8554950,2016,2018-06-07,5604,2016-11-03,0650,5064,,4,5,6,5604,0,0,0,,0,,RT 232,RT 101,0.00,,Y,A,-,Y,VEN,7,101,-,-,22.180,R,1,S,N,4,0,1,2,A,-,11,21461,5,N,G,B,B,A,H,-,A,A,0,Y,,,,Y,,N,60,0,0,1,0,1,0,0,0,0,- ,SF,,,VENTURA,OXNARD,-119.17505226,34.233876539999997
8554963,2016,2018-05-02,5604,2016-12-19,2013,5403,,1,5,6,5604,0,0,0,,0,024,SAVIERS RD,CHANNEL ISLANDS BL,245.00,N,N,A,-,N,,,,,,,,,,N,4,0,1,2,A,-,- ,,,N,B,G,A,A,H,-,C,D,0,,Y,,,Y,,L,04,0,0,1,0,0,0,1,0,0,- ,- ,,,VENTURA,OXNARD,-119.17764,34.174112219999998
8554987,2016,2018-05-02,5604,2016-12-24,1857,5434,,6,5,6,5604,0,0,0,,0,014,OXNARD BL,ESPLANADE DR,0.00,,Y,A,-,N,,,1,,,,,,,N,4,0,1,2,A,-,10,21950,A,N,G,B,B,A,H,-,C,A,0,Y,,,,Y,,A,01,0,0,1,0,1,0,0,0,0,- ,- ,34.236519999999999,-119.18000000000001,VENTURA,OXNARD,-119.18038776,34.236415389999998
8555010,2016,2018-05-02,5604,2016-10-03,0753,4907,,1,5,6,5604,0,0,0,,0,042,PLEASANT VALLEY RD,J ST,0.00,,Y,A,-,N,,,,,,,,,,N,3,0,1,2,A,-,05,21650,1,N,D,G,A,A,H,-,A,A,0,,Y,,,Y,,L,04,0,1,0,0,0,0,1,0,0,- ,- ,34.154760000000003,-119.18611,VENTURA,OXNARD,-119.18611007,34.154780090000003
8555069,2016,2018-04-26,5604,2016-03-21,1545,4795,,1,5,6,5604,0,0,0,,0,041,SAVIERS RD,BARD RD,0.00,,Y,A,-,N,,,,,,,,,,,4,0,1,2,A,-,17,21208,,N,D,G,A,A,H,-,A,A,0,,Y,,,Y,,L,04,0,0,1,0,0,0,1,0,0,- ,- ,,,VENTURA,OXNARD,-119.17778011,34.161000020000003
8555095,2016,2018-04-30,5604,2016-04-21,0750,5472,,4,5,6,5604,0,0,0,,0,031,ANITA AV,COLONIA RD,0.00,,Y,A,-,N,,,,,,,,,,N,4,0,1,2,A,-,10,21950,A,N,G,B,D,A,H,-,A,D,0,Y,,,,Y,,A,01,0,0,1,0,1,0,0,0,0,- ,- ,34.203470000000003,-119.17301999999999,VENTURA,OXNARD,-119.16958008,34.206400070000001
8555110,2016,2018-04-30,5604,2016-04-16,1644,5428,,6,5,6,5604,0,0,0,,0,024,IRIS ST,VENTURA RD,0.00,,Y,A,-,N,,,,,,,,,,N,4,0,1,2,A,-,05,21650,1,N,D,G,A,A,H,-,A,A,0,,Y,,,Y,,L,04,0,0,1,0,0,0,1,0,0,- ,- ,34.180370000000003,-119.19494,VENTURA,OXNARD,-119.19488002999999,34.180370099999998
8557467,2016,2018-05-03,5604,2016-12-09,1632,5417,,5,5,6,5604,0,0,0,,0,022,K ST,5TH ST,100.00,S,N,A,-,N,,,,,,,,,,N,4,0,1,2,A,-,09,21804,A,N,G,G,A,A,H,-,A,A,0,,Y,,,Y,,L,04,0,0,1,0,0,0,1,0,0,- ,- ,34.197769999999998,-119.19168000000001,VENTURA,OXNARD,-119.19168174000001,34.197575540000003
8557469,2016,2018-05-03,5604,2016-12-13,1941,5459,,2,5,6,5604,0,0,0,,0,022,2ND ST,F ST,0.00,,Y,A,-,N,,,,,,,,,,N,3,0,1,2,A,-,10,21950,A,N,G,B,D,A,H,-,C,D,0,Y,,,,Y,,A,07,0,1,0,0,1,0,0,0,0,- ,- ,34.201689999999999,-119.18510000000001,VENTURA,OXNARD,-119.18510003,34.20169001
8557472,2016,2018-05-03,5604,2016-09-22,0521,5005,,4,5,6,5604,0,0,0,,0,031,ROSE AV,EASTMAN AV,0.00,,Y,A,-,N,,,,,,,,,,N,4,0,1,2,A,-,11,21461,5,N,G,B,B,A,H,-,C,A,0,Y,,,,Y,,N,60,0,0,1,0,1,0,0,0,0,- ,- ,34.19829,-119.15976000000001,VENTURA,OXNARD,-119.15988002,34.198300000000003
8557484,2016,2018-05-02,5604,2016-09-25,2040,5473,,7,5,6,5604,0,0,0,,0,041,BARD RD,J ST,0.00,,Y,A,-,N,,,,,,,,,,,4,0,1,2,A,-,10,21950,A,N,G,B,B,A,H,-,C,D,0,Y,,,,Y,,A,01,0,0,1,0,1,0,0,0,0,- ,- ,34.161070000000002,-119.18603,VENTURA,OXNARD,-119.18603002,34.161080040000002
8557496,2016,2018-05-02,5604,2016-09-23,1841,5433,,5,5,6,5604,0,0,0,,0,024,CHANNEL ISLANDS BL,SAVIERS RD,300.00,W,N,A,-,N,,,,,,,,,,N,3,0,1,2,A,-,09,21801,A,N,D,G,A,A,H,-,B,D,0,,Y,,,Y,,L,04,0,1,0,0,0,0,1,0,0,- ,- ,34.173609999999996,-119.17796,VENTURA,OXNARD,-119.17864976,34.173436420000002
8557596,2016,2018-04-30,5604,2016-04-29,1622,5151,,5,5,6,5604,0,0,0,,0,041,SAVIERS RD,CHANNEL ISLAND BL,500.00,S,N,A,-,N,,,,,,,,,,N,4,0,1,2,B,-,22,,,N,G,B,D,A,H,-,A,D,0,Y,,,,Y,,A,01,0,0,1,0,1,0,0,0,0,- ,- ,34.176450000000003,-119.17983,VENTURA,OXNARD,-119.17766623,34.172067679999998
8557624,2016,2018-05-03,5604,2016-09-11,0920,5359,,7,5,6,5604,0,0,0,,0,012,VENTURA BL,ALVARADO ST,0.00,,Y,A,-,N,,,,,,,,,,N,3,0,1,2,A,-,10,21950,A,N,G,B,B,A,H,-,A,D,0,Y,,,,Y,,A,01,0,1,0,0,1,0,0,0,0,- ,- ,34.227339999999998,-119.16585000000001,VENTURA,OXNARD,-119.16586006999999,34.227360019999999
8557635,2016,2018-04-27,5604,2016-08-12,2125,4721,,5,5,6,5604,0,0,0,,0,014,OXNARD BL,RT 101,75.00,W,N,A,-,Y,VEN,7,101,-,-,22.556,R,4,S,N,4,0,1,2,A,-,11,21950,B,N,G,B,B,A,H,-,C,A,0,Y,,,,Y,,N,60,0,0,1,0,1,0,0,0,0,- ,- ,34.239220000000003,-119.18115,VENTURA,OXNARD,-119.17888787,34.238037200000001
8557729,2016,2018-05-02,5604,2016-07-25,1517,5342,,1,5,6,5604,0,0,0,,0,032,ROSE AV,EMERSON AV,0.00,,Y,A,-,N,,,,,,,,,,N,3,0,1,2,A,-,05,21650,1,N,D,G,A,A,H,-,A,A,0,,Y,,,Y,,L,04,0,1,0,0,0,0,1,0,0,- ,- ,34.182569999999998,-119.15994999999999,VENTURA,OXNARD,-119.16005002,34.182550040000002
8557740,2016,2018-06-01,5604,2016-07-14,2222,5214,,4,5,6,5604,0,0,0,,0,012,GONZALES RD,OXNARD BL,150.00,E,N,A,-,N,,,1,,,,,,,N,3,0,1,2,D,-,00,,,F,G,B,E,A,H,-,C,D,0,Y,,,,Y,,-,- ,0,1,0,0,1,0,0,0,0,- ,- ,34.219059999999999,-119.17718000000001,VENTURA,OXNARD,-119.17725228,34.21906165
8557753,2016,2018-05-24,5604,2016-07-31,1510,5181,,7,5,6,5604,0,0,0,,0,022,ONTARIO ST,WOOLEY RD,5.00,N,N,A,-,N,,,,,,,,,,N,2,0,1,2,A,-,05,21650,1,N,A,G,A,A,H,-,A,A,0,,Y,,,Y,,L,04,1,0,0,0,0,0,1,0,0,- ,- ,34.19032,-119.19511,VENTURA,OXNARD,-119.19617965,34.190373719999997
8560234,2018,2018-02-23,5608,2018-02-15,0721,493,,4,5,6,5608,0,0,0,,0,002,E MAIN ST,BORCHARD DR,0.00,,Y,A,-,N,,,,,,,,,,N,4,0,1,2,A,-,09,21801,A,N,G,G,A,A,H,-,A,A,0,,Y,,,Y,,A,01,0,0,1,0,0,0,1,0,0,- ,- ,,,VENTURA,VENTURA,-119.25974273681641,34.273578643798828
8560244,2018,2018-02-27,5609,2018-01-24,1631,437,,3,5,6,5609,0,0,0,,0,002,VISTA LAGO DR,MADERA RD,21.00,S,N,A,-,N,,,,,,,,,,N,4,0,1,2,A,-,11,21950,B,N,G,B,B,A,H,-,A,A,0,Y,,,,Y,,N,60,0,0,1,0,1,0,0,0,0,- ,- ,,,VENTURA,SIMI VALLEY,,
8560342,2017,2018-02-28,5608,2017-11-21,2500,449,,2,5,6,5608,0,0,0,,0,004,VICTORIA AV,WOODLAND AV,100.00,N,N,A,-,N,,,,,,,,,,N,3,0,1,2,A,-,08,22107,,F,G,B,F,A,H,-,C,D,0,Y,,,,Y,,-,,0,1,0,0,1,0,0,0,0,- ,- ,,,VENTURA,VENTURA,-119.21466692,34.275840379999998
8562016,2018,2018-02-26,5608,2018-02-13,1431,282,VENTU,2,5,6,5608,0,0,0,,0,003,DAY RD,TELEGRAPH RD,0.00,,Y,A,-,N,,,,,,,,,,N,3,0,1,2,A,-,09,21801,A,N,D,G,A,A,H,-,A,A,0,,Y,,,Y,,-,,0,1,0,0,0,0,1,0,0,- ,- ,,,VENTURA,VENTURA,-119.22653961181641,34.276298522949219
8563682,2018,2018-03-02,5608,2018-02-13,1525,463,,2,5,6,5608,0,0,0,,0,002,SEAWARD AV,OCEAN AV,0.00,,Y,A,-,N,,,,,,,,,,N,3,0,1,2,A,-,09,21801,A,N,D,G,A,A,H,-,A,A,0,,Y,,,Y,,-,,0,1,0,0,0,0,1,0,0,- ,- ,,,VENTURA,VENTURA,-119.26699829101562,34.271541595458984
8563759,2018,2018-03-02,5608,2018-02-19,0832,463,,1,5,6,5608,0,0,0,,0,002,HARBOR BL,OYSTER ST,161.00,S,N,A,-,N,,,,,,,,,,N,3,0,1,2,A,-,17,21209,A,N,-,G,A,A,H,-,A,D,0,,Y,,,Y,,-,,0,1,0,0,0,0,1,0,0,- ,- ,,,VENTURA,VENTURA,-119.26164245605469,34.258094787597656
8566027,2018,2018-03-05,5600,2018-02-15,0814,2110,9118,4,5,6,5607,0,0,0,,0,09C,URBANA AV,THERESA ST,11.00,N,N,B,-,N,,,,,,,,,,N,3,0,1,2,A,-,08,22107,,M,H,G,A,A,H,-,A,D,0,,Y,,,Y,,A,01,0,1,0,0,0,0,1,0,0,- ,- ,,,VENTURA,THOUSAND OAKS,-118.93213653564453,34.180145263671875
8571045,2016,2018-04-24,5604,2016-10-14,1452,5412,,5,5,6,5604,0,0,0,,0,023,OXNARD BL,OXNARD BL 440,50.00,E,N,A,-,N,,,1,,,,,,,N,3,0,2,3,B,-,22,,,N,G,B,F,A,H,-,A,D,0,Y,,,,Y,,A,01,0,1,1,0,2,0,0,0,0,- ,- ,34.198259999999998,-119.17655999999999,VENTURA,OXNARD,-119.1773347,34.198271030000001
8571047,2016,2018-04-25,5604,2016-10-20,0810,5064,,4,5,6,5604,0,0,0,,0,014,GONZALES RD,LANTANA ST,100.00,E,N,A,-,N,,,,,,,,,,N,4,0,1,2,A,-,08,22107,,N,D,B,E,A,H,-,A,D,0,Y,,,,Y,,A,01,0,0,1,0,1,0,0,0,0,- ,- ,,,VENTURA,OXNARD,-119.18991959,34.219239999999999
8571079,2016,2018-04-26,5604,2016-10-24,1912,4674,,1,5,6,5604,0,0,0,,0,042,BARD RD,TERRACE AV,150.00,W,N,A,-,N,,,,,,,,,,N,3,0,1,2,A,-,05,21650,1,N,C,G,A,-,H,-,C,C,0,,Y,,,Y,,L,04,0,1,0,0,0,0,1,0,0,- ,- ,34.162260000000003,-119.16547,VENTURA,OXNARD,-119.16599345,34.162254750000002
8571125,2016,2018-04-27,5604,2016-04-08,1949,5160,,5,5,6,5604,0,0,0,,0,023,9TH ST,C ST,0.00,,Y,A,-,N,,,,,,,,,,N,4,0,1,2,A,-,05,21650,1,F,D,G,A,A,A,-,C,A,0,,Y,,,Y,,L,04,0,0,1,0,0,0,1,0,0,- ,- ,34.192439999999998,-119.18156,VENTURA,OXNARD,-119.18117004,34.192460079999996
8571135,2016,2018-05-01,5604,2016-04-14,0640,4957,,4,5,6,5604,0,0,0,,0,012,SANTA CLARA AV,VENTURA BL,0.00,,Y,A,-,N,,,,,,,,,,N,3,0,1,2,A,-,12,21453,A,N,D,G,A,A,H,-,B,A,0,,Y,,,Y,,-,99,0,1,0,0,0,0,1,0,0,- ,- ,34.22504,-119.13992,VENTURA,OXNARD,-119.13995006,34.225070019999997
8571140,2016,2018-05-01,5604,2016-05-09,1821,5417,,1,5,6,5604,0,0,0,,0,021,SOUTH VICTORIA AV,VIA PACIFICA WALK,200.00,N,N,A,-,N,,,,,,,,,,N,3,0,1,2,A,-,09,21804,A,N,D,G,A,A,H,-,A,A,0,,Y,,,Y,,A,01,0,1,0,0,0,0,1,0,0,- ,- ,34.190359999999998,-119.22123999999999,VENTURA,OXNARD,-119.22119125,34.189548860000002
8571149,2016,2018-04-26,5604,2016-04-12,0959,5176,,2,5,6,5604,0,0,0,,0,,C ST,MAYWOOD WY,0.00,,Y,A,-,N,,,,,,,,,,N,2,0,1,2,A,-,09,21802,A,N,D,G,A,A,A,-,A,A,0,,Y,,,Y,,L,04,1,0,0,0,0,0,1,0,0,- ,- ,34.17597,-119.18125000000001,VENTURA,OXNARD,-119.18126006,34.175990040000002
8571150,2016,2018-04-27,5604,2016-04-06,1255,5365,,3,5,6,5604,0,0,0,,0,014,SEAGULL WY,COLLECTION BL,15.00,N,N,A,-,N,,,,,,,,,,N,4,0,1,2,A,-,- ,,,N,D,G,A,A,H,-,A,A,0,,Y,,,Y,,L,04,0,0,1,0,0,0,1,0,0,- ,- ,34.240139999999997,-119.17582,VENTURA,OXNARD,-119.17603432999999,34.239958350000002
8571156,2016,2018-05-01,5604,2016-05-08,2500,5390,,7,5,6,5604,0,0,0,,0,031,GONZALES RD,OXNARD BL,0.00,,Y,A,-,N,,,1,,,,,,,Y,3,0,1,2,A,-,05,21650,1,N,A,G,A,A,H,-,A,A,0,,Y,,,Y,,L,04,0,1,0,0,0,0,1,0,0,- ,- ,34.219059999999999,-119.17718000000001,VENTURA,OXNARD,-119.17725228,34.21906165
8571209,2016,2018-05-03,5604,2016-12-11,1947,5459,,7,5,6,5604,0,0,0,,0,023,C ST,WOOLEY RD,0.00,,Y,A,-,N,,,,,,,,,,N,4,0,1,2,A,-,11,21950,B,N,G,B,B,A,H,-,C,A,0,Y,,,,Y,,N,60,0,0,1,0,1,0,0,0,0,- ,- ,34.19014,-119.18115,VENTURA,OXNARD,-119.18119014,34.190150090000003
8571214,2016,2018-05-03,5604,2016-12-08,1715,5491,,4,5,6,5604,0,0,0,,0,032,GISLER AV,GUAVA ST,100.00,S,N,A,-,N,,,,,,,,,,N,3,0,1,2,A,-,10,21950,A,F,G,B,D,A,H,-,C,D,0,Y,,,,Y,,-,99,0,1,0,0,1,0,0,0,0,- ,- ,,,VENTURA,OXNARD,-119.17162343,34.180816589999999
8571224,2016,2018-05-02,5604,2016-06-23,0914,5418,,4,5,6,5604,0,0,0,,0,014,VINEYARD AV,SAINT MARYS DR,100.00,N,N,B,-,N,,,,,,,,,,N,3,0,1,2,A,-,05,21650,1,N,B,G,A,A,H,-,A,D,0,,Y,,,Y,,L,04,0,1,0,0,0,0,1,0,0,- ,- ,34.228839999999998,-119.17619000000001,VENTURA,OXNARD,-119.17623664,34.227703660000003
8571225,2016,2018-05-02,5604,2016-07-01,2500,5422,,5,5,6,5604,0,0,0,,0,031,OXNARD BL,ROBERT AV,0.00,,Y,A,-,N,,,1,,,,,,,N,3,0,1,2,A,-,11,21954,A,N,G,B,D,A,H,-,C,A,0,Y,,,,Y,Y,N,60,0,1,0,0,1,0,0,0,0,- ,- ,34.211190000000002,-119.17722000000001,VENTURA,OXNARD,-119.17717437,34.211189470000001
8571231,2016,2018-05-02,5604,2016-08-26,1515,5434,,5,5,6,5604,0,0,0,,0,014,WINCHESTER DR,BUCKAROO AV,50.00,W,N,A,-,N,,,,,,,,,,N,4,0,1,2,B,-,22,,,N,G,B,E,-,A,H,A,D,0,Y,,,,Y,,N,60,0,0,1,0,1,0,0,0,0,- ,- ,34.23753,-119.18340999999999,VENTURA,OXNARD,,
8571776,2018,2018-03-13,5608,2018-02-28,1721,476,,3,5,6,5608,0,0,0,,0,004,NORTH BANK DR,JOHNSON DR,30.00,S,N,A,-,N,,,,,,,,,,N,2,0,1,2,A,-,11,21456,B,N,G,B,B,A,H,-,B,A,0,Y,,,,Y,Y,N,60,1,0,0,0,1,0,0,0,0,- ,- ,,,VENTURA,VENTURA,-119.1949462890625,34.246883392333984
8574260,2018,2018-03-15,5600,2018-03-05,0738,5100,9046,1,5,6,5607,0,0,0,,0,9A01,LYNN RD,MEDICAL CENTER DR,11.00,E,N,A,-,N,,,,,,,,,,N,3,0,1,2,A,-,05,21650,1,N,H,G,A,A,H,-,A,D,0,,Y,,,Y,,L,04,0,1,0,0,0,0,1,0,0,- ,- ,,,VENTURA,THOUSAND OAKS,,
8574717,2018,2018-04-23,5604,2018-02-18,1823,5434,,7,5,6,5604,0,0,0,,0,021,PENINSULA RD,CHANNEL ISLANDS BL,500.00,S,N,A,-,N,,,,,,,,,,N,4,0,2,3,A,-,08,22107,,F,G,B,E,A,H,-,A,D,0,Y,,,,Y,Y,-,,0,0,2,0,2,0,0,0,0,- ,- ,34.174491882324219,-119.22435760498047,VENTURA,OXNARD,-119.22528839111328,34.174747467041016
8576784,2018,2018-03-19,5605,2018-02-28,0750,129,PATRO,3,5,3,5605,0,0,0,,0,,BARD RD,J ST,164.00,S,N,A,-,N,,,,,,,,,,N,3,0,1,2,A,-,11,21954,A,N,G,B,D,A,H,-,A,A,0,Y,,,,Y,,N,60,0,1,0,0,1,0,0,0,0,- ,- ,,,VENTURA,PORT HUENEME,,
8579897,2018,2018-03-19,5600,2018-02-12,0808,2994,5165,1,5,4,5690,0,0,0,,0,02A,TIERRA REJADA RD,COUNTRYWOOD DR,70.00,S,N,A,-,N,,,,,,,,,,Y,4,0,1,2,A,-,05,21650,1,N,D,G,A,A,H,-,A,D,0,,Y,,,Y,,L,04,0,0,1,0,0,0,1,0,0,- ,- ,,,VENTURA,MOORPARK,-118.900390625,34.270648956298828
8580789,2018,2018-03-22,5600,2018-02-28,1559,4550,9166,3,5,6,5607,0,0,0,,0,09D,WESTLAKE BL,THOUSAND OAKS BL,0.00,,Y,A,-,N,,,,,,,,,,N,3,0,1,2,A,-,08,22100,B,F,H,G,A,A,H,-,A,A,0,,Y,,,Y,,A,01,0,1,0,0,0,0,1,0,0,- ,- ,,,VENTURA,THOUSAND OAKS,-118.82292175292969,34.160919189453125
8586312,2018,2018-04-18,5600,2018-03-23,1027,2110,9072,5,5,6,5607,0,0,0,,0,09G,THOUSAND OAKS BL,OAK LN,105.00,W,N,B,-,N,,,,,,,,,,N,3,0,1,2,A,-,17,22517,,N,H,G,A,A,H,-,A,D,0,,Y,,,Y,,A,01,0,1,0,0,0,0,1,0,0,- ,- ,,,VENTURA,THOUSAND OAKS,-118.85475921630859,34.178009033203125
8593641,2018,2018-04-17,5604,2018-03-28,1546,5428,,3,5,6,5604,0,0,0,,0,011,N VENTURA RD,IVYWOOD DR,0.00,,Y,A,-,N,,,,,,,,,,N,3,0,1,2,A,-,00,21452,A,F,D,G,A,A,H,-,A,A,0,,Y,,,Y,Y,L,04,0,1,0,0,0,0,1,0,0,- ,- ,34.216049194335938,-119.19458770751953,VENTURA,OXNARD,-119.19471740722656,34.216049194335938
8593900,2018,2018-04-17,5604,2018-01-20,1026,4577,,6,5,6,5604,0,0,0,,0,011,VENTURA RD,DEVONSHIRE DR,425.00,N,N,A,-,N,,,,,,,,,,,2,0,1,2,A,-,11,21954,A,F,G,B,D,A,H,-,A,D,0,Y,,,,Y,,-,,1,0,0,0,1,0,0,0,0,- ,- ,,,VENTURA,OXNARD,-119.19461059570312,34.212677001953125
8593911,2018,2018-05-04,5604,2018-04-01,1545,5413,,7,5,6,5604,0,0,0,,0,022,ORLOP PL,NOVATO DR,50.00,E,N,A,-,N,,,,,,,,,,N,4,0,1,2,A,-,03,22350,,F,B,B,D,A,H,-,A,D,0,Y,,,,Y,,-,,0,0,1,0,1,0,0,0,0,- ,- ,34.192478179931641,-119.19991302490234,VENTURA,OXNARD,-119.20181274414062,34.193965911865234
8596523,2018,2018-04-17,5605,2018-03-29,1737,147,PATRO,4,5,3,5605,0,0,0,,0,002,PEARSON RD,VENTURA RD,2.00,W,N,A,-,N,,,,,,,,,,N,4,0,1,2,A,-,05,21650,1,N,D,G,A,A,H,-,A,A,0,,Y,,,Y,,L,04,0,0,1,0,0,0,1,0,0,- ,- ,,,VENTURA,PORT HUENEME,,
8596964,2018,2018-04-30,5604,2018-01-29,2252,5392,,1,5,6,5604,0,0,0,,0,031,COOPER RD,MCKINLEY AV,0.00,,Y,A,-,N,,,,,,,,,,N,3,0,1,2,A,-,12,22450,A,N,D,G,A,A,H,-,C,A,0,,Y,,,Y,,L,04,0,1,0,0,0,0,1,0,0,- ,- ,34.204509735107422,-119.17166900634766,VENTURA,OXNARD,-119.17167663574219,34.204521179199219
8597127,2016,2018-04-18,5604,2016-03-08,1700,5473,,2,5,6,5604,0,0,0,,0,031,5TH ST,OXNARD BL,30.00,E,N,A,-,N,,,,,,,,,,N,3,0,1,2,A,-,11,21954,A,N,G,B,D,A,A,H,A,D,0,Y,,,,Y,,N,60,0,1,0,0,1,0,0,0,0,- ,- ,34.197679999999998,-119.17738,VENTURA,OXNARD,,
8597139,2016,2018-04-18,5604,2016-03-03,1526,4282,,4,5,6,5604,0,0,0,,0,041,SAN JUAN AV,BORREGO WY,0.00,,Y,A,-,N,,,,,,,,,,N,3,0,1,2,A,-,09,21802,A,N,D,G,A,A,H,-,A,A,0,,Y,,,Y,,L,04,0,1,0,0,0,0,1,0,0,- ,- ,,,VENTURA,OXNARD,-119.16956011000001,34.164180010000003
8597152,2017,2018-04-18,5604,2017-02-18,2330,5350,,6,5,6,5604,0,0,0,,0,011,H ST,GLENWOOD DR,0.00,,Y,A,-,N,,,,,,,,,,N,3,0,1,2,A,-,10,21950,A,N,B,B,B,A,H,-,E,D,0,Y,,,,Y,,A,01,0,1,0,0,1,0,0,0,0,- ,- ,34.214480000000002,-119.18796,VENTURA,OXNARD,-119.18796002000001,34.214510099999998
8597179,2017,2018-04-20,5604,2017-03-05,1838,5005,,7,5,6,5604,0,0,0,,0,032,OXNARD BL,WOOLEY RD,600.00,S,N,A,-,N,,,1,,,,,,,N,3,0,1,2,A,-,11,21954,A,N,G,B,D,A,H,-,C,D,0,Y,,,,Y,,N,60,0,1,0,0,1,0,0,0,0,- ,- ,34.189779999999999,-119.17662,VENTURA,OXNARD,-119.17695196,34.189448030000001
8597199,2017,2018-04-20,5604,2017-03-06,1732,5378,,1,5,6,5604,0,0,0,,0,011,GONZALES RD,LOBELIA DR,20.00,W,N,A,-,N,,,,,,,,,,Y,2,0,1,2,A,-,08,22100,B,N,D,G,A,A,H,-,A,D,0,,Y,,,Y,,L,04,1,0,0,0,0,0,1,0,0,- ,- ,34.219189999999998,-119.19213999999999,VENTURA,OXNARD,-119.19225607,34.219251139999997
8598169,2017,2018-04-23,5604,2017-01-31,0742,5160,,2,5,6,5604,0,0,0,,0,022,H ST,9TH ST,0.00,,Y,A,-,N,,,,,,,,,,N,4,0,1,2,A,-,10,21950,A,N,G,B,B,-,H,-,-,A,0,Y,,,,Y,,A,01,0,0,1,0,1,0,0,0,0,- ,- ,34.192270000000001,-119.18747999999999,VENTURA,OXNARD,-119.18723012,34.19244003
8598213,2017,2018-04-19,5604,2017-01-12,1801,5403,,4,5,6,5604,0,0,0,,0,032,5TH ST,RICHMOND AV,200.00,W,N,B,-,N,,,,,,,,,,N,3,0,2,3,A,-,10,21950,A,N,D,B,E,A,H,-,D,D,0,Y,,,,Y,,A,01,0,1,1,0,2,0,0,0,0,- ,- ,,,VENTURA,OXNARD,-119.17021644,34.196828439999997