CASE_ID,ACCIDENT_YEAR,PROC_DATE,JURIS,COLLISION_DATE,COLLISION_TIME,OFFICER_ID,REPORTING_DISTRICT,DAY_OF_WEEK,CHP_SHIFT,POPULATION,CNTY_CITY_LOC,SPECIAL_COND,BEAT_TYPE,CHP_BEAT_TYPE,CITY_DIVISION_LAPD,CHP_BEAT_CLASS,BEAT_NUMBER,PRIMARY_RD,SECONDARY_RD,DISTANCE,DIRECTION,INTERSECTION,WEATHER_1,WEATHER_2,STATE_HWY_IND,CALTRANS_COUNTY,CALTRANS_DISTRICT,STATE_ROUTE,ROUTE_SUFFIX,POSTMILE_PREFIX,POSTMILE,LOCATION_TYPE,RAMP_INTERSECTION,SIDE_OF_HWY,TOW_AWAY,COLLISION_SEVERITY,NUMBER_KILLED,NUMBER_INJURED,PARTY_COUNT,PRIMARY_COLL_FACTOR,PCF_CODE_OF_VIOL,PCF_VIOL_CATEGORY,PCF_VIOLATION,PCF_VIOL_SUBSECTION,HIT_AND_RUN,TYPE_OF_COLLISION,MVIW,PED_ACTION,ROAD_SURFACE,ROAD_COND_1,ROAD_COND_2,LIGHTING,CONTROL_DEVICE,CHP_ROAD_TYPE,PEDESTRIAN_ACCIDENT,BICYCLE_ACCIDENT,MOTORCYCLE_ACCIDENT,TRUCK_ACCIDENT,NOT_PRIVATE_PROPERTY,ALCOHOL_INVOLVED,STWD_VEHTYPE_AT_FAULT,CHP_VEHTYPE_AT_FAULT,COUNT_SEVERE_INJ,COUNT_VISIBLE_INJ,COUNT_COMPLAINT_PAIN,COUNT_PED_KILLED,COUNT_PED_INJURED,COUNT_BICYCLIST_KILLED,COUNT_BICYCLIST_INJURED,COUNT_MC_KILLED,COUNT_MC_INJURED,PRIMARY_RAMP,SECONDARY_RAMP,LATITUDE,LONGITUDE,COUNTY,CITY,POINT_X,POINT_Y
8598361,2017,2018-04-18,5604,2017-01-13,1535,5403,,5,5,6,5604,0,0,0,,0,021,WOOLEY RD,HARBOR BL,560.00,W,N,A,-,N,,,,,,,,,,N,2,0,1,2,A,-,06,21750,,N,D,G,A,A,H,-,A,D,0,,Y,,,Y,,A,01,1,0,0,0,0,0,1,0,0,- ,- ,,,VENTURA,OXNARD,-119.24053889,34.190277960000003
8598423,2018,2018-04-19,5604,2018-03-20,1949,5392,,2,5,6,5604,0,0,0,,0,031,MCKINLEY AV,1ST ST,0.00,,Y,C,-,N,,,,,,,,,,N,3,0,1,2,A,-,09,21800,A,N,D,G,A,-,H,-,C,A,0,,Y,,,Y,,A,01,0,1,0,0,0,0,1,0,0,- ,- ,34.202911376953125,-119.17169952392578,VENTURA,OXNARD,-119.17169952392578,34.202899932861328
8598675,2018,2018-04-23,5604,2018-02-07,0157,4531,,3,5,6,5604,0,0,0,,0,012,GONZALES RD,ROSE AV,300.00,E,N,A,-,N,,,,,,,,,,N,3,0,1,2,A,-,11,21954,A,F,G,B,D,A,H,-,C,D,0,Y,,,,Y,,N,60,0,1,0,0,1,0,0,0,0,- ,- ,34.218898773193359,-119.15827941894531,VENTURA,OXNARD,-119.15744018554688,34.218971252441406
8598724,2017,2018-04-18,5604,2017-05-27,1440,5325,,6,5,6,5604,0,0,0,,0,014,COLLECTION BL,PARKVIEW CT,150.00,W,N,A,-,N,,,,,,,,,,N,4,0,1,2,B,-,22,,,N,G,G,A,A,H,-,A,D,0,,Y,,,Y,,A,01,0,0,1,0,0,0,1,0,0,- ,- ,34.240969999999997,-119.17765,VENTURA,OXNARD,-119.177396,34.24100833
8598727,2017,2018-04-18,5604,2017-05-24,1744,4531,,3,5,6,5604,0,0,0,,0,031,STURGIS RD,RICE AV,150.00,E,N,A,-,N,,,,,,,,,,N,4,0,1,2,A,-,09,21804,A,N,B,G,A,A,H,-,A,D,0,,Y,,,Y,,A,01,0,0,1,0,0,0,1,0,0,- ,- ,34.201929999999997,-119.14221999999999,VENTURA,OXNARD,-119.14183456000001,34.201945500000001
8598740,2017,2018-04-18,5604,2017-05-26,2144,5508,,5,5,6,5604,0,0,0,,0,024,CHANNEL ISLANDS BL,SAVIERS RD,200.00,W,N,A,-,N,,,,,,,,,,N,4,0,1,2,A,-,05,21650,1,N,D,G,A,A,H,-,C,D,0,,Y,,,Y,,L,04,0,0,1,0,0,0,1,0,0,- ,- ,34.173909999999999,-119.17949,VENTURA,OXNARD,-119.17832032,34.173450000000003
8598837,2018,2018-04-23,5604,2018-04-11,1611,4945,,3,5,6,5604,0,0,0,,0,042,BARD RD,ANCHORAGE ST,0.00,,Y,A,-,N,,,,,,,,,,N,3,0,1,2,A,-,12,22450,A,F,B,G,A,A,H,-,A,A,0,,Y,,,Y,Y,-,,0,1,0,0,0,0,1,0,0,- ,- ,34.155590057373047,-119.16590118408203,VENTURA,OXNARD,-119.16290283203125,34.162261962890625
8599009,2018,2018-04-20,5604,2018-03-18,2020,5501,,7,5,6,5604,0,0,0,,0,042,PLEASANT VALLEY RD,PERKINS RD,0.00,,Y,B,-,N,,,,,,,,,,N,4,0,1,2,A,-,10,21950,A,F,G,B,B,-,H,-,C,A,0,Y,,,,Y,,A,01,0,0,1,0,1,0,0,0,0,- ,- ,,,VENTURA,OXNARD,-119.18386077880859,34.154739379882812
8599130,2018,2018-04-26,5604,2018-02-03,1149,5485,,6,5,6,5604,0,0,0,,0,024,WOLFF ST,C ST,50.00,E,N,A,-,N,,,,,,,,,,N,4,0,1,2,A,-,05,21650,1,N,D,G,A,A,H,-,A,D,0,,Y,,,Y,,L,04,0,0,1,0,0,0,1,0,0,- ,- ,34.188301086425781,-119.18121337890625,VENTURA,OXNARD,-119.18105316162109,34.188320159912109
8599144,2018,2018-05-02,5604,2018-01-30,1611,5490,,2,5,6,5604,0,0,0,,0,021,VICTORIA AV,WOOLEY RD,363.00,S,N,A,-,N,,,,,,,,,,N,3,0,1,2,A,-,10,21950,A,N,G,B,C,-,H,-,A,D,0,Y,,,,Y,,A,01,0,1,0,0,1,0,0,0,0,- ,- ,,,VENTURA,OXNARD,-119.22135925292969,34.18939208984375
8599155,2018,2018-04-26,5604,2018-02-13,0923,4578,,2,5,6,5604,0,0,0,,0,042,W HUENEME RD,HUENEME RD,50.00,E,N,A,-,N,,,,,,,,,,N,4,0,1,2,A,-,03,22350,,N,G,B,D,-,H,-,A,A,0,Y,,,,Y,,-,,0,0,1,0,1,0,0,0,0,- ,- ,,,VENTURA,OXNARD,-119.18590545654297,34.1474609375
8599184,2018,2018-05-01,5604,2018-01-13,2006,5473,,6,5,6,5604,0,0,0,,0,042,PLEASANT VALLEY RD,CYPRESS RD,0.00,,Y,A,-,N,,,,,,,,,,N,4,0,2,3,A,-,10,21950,A,N,G,B,B,A,H,-,C,A,0,Y,,,,Y,,A,01,0,0,2,0,2,0,0,0,0,- ,- ,34.154670715332031,-119.17298126220703,VENTURA,OXNARD,-119.17299652099609,34.154720306396484
8599200,2018,2018-05-01,5604,2018-01-13,1559,5392,,6,5,6,5604,0,0,0,,0,023,5TH ST,OXNARD BL,0.00,,Y,A,-,N,,,,,,,,,,N,3,0,1,2,A,-,10,21950,A,N,G,B,B,A,H,-,A,A,0,Y,,,,Y,,A,01,0,1,0,0,1,0,0,0,0,- ,- ,34.197681427001953,-119.17738342285156,VENTURA,OXNARD,-119.17746734619141,34.197689056396484
8599951,2017,2018-04-20,5604,2017-09-25,1810,5422,,1,5,6,5604,0,0,0,,0,024,HILL ST,VENTURA RD,10.00,W,N,A,-,N,,,,,,,,,,N,3,0,1,2,A,-,05,21650,1,N,D,G,A,A,H,-,B,D,0,,Y,,,Y,,L,04,0,1,0,0,0,0,1,0,0,- ,- ,34.186399999999999,-119.19524,VENTURA,OXNARD,-119.19525303,34.186799999999998
8599952,2016,2018-04-20,5604,2016-12-15,1857,5472,,4,5,6,5604,0,0,0,,0,041,J ST,BARD RD,0.00,,Y,B,C,N,,,,,,,,,,N,4,0,2,3,A,-,10,21950,A,N,G,B,B,B,H,-,C,A,0,Y,,,,Y,,A,01,0,0,2,0,2,0,0,0,0,- ,- ,34.161070000000002,-119.18603,VENTURA,OXNARD,-119.18603002,34.161080040000002
8599956,2016,2018-04-20,5604,2016-12-15,1704,5412,,4,5,6,5604,0,0,0,,0,023,A ST,WOOLEY RD,50.00,N,N,B,C,N,,,,,,,,,,N,4,0,1,2,A,-,11,21954,A,N,G,B,D,B,H,-,C,D,0,Y,,,,Y,,N,60,0,0,1,0,1,0,0,0,0,- ,- ,34.190809999999999,-119.17843999999999,VENTURA,OXNARD,-119.17867757,34.190277219999999
8599959,2017,2018-04-20,5604,2017-09-14,0846,5431,,4,5,6,5604,0,0,0,,0,014,THAMES RIVER DR,FOREST PARK BL,0.00,,Y,B,-,N,,,,,,,,,,N,4,0,1,2,A,-,10,21950,A,N,G,B,B,A,H,-,A,A,0,Y,,,,Y,,A,01,0,0,1,0,1,0,0,0,0,- ,- ,34.241819999999997,-119.17028000000001,VENTURA,OXNARD,-119.17027004000001,34.241770090000003
8600014,2017,2018-04-24,5604,2017-04-25,0218,4591,,2,5,6,5604,0,0,0,,0,031,WOOLEY RD,COMMERCIAL AV,0.00,,Y,A,-,N,,,,,,,,,,Y,2,0,1,2,A,-,11,21950,B,N,G,B,E,A,H,-,D,A,0,Y,,,,Y,,N,60,1,0,0,0,1,0,0,0,0,- ,- ,,,VENTURA,OXNARD,-119.17108003,34.189970109999997
8600016,2017,2018-04-24,5604,2017-04-26,1722,4531,,3,5,6,5604,0,0,0,,0,022,WOOLEY RD,PIEDMONT ST,0.00,,Y,A,-,N,,,,,,,,,,N,4,0,1,2,A,-,11,21954,A,M,G,B,E,A,H,-,A,A,0,Y,,,,Y,,N,60,0,0,1,0,1,0,0,0,0,- ,- ,34.190600000000003,-119.19542,VENTURA,OXNARD,-119.19711011,34.190370039999998
8600032,2017,2018-04-23,5604,2017-04-15,0058,5472,,6,5,6,5604,0,0,0,,0,042,SAN JUAN AV,FROST DR,200.00,S,N,A,-,N,,,,,,,,,,N,4,0,1,2,A,-,11,21954,A,N,G,B,D,A,H,-,C,D,0,Y,,,,Y,,N,60,0,0,1,0,1,0,0,0,0,- ,- ,34.157649999999997,-119.16681,VENTURA,OXNARD,-119.16681715999999,34.157121099999998
8600061,2017,2018-05-07,5604,2017-04-05,2135,5365,,3,5,6,5604,0,0,0,,0,014,OXNARD BL,VINEYARD AV,0.00,,Y,A,-,N,,,1,,,,,,,N,3,0,1,2,A,-,11,21950,B,N,G,B,B,A,H,-,C,A,0,Y,,,,Y,Y,N,60,0,1,0,0,1,0,0,0,0,- ,- ,34.226750000000003,-119.17801,VENTURA,OXNARD,-119.17765742,34.226856210000001
8600073,2017,2018-05-07,5604,2017-04-05,1810,5486,,3,5,6,5604,0,0,0,,0,032,SAVIERS RD,LAUREL ST,405.00,N,N,A,-,N,,,,,,,,,,N,4,0,1,2,A,-,03,22350,,N,C,G,A,A,H,-,A,D,0,,Y,,,Y,,A,01,0,0,1,0,0,0,1,0,0,- ,- ,,,VENTURA,OXNARD,-119.17758419,34.178461509999998
8600080,2017,2018-05-07,5604,2017-04-05,1815,5490,,3,5,6,5604,0,0,0,,0,042,PERKINS RD,MCWANE BL,369.00,N,N,A,-,N,,,,,,,,,,N,3,0,1,2,A,-,05,21650,1,N,D,G,A,A,H,-,A,D,0,,Y,,,Y,,A,01,0,1,0,0,0,0,1,0,0,- ,- ,,,VENTURA,OXNARD,-119.18399126,34.14118276
8600122,2017,2018-04-20,5604,2017-12-12,1920,5412,,2,5,6,5604,0,0,0,,0,014,VENTURA RD,GONZALES RD,0.00,,Y,A,-,N,,,,,,,,,,N,4,0,1,2,A,-,10,21950,A,N,C,G,A,A,H,-,C,A,0,,Y,,,Y,,A,01,0,0,1,0,0,0,1,0,0,- ,- ,34.219270000000002,-119.19455000000001,VENTURA,OXNARD,-119.19464013,34.219350079999998
8600127,2017,2018-04-20,5604,2017-12-12,0935,4692,,2,5,6,5604,0,0,0,,0,011,N H ST,KENTWOOD DR,0.00,,Y,A,-,N,,,,,,,,,,N,3,0,1,2,A,-,10,21950,A,F,G,B,D,A,H,-,A,D,0,Y,,,,Y,,-,,0,1,0,0,1,0,0,0,0,- ,- ,34.216340000000002,-119.1558,VENTURA,OXNARD,-119.18679005,34.217600079999997
8600148,2017,2018-05-04,5604,2017-12-25,1827,5419,,1,5,6,5604,0,0,0,,0,022,S  G ST,W 3RD ST,0.00,,Y,A,-,N,,,,,,,,,,N,4,0,2,3,A,-,10,21950,A,N,G,B,B,A,H,-,C,A,0,Y,,,,Y,,A,07,0,0,2,0,2,0,0,0,0,- ,- ,34.200369999999999,-119.18662999999999,VENTURA,OXNARD,-119.18662999999999,34.200390089999999
8600182,2017,2018-04-23,5604,2017-02-23,0600,5485,,4,5,6,5604,0,0,0,,0,024,HILL ST,C ST,0.00,,Y,A,-,N,,,,,,,,,,Y,3,0,1,2,A,-,05,21650,1,N,D,G,A,A,H,-,A,A,0,,Y,,,Y,,L,04,0,1,0,0,0,0,1,0,0,- ,- ,34.18665,-119.18123,VENTURA,OXNARD,-119.18123004,34.186640079999997
8600196,2017,2018-04-23,5604,2017-02-15,2205,5365,,3,5,6,5604,0,0,0,,0,014,VINEYARD AV,OXNARD BL,0.00,,Y,A,-,N,,,,,,,,,,N,3,0,1,2,A,-,09,21801,A,N,D,G,A,A,H,-,A,A,0,,Y,,,Y,,L,04,0,1,0,0,0,0,1,0,0,- ,- ,34.226509999999998,-119.17734,VENTURA,OXNARD,-119.17755007,34.226510009999998
8600197,2017,2018-04-23,5604,2017-02-15,1905,5403,,3,5,6,5604,0,0,0,,0,023,OXNARD BL,5TH ST,35.00,S,N,A,-,N,,,,,,,,,,N,3,0,1,2,A,-,10,21950,A,N,D,B,B,A,H,-,C,A,0,Y,,,,Y,,A,01,0,1,0,0,1,0,0,0,0,- ,- ,,,VENTURA,OXNARD,-119.17746126999999,34.197769340000001
8600338,2017,2018-04-26,5604,2017-11-03,2500,5435,,5,5,6,5604,0,0,0,,0,041,CHANNEL ISLANDS BL,SAMUEL AV,0.00,,Y,A,-,N,,,,,,,,,,N,3,0,1,2,A,-,12,22450,A,N,G,B,B,A,H,-,A,A,0,Y,,,,Y,,A,01,0,1,0,0,1,0,0,0,0,- ,- ,34.174250000000001,-119.18303,VENTURA,OXNARD,-119.17664001,34.173420020000002
8600339,2017,2018-04-25,5604,2017-11-09,1439,5510,,4,5,6,5604,0,0,0,,0,041,J ST,BARD RD,0.00,,Y,A,-,N,,,,,,,,,,N,3,0,1,2,A,-,05,21650,1,N,D,G,A,A,H,-,A,A,0,,Y,,,Y,,L,04,0,1,0,0,0,0,1,0,0,- ,- ,,,VENTURA,OXNARD,-119.18603002,34.161080040000002
8600344,2017,2018-05-01,5604,2017-11-15,1527,4653,,3,5,6,5604,0,0,0,,0,041,BARD RD,C ST,20.00,S,N,A,-,N,,,,,,,,,,N,3,0,1,2,A,-,05,21650,1,N,D,G,A,A,H,-,A,A,0,,Y,,,Y,,L,04,0,1,0,0,0,0,1,0,0,- ,- ,,,VENTURA,OXNARD,,
8600391,2017,2018-04-30,5604,2017-12-05,1753,5176,4,2,5,6,5604,0,0,0,,0,014,LOBELIA DR,GONZALES RD,0.00,,Y,A,-,N,,,,,,,,,,N,4,0,1,2,D,-,00,,,N,G,B,B,A,H,-,C,A,0,Y,,,,Y,,-,- ,0,0,1,0,1,0,0,0,0,- ,- ,34.219189999999998,-119.19213999999999,VENTURA,OXNARD,-119.19219008,34.21925006
8600393,2017,2018-04-30,5604,2017-12-02,2100,5419,,6,5,6,5604,0,0,0,,0,023,5TH ST,SOUTH A ST,0.00,,Y,A,-,N,,,,,,,,,,N,4,0,1,2,A,-,03,22350,,F,G,B,B,A,H,-,C,A,0,Y,,,,Y,,-,,0,0,1,0,1,0,0,0,0,- ,- ,34.197679999999998,-119.17858,VENTURA,OXNARD,-119.17861005,34.197700060000003
8600402,2017,2018-05-02,5604,2017-10-01,2011,5496,,7,5,6,5604,0,0,0,,0,022,5TH ST,H ST,0.00,,Y,A,-,N,,,,,,,,,,N,4,0,1,2,A,-,10,21950,A,N,G,B,B,A,H,-,C,A,0,Y,,,,Y,,-,,0,0,1,0,1,0,0,0,0,- ,- ,34.197740000000003,-119.1879,VENTURA,OXNARD,-119.18792003999999,34.1977501
8600418,2017,2018-05-02,5604,2017-10-03,0630,4692,,2,5,6,5604,0,0,0,,0,012,ROSE AV,GONZALES RD,200.00,S,N,A,-,N,,,,,,,,,,N,4,0,1,3,A,-,13,22515,A,N,G,B,E,A,H,-,A,A,0,Y,,,,Y,,A,01,0,0,1,0,1,0,0,0,0,- ,- ,34.218890000000002,-119.15819999999999,VENTURA,OXNARD,-119.15842000000001,34.21844128
8600422,2017,2018-04-30,5604,2017-10-10,1900,5468,,2,5,6,5604,0,0,0,,0,021,HEMLOCK ST,VICTORIA AV,0.00,,Y,A,-,N,,,,,,,,,,N,4,0,1,2,A,-,05,21650,1,N,D,G,A,A,H,-,B,A,0,,Y,,,Y,,L,04,0,0,1,0,0,0,1,0,0,- ,- ,34.216349999999998,-119.1559,VENTURA,OXNARD,-119.22168990999999,34.18132009
8600447,2017,2018-05-09,5604,2017-10-16,1834,5501,,1,5,6,5604,0,0,0,,0,022,DUNKIRK DR,PATTERSON RD,0.00,,Y,A,-,N,,,,,,,,,,N,3,0,1,2,A,-,- ,,,M,B,G,A,A,A,H,B,D,0,,Y,,,Y,,-,99,0,1,0,0,0,0,1,0,0,- ,- ,34.196179999999998,-119.20815,VENTURA,OXNARD,-119.20783900000001,34.196252000000001
8600474,2017,2018-04-30,5604,2017-11-30,1322,5485,,4,5,6,5604,0,0,0,,0,024,N ST,ELM ST,50.00,S,N,A,-,N,,,,,,,,,,N,4,0,1,2,A,-,09,21801,A,N,G,B,D,A,H,-,A,D,0,Y,,,,Y,,N,60,0,0,1,0,1,0,0,0,0,- ,- ,34.18329,-119.19222000000001,VENTURA,OXNARD,-119.19221,34.183172759999998
8600480,2017,2018-06-08,5604,2017-11-29,2255,4925,,3,5,6,5604,0,0,0,,0,011,VENTURA RD,AZALEA ST,30.00,S,N,A,-,N,,,,,,,,,,N,3,0,1,2,A,-,08,22107,,N,D,G,A,A,H,-,C,D,0,,Y,,,Y,,L,04,0,1,0,0,0,0,1,0,0,- ,- ,34.220999999999997,-119.19453,VENTURA,OXNARD,-119.19466,34.220927660000001
8600489,2017,2018-05-02,5604,2017-09-27,2040,5418,,3,5,6,5604,0,0,0,,0,024,M ST,CHANNEL ISLANDS BL,0.00,,Y,A,-,N,,,,,,,,,,N,4,0,1,2,A,-,05,21650,1,F,D,G,A,A,H,-,C,A,0,,Y,,,Y,,L,04,0,0,1,0,0,0,1,0,0,- ,- ,34.175579999999997,-119.19126,VENTURA,OXNARD,-119.19128003,34.175610089999999
8600495,2017,2018-05-02,5604,2017-09-26,1315,5390,,2,5,6,5604,0,0,0,,0,032,SAVIERS RD,LAUREL RD,0.00,,Y,A,-,N,,,,,,,,,,N,3,0,1,2,A,-,12,21453,A,N,D,G,A,A,H,-,A,A,0,,Y,,,Y,,L,04,0,1,0,0,0,0,1,0,0,- ,- ,34.179409999999997,-119.17697,VENTURA,OXNARD,-119.1776,34.17735004
8600503,2017,2018-05-01,5604,2017-09-29,1516,5360,,5,5,6,5604,0,0,0,,0,032,ROSE AV,EMERSON AV,0.00,,Y,A,-,N,,,,,,,,,,N,3,0,1,2,A,-,09,21801,A,N,D,G,A,A,H,-,A,A,0,,Y,,,Y,,A,01,0,1,0,0,0,0,1,0,0,- ,- ,34.182569999999998,-119.15994999999999,VENTURA,OXNARD,-119.16005002,34.182550040000002
8600509,2017,2018-05-01,5604,2017-09-05,1701,5214,,2,5,6,5604,0,0,0,,0,031,ROSE AV,3RD ST,0.00,,Y,A,-,N,,,,,,,,,,N,4,0,1,2,A,-,12,21453,A,N,C,G,A,A,H,-,A,A,0,,Y,,,Y,,A,01,0,0,1,0,0,0,1,0,0,- ,- ,34.20044,-119.15974,VENTURA,OXNARD,-119.1598515,34.200449999999996
8600528,2017,2018-05-01,5604,2017-09-09,1455,5472,,6,5,6,5604,0,0,0,,0,042,CLARA ST,PERKINS RD,0.00,,Y,A,-,N,,,,,,,,,,N,2,0,1,2,A,-,10,21950,A,N,G,B,B,A,H,-,A,A,0,Y,,,,Y,,A,01,1,0,0,0,1,0,0,0,0,- ,- ,34.1511,-119.18380000000001,VENTURA,OXNARD,-119.18388009,34.1511201
8600532,2017,2018-05-01,5604,2017-09-09,1350,4734,,6,5,6,5604,0,0,0,,0,011,DORIS AV,F ST,0.00,,Y,A,-,N,,,,,,,,,,N,3,0,1,2,A,-,08,22100,B,N,B,G,A,A,H,-,A,A,0,,Y,,,Y,,L,04,0,1,0,0,0,0,1,0,0,- ,- ,34.207940000000001,-119.18501999999999,VENTURA,OXNARD,-119.18504002,34.207960020000002
8600536,2017,2018-05-01,5604,2017-09-08,2040,5435,,5,5,6,5604,0,0,0,,0,041,CHANNEL ISLANDS AV,SAVIERS RD,50.00,E,N,A,-,N,,,,,,,,,,N,3,0,1,2,A,-,09,21801,A,N,D,G,A,-,H,-,-,D,0,,Y,,,Y,,L,04,0,1,0,0,0,0,1,0,0,- ,- ,34.173369999999998,-119.17612,VENTURA,OXNARD,,
8600551,2017,2018-05-01,5604,2017-08-13,1815,5473,,7,5,6,5604,0,0,0,,0,041,GUAVA ST,C ST,50.00,W,N,A,-,N,,,,,,,,,,N,4,0,1,2,A,-,11,21954,A,N,G,B,D,A,H,-,A,D,0,Y,,,,Y,,N,60,0,0,1,0,1,0,0,0,0,- ,- ,34.182139999999997,-119.18205,VENTURA,OXNARD,-119.18144513,34.181959999999997
8600553,2017,2018-06-01,5604,2017-08-19,1814,5231,,6,5,6,5604,0,0,0,,0,014,TOWN CENTER DR,PARK VIEW CT,5.00,W,N,A,-,N,,,,,,,,,,N,3,0,2,2,D,-,00,,,N,D,G,A,A,H,-,A,A,0,,Y,,,Y,,-,- ,0,1,1,0,0,0,2,0,0,- ,- ,,,VENTURA,OXNARD,-119.17806241,34.239749070000002
8600556,2017,2018-05-01,5604,2017-08-15,1300,5172,,2,5,6,5604,0,0,0,,0,022,WOOLEY RD,VENTURA RD,0.00,,Y,A,-,N,,,,,,,,,,N,3,0,1,2,A,-,05,21650,1,N,D,G,A,A,H,-,A,D,0,,Y,,,Y,,L,04,0,1,0,0,0,0,1,0,0,- ,- ,34.190089999999998,-119.19488,VENTURA,OXNARD,-119.19512013000001,34.190300069999999
8600559,2017,2018-05-01,5604,2017-08-13,2117,5417,,7,5,6,5604,0,0,0,,0,024,E ST,HILL ST,0.00,,Y,A,-,N,,,,,,,,,,N,4,0,1,2,A,-,09,21804,A,F,G,B,E,A,H,-,C,A,0,Y,,,,Y,,-,,0,0,1,0,1,0,0,0,0,- ,- ,34.18665,-119.18123,VENTURA,OXNARD,-119.18734003,34.186690110000001
8600574,2017,2018-04-24,5604,2017-05-04,2116,5486,,4,5,6,5604,0,0,0,,0,011,LANTANA ST,GONZALES RD,0.00,,Y,E,-,N,,,,,,,,,,N,4,0,1,2,A,-,10,21950,A,N,G,B,B,A,H,-,C,A,0,Y,,,,Y,,A,01,0,0,1,0,1,0,0,0,0,- ,- ,,,VENTURA,OXNARD,-119.19025009000001,34.219240030000002
8600584,2017,2018-04-18,5604,2017-06-06,2500,5504,,2,5,6,5604,0,0,0,,0,022,C ST,2ND ST,100.00,N,N,B,-,N,,,,,,,,,,N,3,0,1,2,A,-,11,21954,A,F,G,B,E,A,H,-,C,D,0,Y,,,,Y,,N,60,0,1,0,0,1,0,0,0,0,- ,- ,34.202660000000002,-119.18075,VENTURA,OXNARD,-119.18105,34.201934469999998
8600591,2017,2018-04-18,5604,2017-06-07,1222,5160,,3,5,6,5604,0,0,0,,0,024,SAVIERS RD,IRIS ST,0.00,,Y,A,-,N,,,,,,,,,,N,3,0,1,2,A,-,00,21202,B,N,D,G,A,A,H,-,A,A,0,,Y,,,Y,,L,04,0,1,0,0,0,0,1,0,0,- ,- ,34.180320000000002,-119.17746,VENTURA,OXNARD,-119.17756014,34.180330040000001
8600596,2017,2018-04-18,5604,2017-06-06,0934,4945,,2,5,6,5604,0,0,0,,0,041,SAVIERS RD,YUCCA ST,200.00,N,N,A,-,N,,,,,,,,,,N,4,0,1,2,A,-,05,21650,1,F,D,G,A,A,H,-,A,D,0,,Y,,,Y,,L,04,0,0,1,0,0,0,1,0,0,- ,- ,34.172980000000003,-119.16301,VENTURA,OXNARD,-119.17772128999999,34.166488889999997
8600598,2017,2018-04-18,5604,2017-06-07,1729,5135,,3,5,6,5604,0,0,0,,0,011,N VENTURA RD,DORIS AV,450.00,N,N,A,B,N,,,,,,,,,,N,4,0,1,2,B,-,22,,,N,C,G,A,A,H,-,A,D,0,,Y,,,Y,,A,01,0,0,1,0,0,0,1,0,0,- ,- ,34.209339999999997,-119.19328,VENTURA,OXNARD,-119.19457,34.209579079999997
8600608,2017,2018-04-30,5604,2017-08-21,1220,4919,,1,5,6,5604,0,0,0,,0,012,ROSE AV,GONZALEZ,0.00,,Y,A,-,N,,,,,,,,,,N,3,0,1,2,D,-,00,,,N,G,B,B,A,H,-,A,A,0,Y,,,,Y,,-,- ,0,1,0,0,1,0,0,0,0,- ,- ,,,VENTURA,OXNARD,-119.15843006999999,34.218990079999998
8600613,2017,2018-04-30,5604,2017-08-27,1700,5471,,7,5,6,5604,0,0,0,,0,041,C ST,GLACIER AV,0.00,,Y,A,-,N,,,,,,,,,,N,4,0,1,2,A,-,08,22107,,N,B,G,A,A,H,-,A,D,0,,Y,,,Y,,L,04,0,0,1,0,0,0,1,0,0,- ,- ,34.165950000000002,-119.18120999999999,VENTURA,OXNARD,-119.18120003999999,34.165230020000003
8600620,2017,2018-04-30,5604,2017-08-20,2034,5378,,7,5,6,5604,0,0,0,,0,014,PLATTE WY,ALBION DR,10.00,N,N,A,-,N,,,,,,,,,,N,3,0,1,2,B,-,22,,,N,G,B,F,A,H,-,C,D,0,Y,,,,Y,,A,01,0,1,0,0,1,0,0,0,0,- ,- ,34.252049999999997,-119.17292999999999,VENTURA,OXNARD,,
8600633,2017,2018-04-25,5604,2017-07-10,1157,4868,,1,5,6,5604,0,0,0,,0,012,AUTO CENTER DR,VIA ESTRADA ST,150.00,W,N,A,-,N,,,,,,,,,,N,3,0,1,2,A,-,21,22106,,N,G,B,F,A,H,-,A,D,0,Y,,,,Y,,A,08,0,1,0,0,1,0,0,0,0,- ,- ,34.229230000000001,-119.15325,VENTURA,OXNARD,-119.15279397,34.227846390000003
8600638,2017,2018-04-25,5604,2017-07-16,1716,5422,,7,5,6,5604,0,0,0,,0,024,ISLETON PL,I ST,50.00,W,N,A,-,N,,,,,,,,,,N,2,0,1,2,A,-,11,21950,B,N,D,B,D,A,H,-,A,D,0,Y,,,,Y,,N,60,1,0,0,0,1,0,0,0,0,- ,- ,34.195880000000002,-119.19074999999999,VENTURA,OXNARD,-119.19019516,34.196039999999996
8600651,2017,2018-04-24,5604,2017-03-25,2500,5474,,6,5,6,5604,0,0,0,,0,032,WOOLEY RD,OXNARD BL,100.00,E,N,A,-,N,,,,,,,,,,N,4,0,1,2,A,-,11,21954,A,N,G,B,E,B,H,-,C,D,0,Y,,,,Y,,N,60,0,0,1,0,1,0,0,0,0,- ,- ,34.216349999999998,-119.1559,VENTURA,OXNARD,,
8600697,2017,2018-04-24,5604,2017-07-31,1845,5098,,1,5,6,5604,0,0,0,,0,022,W 9TH ST,VENTURA RD,0.00,,Y,A,-,N,,,,,,,,,,N,4,0,1,2,A,-,05,21650,1,N,D,G,A,A,H,-,A,A,0,,Y,,,Y,,L,04,0,0,1,0,0,0,1,0,0,- ,- ,34.192390000000003,-119.19508,VENTURA,OXNARD,-119.19507005,34.19239005