CASE_ID,ACCIDENT_YEAR,PROC_DATE,JURIS,COLLISION_DATE,COLLISION_TIME,OFFICER_ID,REPORTING_DISTRICT,DAY_OF_WEEK,CHP_SHIFT,POPULATION,CNTY_CITY_LOC,SPECIAL_COND,BEAT_TYPE,CHP_BEAT_TYPE,CITY_DIVISION_LAPD,CHP_BEAT_CLASS,BEAT_NUMBER,PRIMARY_RD,SECONDARY_RD,DISTANCE,DIRECTION,INTERSECTION,WEATHER_1,WEATHER_2,STATE_HWY_IND,CALTRANS_COUNTY,CALTRANS_DISTRICT,STATE_ROUTE,ROUTE_SUFFIX,POSTMILE_PREFIX,POSTMILE,LOCATION_TYPE,RAMP_INTERSECTION,SIDE_OF_HWY,TOW_AWAY,COLLISION_SEVERITY,NUMBER_KILLED,NUMBER_INJURED,PARTY_COUNT,PRIMARY_COLL_FACTOR,PCF_CODE_OF_VIOL,PCF_VIOL_CATEGORY,PCF_VIOLATION,PCF_VIOL_SUBSECTION,HIT_AND_RUN,TYPE_OF_COLLISION,MVIW,PED_ACTION,ROAD_SURFACE,ROAD_COND_1,ROAD_COND_2,LIGHTING,CONTROL_DEVICE,CHP_ROAD_TYPE,PEDESTRIAN_ACCIDENT,BICYCLE_ACCIDENT,MOTORCYCLE_ACCIDENT,TRUCK_ACCIDENT,NOT_PRIVATE_PROPERTY,ALCOHOL_INVOLVED,STWD_VEHTYPE_AT_FAULT,CHP_VEHTYPE_AT_FAULT,COUNT_SEVERE_INJ,COUNT_VISIBLE_INJ,COUNT_COMPLAINT_PAIN,COUNT_PED_KILLED,COUNT_PED_INJURED,COUNT_BICYCLIST_KILLED,COUNT_BICYCLIST_INJURED,COUNT_MC_KILLED,COUNT_MC_INJURED,PRIMARY_RAMP,SECONDARY_RAMP,LATITUDE,LONGITUDE,COUNTY,CITY,POINT_X,POINT_Y
8600706,2017,2018-05-02,5604,2017-08-07,1630,5098,,1,5,6,5604,0,0,0,,0,023,W 3RD ST,A ST,0.00,,Y,A,-,N,,,,,,,,,,N,4,0,1,2,A,-,08,22107,,N,D,G,A,A,H,-,A,A,0,,Y,,,Y,,A,01,0,0,1,0,0,0,1,0,0,- ,- ,34.200319999999998,-119.17855,VENTURA,OXNARD,-119.17856014,34.200350100000001
8600720,2017,2018-05-02,5604,2017-08-31,2114,5360,,4,5,6,5604,0,0,0,,0,024,VENTURA RD,FRIEDRICH LN,0.00,,Y,A,-,N,,,,,,,,,,Y,2,0,1,2,A,-,11,21954,A,N,G,B,D,A,H,-,C,A,0,Y,,,,Y,,N,60,1,0,0,0,1,0,0,0,0,- ,- ,34.1785,-119.19497,VENTURA,OXNARD,-119.19495003,34.178500069999998
8600774,2017,2018-05-02,5604,2017-03-01,0820,5160,,3,5,6,5604,0,0,0,,0,024,J ST,CEDAR ST,200.00,S,N,A,-,N,,,,,,,,,,N,3,0,1,2,A,-,11,21954,A,N,G,B,D,A,H,-,A,A,0,Y,,,,Y,,N,60,0,1,0,0,1,0,0,0,0,- ,- ,34.183700000000002,-119.19047,VENTURA,OXNARD,-119.18921784,34.18421799
8600828,2017,2018-04-26,5604,2017-12-01,1800,5350,,5,5,6,5604,0,0,0,,0,023,S  A ST,6TH ST,50.00,S,N,A,-,N,,,,,,,,,,N,3,0,1,2,A,-,11,21954,A,N,B,B,D,A,H,-,C,D,0,Y,,,,Y,,N,60,0,1,0,0,1,0,0,0,0,- ,- ,34.195790000000002,-119.17885,VENTURA,OXNARD,-119.17861895,34.196222769999999
8600846,2017,2018-04-24,5604,2017-09-07,1825,5434,,4,5,6,5604,0,0,0,,0,021,WOOLEY RD,SEAHORSE WY,0.00,,Y,A,-,N,,,,,,,,,,N,4,0,1,2,A,-,11,21954,A,N,G,B,D,A,H,-,A,D,0,Y,,,Y,Y,,N,60,0,0,1,0,1,0,0,0,0,- ,- ,34.190399999999997,-119.23988,VENTURA,OXNARD,-119.23988995000001,34.190410010000001
8600861,2017,2018-04-25,5604,2017-08-31,0747,4868,,4,5,6,5604,0,0,0,,0,011,H ST,ROBERT AV,0.00,,Y,A,-,N,,,,,,,,,,Y,3,0,3,3,A,-,10,21950,A,N,B,B,D,A,H,-,A,A,0,Y,,,,Y,,A,01,0,2,1,0,1,0,0,0,0,- ,- ,34.210500000000003,-119.18765999999999,VENTURA,OXNARD,-119.18802002,34.210660070000003
8600876,2017,2018-04-25,5604,2017-09-28,1830,4734,,4,5,6,5604,0,0,0,,0,041,NELSON PL,ANCHORAGE WY,0.00,,Y,A,-,N,,,,,,,,,,N,3,0,1,2,A,-,10,21950,A,N,D,B,D,A,H,-,A,A,0,Y,,,,Y,,D,22,0,1,0,0,1,0,0,0,0,- ,- ,34.162799999999997,-119.16289,VENTURA,OXNARD,-119.16289002000001,34.162820089999997
8601011,2017,2018-05-15,5604,2017-03-27,1159,5341,,1,5,6,5604,0,0,0,,0,032,OXNARD BL,DATE ST,0.00,,Y,A,-,N,,,1,,,,,,,N,3,0,1,2,A,-,10,21950,A,N,G,B,B,A,H,-,A,A,0,Y,,,,Y,,D,23,0,1,0,0,1,0,0,0,0,- ,- ,34.184280000000001,-119.17044,VENTURA,OXNARD,-119.1704142,34.18431313
8601024,2017,2018-05-01,5604,2017-04-05,2030,5367,,3,5,6,5604,0,0,0,,0,032,5TH ST,RICHMOND AV,0.00,,Y,A,-,N,,,,,,,,,,N,3,0,1,2,A,-,11,21954,A,N,G,B,D,A,H,-,D,D,0,Y,,,,Y,,N,60,0,1,0,0,1,0,0,0,0,- ,- ,34.1967,-119.16924,VENTURA,OXNARD,-119.16956005,34.196890089999997
8601091,2017,2018-05-01,5604,2017-01-16,1320,4692,,1,5,6,5604,0,0,0,,0,012,ROSE AV,LOCKWOOD ST,5.00,S,N,A,-,N,,,,,,,,,,N,4,0,1,2,B,-,22,,,N,G,B,B,A,H,-,A,A,0,Y,,,,Y,,D,22,0,0,1,0,1,0,0,0,0,- ,- ,34.221989999999998,-119.1617,VENTURA,OXNARD,-119.15829311,34.222096520000001
8601302,2017,2018-04-24,5604,2017-04-19,1712,4531,,3,5,6,5604,0,0,0,,0,041,CHANNEL ISLANDS BL,MAYWOOD WY,150.00,E,N,A,-,N,,,,,,,,,,N,3,0,1,2,A,-,11,21954,A,N,B,B,E,A,H,-,A,A,0,Y,,,,Y,,N,60,0,1,0,0,1,0,0,0,0,- ,- ,34.174250000000001,-119.18303,VENTURA,OXNARD,-119.18341834,34.174808669999997
8601321,2017,2018-04-27,5604,2017-12-19,1302,5354,,2,5,6,5604,0,0,0,,0,011,GONZALES RD,C ST,0.00,,Y,A,-,N,,,,,,,,,,N,3,0,1,2,A,-,05,21650,1,N,D,G,A,A,H,-,A,A,0,,Y,,,Y,,L,04,0,1,0,0,0,0,1,0,0,- ,- ,,,VENTURA,OXNARD,-119.18084013000001,34.219190009999998
8601323,2017,2018-04-25,5604,2017-03-27,0743,4442,,1,5,6,5604,0,0,0,,0,024,HEMLOCK ST,BROOKSIDE AV,0.00,,Y,A,-,N,,,,,,,,,,N,2,0,1,2,A,-,10,21950,A,N,G,B,B,A,H,-,A,A,0,Y,,,,Y,,A,07,1,0,0,0,1,0,0,0,0,- ,- ,34.181229999999999,-119.20665,VENTURA,OXNARD,-119.2066501,34.181220029999999
8601325,2017,2018-04-27,5604,2017-12-11,1539,5098,,1,5,6,5604,0,0,0,,0,022,G ST,DORIS,500.00,S,N,A,-,N,,,,,,,,,,N,2,0,1,2,A,-,03,22350,,N,F,B,D,A,H,-,A,A,0,Y,,,,Y,,-,- ,1,0,0,0,1,0,0,0,0,- ,- ,34.206319999999998,-119.1872,VENTURA,OXNARD,-119.18696,34.206597649999999
8601331,2017,2018-04-26,5604,2017-04-05,0647,4950,,3,5,6,5604,0,0,0,,0,032,ROSE AV,WESTAR DR,75.00,N,N,A,-,N,,,,,,,,,,N,3,0,1,2,A,-,11,21954,A,N,G,B,D,A,H,-,A,D,0,Y,,,,Y,,N,60,0,1,0,0,1,0,0,0,0,- ,- ,34.18618,-119.15991,VENTURA,OXNARD,-119.16001,34.186395849999997
8601395,2017,2018-04-24,5604,2017-09-07,0717,5135,,4,5,6,5604,0,0,0,,0,041,YUCCA ST,C ST,0.00,,Y,A,-,N,,,,,,,,,,N,3,0,1,2,A,-,09,21802,A,N,D,G,A,A,H,-,A,A,0,,Y,,Y,Y,,F,26,0,1,0,0,0,0,1,0,0,- ,- ,34.165950000000002,-119.18120999999999,VENTURA,OXNARD,-119.18122003000001,34.16596011
8601423,2017,2018-04-30,5604,2017-10-09,0753,4858,,1,5,6,5604,0,0,0,,0,011,IVYWOOD DR,LAKEHURST ST,90.00,W,N,A,-,N,,,,,,,,,,N,3,0,1,2,A,-,11,21954,A,N,G,B,D,A,H,-,A,A,0,Y,,,,Y,,N,60,0,1,0,0,1,0,0,0,0,- ,- ,34.21602,-119.1913,VENTURA,OXNARD,-119.19160735,34.216030000000003
8601529,2017,2018-05-01,5604,2017-05-13,1918,5473,,6,5,6,5604,0,0,0,,0,041,SAVIERS RD,YUCCA ST,50.00,N,N,A,-,N,,,,,,,,,,N,4,0,1,2,B,-,22,,,N,A,B,D,A,H,-,A,D,0,Y,,,,Y,,A,01,0,0,1,0,1,0,0,0,0,- ,- ,34.165930000000003,-119.17762,VENTURA,OXNARD,-119.17772782,34.166077219999998
8601552,2017,2018-05-01,5604,2017-09-21,1500,5433,,4,5,6,5604,0,0,0,,0,042,SAN JUAN AV,RUBENS DR,0.00,,Y,B,-,N,,,,,,,,,,N,3,0,1,2,D,-,00,,,N,B,B,D,A,H,-,A,D,0,Y,,,,Y,Y,-,- ,0,1,0,0,1,0,0,0,0,- ,- ,34.160110000000003,-119.16913,VENTURA,OXNARD,-119.16913002,34.160140050000003
8601575,2017,2018-04-30,5604,2017-06-17,2000,4750,,6,5,6,5604,0,0,0,,0,012,HOLLY AV,VENTURA RD,0.00,,Y,-,-,N,,,,,,,,,,N,3,0,1,2,A,-,17,24250,,N,D,G,A,A,-,-,B,A,0,,Y,,,Y,,L,04,0,1,0,0,0,0,1,0,0,- ,- ,34.226619999999997,-119.19447,VENTURA,OXNARD,-119.19461009,34.226640019999998
8601576,2017,2018-04-30,5604,2017-06-26,0550,5492,,1,5,6,5604,0,0,0,,0,022,OXNARD BL,COLONIA RD,0.00,,Y,A,-,N,,,1,,,,,,,N,3,0,1,2,A,-,10,21950,A,N,G,B,B,A,H,-,A,A,0,Y,,,,Y,,A,01,0,1,0,0,1,0,0,0,0,- ,- ,34.206270000000004,-119.17726999999999,VENTURA,OXNARD,-119.1772428,34.206269720000002
8601591,2017,2018-06-15,5604,2017-11-25,1845,5359,,6,5,6,5604,0,0,0,,0,012,N ROSE AV,RT 101,0.00,,Y,A,-,Y,VEN,7,101,-,-,21.185,R,1,S,N,3,0,1,2,A,-,10,21950,A,F,G,B,B,A,H,-,C,A,0,Y,,,,Y,,A,01,0,1,0,0,1,0,0,0,0,- ,SF,34.225050000000003,-119.15876,VENTURA,OXNARD,-119.16145466,34.225757649999998
8601597,2017,2018-04-20,5604,2017-10-10,2343,5214,,2,5,6,5604,0,0,0,,0,024,S I ST,WOOLEY RD,250.00,S,N,A,-,N,,,,,,,,,,N,4,0,1,3,A,-,21,22106,,N,G,B,E,A,H,-,D,D,0,Y,,,,Y,,A,01,0,0,1,0,1,0,0,0,0,- ,- ,34.189990000000002,-119.18841999999999,VENTURA,OXNARD,-119.18843090999999,34.189343890000004
8604228,2018,2018-05-14,5604,2018-02-09,0620,5158,,5,5,6,5604,0,0,0,,0,041,ROSE AV,CHANNEL ISLANDS BL,0.00,,Y,A,-,N,,,,,,,,,,N,3,0,1,2,A,-,10,21950,A,N,G,B,B,A,A,H,C,A,0,Y,,,,Y,,A,01,0,1,0,0,1,0,0,0,0,- ,- ,34.173751831054688,-119.15963745117188,VENTURA,OXNARD,-119.16017150878906,34.173370361328125
8605061,2018,2018-05-14,5609,2018-03-25,0100,437,,7,5,6,5609,0,0,0,,0,002,STONEBROOK ST,VALLEY GATE RD,0.00,,Y,A,-,N,,,,,,,,,,N,4,0,1,2,A,-,01,23152,A,N,D,G,A,A,H,-,C,D,0,,Y,,,Y,Y,A,01,0,0,1,0,0,0,1,0,0,- ,- ,34.246261596679688,-118.79432678222656,VENTURA,SIMI VALLEY,-118.79434204101562,34.246200561523438
8605097,2018,2018-05-14,5609,2018-03-19,0650,310,418,1,5,6,5609,0,0,0,,0,004,COCHRAN ST,SEQUOIA AV,330.00,W,N,A,-,N,,,,,,,,,,N,3,0,1,2,A,-,06,21760,B,N,B,G,A,A,H,-,B,D,0,,Y,,,Y,,A,01,0,1,0,0,0,0,1,0,0,- ,- ,,,VENTURA,SIMI VALLEY,-118.73161315917969,34.279010772705078
8606570,2018,2018-05-11,5608,2018-02-27,0820,471,,2,5,6,5608,0,0,0,,0,002,PIERPONT BL,PENINSULA ST,0.00,,Y,A,-,N,,,,,,,,,,N,3,0,1,2,A,-,00,20815,,N,A,B,B,A,H,-,A,A,0,Y,,,,Y,,-,,0,1,0,0,1,0,0,0,0,- ,- ,,,VENTURA,VENTURA,-119.26943969726562,34.259899139404297
8606574,2018,2018-05-08,5604,2018-02-24,1653,5181,,6,5,6,5604,0,0,0,,0,042,LINCOLN CT,WEBSTER DR,50.00,W,N,A,-,N,,,,,,,,,,N,4,0,1,2,A,-,09,21804,A,F,G,B,D,A,H,-,A,D,0,Y,,,,Y,,N,60,0,0,1,0,1,0,0,0,0,- ,- ,34.157390594482422,-119.15875244140625,VENTURA,OXNARD,-119.15818786621094,34.157997131347656
8607165,2018,2018-05-15,5608,2018-04-27,2249,442,,5,5,6,5608,0,0,0,,0,002,HARBOR BL,CITY LIMIT MARKER,328.00,N,N,A,-,N,,,,,,,,,,N,2,0,1,2,A,-,11,21954,A,N,G,B,D,A,H,-,D,D,0,Y,,,,Y,,N,60,1,0,0,0,1,0,0,0,0,- ,- ,,,VENTURA,VENTURA,,
8607169,2018,2018-05-15,5608,2018-04-30,2124,492,,1,5,6,5608,0,0,0,,0,001,NORTH VENTURA AV,WEST RAMONA ST,35.00,N,N,A,-,N,,,,,,,,,,N,3,0,1,2,A,-,11,21954,A,N,G,B,D,A,H,-,C,A,0,Y,,,,Y,Y,N,60,0,1,0,0,1,0,0,0,0,- ,- ,,,VENTURA,VENTURA,-119.29830169677734,34.289703369140625
8607494,2017,2018-05-11,5604,2017-12-23,1800,5527,,6,5,6,5604,0,0,0,,0,022,A ST,MAGNOLIA AV,0.00,,N,A,-,N,,,,,,,,,,N,3,0,1,2,A,-,10,21950,A,N,G,B,B,A,H,-,C,D,0,Y,,,,Y,,A,01,0,1,0,0,1,0,0,0,0,- ,- ,34.203969999999998,-119.17851,VENTURA,OXNARD,-119.17853006,34.20400008
8607496,2017,2018-05-11,5604,2017-12-20,1811,5508,,3,5,6,5604,0,0,0,,0,042,WEBSTER DR,STANFORD ST,0.00,,Y,A,-,N,,,,,,,,,,N,4,0,1,2,A,-,10,21950,A,N,G,B,D,A,H,-,C,D,0,Y,,,,Y,,A,01,0,0,1,0,1,0,0,0,0,- ,- ,34.155099999999997,-119.15807,VENTURA,OXNARD,-119.158092,34.155116999999997
8608192,2018,2018-04-30,5604,2018-01-09,1826,5359,,2,5,6,5604,0,0,0,,0,024,CHANNEL ISLANDS BL,MANZANITA DR,0.00,,Y,A,-,N,,,,,,,,,,N,3,0,1,2,A,-,05,21650,,N,D,G,A,A,H,-,C,D,0,,Y,,,Y,,L,04,0,1,0,0,0,0,1,0,0,- ,- ,34.175628662109375,-119.19225311279297,VENTURA,OXNARD,-119.19225311279297,34.175640106201172
8608309,2018,2018-04-30,5604,2018-01-22,1750,5018,,1,5,6,5604,0,0,0,,0,023,OXNARD BL,8TH ST,0.00,,Y,A,-,N,,,1,,,,,,,N,4,0,1,2,A,-,05,21650,,N,D,G,A,A,H,-,C,A,0,,Y,,,Y,,L,04,0,0,1,0,0,0,1,0,0,- ,- ,34.193698883056641,-119.17742156982422,VENTURA,OXNARD,-119.17739105224609,34.193698883056641
8612576,2018,2018-04-27,5608,2018-04-13,0802,475,,5,5,6,5608,0,0,0,,0,001,E MAIN ST,S HEMLOCK ST,0.00,,Y,A,-,N,,,,,,,,,,N,3,0,1,2,A,-,12,22450,A,N,D,G,A,A,H,-,A,A,0,,Y,,,Y,,L,04,0,1,0,0,0,0,1,0,0,- ,- ,,,VENTURA,VENTURA,-119.28243255615234,34.280860900878906
8616902,2018,2018-05-17,5604,2018-04-28,2030,5359,,6,5,6,5604,0,0,0,,0,024,KAMALA ST,E ST,0.00,,Y,A,-,N,,,,,,,,,,N,4,0,1,2,A,-,12,22450,A,N,D,G,A,A,H,-,D,D,0,,Y,,,Y,,A,01,0,0,1,0,0,0,1,0,0,- ,- ,34.178791046142578,-119.18624877929688,VENTURA,OXNARD,-119.18382989,34.178750039999997
8617013,2018,2018-05-17,5604,2018-04-22,2000,5501,,7,5,6,5604,0,0,0,,0,041,BARD RD,C ST,50.00,E,N,A,-,N,,,,,,,,,,N,2,0,1,2,A,-,11,21954,A,N,G,B,D,A,H,-,C,D,0,Y,,,,Y,,N,60,1,0,0,0,1,0,0,0,0,- ,- ,34.161018371582031,-119.18051147460938,VENTURA,OXNARD,-119.18036651611328,34.161037445068359
8617271,2018,2018-05-18,5608,2018-05-09,0825,465,,3,5,6,5608,0,0,0,,0,004,TELEPHONE RD,COUNTY SQUARE DR,0.00,,Y,B,-,N,,,,,,,,,,N,3,0,1,2,A,-,11,21954,A,N,G,B,D,A,H,-,A,D,0,Y,,,,Y,,N,60,0,1,0,0,1,0,0,0,0,- ,- ,,,VENTURA,VENTURA,-119.21427917480469,34.265171051025391
8623102,2018,2018-05-30,5600,2018-04-20,1749,1929,6009,5,5,3,5602,0,0,0,,0,06A,SESPE AV,MCCAMPBELL ST,53.00,W,N,A,-,N,,,,,,,,,,N,2,0,1,2,A,-,09,21804,A,N,H,G,A,A,H,-,A,D,0,,Y,,,Y,,L,04,1,0,0,0,0,0,1,0,0,- ,- ,,,VENTURA,FILLMORE,-118.92179107666016,34.399566650390625
8624882,2018,2018-07-16,5608,2018-06-11,1642,505,,1,5,6,5608,0,0,0,,0,001,STANLEY AV,OLIVE ST,0.00,W,N,A,-,N,,,,,,,,,,N,3,0,1,2,A,-,09,21803,A,N,D,G,A,A,H,-,A,A,0,,Y,,,Y,,A,01,0,1,0,0,0,0,1,0,0,- ,- ,34.300701141357422,-119.30039978027344,VENTURA,VENTURA,-119.29817199707031,34.300140380859375
8625178,2018,2018-07-31,5604,2018-05-03,0840,5172,,4,5,6,5604,0,0,0,,0,042,SYRACUSE DR,SANFORD ST,150.00,N,N,A,-,N,,,,,,,,,,N,4,0,1,2,D,-,00,,,N,G,B,D,A,H,-,A,D,0,Y,,,,Y,,-,- ,0,0,1,0,1,0,0,0,0,- ,- ,34.155368804931641,-119.15415954589844,VENTURA,OXNARD,-119.15544891357422,34.155391693115234
8625547,2018,2018-05-31,5604,2018-05-14,1459,4868,,1,5,6,5604,0,0,0,,0,011,GONZALES RD,GALLATIN PL,0.00,,Y,A,-,N,,,,,,,,,,N,3,0,1,2,A,-,05,21650,1,N,D,G,A,A,H,-,A,A,0,,Y,,,Y,,L,04,0,1,0,0,0,0,1,0,0,- ,- ,34.219318389892578,-119.20198822021484,VENTURA,OXNARD,-119.20201873779297,34.219398498535156
8625597,2018,2018-05-30,5604,2018-05-10,1910,5472,,4,5,6,5604,0,0,0,,0,042,CUESTA DEL MAR DR,COURTLAND AV,350.00,W,N,A,-,N,,,,,,,,,,N,4,0,1,2,A,-,11,21950,B,N,G,B,D,A,H,-,B,D,0,Y,,,,Y,,N,60,0,0,1,0,1,0,0,0,0,- ,- ,34.148998260498047,-119.18105316162109,VENTURA,OXNARD,-119.18063354492188,34.148811340332031
8626474,2018,2018-08-17,5600,2018-05-06,1839,4704,1000,7,5,2,5603,0,0,0,,0,01A,RT 150,CANADA ST,17.00,W,N,A,-,Y,VEN,7,150,-,-,17.351,I,5,W,N,4,0,1,2,A,-,12,22450,A,N,D,G,A,A,H,-,A,A,0,,Y,,,Y,,L,04,0,0,1,0,0,0,1,0,0,- ,- ,,,VENTURA,OJAI,-119.24726867675781,34.447669982910156
8634944,2018,2018-06-19,5604,2018-05-11,1702,5534,,5,5,6,5604,0,0,0,,0,014,OWENS RIVER RD,VENTURA RD,100.00,W,N,A,-,N,,,,,,,,,,N,3,0,1,2,A,-,11,21954,A,N,G,B,E,A,H,-,A,D,0,Y,,,,Y,,N,60,0,1,0,0,1,0,0,0,0,- ,- ,34.247760772705078,-119.17688751220703,VENTURA,OXNARD,-119.17683410644531,34.248222351074219
8635034,2018,2018-06-18,5604,2018-05-22,1815,5351,,2,5,6,5604,0,0,0,,0,014,OXNARD BL,KIAWAH RIVER,100.00,S,N,A,-,N,,,,,,,,,,N,3,0,1,2,A,-,11,21954,A,N,G,B,D,A,H,-,A,D,0,Y,,,,Y,,N,60,0,1,0,0,1,0,0,0,0,- ,- ,34.246818542480469,-119.17381286621094,VENTURA,OXNARD,-119.17440795898438,34.247703552246094
8638477,2018,2018-06-22,5608,2018-06-02,1226,497,,6,5,6,5608,0,0,0,,0,004,TELEPHONE RD,CACHUMA AV,15.00,E,N,A,-,N,,,,,,,,,,N,3,0,1,2,A,-,08,22107,,N,D,G,A,A,H,-,A,D,0,,Y,,,Y,,L,04,0,1,0,0,0,0,1,0,0,- ,- ,,,VENTURA,VENTURA,-119.16237640380859,34.277122497558594
8639663,2018,2018-07-10,5608,2018-06-04,1600,504,VENTU,1,5,6,5608,0,0,0,,0,002,SEAWARD AV,SEAWARD AV 779,0.00,,-,A,-,N,,,,,,,,,,N,4,0,1,2,D,-,00,,,F,G,B,F,A,H,-,A,D,0,Y,,,,Y,Y,-,- ,0,0,1,0,1,0,0,0,0,- ,- ,34.265998840332031,-119.26840209960938,VENTURA,VENTURA,-119.26840199999999,34.265999000000001
8643102,2018,2018-07-09,5609,2018-06-06,0953,310,410,3,5,6,5609,0,0,0,,0,004,ALAMO ST,TAPO CANYON RD,254.00,W,N,B,-,N,,,,,,,,,,N,3,0,1,2,A,-,09,21804,A,N,D,G,A,A,H,-,A,D,0,,Y,,,Y,,A,07,0,1,0,0,0,0,1,0,0,- ,- ,,,VENTURA,SIMI VALLEY,-118.71865844726562,34.286300659179688
8643110,2018,2018-07-09,5609,2018-06-12,1105,310,416,2,5,6,5609,0,0,0,,0,004,SYCAMORE DR,COCHRAN ST,0.00,,Y,A,-,N,,,,,,,,,,N,3,0,1,2,A,-,09,21804,A,N,D,G,A,A,H,-,A,A,0,,Y,,,Y,,L,04,0,1,0,0,0,0,1,0,0,- ,- ,,,VENTURA,SIMI VALLEY,-118.74391174316406,34.278999328613281
8643297,2018,2018-06-27,5604,2018-06-01,1709,5412,,5,5,6,5604,0,0,0,,0,024,S J ST,WOOLEY RD,50.00,S,N,A,-,N,,,,,,,,,,N,4,0,1,2,A,-,17,22517,,N,H,G,A,A,H,-,A,D,0,,Y,,,Y,,A,01,0,0,1,0,0,0,1,0,0,- ,- ,34.1875,-119.189208984375,VENTURA,OXNARD,-119.18952941894531,34.189903259277344
8643353,2018,2018-06-27,5604,2018-06-01,0846,5208,,5,5,6,5604,0,0,0,,0,032,PACIFIC AV,MOUNTAIN VIEW,50.00,S,N,A,-,N,,,,,,,,,,N,3,0,1,2,B,-,22,,,N,H,G,A,A,H,-,A,D,0,,Y,,,Y,,A,01,0,1,0,0,0,0,1,0,0,- ,- ,,,VENTURA,OXNARD,-119.16481018066406,34.193321228027344
8645794,2018,2018-07-10,5600,2018-06-18,1630,4045,9040,1,5,6,5607,0,0,0,,0,9B01,AVENIDA DE LOS ARBOLES,PARKVIEW DR,425.00,W,N,A,-,N,,,,,,,,,,N,3,0,1,2,A,-,07,21658,A,N,H,G,A,A,H,-,A,D,0,,Y,,,Y,,L,04,0,1,0,0,0,0,1,0,0,- ,- ,,,VENTURA,THOUSAND OAKS,-118.83716583251953,34.21185302734375
8646683,2018,2018-07-03,5608,2018-06-08,1345,495,VENTU,5,5,6,5608,0,0,0,,0,001,NORTH VENTURA AV,W BARNETT ST,0.00,,Y,A,-,N,,,,,,,,,,N,4,0,1,2,A,-,09,21802,A,N,A,G,A,A,-,-,A,D,0,,Y,,,Y,,A,01,0,0,1,0,0,0,1,0,0,- ,- ,34.291721343994141,-119.29768371582031,VENTURA,VENTURA,-119.29769134521484,34.291728973388672
8646687,2018,2018-07-03,5608,2018-06-19,0626,456,,2,5,6,5608,0,0,0,,0,004,JOHNSON DR,NORTHBANK DR,0.00,,Y,B,-,N,,,,,,,,,,N,3,0,1,2,A,-,08,22107,,N,D,G,A,A,H,-,A,A,0,,Y,,,Y,,D,22,0,1,0,0,0,0,1,0,0,- ,- ,,,VENTURA,VENTURA,-119.19488990000001,34.24695002
8647521,2018,2018-06-28,5604,2018-05-19,1634,5492,,6,5,6,5604,0,0,0,,0,031,JUANITA AV,2ND ST,50.00,S,N,A,-,N,,,,,,,,,,N,4,0,1,2,A,-,11,21954,A,N,G,B,E,A,H,-,A,B,0,Y,,,,Y,,A,07,0,0,1,0,1,0,0,0,0,- ,- ,34.201320648193359,-119.168212890625,VENTURA,OXNARD,-119.16851806640625,34.201431274414062
8650589,2018,2018-09-17,5608,2018-07-31,1031,386,,2,5,6,5608,0,0,0,,0,004,VICTORIA AV,S VICTORIA AV 1899,0.00,,Y,A,-,N,,,,,,,,,,N,4,0,1,2,A,-,09,21804,A,N,D,G,A,A,H,-,A,A,0,,Y,,,Y,,-,,0,0,1,0,0,0,1,0,0,- ,- ,34.256599426269531,-119.21087646484375,VENTURA,VENTURA,-119.21073699999999,34.256630999999999
8652788,2018,2018-07-09,5604,2018-06-05,0118,5496,,2,5,6,5604,0,0,0,,0,014,FOREST PARK BL,GARONNE ST,0.00,,Y,A,-,N,,,,,,,,,,N,4,0,1,2,A,-,12,21453,A,N,D,G,A,A,H,-,C,A,0,,Y,,,Y,,L,04,0,0,1,0,0,0,1,0,0,- ,- ,,,VENTURA,OXNARD,-119.17214965820312,34.242168426513672
8652888,2018,2018-07-13,5608,2018-06-30,2048,477,,6,5,6,5608,0,0,0,,0,004,CACHUMA AV,ERIE ST,0.00,,Y,A,-,N,,,,,,,,,,N,3,0,1,2,A,-,10,21950,A,N,D,B,B,A,H,-,D,A,0,Y,,,,Y,,D,22,0,1,0,0,1,0,0,0,0,- ,- ,,,VENTURA,VENTURA,-119.16206359863281,34.276618957519531
8653197,2018,2018-07-05,5604,2018-06-14,1750,5531,,4,5,6,5604,0,0,0,,0,022,VENTURA RD,WOOLEY RD,50.00,N,N,B,-,N,,,,,,,,,,N,3,0,1,2,A,-,05,21650,A,N,G,G,A,A,H,-,A,D,0,,Y,,,Y,Y,L,04,0,1,0,0,0,0,0,0,0,- ,- ,34.1905517578125,-119.1944580078125,VENTURA,OXNARD,-119.19511413574219,34.190437316894531
8656153,2018,2018-07-24,5608,2018-07-09,1436,501,,1,5,6,5608,0,0,0,,0,001,LEWIS ST,VENTURA AV,5.00,E,N,A,-,N,,,,,,,,,,N,4,0,1,2,A,-,12,22450,A,F,G,G,A,A,H,-,A,D,0,,Y,,,Y,,A,01,0,0,1,0,0,0,1,0,0,- ,- ,,,VENTURA,VENTURA,-119.29669189453125,34.294975280761719
8656436,2018,2018-07-20,5609,2018-06-27,1850,447,400,3,5,6,5609,0,0,0,,0,004,SWEETGRASS AV,SWEETGRASS AV 3500 BLOCK,0.00,,-,A,-,N,,,,,,,,,,N,3,0,1,2,A,-,03,22350,,N,D,G,A,A,H,-,A,D,0,,Y,,,Y,,L,04,0,1,0,0,0,0,1,0,0,- ,- ,,,VENTURA,SIMI VALLEY,,