CASE_ID,ACCIDENT_YEAR,PROC_DATE,JURIS,COLLISION_DATE,COLLISION_TIME,OFFICER_ID,REPORTING_DISTRICT,DAY_OF_WEEK,CHP_SHIFT,POPULATION,CNTY_CITY_LOC,SPECIAL_COND,BEAT_TYPE,CHP_BEAT_TYPE,CITY_DIVISION_LAPD,CHP_BEAT_CLASS,BEAT_NUMBER,PRIMARY_RD,SECONDARY_RD,DISTANCE,DIRECTION,INTERSECTION,WEATHER_1,WEATHER_2,STATE_HWY_IND,CALTRANS_COUNTY,CALTRANS_DISTRICT,STATE_ROUTE,ROUTE_SUFFIX,POSTMILE_PREFIX,POSTMILE,LOCATION_TYPE,RAMP_INTERSECTION,SIDE_OF_HWY,TOW_AWAY,COLLISION_SEVERITY,NUMBER_KILLED,NUMBER_INJURED,PARTY_COUNT,PRIMARY_COLL_FACTOR,PCF_CODE_OF_VIOL,PCF_VIOL_CATEGORY,PCF_VIOLATION,PCF_VIOL_SUBSECTION,HIT_AND_RUN,TYPE_OF_COLLISION,MVIW,PED_ACTION,ROAD_SURFACE,ROAD_COND_1,ROAD_COND_2,LIGHTING,CONTROL_DEVICE,CHP_ROAD_TYPE,PEDESTRIAN_ACCIDENT,BICYCLE_ACCIDENT,MOTORCYCLE_ACCIDENT,TRUCK_ACCIDENT,NOT_PRIVATE_PROPERTY,ALCOHOL_INVOLVED,STWD_VEHTYPE_AT_FAULT,CHP_VEHTYPE_AT_FAULT,COUNT_SEVERE_INJ,COUNT_VISIBLE_INJ,COUNT_COMPLAINT_PAIN,COUNT_PED_KILLED,COUNT_PED_INJURED,COUNT_BICYCLIST_KILLED,COUNT_BICYCLIST_INJURED,COUNT_MC_KILLED,COUNT_MC_INJURED,PRIMARY_RAMP,SECONDARY_RAMP,LATITUDE,LONGITUDE,COUNTY,CITY,POINT_X,POINT_Y
8658807,2018,2018-07-11,5609,2018-05-11,0901,383,,5,5,6,5609,0,0,0,,0,,FITZGERALD RD,SYCAMORE DR,21.00,E,N,A,-,N,,,,,,,,,,N,4,0,1,2,A,-,09,21804,A,N,D,G,A,A,H,-,A,A,0,,Y,,,Y,,L,04,0,0,1,0,0,0,1,0,0,- ,- ,34.25714111328125,-118.74765014648438,VENTURA,SIMI VALLEY,-118.74752807617188,34.257228851318359
8661034,2018,2018-08-09,5604,2018-06-10,1909,5533,,7,5,6,5604,0,0,0,,0,041,YUCCA ST,SAMUEL AV,30.00,E,N,A,-,N,,,,,,,,,,N,3,0,1,2,A,-,05,21650,,N,A,G,A,A,H,-,A,D,0,,Y,,,Y,Y,L,04,0,1,0,0,0,0,1,0,0,- ,- ,34.165931701660156,-119.17671203613281,VENTURA,OXNARD,-119.17662811279297,34.165939331054688
8662860,2018,2018-07-30,5606,2018-06-08,2331,1102,5606,5,5,4,5606,0,0,0,,0,001,HARVARD BL,CRAIG DR,19.00,W,N,A,-,N,,,,,,,,,,N,2,0,1,2,D,-,00,,,F,G,B,E,A,H,-,C,A,0,Y,,,,Y,,-,- ,1,0,0,0,1,0,0,0,0,- ,- ,,,VENTURA,SANTA PAULA,-119.07444763183594,34.345550537109375
8665458,2018,2018-08-01,5604,2018-07-07,2012,5492,,6,5,6,5604,0,0,0,,0,042,HUENEME RD,COURTLAND ST,0.00,,Y,A,-,N,,,,,,,,,,N,4,0,1,2,A,-,08,22107,,N,A,G,A,A,H,-,B,D,0,,Y,,,Y,,A,01,0,0,1,0,0,0,1,0,0,- ,- ,34.146999359130859,-119.17900085449219,VENTURA,OXNARD,-119.17948150634766,34.147510528564453
8665470,2018,2018-08-01,5604,2018-07-02,1514,5242,,1,5,6,5604,0,0,0,,0,032,SAVIERS RD,LAUREL ST,5.00,S,N,A,-,N,,,,,,,,,,N,4,0,1,2,A,-,12,21453,A,N,G,G,A,A,H,-,A,A,0,,Y,,,Y,,L,04,0,0,1,0,0,0,1,0,0,- ,- ,,,VENTURA,OXNARD,-119.17759704589844,34.177337646484375
8665471,2018,2018-08-06,5604,2018-06-27,1327,5065,,3,5,6,5604,0,0,0,,0,041,ROSE AV,LINDSAY PL,0.00,,Y,A,-,N,,,,,,,,,,N,4,0,1,2,A,-,11,21954,A,N,G,B,D,A,H,-,A,D,0,Y,,,,Y,,N,60,0,0,1,0,1,0,0,0,0,- ,- ,34.1644287109375,-119.15941619873047,VENTURA,OXNARD,-119.15949249267578,34.164459228515625
8665482,2018,2018-08-01,5604,2018-07-10,2141,5561,,2,5,6,5604,0,0,0,,0,022,S E ST,W WOOLEY RD,0.00,,Y,A,-,N,,,,,,,,,,N,3,0,1,2,A,-,05,21650,,F,D,G,A,A,H,-,C,A,0,,Y,,,Y,,L,04,0,1,0,0,0,0,1,0,0,- ,- ,34.190399169921875,-119.18399810791016,VENTURA,OXNARD,-119.18372344970703,34.189990997314453
8669178,2018,2018-08-10,5600,2018-07-16,1900,2913,9164,1,5,6,5607,0,0,0,,0,09D,HILLCREST DR,BLUE MESA ST,0.00,,Y,A,-,N,,,,,,,,,,N,3,0,1,2,A,-,09,21801,A,N,H,G,A,A,H,-,A,D,0,,Y,,,Y,,A,01,0,1,0,0,0,0,1,0,0,- ,- ,,,VENTURA,THOUSAND OAKS,-118.82436370849609,34.172000885009766
8670321,2018,2018-08-29,5600,2018-07-24,0835,4617,9300,2,5,6,5607,0,0,0,,0,09C,RANCHO DOS VIENTOS,VIA CAPOTE,0.00,,Y,A,-,N,,,,,,,,,,N,3,0,1,2,A,-,09,21804,A,N,H,G,A,A,E,H,A,D,0,,Y,,,Y,,A,01,0,1,0,0,0,0,1,0,0,- ,- ,,,VENTURA,THOUSAND OAKS,-118.98990631103516,34.168128967285156
8677471,2018,2018-10-15,5608,2018-08-05,1954,308,,7,5,6,5608,0,0,0,,0,001,THOMPSON BL,JUNIPERO ST,0.00,,Y,A,-,N,,,,,,,,,,N,4,0,1,2,A,-,08,22107,,N,B,B,E,A,C,-,A,D,0,Y,,,,Y,,-,,0,0,1,0,1,0,0,0,0,- ,- ,,,VENTURA,VENTURA,-119.29969787597656,34.278251647949219
8677475,2018,2018-10-15,5608,2018-08-06,1754,342,,1,5,6,5608,0,0,0,,0,001,OLIVE ST,MAIN ST,162.00,N,N,A,-,N,,,,,,,,,,N,3,0,1,2,A,-,09,21804,A,F,-,G,A,A,H,-,A,D,0,,Y,,,Y,,-,,0,1,0,0,0,0,1,0,0,- ,- ,,,VENTURA,VENTURA,,
8677479,2018,2018-10-30,5608,2018-08-06,1600,480,VENTU,1,5,6,5608,0,0,0,,0,002,TELEPHONE RD,RT 101,0.00,,Y,A,-,Y,VEN,7,101,-,-,25.859,R,1,N,N,4,0,1,2,A,-,12,21453,A,F,G,B,B,A,H,-,A,A,0,Y,,,,Y,,-,,0,0,1,0,1,0,0,0,0,- ,NF,,,VENTURA,VENTURA,-119.22921752929688,34.261592864990234
8677581,2018,2018-10-03,5604,2018-07-20,2223,5496,,5,5,6,5604,0,0,0,,0,011,VENTURA RD,GONZALES RD,50.00,N,N,A,-,N,,,,,,,,,,Y,3,0,1,2,A,-,11,21954,A,N,G,B,D,A,H,-,C,D,0,Y,,,,Y,,N,60,0,1,0,0,1,0,0,0,0,- ,- ,34.221000671386719,-119.19452667236328,VENTURA,OXNARD,-119.19464111328125,34.219486236572266
8682418,2018,2018-09-26,5600,2018-08-22,1604,5176,8151,3,5,5,5601,0,0,0,,0,08B,GLENN DR,GRANDVIEW DR,275.00,N,N,A,-,N,,,,,,,,,,N,4,0,1,2,A,-,05,21650,1,N,D,G,A,A,H,-,A,D,0,,Y,,,Y,,L,04,0,0,1,0,0,0,1,0,0,- ,- ,34.214519500732422,-119.03794860839844,VENTURA,CAMARILLO,-119.03801727294922,34.214481353759766
8685923,2018,2018-10-05,5604,2018-08-09,1800,5419,,4,5,6,5604,0,0,0,,0,042,BARD RD,ANCHORAGE ST,0.00,,Y,A,-,N,,,,,,,,,,N,3,0,1,2,A,-,10,21950,A,F,G,B,B,A,H,-,A,A,0,Y,,,,Y,,-,,0,1,0,0,1,0,0,0,0,- ,- ,34.216350555419922,-119.15589904785156,VENTURA,OXNARD,-119.16290283203125,34.162261962890625
8685973,2018,2018-09-06,5604,2018-07-28,1522,5378,,6,5,6,5604,0,0,0,,0,022,BOTTLEBRUSH PL,BOTTLEBRUSH CT,25.00,W,N,A,-,N,,,,,,,,,,N,4,0,1,2,A,-,03,22350,,N,G,B,D,A,H,-,A,D,0,Y,,,,Y,,A,07,0,0,1,0,1,0,0,0,0,- ,- ,34.203800201416016,-119.19409942626953,VENTURA,OXNARD,-119.19366455078125,34.203578948974609
8686002,2018,2018-08-30,5600,2018-07-24,0816,4968,6025,2,5,3,5602,0,0,0,,0,6B01,CENTRAL AV,SESPE AV,0.00,,Y,A,-,N,,,,,,,,,,N,4,0,1,2,A,-,12,21453,A,N,D,G,A,A,H,-,A,A,0,,Y,,,Y,,A,01,0,0,1,0,0,0,1,0,0,- ,- ,,,VENTURA,FILLMORE,-118.91374969482422,34.400680541992188
8686073,2018,2018-10-08,5600,2018-08-09,1942,5176,8111,4,5,5,5601,0,0,0,,0,08B,PONDEROSA RD,ARNEILL RD,0.00,,Y,A,-,N,,,,,,,,,,N,3,0,1,2,A,-,17,21200,,N,D,G,A,A,H,-,B,A,0,,Y,,,Y,Y,L,04,0,1,0,0,0,0,1,0,0,- ,- ,34.223609924316406,-119.03913116455078,VENTURA,CAMARILLO,-119.03903961181641,34.223628997802734
8688546,2018,2018-09-28,5604,2018-08-17,0554,5531,,5,5,6,5604,0,0,0,,0,023,FACTORY AV,6TH ST,0.00,,Y,B,-,N,,,,,,,,,,N,4,0,1,2,A,-,13,22500,,N,G,B,E,A,H,-,B,D,0,Y,,,,Y,,N,60,0,0,1,0,1,0,0,0,0,- ,- ,34.196060180664062,-119.17517852783203,VENTURA,OXNARD,-119.17512238,34.196296269999998
8692138,2018,2018-09-24,5600,2018-09-09,1132,4952,9146,7,5,6,5607,0,0,0,,0,09D,KANAN RD,LINDERO CANYON RD,306.00,W,N,A,-,N,,,,,,,,,,N,3,0,1,2,A,-,03,22350,A,N,H,G,A,A,H,-,A,A,0,,Y,,,Y,,A,01,0,1,0,0,0,0,1,0,0,- ,- ,,,VENTURA,THOUSAND OAKS,-118.78689575195312,34.185287475585938
8693293,2018,2019-02-04,5604,2018-08-14,0657,5550,,2,5,6,5604,0,0,0,,0,031,CAMINO DEL SOL,GOTITA WY,0.00,,Y,A,-,N,,,,,,,,,,N,4,0,1,2,A,-,09,21804,A,N,G,B,B,A,H,-,A,D,0,Y,,,,Y,,A,07,0,0,1,0,1,0,0,0,0,- ,- ,,,VENTURA,OXNARD,-119.16428375244141,34.207630157470703
8694812,2018,2018-09-17,5608,2018-09-01,0812,483,VENTU,6,5,6,5608,0,0,0,,0,002,TELEGRAPH RD,MILLS RD,9.00,W,N,A,-,N,,,,,,,,,,N,3,0,1,2,A,-,10,21950,A,N,G,B,B,A,H,-,A,A,0,Y,,,,Y,,-,,0,1,0,0,1,0,0,0,0,- ,- ,,,VENTURA,VENTURA,-119.24784851074219,34.273075103759766
8700184,2018,2018-09-24,5604,2018-09-08,2049,5335,,6,5,6,5604,0,0,0,,0,023,S A ST,WEST 5TH ST,200.00,N,N,A,-,N,,,,,,,,,,N,4,0,1,2,A,-,11,21950,B,N,G,B,C,A,H,-,C,B,0,Y,,,,Y,,N,60,0,0,1,0,1,0,0,0,0,- ,- ,34.197681427001953,-119.17858123779297,VENTURA,OXNARD,-119.17859649658203,34.198249816894531
8700195,2018,2018-09-24,5604,2018-08-30,2500,5514,,4,5,6,5604,0,0,0,,0,031,SNOW AV,GONZALES RD,0.00,,Y,A,-,N,,,,,,,,,,N,3,0,1,2,A,-,00,21202,B,N,D,G,A,A,H,-,A,A,0,,Y,,,Y,,L,04,0,1,0,0,0,0,1,0,0,- ,- ,34.218959808349609,-119.16532897949219,VENTURA,OXNARD,-119.16536712646484,34.219039916992188
8705446,2018,2018-10-09,5604,2018-09-16,1658,5496,,7,5,6,5604,0,0,0,,0,041,BRYCE CANYON AV,SAVIERS RD,10.00,W,N,A,-,N,,,,,,,,,,N,3,0,1,2,A,-,09,21804,A,N,D,G,A,A,H,-,A,D,0,,Y,,,Y,,L,04,0,1,0,0,0,0,1,0,0,- ,- ,34.169971466064453,-119.17813110351562,VENTURA,OXNARD,-119.17772674560547,34.169780731201172
8705458,2018,2018-10-09,5604,2018-09-14,0858,5465,,5,5,6,5604,0,0,0,,0,042,C ST,VAN NESS AV,0.00,,Y,A,-,N,,,,,,,,,,N,4,0,1,2,A,-,00,22517,1,N,B,G,A,A,H,-,A,D,0,,Y,,,Y,,A,07,0,0,1,0,0,0,1,0,0,- ,- ,,,VENTURA,OXNARD,-119.18058013916016,34.157150268554688
8705469,2018,2018-10-22,5608,2018-09-08,2015,308,,6,5,6,5608,0,0,0,,0,001,CALIFORNIA ST,REST AND ASPIRATION ALLEY,0.00,,Y,A,-,N,,,,,,,,,,N,4,0,1,2,A,-,10,21950,A,N,G,B,C,A,H,-,C,D,0,Y,,,,Y,,-,,0,0,1,0,1,0,0,0,0,- ,- ,,,VENTURA,VENTURA,,
8705630,2018,2018-10-10,5604,2018-08-30,1605,5536,,4,5,6,5604,0,0,0,,0,041,E RAIDERS WY,ROSE AV,200.00,W,N,A,-,N,,,,,,,,,,N,3,0,1,2,A,-,08,22107,,N,B,G,A,A,H,-,A,D,0,,Y,,,Y,,A,07,0,1,0,0,0,0,1,0,0,- ,- ,,,VENTURA,OXNARD,-119.16082763671875,34.171669006347656
8714212,2018,2018-10-24,5609,2018-09-19,1759,389,,3,5,6,5609,0,0,0,,0,006,STOW ST,FEARING ST,75.00,N,N,A,-,N,,,,,,,,,,N,4,0,1,2,A,-,09,21804,A,N,H,G,A,A,H,-,A,D,0,,Y,,,Y,,L,04,0,0,1,0,0,0,1,0,0,- ,- ,34.274520874023438,-118.68270874023438,VENTURA,SIMI VALLEY,-118.68276977539062,34.274696350097656
8716453,2018,2018-10-23,5608,2018-10-02,1157,499,,2,5,6,5608,0,0,0,,0,001,MAIN ST,CHESTNUT ST,0.00,,Y,A,-,N,,,,,,,,,,N,3,0,1,2,A,-,08,22107,,N,D,G,A,A,H,-,A,A,0,,Y,,,Y,,-,,0,1,0,0,0,0,1,0,0,- ,- ,34.280899047851562,-119.29129791259766,VENTURA,VENTURA,-119.29154968261719,34.280830383300781
8718100,2018,2018-10-17,5608,2018-10-01,0815,494,,1,5,6,5608,0,0,0,,0,001,SOUTH LAUREL ST,SANTA CLARA ST,10.00,N,N,A,-,N,,,,,,,,,,N,3,0,1,2,A,-,10,21950,A,F,G,B,B,A,H,-,A,D,0,Y,,,,Y,,-,,0,1,0,0,1,0,0,0,0,- ,- ,,,VENTURA,VENTURA,-119.28547668457031,34.279586791992188
8723887,2018,2018-11-20,5604,2018-10-18,2128,4907,,4,5,6,5604,0,0,0,,0,042,PLEASANT VALLEY RD,PALI DR,75.00,W,N,A,-,N,,,,,,,,,,N,2,0,1,2,A,-,11,21954,A,N,G,B,D,A,H,-,C,D,0,Y,,,,Y,,N,60,1,0,0,0,1,0,0,0,0,- ,- ,34.155841827392578,-119.16240692138672,VENTURA,OXNARD,-119.16294097900391,34.156215667724609
8724811,2018,2018-11-14,5600,2018-10-08,0801,4045,9002,1,5,6,5607,0,0,0,,0,9A01,OLSEN RD,MOUNTCLEF BL,9.00,E,N,A,-,N,,,,,,,,,,N,3,0,1,2,A,-,05,21650,1,N,H,G,A,A,H,-,A,A,0,,Y,,,Y,,L,04,0,1,0,0,0,0,1,0,0,- ,- ,,,VENTURA,THOUSAND OAKS,-118.8756103515625,34.225894927978516
8725039,2018,2018-10-30,5604,2018-09-22,0850,5454,,6,5,6,5604,0,0,0,,0,022,VENTURA RD,5TH ST,150.00,N,N,A,-,N,,,,,,,,,,N,4,0,1,2,A,-,12,22450,A,N,G,B,C,A,H,-,A,D,0,Y,,,,Y,,D,22,0,0,1,0,1,0,0,0,0,- ,- ,34.198421478271484,-119.19316101074219,VENTURA,OXNARD,-119.19486999511719,34.1981201171875
8729894,2018,2018-11-19,5604,2018-10-23,1855,5005,,2,5,6,5604,0,0,0,,0,024,ELM ST,SAVIERS RD,0.00,,Y,A,-,N,,,,,,,,,,N,4,0,1,2,A,-,10,21950,A,N,G,B,B,A,H,-,C,A,0,Y,,,,Y,,A,08,0,0,1,0,1,0,0,0,0,- ,- ,34.181999206542969,-119.17739868164062,VENTURA,OXNARD,-119.17755126953125,34.18280029296875
8734102,2018,2018-11-19,5604,2018-10-23,0623,5172,,2,5,6,5604,0,0,0,,0,042,C ST,CANTERBURY WY,10.00,N,N,A,-,N,,,,,,,,,,N,3,0,1,2,A,-,11,21954,A,N,G,B,D,A,H,-,B,D,0,Y,,,,Y,,N,60,0,1,0,0,1,0,0,0,0,- ,- ,34.153549194335938,-119.18060302734375,VENTURA,OXNARD,-119.18061065673828,34.153606414794922
8734110,2018,2018-11-19,5604,2018-10-26,1800,5065,,5,5,6,5604,0,0,0,,0,023,7TH ST,OXNARD BL,0.00,,Y,A,-,N,,,,,,,,,,N,3,0,1,2,A,-,12,21453,A,N,B,G,A,A,H,-,A,A,0,,Y,,Y,Y,,L,04,0,1,0,0,0,0,1,0,0,- ,- ,34.195018768310547,-119.17740631103516,VENTURA,OXNARD,-119.17748260498047,34.195041656494141
8734834,2018,2018-11-09,5608,2018-10-27,2122,443,VENTU,6,5,6,5608,0,0,0,,0,001,MAIN ST,LAUREL ST,0.00,,Y,A,-,N,,,,,,,,,,N,4,0,1,2,A,-,03,22350,,N,G,B,B,A,H,-,C,A,0,Y,,,,Y,,-,,0,0,1,0,1,0,0,0,0,- ,- ,,,VENTURA,VENTURA,-119.28547668457031,34.280849456787109
8734846,2018,2018-11-13,5608,2018-10-23,1211,472,,2,5,6,5608,0,0,0,,0,001,E MAIN ST,CALIFORNIA ST,100.00,E,N,A,-,N,,,,,,,,,,N,4,0,1,2,A,-,08,22107,,N,B,G,A,A,H,-,A,D,0,,Y,,,Y,,-,,0,0,1,0,0,0,1,0,0,- ,- ,,,VENTURA,VENTURA,-119.29277038574219,34.28082275390625
8735325,2018,2018-11-14,5604,2018-10-17,1840,5359,,3,5,6,5604,0,0,0,,0,012,MONO ST,EMERALD ST,0.00,,Y,A,-,N,,,,,,,,,,N,3,0,1,2,A,-,12,22450,A,N,D,G,A,A,H,-,C,A,0,,Y,,,Y,,L,04,0,1,0,0,0,0,1,0,0,- ,- ,34.222629547119141,-119.16448974609375,VENTURA,OXNARD,-119.16451263427734,34.222648620605469
8735330,2018,2018-11-16,5604,2018-09-27,0300,5418,,4,5,6,5604,0,0,0,,0,021,KEEL AV,OFFSHORE ST,175.00,E,N,A,-,N,,,,,,,,,,N,3,0,1,2,A,-,03,22350,,F,G,B,D,A,H,-,C,D,0,Y,,,,Y,,-,,0,1,0,0,1,0,0,0,0,- ,- ,34.216350555419922,-119.15589904785156,VENTURA,OXNARD,-119.21397399902344,34.184890747070312
8735334,2018,2018-11-16,5604,2018-09-10,1149,5450,,1,5,6,5604,0,0,0,,0,032,ROSE AV,CHANNEL ISLANDS BL,100.00,N,N,A,-,N,,,,,,,,,,N,4,0,1,2,A,-,05,21202,A,N,D,G,A,A,H,-,A,D,0,,Y,,,Y,,L,04,0,0,1,0,0,0,1,0,0,- ,- ,34.174900054931641,-119.16075134277344,VENTURA,OXNARD,-119.16016387939453,34.17364501953125
8735341,2018,2018-11-14,5604,2018-10-17,2035,5359,,3,5,6,5604,0,0,0,,0,024,J ST,KAMALA ST,0.00,,Y,A,-,N,,,,,,,,,,N,4,0,1,2,A,-,12,22450,A,N,D,G,A,A,H,-,C,A,0,,Y,,,Y,,L,04,0,0,1,0,0,0,1,0,0,- ,- ,34.178791046142578,-119.18624877929688,VENTURA,OXNARD,-119.18624877929688,34.178829193115234
8737250,2018,2019-01-24,5604,2018-10-24,1840,5533,,3,5,6,5604,0,0,0,,0,014,VINEYARD AV,SIMON WY,200.00,N,N,A,-,Y,VEN,7,232,-,-,1.470,H,-,S,N,4,0,1,2,A,-,11,21954,A,N,G,B,E,A,H,-,D,D,0,Y,,,,Y,,N,60,0,0,1,0,1,0,0,0,0,- ,- ,34.244060516357422,-119.1640625,VENTURA,OXNARD,-119.16376495361328,34.244468688964844
8738689,2018,2019-01-28,5600,2018-10-25,0752,4669,1000,4,5,2,5603,0,0,0,,0,01A,RT 33,CARILLO RD,97.00,S,N,A,-,Y,VEN,7,33,-,-,11.310,H,-,S,N,3,0,1,2,A,-,11,21954,A,N,G,B,D,A,H,-,A,D,0,Y,,,,Y,,N,60,0,1,0,0,1,0,0,0,0,- ,- ,,,VENTURA,OJAI,-119.26242065429688,34.441879272460938
8740329,2018,2019-01-07,5604,2018-11-01,0605,5181,,4,5,6,5604,0,0,0,,0,031,SARA DR,CAMINO DEL SOL,0.00,,Y,A,-,N,,,,,,,,,,N,4,0,1,2,A,-,05,21650,1,N,A,G,A,A,H,-,C,A,0,,Y,,,Y,,L,04,0,0,1,0,0,0,1,0,0,- ,- ,34.207328796386719,-119.16352081298828,VENTURA,OXNARD,-119.16351318359375,34.207389831542969
8740365,2018,2018-12-07,5604,2018-10-18,0500,5492,,4,5,6,5604,0,0,0,,0,031,RICE AV,STURGIS RD,50.00,N,N,A,-,N,,,,,,,,,,N,2,0,1,2,A,-,11,21950,B,N,G,B,D,A,H,-,B,A,0,Y,,,Y,Y,,N,60,1,0,0,0,1,0,0,0,0,- ,- ,34.201930999755859,-119.14219665527344,VENTURA,OXNARD,,
8740423,2018,2018-11-19,5604,2018-10-17,0839,4945,,3,5,6,5604,0,0,0,,0,041,YUCCA ST,C ST,0.00,,Y,A,-,N,,,,,,,,,,N,4,0,1,2,A,-,10,21950,A,N,G,B,B,A,H,-,A,A,0,Y,,,,Y,,A,01,0,0,1,0,1,0,0,0,0,- ,- ,34.165309906005859,-119.18170166015625,VENTURA,OXNARD,-119.18122100830078,34.165958404541016
8740511,2018,2018-12-05,5604,2018-09-14,1708,5263,2,5,5,6,5604,0,0,0,,0,022,ISLETON PL,NORSEMAN CT,40.00,E,N,A,-,N,,,,,,,,,,Y,3,0,1,2,A,-,- ,,,N,G,B,D,A,H,-,A,D,0,Y,,,,Y,,N,60,0,1,0,0,1,0,0,0,0,- ,- ,34.195930480957031,-119.19425964355469,VENTURA,OXNARD,-119.19439697265625,34.196090698242188
8746284,2018,2019-02-14,5608,2018-11-09,0850,377,,5,5,6,5608,0,0,0,,0,003,VICTORIA AV,RT 126,0.00,,Y,A,-,Y,VEN,7,126,-,-,1.320,R,4,E,N,4,0,1,2,A,-,08,22107,,N,D,G,A,A,H,-,A,A,0,,Y,,,Y,,-,99,0,0,1,0,0,0,1,0,0,- ,EF,,,VENTURA,VENTURA,-119.21555328369141,34.271068572998047
8752277,2018,2019-01-22,5600,2018-11-13,1130,597XH,6005,2,5,3,5602,0,0,0,,0,6A01,LOS SERENOS DR,SIERRA VISTA ST,72.00,W,N,A,-,N,,,,,,,,,,N,2,0,1,2,A,-,01,21200,5,N,B,G,A,A,H,-,A,D,0,,Y,,,Y,Y,L,04,1,0,0,0,0,0,1,0,0,- ,- ,,,VENTURA,FILLMORE,-118.92896270751953,34.397819519042969
8753708,2018,2019-01-31,5608,2018-12-12,1020,474,,3,5,6,5608,0,0,0,,0,002,LOMA VISTA,VIRGINIA,6.00,W,N,A,-,N,,,,,,,,,,N,3,0,1,2,A,-,10,21950,A,N,G,B,B,A,H,-,A,A,0,Y,,,,Y,,A,01,0,1,0,0,1,0,0,0,0,- ,- ,,,VENTURA,VENTURA,-119.25956726074219,34.275077819824219
8756199,2018,2019-01-23,5608,2018-11-18,0126,429,,7,5,6,5608,0,0,0,,0,002,HARBOR BL,SAN JON RD,0.00,,Y,B,-,N,,,,,,,,,,N,4,0,1,2,A,-,03,22350,,F,G,B,D,A,H,-,C,A,0,Y,,,,Y,Y,-,,0,0,1,0,1,0,0,0,0,- ,- ,,,VENTURA,VENTURA,-119.28482818603516,34.273120880126953
8756241,2018,2019-01-22,5608,2018-11-28,0809,452,,3,5,6,5608,0,0,0,,0,001,MAIN ST,PALM ST,0.00,,Y,A,-,N,,,,,,,,,,N,2,0,1,2,A,-,10,21950,A,N,G,B,B,A,H,-,-,A,0,Y,,,,Y,,-,,1,0,0,0,1,0,0,0,0,- ,- ,,,VENTURA,VENTURA,-119.29618835449219,34.280811309814453
8756245,2018,2019-01-30,5608,2018-11-29,1435,442,,4,5,6,5608,0,0,0,,0,001,NORTH VENTURA AV,MAIN ST,66.00,N,N,B,-,N,,,,,,,,,,N,3,0,1,2,A,-,08,22107,,N,C,G,A,B,H,-,A,A,0,,Y,,,Y,,L,04,0,1,0,0,0,0,1,0,0,- ,- ,,,VENTURA,VENTURA,-119.30076599121094,34.28125
8757003,2018,2018-12-14,5600,2018-11-10,1330,4663,9168,6,5,6,5607,0,0,0,,0,09D,THOUSAND OAKS BL,VIA MERIDA,0.00,,Y,A,-,N,,,,,,,,,,N,4,0,1,2,A,-,21,22106,,F,G,B,E,A,H,-,A,A,0,Y,,,,Y,,D,22,0,0,1,0,1,0,0,0,0,- ,- ,,,VENTURA,THOUSAND OAKS,-118.81292724609375,34.157260894775391
8768192,2018,2019-01-30,5600,2018-12-14,1708,5388,9122,5,5,6,5607,0,0,0,,0,09C,BORCHARD RD,NEWBURY RD,278.00,N,N,B,-,Y,VEN,7,101,-,-,7.075,R,4,S,N,3,0,1,2,A,-,11,21954,A,N,G,B,D,A,H,-,C,A,0,Y,,,,Y,Y,N,60,0,1,0,0,1,0,0,0,0,- ,- ,,,VENTURA,THOUSAND OAKS,-118.92676544189453,34.184555053710938
8770207,2018,2019-01-10,5604,2018-12-10,1705,4721,,1,5,6,5604,0,0,0,,0,042,CUESTA DEL MAR DR,PERKINS RD,100.00,E,N,A,-,N,,,,,,,,,,Y,4,0,1,2,A,-,11,21954,A,N,G,B,D,A,H,-,C,D,0,Y,,,,Y,,N,60,0,0,1,0,1,0,0,0,0,- ,- ,34.148960113525391,-119.18338775634766,VENTURA,OXNARD,-119.18357849121094,34.148853302001953
8772588,2018,2019-01-17,5609,2018-12-13,0831,452,212,4,5,6,5609,0,0,0,,0,002,SINALOA RD,HIGHLAND RD,0.00,,Y,A,-,N,,,,,,,,,,N,2,0,1,2,A,-,09,21802,A,N,D,G,A,A,H,-,A,A,0,,Y,,,Y,,A,01,1,0,0,0,0,0,1,0,0,- ,- ,34.249961853027344,-118.78755187988281,VENTURA,SIMI VALLEY,-118.78758239746094,34.249961853027344
8772656,2018,2019-01-28,5606,2018-11-17,2100,1102,5606,6,5,4,5606,0,0,0,,0,003,PRIETO ST,GRANT LINE ST,60.00,W,N,A,-,N,,,,,,,,,,N,4,0,1,2,A,-,03,22350,,N,G,B,E,A,H,-,C,A,0,Y,,,,Y,,D,22,0,0,1,0,1,0,0,0,0,- ,- ,,,VENTURA,SANTA PAULA,-119.05311584472656,34.362949371337891
8773107,2018,2019-01-11,5609,2018-11-29,1642,447,512,4,5,6,5609,0,0,0,,0,005,INDUSTRIAL ST,TAPO ST,1265.00,E,N,C,-,N,,,,,,,,,,N,4,0,1,2,A,-,10,21952,,N,G,B,D,B,H,-,B,D,0,Y,,,,Y,,D,22,0,0,1,0,1,0,0,0,0,- ,- ,,,VENTURA,SIMI VALLEY,-118.70475769042969,34.273269653320312
8773792,2018,2019-01-30,5608,2018-12-31,2350,492,,1,5,6,5608,0,0,0,,0,001,NORTH VENTURA AV,W MAIN ST,0.00,,Y,A,-,N,,,,,,,,,,N,3,0,1,2,A,-,10,21950,A,F,G,B,B,A,H,-,C,A,0,Y,,,,Y,Y,-,,0,1,0,0,1,0,0,0,0,- ,- ,,,VENTURA,VENTURA,-119.30075836181641,34.281070709228516