CASE_ID,ACCIDENT_YEAR,PROC_DATE,JURIS,COLLISION_DATE,COLLISION_TIME,OFFICER_ID,REPORTING_DISTRICT,DAY_OF_WEEK,CHP_SHIFT,POPULATION,CNTY_CITY_LOC,SPECIAL_COND,BEAT_TYPE,CHP_BEAT_TYPE,CITY_DIVISION_LAPD,CHP_BEAT_CLASS,BEAT_NUMBER,PRIMARY_RD,SECONDARY_RD,DISTANCE,DIRECTION,INTERSECTION,WEATHER_1,WEATHER_2,STATE_HWY_IND,CALTRANS_COUNTY,CALTRANS_DISTRICT,STATE_ROUTE,ROUTE_SUFFIX,POSTMILE_PREFIX,POSTMILE,LOCATION_TYPE,RAMP_INTERSECTION,SIDE_OF_HWY,TOW_AWAY,COLLISION_SEVERITY,NUMBER_KILLED,NUMBER_INJURED,PARTY_COUNT,PRIMARY_COLL_FACTOR,PCF_CODE_OF_VIOL,PCF_VIOL_CATEGORY,PCF_VIOLATION,PCF_VIOL_SUBSECTION,HIT_AND_RUN,TYPE_OF_COLLISION,MVIW,PED_ACTION,ROAD_SURFACE,ROAD_COND_1,ROAD_COND_2,LIGHTING,CONTROL_DEVICE,CHP_ROAD_TYPE,PEDESTRIAN_ACCIDENT,BICYCLE_ACCIDENT,MOTORCYCLE_ACCIDENT,TRUCK_ACCIDENT,NOT_PRIVATE_PROPERTY,ALCOHOL_INVOLVED,STWD_VEHTYPE_AT_FAULT,CHP_VEHTYPE_AT_FAULT,COUNT_SEVERE_INJ,COUNT_VISIBLE_INJ,COUNT_COMPLAINT_PAIN,COUNT_PED_KILLED,COUNT_PED_INJURED,COUNT_BICYCLIST_KILLED,COUNT_BICYCLIST_INJURED,COUNT_MC_KILLED,COUNT_MC_INJURED,PRIMARY_RAMP,SECONDARY_RAMP,LATITUDE,LONGITUDE,COUNTY,CITY,POINT_X,POINT_Y
8774567,2018,2019-01-16,5608,2018-12-28,1828,515,,5,5,6,5608,0,0,0,,0,001,EAST MAIN ST,ANN ST,7.00,E,N,A,-,N,,,,,,,,,,N,3,0,2,2,A,-,03,22350,,N,G,B,B,A,H,-,C,A,0,Y,,Y,,Y,,C,02,0,2,0,0,1,0,0,0,1,- ,- ,,,VENTURA,VENTURA,-119.283935546875,34.280849456787109
8776011,2018,2019-01-31,5604,2018-12-19,2227,5534,,3,5,6,5604,0,0,0,,0,041,BARD RD,SAVIERS RD,3.00,E,N,A,-,N,,,,,,,,,,N,4,0,1,2,A,-,10,21950,A,N,G,B,B,A,H,-,C,A,0,Y,,,,Y,,A,01,0,0,1,0,1,0,0,0,0,- ,- ,34.160999298095703,-119.17768859863281,VENTURA,OXNARD,,
8776175,2018,2019-01-29,5604,2018-12-11,1719,4721,,2,5,6,5604,0,0,0,,0,042,C ST,ROSA ST,30.00,S,N,A,-,N,,,,,,,,,,N,3,0,1,2,A,-,05,21650,1,N,A,G,A,A,H,-,C,D,0,,Y,,,Y,,L,04,0,1,0,0,0,0,1,0,0,- ,- ,34.156421661376953,-119.18100738525391,VENTURA,OXNARD,-119.18060302734375,34.156417846679688
8776179,2018,2019-01-29,5604,2018-12-08,0940,5567,,6,5,6,5604,0,0,0,,0,031,FEATHERSTONE ST,SAN GORGONIO AV,1056.00,N,N,A,-,N,,,,,,,,,,N,4,0,1,2,A,-,11,21954,A,N,C,B,D,A,H,-,A,D,0,Y,,,,Y,,N,60,0,0,1,0,1,0,0,0,0,- ,- ,34.204219818115234,-119.15529632568359,VENTURA,OXNARD,,
8776203,2018,2019-01-29,5604,2018-12-10,1236,4751,,1,5,6,5604,0,0,0,,0,023,7TH ST,OXNARD BL,100.00,W,N,A,-,N,,,,,,,,,,N,3,0,1,2,A,-,09,21800,A,M,D,G,A,A,H,-,A,D,0,,Y,,,Y,,L,04,0,1,0,0,0,0,1,0,0,- ,- ,34.195201873779297,-119.17804718017578,VENTURA,OXNARD,-119.17781066894531,34.195041656494141
8776455,2018,2019-02-19,5605,2018-12-31,1611,129,PATRO,1,5,3,5605,0,0,0,,0,,CHANNEL ISLAND BL,VENTURA RD,120.00,W,N,A,-,N,,,,,,,,,,N,4,0,1,2,D,-,00,,,N,D,G,A,A,H,-,A,D,0,,Y,,,Y,,-,- ,0,0,1,0,0,0,1,0,0,- ,- ,,,VENTURA,PORT HUENEME,-119.19545745849609,34.175827026367188
8777623,2019,2019-02-27,5604,2019-01-02,1106,5529,,3,5,6,5604,0,0,0,,0,012,ROSE AV,GONZALES RD,300.00,S,N,A,-,N,,,,,,,,,,N,4,0,1,2,A,-,05,21202,A,M,C,G,A,A,H,-,A,D,0,,Y,,,Y,Y,L,04,0,0,1,0,0,0,1,0,0,- ,- ,34.216350555419922,-119.55899047851562,VENTURA,OXNARD,-119.15841674804688,34.218166351318359
8779301,2019,2019-02-15,5609,2019-01-20,1128,447,,7,5,6,5609,0,0,0,,0,003,SEQUOIA AV,ROYAL AV,13.00,S,N,A,-,N,,,,,,,,,,N,4,0,1,2,A,-,21,22106,,N,D,G,A,A,H,-,A,A,0,,Y,,,Y,,D,22,0,0,1,0,0,0,1,0,0,- ,- ,34.264579772949219,-118.73059844970703,VENTURA,SIMI VALLEY,-118.73050689697266,34.264545440673828
8779593,2018,2019-01-30,5600,2018-11-29,0541,4996,9126,4,5,6,5607,0,0,0,,0,9H01,CAMINO DOS RIOS,ACADEMY DR,0.00,,Y,C,-,Y,VEN,7,101,-,-,7.660,R,4,N,Y,4,0,1,2,A,-,11,21954,A,N,A,B,B,B,H,-,D,A,0,Y,,,,Y,,N,60,0,0,1,0,1,0,0,0,0,- ,- ,,,VENTURA,THOUSAND OAKS,-118.93577575683594,34.188392639160156
8783209,2018,2019-01-25,5604,2018-12-25,0936,5392,,2,5,6,5604,0,0,0,,0,042,PERCY ST,DAVIS CT,400.00,E,N,A,-,N,,,,,,,,,,N,3,0,1,2,B,-,22,,,N,D,B,D,A,H,-,A,A,0,Y,,,,Y,,N,60,0,1,0,0,1,0,0,0,0,- ,- ,34.160190582275391,-119.17365264892578,VENTURA,OXNARD,-119.17378997802734,34.15985107421875
8784607,2019,2019-03-22,5609,2019-01-18,1646,435,,5,5,6,5609,0,0,0,,0,,STEARNS ST,RT 118,0.00,,Y,A,-,Y,VEN,7,118,-,R,28.631,R,1,E,N,2,0,1,2,A,-,05,21650,,N,D,G,A,A,H,-,A,A,0,,Y,,,Y,,L,04,1,0,0,0,0,0,1,0,0,- ,EF,34.280601501464844,-119.69100189208984,VENTURA,SIMI VALLEY,-118.69486999511719,34.281486511230469
8786085,2019,2019-02-13,5609,2019-01-16,1826,477,,3,5,6,5609,0,0,0,,0,002,WOOD RANCH PKWY,COUNTRY CLUB DR,12.00,S,N,C,-,N,,,,,,,,,,N,4,0,1,2,A,-,11,21456,C,F,G,B,B,B,H,-,C,A,0,Y,,,,Y,,N,60,0,0,1,0,1,0,0,0,0,- ,- ,34.252540588378906,-118.81197357177734,VENTURA,SIMI VALLEY,-118.81199645996094,34.252506256103516
8787611,2018,2019-01-28,5604,2018-12-18,1745,5563,,2,5,6,5604,0,0,0,,0,012,KOHALA ST,PASEO ELEGANTE DR,0.00,,Y,A,-,N,,,,,,,,,,N,4,0,1,2,A,-,10,21950,A,N,G,B,B,A,H,-,C,D,0,Y,,,,Y,,D,22,0,0,1,0,1,0,0,0,0,- ,- ,34.206260681152344,-119.15123748779297,VENTURA,OXNARD,-119.15096282958984,34.207061767578125
8791366,2018,2019-03-27,5600,2018-10-30,1554,4045,,2,5,6,5607,0,0,0,,0,9B01,RT 23,JANSS RD,6.00,S,N,A,-,Y,VEN,7,23,-,R,4.887,R,1,N,N,3,0,1,2,A,-,11,21950,B,N,G,B,B,A,H,-,A,A,0,Y,,,,Y,,A,01,0,1,0,0,1,0,0,0,0,NF,- ,,,VENTURA,THOUSAND OAKS,-118.85843658447266,34.197521209716797
8791930,2019,2019-03-12,5600,2019-01-18,2130,5170,9A01,5,5,6,5607,0,0,0,,0,9020,GAINSBOROUGH RD,TUOLUMNE AV,388.00,E,N,A,-,N,,,,,,,,,,N,4,0,1,3,A,-,08,22107,,F,B,G,A,A,H,-,C,D,0,,Y,,,Y,Y,D,22,0,0,1,0,0,0,1,0,0,- ,- ,,,VENTURA,THOUSAND OAKS,-118.88884735107422,34.1922607421875
8793190,2019,2019-03-20,5608,2019-02-01,2356,506,,5,5,6,5608,0,0,0,,0,004,TELEGRAPH RD,SATICOY AV,123.00,E,N,C,-,N,,,,,,,,,,N,3,0,1,2,A,-,11,21954,A,N,A,B,D,B,H,-,C,A,0,Y,,,,Y,,N,60,0,1,0,0,1,0,0,0,0,- ,- ,,,VENTURA,VENTURA,-119.16781616210938,34.291152954101562
8794126,2019,2019-03-12,5600,2019-01-19,1415,3927,8007,6,5,5,5601,0,0,0,,0,08A,LAS POSAS RD,RT 101,0.00,,Y,A,-,Y,VEN,7,101,-,-,15.802,R,1,N,N,4,0,1,2,A,-,21,22106,,N,G,B,B,A,H,-,A,A,0,Y,,,,Y,,A,07,0,0,1,0,1,0,0,0,0,- ,NF,34.220428466796875,-119.06964111328125,VENTURA,CAMARILLO,-119.06826782226562,34.219165802001953
8795211,2019,2019-02-12,5600,2019-01-25,1655,5388,9102,5,5,6,5607,0,0,0,,0,09G,THOUSAND OAKS BL,LONG CT,0.00,,Y,A,-,N,,,,,,,,,,N,3,0,1,2,A,-,09,21801,A,N,D,G,A,A,H,-,A,D,0,,Y,,,Y,,A,01,0,1,0,0,0,0,1,0,0,- ,- ,,,VENTURA,THOUSAND OAKS,-118.86720275878906,34.178810119628906
8795745,2019,2019-02-14,5604,2019-01-13,0849,5514,,7,5,6,5604,0,0,0,,0,024,COACH C LN,S C ST S,0.00,,Y,A,-,N,,,,,,,,,,,3,0,1,2,A,-,10,21950,A,N,G,B,B,A,H,-,A,D,0,Y,,,,Y,,D,83,0,1,0,0,1,0,0,0,0,- ,- ,34.176998138427734,-119.18129730224609,VENTURA,OXNARD,-119.181337,34.177410000000002
8795772,2019,2019-02-13,5604,2019-01-30,0628,4949,,3,5,6,5604,0,0,0,,0,042,C ST,W PLEASANT VALLEY RD W,0.00,,Y,B,-,N,,,,,,,,,,N,3,0,1,2,A,-,10,21950,A,N,G,B,B,A,H,-,B,A,0,Y,,,,Y,,A,07,0,1,0,0,1,0,0,0,0,- ,- ,,,VENTURA,OXNARD,-119.18060302734375,34.154720306396484
8800890,2019,2019-02-27,5604,2019-02-06,1711,5508,,3,5,6,5604,0,0,0,,0,042,PLEASANT VALLEY RD,OLDS RD,0.00,,Y,A,-,N,,,,,,,,,,N,4,0,1,2,A,-,10,21950,A,N,G,B,B,A,H,-,A,A,0,Y,,,,Y,,A,07,0,0,1,0,1,0,0,0,0,- ,- ,34.161098480224609,-119.15206146240234,VENTURA,OXNARD,-119.15148162841797,34.161891937255859
8800960,2018,2019-03-04,5604,2018-12-15,1700,5475,,6,5,6,5604,0,0,0,,0,024,S VENTURA RD,HILL ST,300.00,S,N,A,-,N,,,,,,,,,,N,3,0,1,2,A,-,- ,,,F,G,B,D,-,H,-,A,D,0,Y,,,,Y,,-,99,0,1,0,0,1,0,0,0,0,- ,- ,34.184429168701172,-119.19550323486328,VENTURA,OXNARD,-119.19522094726562,34.185977935791016
8803052,2019,2019-03-08,5605,2019-02-05,1713,150,PATRO,2,5,3,5605,0,0,0,,0,GRID6,N VENTURA RD,PARK AV,75.00,W,N,A,-,N,,,,,,,,,,N,4,0,1,2,A,-,09,21804,A,N,H,G,A,A,H,-,B,D,0,,Y,,,Y,,L,04,0,0,1,0,0,0,1,0,0,- ,- ,,,VENTURA,PORT HUENEME,,
8803247,2019,2019-02-25,5609,2019-02-10,1018,310,504,7,5,6,5609,0,0,0,,0,005,TAPO CANYON RD,AVENIDA SIMI,0.00,,Y,B,C,N,,,,,,,,,,N,4,0,1,2,A,-,10,21950,A,N,G,B,B,B,H,-,A,A,0,Y,,,,Y,,A,01,0,0,1,0,1,0,0,0,0,- ,- ,,,VENTURA,SIMI VALLEY,-118.7176513671875,34.289878845214844
8804196,2019,2019-03-05,5609,2019-02-07,1552,452,112,4,5,6,5609,0,0,0,,0,001,MADERA RD,EASY ST,0.00,,Y,A,-,N,,,,,,,,,,N,4,0,1,2,A,-,12,21453,A,F,D,G,A,A,H,-,A,A,0,,Y,,,Y,,A,01,0,0,1,0,0,0,1,0,0,- ,- ,34.2781982421875,-118.79630279541016,VENTURA,SIMI VALLEY,-118.79647827148438,34.278251647949219
8807660,2019,2019-03-01,5600,2019-02-08,0825,4498,9024,5,5,6,5607,0,0,0,,0,09B,KNIGHTSBRIDGE AV,WHITECHAPEL PL,8.00,S,N,A,-,N,,,,,,,,,,N,3,0,1,2,A,-,00,2185,,M,G,B,B,A,H,-,A,A,0,Y,,,,Y,,A,07,0,1,0,0,1,0,0,0,0,- ,- ,,,VENTURA,THOUSAND OAKS,-118.83186340332031,34.219760894775391
8808389,2019,2021-05-20,5600,2019-04-21,1753,3469,1002,7,5,2,5603,0,0,0,,0,1A01,RT 33,VALLERIO AV,0.00,,Y,A,-,Y,VEN,7,33,-,-,11.421,I,5,N,Y,1,1,0,2,A,-,10,21950,A,N,G,B,B,A,H,-,B,A,0,Y,,,,Y,,A,01,0,0,0,1,0,0,0,0,0,- ,- ,34.442371368408203,-119.26412963867188,VENTURA,OJAI,-119.26407623291016,34.442211151123047
8810410,2019,2019-03-12,5604,2019-01-31,1619,5550,,4,5,6,5604,0,0,0,,0,032,EASTMAN AVE,RICE AV,0.00,,Y,A,-,N,,,,,,,,,,N,4,0,1,2,A,-,05,21650,,N,G,B,A,A,H,-,A,D,0,,Y,,,Y,,L,04,0,0,1,0,0,0,1,0,0,- ,- ,,,VENTURA,OXNARD,-119.14237213134766,34.198970794677734
8810466,2019,2019-03-28,5604,2019-01-10,2030,4907,,4,5,6,5604,0,0,0,,0,041,SAMUEL AV,CHANNEL ISLANDS BL,20.00,S,N,A,-,N,,,,,,,,,,N,4,0,1,2,-,-,- ,,,F,G,B,D,A,H,-,-,D,0,Y,,,,Y,,-,- ,0,0,1,0,1,0,0,0,0,- ,- ,34.216350555419922,-119.15589904785156,VENTURA,OXNARD,-119.17664337158203,34.173366546630859
8810531,2019,2019-03-11,5604,2019-02-19,0805,4907,,2,5,6,5604,0,0,0,,0,041,ANCHORAGE ST,NELSON PL,0.00,,Y,A,-,N,,,,,,,,,,N,4,0,1,2,A,-,09,21802,B,N,D,G,A,A,H,-,-,A,0,,Y,,,Y,,L,04,0,0,1,0,0,0,1,0,0,- ,- ,34.162799835205078,-119.16288757324219,VENTURA,OXNARD,-119.16288757324219,34.162818908691406
8810888,2019,2019-03-13,5604,2019-01-25,2011,5501,,5,5,6,5604,0,0,0,,0,021,WEST 5TH ST,PORTOFINO PL,400.00,W,N,A,-,N,,,,,,,,,,,4,0,1,2,D,-,00,,,F,G,B,A,A,H,-,C,D,0,,Y,,,Y,Y,-,- ,0,0,1,0,0,0,1,0,0,- ,- ,34.198028564453125,-119.21501159667969,VENTURA,OXNARD,-119.216064453125,34.197608947753906
8813331,2019,2019-03-14,5604,2019-01-17,1428,5572,,4,5,6,5604,0,0,0,,0,011,W GONZALES RD,N C ST,0.00,,Y,B,-,N,,,,,,,,,,N,4,0,1,2,A,-,10,21950,A,N,G,B,B,A,H,-,A,A,0,Y,,,,Y,,I,11,0,0,1,0,1,0,0,0,0,- ,- ,34.219089508056641,-119.18083953857422,VENTURA,OXNARD,-119.18083953857422,34.219188690185547
8814991,2019,2019-05-22,5600,2019-03-01,1510,4511,1000,5,5,2,5603,0,0,0,,0,1A01,RT 150,SOUTH VENTURA ST,0.00,,Y,B,-,Y,VEN,7,150,-,-,17.486,I,5,W,N,2,0,1,2,A,-,09,21801,A,N,D,G,A,A,H,-,A,A,0,,Y,,,Y,,D,22,1,0,0,0,0,0,1,0,0,- ,- ,,,VENTURA,OJAI,-119.24509429931641,34.447803497314453
8815360,2019,2019-03-21,5600,2019-02-18,1807,4995,9072,1,5,6,5607,0,0,0,,0,09G,HILLCREST DR,GAZANIA CT,434.00,E,N,A,-,N,,,,,,,,,,Y,2,0,1,2,A,-,03,22350,,N,G,B,E,A,H,-,D,D,0,Y,,,,Y,,A,01,1,0,0,0,1,0,0,0,0,- ,- ,,,VENTURA,THOUSAND OAKS,-118.85481262207031,34.182098388671875
8818841,2019,2019-05-02,5604,2019-03-13,1257,5490,,3,5,6,5604,0,0,0,,0,024,C ST,MAYWOOD DR,140.00,S,N,A,-,N,,,,,,,,,,N,2,0,1,2,D,-,00,,,N,G,B,F,A,H,-,A,D,0,Y,,,,Y,,-,- ,1,0,0,0,1,0,0,0,0,- ,- ,,,VENTURA,OXNARD,-119.18122863769531,34.175605773925781
8819035,2019,2019-04-03,5608,2019-03-15,2500,483,VENTU,5,5,6,5608,0,0,0,,0,001,SANTA CLARA ST,SANTA CLARA ST 555,100.00,N,N,A,-,N,,,,,,,,,,N,3,0,1,2,B,-,22,,,N,D,G,A,A,H,-,A,D,0,,Y,,,Y,,L,04,0,1,0,0,0,0,1,0,0,- ,- ,,,VENTURA,VENTURA,-119.29225158691406,34.279525756835938
8820461,2019,2019-03-21,5608,2019-03-14,2232,459,5608,4,5,6,5608,0,0,0,,0,001,MAIN ST W,GARDEN ST,0.00,,Y,A,-,N,,,,,,,,,,N,3,0,1,2,A,-,10,21950,A,F,G,B,B,A,H,-,C,A,0,Y,,,,Y,,-,,0,1,0,0,1,0,0,0,0,- ,- ,,,VENTURA,VENTURA,-119.30229187011719,34.281238555908203
8823547,2019,2019-03-19,5609,2019-02-23,2041,437,,6,5,6,5609,0,0,0,,0,005,TAPO ST,KADOTA ST,151.00,S,N,A,-,N,,,,,,,,,,Y,2,0,1,2,A,-,11,21954,A,N,G,B,E,A,H,-,E,D,0,Y,,,,Y,,N,60,1,0,0,0,1,0,0,0,0,- ,- ,34.293498992919922,-118.70893859863281,VENTURA,SIMI VALLEY,-118.70894622802734,34.293106079101562
8827298,2019,2019-04-03,5604,2019-03-16,2137,5496,,6,5,6,5604,0,0,0,,0,023,7TH ST,OXNARD BL,100.00,W,N,A,-,N,,,,,,,,,,N,4,0,1,2,A,-,11,21954,A,N,G,B,E,A,H,-,C,D,0,Y,,,,Y,,N,60,0,0,1,0,1,0,0,0,0,- ,- ,34.195018768310547,-119.17740631103516,VENTURA,OXNARD,-119.17781066894531,34.195041656494141
8827302,2019,2019-04-03,5604,2019-03-16,1547,5472,,6,5,6,5604,0,0,0,,0,041,CLOYNE ST,LARK ST,200.00,S,N,A,-,N,,,,,,,,,,N,4,0,1,2,A,-,11,21950,B,N,G,B,D,A,H,-,A,D,0,Y,,,,Y,,N,60,0,0,1,0,1,0,0,0,0,- ,- ,34.171298980712891,-119.17237091064453,VENTURA,OXNARD,-119.17267608642578,34.171989440917969
8832524,2019,2019-04-05,5608,2019-03-23,0530,520,,6,5,6,5608,0,0,0,,0,001,CEDAR ST,CENTER ST,0.00,,Y,A,-,N,,,,,,,,,,N,3,0,1,2,C,-,18,,,F,E,G,E,A,H,-,C,D,0,Y,,,,Y,,-,- ,0,1,0,0,1,0,0,0,0,- ,- ,,,VENTURA,VENTURA,-119.29717254638672,34.287189483642578
8832544,2019,2019-04-05,5608,2019-03-28,1941,454,VENTU,4,5,6,5608,0,0,0,,0,004,VENTURA RD,GRAND AV,200.00,W,N,A,-,N,,,,,,,,,,N,3,0,1,2,A,-,11,21954,A,N,G,B,D,A,H,-,B,D,0,Y,,,,Y,,N,60,0,1,0,0,1,0,0,0,0,- ,- ,,,VENTURA,VENTURA,-119.20731353759766,34.250896453857422
8834592,2019,2019-04-15,5600,2019-03-27,1629,5466,8205,3,5,5,5601,0,0,0,,0,08D,MISSION OAKS BL,ANGUILA PL,355.00,S,N,A,-,N,,,,,,,,,,N,3,0,1,2,A,-,05,21650,1,N,D,G,A,A,H,-,A,D,0,,Y,,,Y,,L,04,0,1,0,0,0,0,1,0,0,- ,- ,34.218341827392578,-119.01032257080078,VENTURA,CAMARILLO,-119.01045227050781,34.218456268310547
8839410,2019,2019-04-17,5600,2019-04-04,1408,5202,9078,4,5,6,5607,0,0,0,,0,09B,GAINSBOROUGH RD,YORKSHIRE AV,0.00,,Y,A,-,N,,,,,,,,,,N,3,0,1,2,A,-,04,21703,,N,C,G,A,A,H,-,A,A,0,,Y,,,Y,,A,01,0,1,0,0,0,0,1,0,0,- ,- ,,,VENTURA,THOUSAND OAKS,-118.86752319335938,34.189559936523438
8840658,2019,2019-04-19,5608,2019-04-10,1735,507,VTA,3,5,6,5608,0,0,0,,0,004,RAMELLI AV,TARSIER LN,40.00,S,N,A,-,N,,,,,,,,,,N,3,0,1,2,A,-,17,21461,A,N,D,G,A,A,H,-,A,D,0,,Y,,,Y,,L,04,0,1,0,0,0,0,1,0,0,- ,- ,,,VENTURA,VENTURA,-119.19245147705078,34.262992858886719
8841468,2019,2019-05-22,5605,2019-04-07,1248,119,PATRO,7,5,3,5605,0,0,0,,0,002,VENTURA BL,PEARSON RD,11.00,N,N,A,-,N,,,,,,,,,,N,4,0,1,2,A,-,05,21650,,N,D,G,A,A,H,-,A,A,0,,Y,,,Y,,L,04,0,0,1,0,0,0,1,0,0,- ,- ,,,VENTURA,PORT HUENEME,-119.1951904296875,34.16571044921875
8844151,2018,2019-04-18,5604,2018-03-23,1440,5435,,5,5,6,5604,0,0,0,,0,014,ESPLANADE DR,WAGON WHEEL RD,500.00,N,N,A,-,N,,,,,,,,,,N,4,0,1,2,A,-,00,20001,,F,B,B,F,A,H,-,A,D,0,Y,,,,Y,,A,07,0,0,1,0,1,0,0,0,0,- ,- ,34.233470916748047,-119.17829895019531,VENTURA,OXNARD,,
8844159,2019,2019-04-18,5604,2019-03-20,1151,4751,,3,5,6,5604,0,0,0,,0,023,W 4TH ST,S OXNARD BL,0.00,,Y,A,-,N,,,,,,,,,,N,4,0,1,2,A,-,10,21950,A,F,G,B,B,A,H,-,A,A,0,Y,,,,Y,Y,A,07,0,0,1,0,1,0,0,0,0,- ,- ,34.198970794677734,-119.17735290527344,VENTURA,OXNARD,-119.17745971679688,34.199001312255859
8846655,2019,2019-05-13,5608,2019-04-21,1821,480,,7,5,6,5608,0,0,0,,0,001,SOUTH OAK ST,EAST THOMPSON BL,0.00,,Y,A,-,N,,,,,,,,,,N,3,0,1,2,A,-,10,21950,A,N,G,B,B,A,H,-,A,A,0,Y,,,,Y,,-,,0,1,0,0,1,0,0,0,0,- ,- ,,,VENTURA,VENTURA,-119.29466247558594,34.278251647949219
8848545,2019,2019-04-26,5608,2019-04-05,1556,442,,5,5,6,5608,0,0,0,,0,001,E BARNETT ST,CAMERON ST,62.00,E,N,A,-,N,,,,,,,,,,N,2,0,1,2,A,-,13,22515,A,N,G,B,E,A,H,-,A,D,0,Y,,,,Y,,-,,1,0,0,0,1,0,0,0,0,- ,- ,,,VENTURA,VENTURA,-119.29539489746094,34.291118621826172
8848696,2019,2019-04-30,5604,2019-04-12,2345,5396,,5,5,6,5604,0,0,0,,0,032,CHANNEL ISLANDS BL,STATHAM BL,0.00,,Y,A,-,N,,,,,,,,,,N,4,0,1,2,A,-,05,21650,,N,D,G,A,A,H,-,C,A,0,,Y,,,Y,,L,04,0,0,1,0,0,0,1,0,0,- ,- ,34.173370361328125,-119.16562652587891,VENTURA,OXNARD,-119.1656494140625,34.173431396484375
8853554,2019,2019-05-15,5600,2019-03-22,0628,2110,9158,5,5,6,5607,0,0,0,,0,09D,TRIUNFO CANYON RD,HAMPSHIRE RD,351.00,S,N,B,-,N,,,,,,,,,,N,2,0,1,2,A,-,11,21954,A,N,G,B,D,A,H,-,C,D,0,Y,,,,Y,,N,60,1,0,0,0,1,0,0,0,0,- ,- ,,,VENTURA,THOUSAND OAKS,-118.83587646484375,34.157802581787109
8856344,2019,2019-06-06,5604,2019-05-01,1917,5378,,3,5,6,5604,0,0,0,,0,014,N CITRUS GROVE RD,OXNARD BL,0.00,W,N,A,-,N,,,,,,,,,,N,4,0,1,2,A,-,11,21950,B,N,G,B,D,A,H,-,A,D,0,Y,,,,Y,,N,60,0,0,1,0,1,0,0,0,0,- ,- ,34.221378326416016,-119.17791748046875,VENTURA,OXNARD,-119.17755889892578,34.221118927001953
8857733,2019,2019-05-17,5604,2019-04-25,1219,5354,,4,5,6,5604,0,0,0,,0,011,GONZALES RD,N C ST,0.00,,Y,A,-,N,,,,,,,,,,N,4,0,1,2,A,-,11,21954,A,N,G,B,B,A,H,-,A,A,0,Y,,,,Y,,N,60,0,0,1,0,1,0,0,0,0,- ,- ,,,VENTURA,OXNARD,-119.18083953857422,34.219188690185547
8857781,2019,2019-05-20,5605,2019-05-04,1329,119,PATRO,6,5,3,5605,0,0,0,,0,002,SUNKIST ST,N VENTURA RD,18.00,W,N,A,-,N,,,,,,,,,,N,4,0,1,2,A,-,17,21200,,N,-,G,A,A,H,-,A,A,0,,Y,,,Y,,L,04,0,0,1,0,0,0,1,0,0,- ,- ,,,VENTURA,PORT HUENEME,,
8859604,2019,2019-06-05,5604,2019-05-12,1550,5359,,7,5,6,5604,0,0,0,,0,032,GISLER AVE,CHANNEL ISLAND BL,50.00,N,N,A,-,N,,,,,,,,,,,3,0,1,2,A,-,09,21804,A,N,D,G,A,A,H,-,A,D,0,,Y,,,Y,,L,04,0,1,0,0,0,0,1,0,0,- ,- ,34.173301696777344,-119.17259979248047,VENTURA,OXNARD,-119.17266082763672,34.173538208007812
8862268,2019,2019-05-28,5604,2019-05-09,1217,5488,,4,5,6,5604,0,0,0,,0,041,LARK ST,SAVIERS RD,200.00,S,N,A,-,N,,,,,,,,,,N,4,0,1,2,A,-,05,21650,,N,G,G,A,A,H,-,A,D,0,,Y,,,Y,,-,- ,0,0,1,0,0,0,1,0,0,- ,- ,,,VENTURA,OXNARD,,
8864853,2019,2019-06-11,5604,2019-05-23,0811,4945,,4,5,6,5604,0,0,0,,0,011,PATRICIA ST,BEVRA AV,100.00,S,N,B,-,N,,,,,,,,,,,4,0,1,2,A,-,11,21954,A,N,G,B,D,A,H,-,A,A,0,Y,,,,Y,,N,60,0,0,1,0,1,0,0,0,0,- ,- ,34.223121643066406,-119.19793701171875,VENTURA,OXNARD,-119.19822692871094,34.22320556640625
8871742,2019,2019-06-25,5608,2019-06-11,0653,514,VENTU,2,5,6,5608,0,0,0,,0,001,VENTURA AV,STANLEY AV,0.00,N,N,A,-,N,,,,,,,,,,N,3,0,1,3,A,-,09,21804,A,N,A,G,A,A,H,-,A,A,0,,Y,,,Y,,A,01,0,1,0,0,0,0,1,0,0,- ,- ,,,VENTURA,VENTURA,-119.29532623291016,34.29949951171875
8874032,2019,2019-06-11,5608,2019-05-30,1558,462,VTA,4,5,6,5608,0,0,0,,0,001,VENTURA AV,HARRISON AV,113.00,N,N,A,-,N,,,,,,,,,,N,3,0,1,2,A,-,17,22517,,N,B,G,A,A,H,-,A,D,0,,Y,,,Y,,-,,0,1,0,0,0,0,1,0,0,- ,- ,,,VENTURA,VENTURA,-119.29932403564453,34.286350250244141
8877243,2019,2019-06-12,5600,2019-05-28,1909,4973,8012,2,5,5,5601,0,0,0,,0,08A,CALLE LA RODA,CALLE LA SOMBRA,0.00,,Y,A,-,N,,,,,,,,,,,3,0,1,2,A,-,11,21950,B,N,G,B,B,A,H,-,A,D,0,Y,,,,Y,,N,60,0,1,0,0,1,0,0,0,0,- ,- ,34.224311828613281,-119.06649017333984,VENTURA,CAMARILLO,-119.06645965576172,34.224281311035156