CASE_ID,ACCIDENT_YEAR,PROC_DATE,JURIS,COLLISION_DATE,COLLISION_TIME,OFFICER_ID,REPORTING_DISTRICT,DAY_OF_WEEK,CHP_SHIFT,POPULATION,CNTY_CITY_LOC,SPECIAL_COND,BEAT_TYPE,CHP_BEAT_TYPE,CITY_DIVISION_LAPD,CHP_BEAT_CLASS,BEAT_NUMBER,PRIMARY_RD,SECONDARY_RD,DISTANCE,DIRECTION,INTERSECTION,WEATHER_1,WEATHER_2,STATE_HWY_IND,CALTRANS_COUNTY,CALTRANS_DISTRICT,STATE_ROUTE,ROUTE_SUFFIX,POSTMILE_PREFIX,POSTMILE,LOCATION_TYPE,RAMP_INTERSECTION,SIDE_OF_HWY,TOW_AWAY,COLLISION_SEVERITY,NUMBER_KILLED,NUMBER_INJURED,PARTY_COUNT,PRIMARY_COLL_FACTOR,PCF_CODE_OF_VIOL,PCF_VIOL_CATEGORY,PCF_VIOLATION,PCF_VIOL_SUBSECTION,HIT_AND_RUN,TYPE_OF_COLLISION,MVIW,PED_ACTION,ROAD_SURFACE,ROAD_COND_1,ROAD_COND_2,LIGHTING,CONTROL_DEVICE,CHP_ROAD_TYPE,PEDESTRIAN_ACCIDENT,BICYCLE_ACCIDENT,MOTORCYCLE_ACCIDENT,TRUCK_ACCIDENT,NOT_PRIVATE_PROPERTY,ALCOHOL_INVOLVED,STWD_VEHTYPE_AT_FAULT,CHP_VEHTYPE_AT_FAULT,COUNT_SEVERE_INJ,COUNT_VISIBLE_INJ,COUNT_COMPLAINT_PAIN,COUNT_PED_KILLED,COUNT_PED_INJURED,COUNT_BICYCLIST_KILLED,COUNT_BICYCLIST_INJURED,COUNT_MC_KILLED,COUNT_MC_INJURED,PRIMARY_RAMP,SECONDARY_RAMP,LATITUDE,LONGITUDE,COUNTY,CITY,POINT_X,POINT_Y
8877647,2019,2019-06-13,5609,2019-05-28,0744,310,605,2,5,6,5609,0,0,0,,0,006,STEARNS ST,COCHRAN ST,0.00,,Y,A,-,N,,,,,,,,,,Y,2,0,1,2,A,-,11,21456,C,N,G,B,B,A,H,-,A,A,0,Y,,,,Y,,N,60,1,0,0,0,1,0,0,0,0,- ,- ,,,VENTURA,SIMI VALLEY,-118.69139099121094,34.279010772705078
8877900,2019,2019-06-25,5604,2019-05-30,1330,5563,,4,5,6,5604,0,0,0,,0,041,SAVIERS RD,YUCCA ST,0.00,,Y,A,-,N,,,,,,,,,,N,4,0,1,2,A,-,10,21950,A,M,G,B,B,A,H,-,A,D,0,Y,,,,Y,,-,,0,0,1,0,1,0,0,0,0,- ,- ,34.166210174560547,-119.17723846435547,VENTURA,OXNARD,-119.17772674560547,34.165939331054688
8877990,2019,2019-06-18,5608,2019-06-04,1430,493,,2,5,6,5608,0,0,0,,0,004,TELEPHONE RD,CLINTON AV,0.00,,Y,A,-,N,,,,,,,,,,N,3,0,1,2,A,-,08,22107,,N,B,G,A,A,H,-,A,A,0,,Y,,,Y,,A,08,0,1,0,0,0,0,1,0,0,- ,- ,,,VENTURA,VENTURA,-119.17434692382812,34.270980834960938
8882853,2019,2019-07-10,5609,2019-05-24,1129,356,,5,5,6,5609,0,0,0,,0,002,MADERA RD,BONITA DR,0.00,,Y,A,-,N,,,,,,,,,,N,3,0,1,2,A,-,08,22100,A,N,D,G,A,A,H,-,A,A,0,,Y,,,Y,,A,07,0,1,0,0,0,0,1,0,0,- ,- ,,,VENTURA,SIMI VALLEY,-118.79640197753906,34.267650604248047
8882895,2019,2019-07-18,5604,2019-05-23,1423,5354,,4,5,6,5604,0,0,0,,0,011,DORIS ST,N M ST N,0.00,,Y,A,-,N,,,,,,,,,,N,3,0,1,2,A,-,10,21950,A,N,G,B,B,A,H,-,A,D,0,Y,,,,Y,,A,01,0,1,0,0,1,0,0,0,0,- ,- ,,,VENTURA,OXNARD,-119.19229888916016,34.208011627197266
8890801,2019,2019-11-26,5600,2019-06-23,1240,4511,1006,7,5,2,5603,0,0,0,,0,1B01,S SIGNAL ST,E OJAI AV,118.00,S,N,A,-,Y,VEN,7,150,-,-,17.551,I,6,E,N,3,0,1,2,A,-,17,22517,,N,H,G,A,A,H,-,A,A,0,,Y,,,Y,,A,01,0,1,0,0,0,0,1,0,0,- ,- ,,,VENTURA,OJAI,-119.24407958984375,34.447948455810547
8893534,2019,2019-08-12,5609,2019-06-13,1811,435,,4,5,6,5609,0,0,0,,0,,EVENING SKY DR,SUNSET PL,105.00,E,N,A,-,N,,,,,,,,,,N,3,0,1,2,A,-,08,22107,,N,B,G,A,A,H,-,A,D,0,,Y,,,Y,,L,04,0,1,0,0,0,0,1,0,0,- ,- ,34.296260833740234,-118.67616271972656,VENTURA,SIMI VALLEY,-118.6761474609375,34.296031951904297
8893591,2019,2019-07-23,5609,2019-06-26,1054,484,615,3,5,6,5609,0,0,0,,0,006,LOS ANGELES AV,YOSEMITE AV,0.00,,Y,A,-,N,,,,,,,,,,N,3,0,2,3,A,-,11,21456,B,N,G,B,B,A,H,-,A,A,0,Y,,,,Y,,N,60,0,2,0,0,2,0,0,0,0,- ,- ,,,VENTURA,SIMI VALLEY,-118.67839813232422,34.271739959716797
8894794,2019,2019-08-14,5608,2019-07-01,0831,439,,1,5,6,5608,0,0,0,,0,002,SEAWARD AV,OCEAN AV,0.00,,Y,A,-,N,,,,,,,,,,N,4,0,1,2,A,-,10,21950,A,N,G,B,B,A,H,-,A,A,0,Y,,,,Y,,-,,0,0,1,0,1,0,0,0,0,- ,- ,,,VENTURA,VENTURA,-119.26699829101562,34.271541595458984
8895845,2019,2019-07-18,5608,2019-03-26,1416,422,VENTU,2,5,6,5608,0,0,0,,0,003,SOUTH VICTORIA AV,THILLE ST,0.00,,Y,A,-,N,,,,,,,,,,N,3,0,1,2,A,-,11,21456,2,N,D,G,A,A,H,-,A,A,0,,Y,,,Y,,L,04,0,1,0,0,0,0,1,0,0,- ,- ,,,VENTURA,VENTURA,-119.21304321289062,34.268100738525391
8900948,2019,2019-08-19,5608,2019-07-13,2142,498,,6,5,6,5608,0,0,0,,0,001,MAIN ST,FIR,0.00,,Y,E,-,N,,,,,,,,,,N,2,0,1,2,A,-,03,22350,,N,G,B,B,A,H,-,C,D,0,Y,,,,Y,Y,A,01,1,0,0,0,1,0,0,0,0,- ,- ,,,VENTURA,VENTURA,-119.29001617431641,34.280841827392578
8901774,2019,2019-08-14,5606,2019-04-07,1325,1065,5606,7,5,4,5606,0,0,0,,0,001,ACACIA RD,W HARVARD BL,417.00,S,N,A,-,N,,,,,,,,,,N,3,0,1,2,A,-,11,21954,A,N,G,B,D,A,H,-,A,D,0,Y,,,,Y,,N,60,0,1,0,0,1,0,0,0,0,- ,- ,,,VENTURA,SANTA PAULA,-119.08353424072266,34.33978271484375
8903164,2019,2019-08-06,5609,2019-06-27,1455,356,,4,5,6,5609,0,0,0,,0,003,LOS ANGELES AV,ERRINGER RD,316.00,W,N,A,-,N,,,,,,,,,,N,4,0,1,2,A,-,05,21650,,N,G,G,A,A,H,-,A,D,0,,Y,,,Y,,L,04,0,0,1,0,0,0,1,0,0,- ,- ,34.271701812744141,-118.76119995117188,VENTURA,SIMI VALLEY,-118.76244354248047,34.271766662597656
8903337,2019,2019-08-12,5609,2019-07-12,1541,473,,5,5,6,5609,0,0,0,,0,,1ST ST,ROYAL AV,0.00,,Y,A,-,N,,,,,,,,,,N,3,0,1,2,A,-,10,21950,A,F,G,B,B,A,H,-,A,A,0,Y,,,,Y,,-,,0,1,0,0,1,0,0,0,0,- ,- ,34.264568328857422,-118.77890777587891,VENTURA,SIMI VALLEY,-118.77902221679688,34.264450073242188
8907446,2019,2019-08-12,5600,2019-07-17,1606,4691,9031,3,5,6,5607,0,0,0,,0,09B,NORTH WESTLAKE BL,E AVENIDA DE LOS ARBOLES,500.00,N,N,A,-,N,,,,,,,,,,N,3,0,1,2,A,-,11,21954,A,N,G,B,E,A,H,-,A,D,0,Y,,,,Y,,N,60,0,1,0,0,1,0,0,0,0,- ,- ,,,VENTURA,THOUSAND OAKS,-118.82302856445312,34.215686798095703
8908687,2019,2019-09-16,5606,2019-05-11,1135,1123,5606,6,5,4,5606,0,0,0,,0,002,MAIN ST,DAVIS ST,10.00,E,N,A,-,N,,,,,,,,,,N,2,0,1,2,A,-,10,21950,A,N,G,B,B,A,H,-,A,A,0,Y,,,,Y,,A,01,1,0,0,0,1,0,0,0,0,- ,- ,,,VENTURA,SANTA PAULA,-119.06259155273438,34.353118896484375
8910970,2019,2020-04-16,5604,2019-06-10,0052,5231,,1,5,6,5604,0,0,0,,0,041,SAVIERS RD,THOMAS AV,9.00,N,N,A,-,N,,,,,,,,,,Y,1,1,1,2,A,-,11,21950,B,N,G,B,B,A,H,-,C,A,0,Y,,,,Y,,N,60,0,0,1,1,0,0,0,0,0,- ,- ,,,VENTURA,OXNARD,-119.17755126953125,34.169795989990234
8911049,2020,2020-05-12,5608,2020-03-11,1526,365,40,3,5,6,5608,0,0,0,,0,002,SEAWARD AV,ALESSANDRO DR,403.00,N,N,A,-,N,,,,,,,,,,Y,1,1,0,2,A,-,22,23123,A,N,G,B,F,A,H,-,A,D,0,Y,,,,Y,,-,,0,0,0,1,0,0,0,0,0,- ,- ,,,VENTURA,VENTURA,-119.26852416992188,34.267314910888672
8911481,2020,2022-06-14,5604,2020-04-26,0439,5231,,7,5,6,5604,0,0,0,,0,032,STATHAM BL,STATHAM PKWY,427.00,S,N,A,-,N,,,,,,,,,,Y,1,1,1,2,A,-,03,22350,,N,G,B,E,A,H,-,C,D,0,Y,,,,Y,,A,01,0,1,0,1,0,0,0,0,0,- ,- ,,,VENTURA,OXNARD,-119.16561889648438,34.175979614257812
8911724,2020,2022-06-14,5604,2020-07-16,0152,5231,,4,5,6,5604,0,0,0,,0,024,CHANNEL ISLANDS BL,M ST,24.00,W,N,A,-,N,,,,,,,,,,Y,1,1,0,2,A,-,11,21954,A,N,G,B,E,A,H,-,C,A,0,Y,,,,Y,Y,N,60,0,0,0,1,0,0,0,0,0,- ,- ,,,VENTURA,OXNARD,-119.19136047363281,34.175613403320312
8911860,2019,2020-12-03,5604,2019-10-25,1301,4674,,5,5,6,5604,0,0,0,,0,011,N C ST,RODERICK AV,150.00,S,N,A,-,N,,,,,,,,,,N,1,1,0,2,D,-,00,,,N,B,G,A,A,H,-,A,D,0,,Y,,,Y,,-,- ,0,0,0,0,0,1,0,0,0,- ,- ,34.208831787109375,-119.18096923828125,VENTURA,OXNARD,-119.18096923828125,34.209377288818359
8911980,2020,2021-01-12,5600,2020-08-31,0606,4550,9100,1,5,6,5607,0,0,0,,0,9B01,MOORPARK RD,WILBUR RD,43.00,N,N,B,-,N,,,,,,,,,,Y,1,1,0,2,A,-,11,21954,A,N,G,B,D,A,H,-,B,A,0,Y,,,,Y,,N,60,0,0,0,1,0,0,0,0,0,- ,- ,,,VENTURA,THOUSAND OAKS,-118.87502288818359,34.18670654296875
8915060,2019,2019-10-07,5604,2019-07-17,1725,4925,,3,5,6,5604,0,0,0,,0,022,WEST 5TH ST,PATTERSON RD,1584.00,E,N,A,-,N,,,,,,,,,,N,3,0,1,2,A,-,05,21650,1,N,B,G,A,A,H,-,A,D,0,,Y,,,Y,,L,04,0,1,0,0,0,0,1,0,0,- ,- ,34.198020935058594,-119.20329284667969,VENTURA,OXNARD,-119.20276641845703,34.197391510009766
8917854,2019,2019-08-29,5608,2019-08-09,2355,476,,5,5,6,5608,0,0,0,,0,002,MAIN ST,CATALINA ST,135.00,E,N,A,-,N,,,,,,,,,,N,3,0,1,2,A,-,11,21954,A,N,G,B,E,A,B,-,C,A,0,Y,,,,Y,,N,60,0,1,0,0,1,0,0,0,0,- ,- ,,,VENTURA,VENTURA,-119.26879119873047,34.277694702148438
8923236,2019,2019-09-03,5609,2019-08-09,1304,452,422,5,5,6,5609,0,0,0,,0,004,SYCAMORE DR,RACINE ST,5.00,N,N,A,-,N,,,,,,,,,,N,3,0,1,2,A,-,10,21950,A,N,G,B,B,A,H,-,A,A,0,Y,,,,Y,,A,01,0,1,0,0,1,0,0,0,0,- ,- ,34.277721405029297,-118.74382019042969,VENTURA,SIMI VALLEY,-118.74384307861328,34.277664184570312
8924932,2019,2019-08-28,5600,2019-08-06,1853,4501,8202,2,5,5,5601,0,0,0,,0,08C,MISSION OAKS BL,FLYNN RD,0.00,,Y,A,-,N,,,,,,,,,,N,3,0,1,2,A,-,05,21650,1,N,H,G,A,A,H,-,A,A,0,,Y,,,Y,,L,04,0,1,0,0,0,0,1,0,0,- ,- ,34.216598510742188,-119.02179718017578,VENTURA,CAMARILLO,-119.02230834960938,34.216709136962891
8925313,2019,2019-09-10,5604,2019-07-29,2100,5534,,1,5,6,5604,0,0,0,,0,041,SPRUCE ST,SOUTH C ST,3.00,W,N,A,-,N,,,,,,,,,,N,4,0,2,3,A,-,08,22107,,N,G,B,B,A,H,-,C,D,0,Y,,,,Y,,A,01,0,0,2,0,2,0,0,0,0,- ,- ,34.172588348388672,-119.18168640136719,VENTURA,OXNARD,-119.18115997314453,34.17266845703125
8925897,2019,2019-09-30,5604,2019-08-03,1150,5492,,6,5,6,5604,0,0,0,,0,012,E GONZALES RD,ENTRADA DR,0.00,,Y,A,-,N,,,,,,,,,,N,3,0,1,2,A,-,12,21453,A,N,A,G,A,A,H,-,A,A,0,,Y,,,Y,,L,04,0,1,0,0,0,0,1,0,0,- ,- ,34.219009399414062,-119.17227172851562,VENTURA,OXNARD,-119.17227172851562,34.218971252441406
8927368,2019,2019-09-04,5600,2019-08-14,0853,5251,8202,3,5,5,5601,0,0,0,,0,08C,CAMARILLO RANCH RD,CAMINO RANCHERO,0.00,,Y,A,-,N,,,,,,,,,,N,4,0,1,2,A,-,05,21650,1,N,D,G,A,A,H,-,C,A,0,,Y,,,Y,,L,04,0,0,1,0,0,0,1,0,0,- ,- ,34.219581604003906,-119.01869201660156,VENTURA,CAMARILLO,-119.01870727539062,34.219570159912109
8927434,2019,2019-08-30,5600,2019-08-14,1239,2913,9080,3,5,6,5607,0,0,0,,0,09H,CALLE LAREDO,LYNN RD,10.00,E,N,A,-,N,,,,,,,,,,N,3,0,1,2,A,-,05,21650,,F,D,G,A,A,H,-,A,A,0,,Y,,,Y,,L,04,0,1,0,0,0,0,1,0,0,- ,- ,,,VENTURA,THOUSAND OAKS,-118.89398956298828,34.189876556396484
8929999,2019,2019-09-03,5608,2019-08-20,2151,496,,2,5,6,5608,0,0,0,,0,004,TELEPHONE RD,SATICOY AV,0.00,,Y,A,-,N,,,,,,,,,,Y,3,0,1,3,A,-,09,21801,A,N,B,B,B,A,H,-,C,A,0,Y,,,,Y,,A,01,0,1,0,0,1,0,0,0,0,- ,- ,,,VENTURA,VENTURA,-119.15834045410156,34.279510498046875
8931592,2019,2019-09-10,5608,2019-08-26,1643,497,,1,5,6,5608,0,0,0,,0,002,SEAWARD AV,RT 101,153.00,S,N,A,-,N,,,,,,,,,,N,3,0,1,2,A,-,08,22107,,N,C,G,A,A,H,-,A,A,0,,Y,,,Y,,-,,0,1,0,0,0,0,1,0,0,- ,NF,,,VENTURA,VENTURA,-119.26976776123047,34.264797210693359
8932231,2019,2019-10-04,5608,2019-09-04,1448,523,,3,5,6,5608,0,0,0,,0,003,TELEPHONE RD,COPLAND DR,12.00,W,N,A,-,N,,,,,,,,,,Y,3,0,1,2,A,-,10,21950,A,N,G,B,B,A,H,-,A,A,0,Y,,,,Y,,D,23,0,1,0,0,1,0,0,0,0,- ,- ,,,VENTURA,VENTURA,-119.23025512695312,34.262683868408203
8934059,2019,2019-10-11,5604,2019-08-16,1308,5422,,5,5,6,5604,0,0,0,,0,023,S C ST,W 8TH ST W,0.00,,Y,A,-,N,,,,,,,,,,N,3,0,1,2,A,-,10,21950,A,N,G,B,B,A,H,-,A,A,0,Y,,,,Y,,A,07,0,1,0,0,1,0,0,0,0,- ,- ,34.193729400634766,-119.18112945556641,VENTURA,OXNARD,-119.18113708496094,34.193759918212891
8934070,2019,2019-11-01,5604,2019-07-23,0750,5211,,2,5,6,5604,0,0,0,,0,031,JUANITA AV,CAMINO DEL SOL,0.00,,Y,A,-,N,,,,,,,,,,N,3,0,1,2,A,-,05,21650,A,F,D,G,A,A,H,-,A,D,0,,Y,,,Y,,-,- ,0,1,0,0,0,0,1,0,0,- ,- ,34.207061767578125,-119.16822052001953,VENTURA,OXNARD,-119.16853332519531,34.208461761474609
8936410,2019,2019-09-25,5604,2019-04-12,1026,5540,,5,5,6,5604,0,0,0,,0,012,ROSE AV,GONZALES RD,0.00,,Y,A,-,N,,,,,,,,,,N,4,0,1,2,A,-,05,21650,1,N,G,B,A,A,H,-,A,A,0,,Y,,,Y,,L,04,0,0,1,0,0,0,1,0,0,- ,- ,34.218898773193359,-119.15827941894531,VENTURA,OXNARD,-119.15843200683594,34.218990325927734
8936426,2019,2019-09-26,5604,2019-08-23,2233,5529,,5,5,6,5604,0,0,0,,0,032,S OXNARD BL,S ROSE AV,50.00,N,N,A,-,N,,,,,,,,,,Y,2,0,1,2,A,-,11,21954,A,N,G,B,D,A,H,-,D,A,0,Y,,,,Y,,N,60,1,0,0,0,1,0,0,0,0,- ,- ,34.175228118896484,-119.15998077392578,VENTURA,OXNARD,-119.16008758544922,34.175651550292969
8939091,2019,2019-10-22,5600,2019-05-12,0116,4844,5104,7,5,4,5690,0,0,0,,0,02B,RT 23,MILLER PKWY,247.00,W,N,A,-,Y,VEN,7,23,-,T,12.000,H,-,S,Y,1,1,0,2,A,-,11,21956,A,N,G,B,E,A,H,-,C,D,0,Y,,,,Y,,N,60,0,0,0,1,0,0,0,0,0,- ,- ,,,VENTURA,MOORPARK,-118.87026977539062,34.279125213623047
8939429,2019,2021-06-01,5604,2019-08-01,2049,5357,,4,5,6,5604,0,0,0,,0,042,PLEASANT VALLEY RD,CLOYNE ST,7.00,E,N,A,-,N,,,,,,,,,,N,1,1,0,2,A,-,11,21950,B,N,G,B,B,A,H,-,C,A,0,Y,,,,Y,Y,N,60,0,0,0,1,0,0,0,0,0,- ,- ,,,VENTURA,OXNARD,-119.1729736328125,34.154720306396484
8939633,2019,2020-03-03,5608,2019-11-15,1719,322,119,5,5,6,5608,0,0,0,,0,004,TELEPHONE RD,ANTELOPE LN,261.00,W,N,A,-,N,,,,,,,,,,Y,1,1,0,2,A,-,11,21954,A,N,G,B,D,A,H,-,C,D,0,Y,,,,Y,,N,60,0,0,0,1,0,0,0,0,0,- ,- ,,,VENTURA,VENTURA,-119.19601440429688,34.267814636230469
8941391,2019,2019-09-30,5600,2019-09-09,1952,4973,8250,1,5,5,5601,0,0,0,,0,08C,PETIT ST,DAWSON DR,0.00,,Y,A,-,N,,,,,,,,,,N,4,0,1,2,A,-,05,21650,1,N,D,G,A,A,H,-,C,A,0,,Y,,,Y,,L,04,0,0,1,0,0,0,1,0,0,- ,- ,34.21514892578125,-119.03395080566406,VENTURA,CAMARILLO,-119.03382110595703,34.21527099609375
8943142,2019,2019-09-23,5609,2019-08-12,1930,479,,1,5,6,5609,0,0,0,,0,005,LOS ANGELES AV,STEARNS ST,0.00,,Y,A,-,N,,,,,,,,,,N,4,0,1,2,A,-,10,21950,A,N,G,B,B,A,H,-,B,A,0,Y,,,,Y,,A,01,0,0,1,0,1,0,0,0,0,- ,- ,,,VENTURA,SIMI VALLEY,-118.69141387939453,34.271739959716797
8943681,2019,2019-10-11,5604,2019-08-18,1214,5540,,7,5,6,5604,0,0,0,,0,022,W 7TH ST,S G ST,0.00,,Y,A,-,N,,,,,,,,,,N,4,0,1,2,A,-,12,22450,A,N,G,B,B,A,H,-,A,A,0,Y,,,,Y,,N,60,0,0,1,0,1,0,0,0,0,- ,- ,34.195079803466797,-119.18614196777344,VENTURA,OXNARD,-119.1861572265625,34.195098876953125
8943685,2019,2019-10-11,5604,2019-08-19,0550,5563,,1,5,6,5604,0,0,0,,0,024,W CHANNEL ISLANDS BL,S VENTURA RD,0.00,,Y,A,-,N,,,,,,,,,,N,4,0,1,2,A,-,05,21202,A,N,D,G,A,A,H,-,B,D,0,,Y,,,Y,,L,04,0,0,1,0,0,0,1,0,0,- ,- ,34.176128387451172,-119.19441223144531,VENTURA,OXNARD,-119.19490814208984,34.175701141357422
8943689,2019,2019-10-11,5604,2019-08-18,0106,5563,,7,5,6,5604,0,0,0,,0,022,N VENTURA RD,DORIS AV,300.00,S,N,A,-,N,,,,,,,,,,N,3,0,1,2,A,-,11,21950,B,N,G,B,E,A,H,-,C,D,0,Y,,,,Y,Y,-,- ,0,1,0,0,1,0,0,0,0,- ,- ,34.208328247070312,-119.19467163085938,VENTURA,OXNARD,-119.19464874267578,34.207534790039062
8945458,2019,2019-10-01,5608,2019-09-16,1750,523,,1,5,6,5608,0,0,0,,0,004,NORTH BANK DR,STOCK AV,20.00,E,N,A,-,N,,,,,,,,,,N,3,0,1,2,A,-,08,22107,,N,B,G,A,A,H,-,A,D,0,,Y,,,Y,,L,04,0,1,0,0,0,0,1,0,0,- ,- ,,,VENTURA,VENTURA,-119.15195465087891,34.274276733398438
8945470,2019,2019-10-01,5608,2019-09-20,2005,495,,5,5,6,5608,0,0,0,,0,002,EAST MAIN ST,DONLON ST,300.00,W,N,A,-,N,,,,,,,,,,N,4,0,1,2,A,-,05,21650,1,N,D,G,A,A,H,-,C,D,0,,Y,,,Y,,L,04,0,0,1,0,0,0,1,0,0,- ,- ,,,VENTURA,VENTURA,-119.23651885986328,34.26312255859375
8950207,2019,2019-10-17,5604,2019-09-14,1035,4868,,6,5,6,5604,0,0,0,,0,042,CLARA ST,COURTLAND ST,130.00,E,N,A,-,N,,,,,,,,,,N,2,0,2,3,A,-,21,22106,,N,G,B,D,A,H,-,A,D,0,Y,,,,Y,,A,07,1,1,0,0,2,0,0,0,0,- ,- ,34.151248931884766,-119.17993927001953,VENTURA,OXNARD,-119.17958068847656,34.151268005371094
8950211,2019,2019-10-17,5604,2019-09-11,1152,5555,,3,5,6,5604,0,0,0,,0,023,6TH ST,OXNARD BL,0.00,,Y,A,-,N,,,,,,,,,,N,4,0,1,2,A,-,00,21953,I,N,G,B,E,A,H,-,A,A,0,Y,,,,Y,,N,60,0,0,1,0,1,0,0,0,0,- ,- ,,,VENTURA,OXNARD,-119.17745971679688,34.19635009765625
8955791,2019,2019-10-31,5604,2019-09-30,0717,5540,,1,5,6,5604,0,0,0,,0,031,COLONIA RD,ANITA AV,0.00,,Y,A,-,N,,,,,,,,,,N,3,0,1,2,A,-,03,22350,,N,G,B,D,A,H,-,A,D,0,Y,,,,Y,,A,01,0,1,0,0,1,0,0,0,0,- ,- ,34.206401824951172,-119.16954803466797,VENTURA,OXNARD,-119.16957855224609,34.206401824951172
8955800,2019,2019-11-07,5604,2019-09-16,1555,4750,,1,5,6,5604,0,0,0,,0,042,BARD RD,SAVIERS RD,0.00,,Y,A,-,N,,,,,,,,,,N,4,0,1,2,A,-,10,21950,A,N,G,B,B,A,H,-,A,A,0,Y,,,,Y,,A,01,0,0,1,0,1,0,0,0,0,- ,- ,34.160999298095703,-119.17768859863281,VENTURA,OXNARD,-119.17778015136719,34.160999298095703
8956251,2019,2019-10-21,5600,2019-09-12,1048,5248,5112,4,5,4,5690,0,0,0,,0,02A,SPRING RD,PEACH HILL RD,0.00,,Y,A,-,N,,,,,,,,,,N,3,0,1,2,A,-,10,21950,A,N,G,B,B,A,H,-,A,A,0,Y,,,,Y,,A,01,0,1,0,0,1,0,0,0,0,- ,- ,,,VENTURA,MOORPARK,-118.86888122558594,34.271900177001953
8956830,2019,2019-10-16,5608,2019-10-04,1549,483,VENTU,5,5,6,5608,0,0,0,,0,001,THOMPSON BL,ASH ST,3.00,W,N,A,-,N,,,,,,,,,,N,4,0,1,2,A,-,10,21950,A,N,G,B,B,A,H,-,A,A,0,Y,,,,Y,,A,01,0,0,1,0,0,0,0,0,0,- ,- ,,,VENTURA,VENTURA,-119.28849792480469,34.278278350830078
8957675,2019,2019-10-25,5609,2019-09-28,1604,435,,6,5,6,5609,0,0,0,,0,,YOSEMITE AV,MOUNT SINAI DR,0.00,,Y,A,-,N,,,,,,,,,,N,3,0,1,2,A,-,09,21801,A,N,D,G,A,A,H,-,A,D,0,,Y,,,Y,,I,11,0,1,0,0,0,0,1,0,0,- ,- ,34.283039093017578,-118.67929840087891,VENTURA,SIMI VALLEY,-118.67945098876953,34.28302001953125
8964298,2019,2020-02-27,5605,2019-09-14,1608,158,PATRO,6,5,3,5605,0,0,0,,0,003,VENTURA RD,SEAVIEW ST,10.00,S,N,A,-,N,,,,,,,,,,N,3,0,1,2,A,-,12,22450,A,N,H,G,A,A,H,-,A,A,0,,Y,,,Y,Y,L,04,0,1,0,0,0,0,1,0,0,- ,- ,34.146640777587891,-119.19548034667969,VENTURA,PORT HUENEME,-119.19557189941406,34.146591186523438
8966982,2019,2019-11-08,5604,2019-10-05,0758,5231,,6,5,6,5604,0,0,0,,0,022,DORIS AV,N C ST,0.00,,Y,A,-,N,,,,,,,,,,N,4,0,1,2,A,-,10,21950,A,N,G,B,D,A,H,-,A,A,0,Y,,,,Y,,D,22,0,0,1,0,1,0,0,0,0,- ,- ,,,VENTURA,OXNARD,-119.18097686767578,34.207931518554688
8967406,2019,2019-11-20,5604,2019-10-07,1210,4795,,1,5,6,5604,0,0,0,,0,041,SAVIERS RD,CHANNEL ISLANDS BL,5.00,S,N,A,-,N,,,,,,,,,,N,4,0,1,2,A,-,10,21950,A,N,G,B,B,A,H,-,A,A,0,Y,,,,Y,,-,- ,0,0,1,0,1,0,0,0,0,- ,- ,34.17340087890625,-119.17755126953125,VENTURA,OXNARD,-119.17765808105469,34.173427581787109
8967444,2019,2019-11-04,5608,2019-10-19,1110,483,VENTU,6,5,6,5608,0,0,0,,0,001,THOMPSON BL,PALM ST,20.00,E,N,A,-,N,,,,,,,,,,N,3,0,1,2,A,-,08,22107,,N,A,G,A,A,H,-,A,-,0,,Y,,,Y,,L,04,0,1,0,0,0,0,1,0,0,- ,- ,,,VENTURA,VENTURA,-119.29612731933594,34.27825927734375
8969000,2019,2019-11-12,5604,2019-08-12,0604,5515,,1,5,6,5604,0,0,0,,0,032,VAUGHN RD,WESTAR DR,150.00,N,N,A,-,N,,,,,,,,,,N,4,0,1,2,A,-,11,21954,A,N,G,B,D,A,H,-,A,D,0,Y,,,,Y,,N,60,0,0,1,0,1,0,0,0,0,- ,- ,34.187721252441406,-119.16207885742188,VENTURA,OXNARD,,
8969302,2019,2019-11-19,5600,2019-10-15,0802,4045,9001,2,5,6,5607,0,0,0,,0,9A01,MEMORIAL PKWY,PIONEER AV,340.00,E,N,A,-,N,,,,,,,,,,,3,0,1,2,A,-,10,21950,A,N,G,B,C,A,H,-,A,D,0,Y,,,,Y,,A,01,0,1,0,0,1,0,0,0,0,- ,- ,34.223171234130859,-118.87943267822266,VENTURA,THOUSAND OAKS,-118.87826538085938,34.223041534423828
8972027,2019,2019-11-07,5600,2019-10-26,1745,2693,8252,6,5,5,5601,0,0,0,,0,08C,BRISTER PARK CT,BRIDGEHAMPTON WY,39.00,N,N,A,-,N,,,,,,,,,,N,3,0,1,2,A,-,11,21956,A,N,G,B,E,A,H,-,A,D,0,Y,,,,Y,,N,60,0,1,0,0,1,0,0,0,0,- ,- ,34.122898101806641,-119.01210021972656,VENTURA,CAMARILLO,-119.02266693115234,34.208499908447266
8974124,2019,2019-11-16,5604,2019-07-20,1638,5526,,6,5,6,5604,0,0,0,,0,022,WOOLEY RD,A ST,0.00,,Y,A,-,N,,,,,,,,,,,4,0,1,2,A,-,09,21802,A,F,B,B,B,A,H,-,A,A,0,Y,,,,Y,,-,- ,0,0,1,0,1,0,0,0,0,- ,- ,34.192680358886719,-119.19589996337891,VENTURA,OXNARD,-119.17868041992188,34.190139770507812