CASE_ID,ACCIDENT_YEAR,PROC_DATE,JURIS,COLLISION_DATE,COLLISION_TIME,OFFICER_ID,REPORTING_DISTRICT,DAY_OF_WEEK,CHP_SHIFT,POPULATION,CNTY_CITY_LOC,SPECIAL_COND,BEAT_TYPE,CHP_BEAT_TYPE,CITY_DIVISION_LAPD,CHP_BEAT_CLASS,BEAT_NUMBER,PRIMARY_RD,SECONDARY_RD,DISTANCE,DIRECTION,INTERSECTION,WEATHER_1,WEATHER_2,STATE_HWY_IND,CALTRANS_COUNTY,CALTRANS_DISTRICT,STATE_ROUTE,ROUTE_SUFFIX,POSTMILE_PREFIX,POSTMILE,LOCATION_TYPE,RAMP_INTERSECTION,SIDE_OF_HWY,TOW_AWAY,COLLISION_SEVERITY,NUMBER_KILLED,NUMBER_INJURED,PARTY_COUNT,PRIMARY_COLL_FACTOR,PCF_CODE_OF_VIOL,PCF_VIOL_CATEGORY,PCF_VIOLATION,PCF_VIOL_SUBSECTION,HIT_AND_RUN,TYPE_OF_COLLISION,MVIW,PED_ACTION,ROAD_SURFACE,ROAD_COND_1,ROAD_COND_2,LIGHTING,CONTROL_DEVICE,CHP_ROAD_TYPE,PEDESTRIAN_ACCIDENT,BICYCLE_ACCIDENT,MOTORCYCLE_ACCIDENT,TRUCK_ACCIDENT,NOT_PRIVATE_PROPERTY,ALCOHOL_INVOLVED,STWD_VEHTYPE_AT_FAULT,CHP_VEHTYPE_AT_FAULT,COUNT_SEVERE_INJ,COUNT_VISIBLE_INJ,COUNT_COMPLAINT_PAIN,COUNT_PED_KILLED,COUNT_PED_INJURED,COUNT_BICYCLIST_KILLED,COUNT_BICYCLIST_INJURED,COUNT_MC_KILLED,COUNT_MC_INJURED,PRIMARY_RAMP,SECONDARY_RAMP,LATITUDE,LONGITUDE,COUNTY,CITY,POINT_X,POINT_Y
8976721,2019,2020-01-23,5609,2019-11-06,0643,452,,3,5,6,5609,0,0,0,,0,,LOS ANGELES AV,STEARNS ST,400.00,W,N,A,-,N,,,,,,,,,,N,4,0,1,2,A,-,10,21950,A,N,G,B,C,A,H,-,A,D,0,Y,,,,Y,,A,01,0,0,1,0,1,0,0,0,0,- ,- ,34.270988464355469,-118.69122314453125,VENTURA,SIMI VALLEY,-118.69273376464844,34.271739959716797
8979896,2019,2019-11-25,5600,2019-10-17,2111,5176,9050,4,5,6,5607,0,0,0,,0,09B,GAINSBOROUGH RD,STERLING DR,190.00,E,N,A,-,N,,,,,,,,,,N,2,0,2,2,A,-,11,21966,,N,G,B,E,A,H,-,D,D,0,Y,Y,,,Y,,N,60,1,0,1,0,1,0,1,0,0,- ,- ,34.193809509277344,-118.870361328125,VENTURA,THOUSAND OAKS,-118.87045288085938,34.193805694580078
8981613,2019,2020-01-09,5600,2019-11-19,1123,2877,8024,2,5,5,5601,0,0,0,,0,8A01,PASEO CAMARILLO,ROSEWOOD AV,520.00,E,N,A,-,N,,,,,,,,,,N,4,0,1,2,D,-,00,,,N,B,G,A,A,H,-,A,D,0,,Y,,,Y,,-,- ,0,0,1,0,0,0,1,0,0,- ,- ,34.220939636230469,-119.05977630615234,VENTURA,CAMARILLO,-119.05985260009766,34.221019744873047
8983014,2019,2020-01-17,5604,2019-10-24,2103,5563,,4,5,6,5604,0,0,0,,0,014,VINEYARD AV,STROUBE ST,100.00,S,N,A,-,N,,,,,,,,,,N,2,0,1,2,A,-,11,21955,,F,G,B,D,A,H,-,C,D,0,Y,,,,Y,Y,N,60,1,0,0,0,1,0,0,0,0,- ,- ,34.237209320068359,-119.16925811767578,VENTURA,OXNARD,-119.16943359375,34.237007141113281
8983015,2019,2020-01-15,5604,2019-10-24,0757,4755,,4,5,6,5604,0,0,0,,0,032,E SAN MATEO PL,EARHART CT,0.00,,Y,A,-,N,,,,,,,,,,N,3,0,2,3,A,-,11,21950,B,N,G,B,B,A,H,-,A,D,0,Y,,,,Y,,N,60,0,1,1,0,2,0,0,0,0,- ,- ,34.1785888671875,-119.15489196777344,VENTURA,OXNARD,-119.1534423828125,34.177829742431641
8983577,2019,2019-12-05,5600,2019-10-15,1549,4965,8113,2,5,5,5601,0,0,0,,0,8B1,ARNEILL RD,DAILY DR,0.00,,Y,A,-,N,,,,,,,,,,N,4,0,1,2,A,-,09,21801,A,N,D,G,A,A,H,-,A,A,0,,Y,,,Y,,A,01,0,0,1,0,0,0,1,0,0,- ,- ,34.217769622802734,-119.03890228271484,VENTURA,CAMARILLO,-119.03900909423828,34.217819213867188
8988268,2019,2019-12-26,5609,2019-11-19,0725,493,209,2,5,6,5609,0,0,0,,0,002,ROYAL AV,BLAZE AV,104.00,E,N,A,-,N,,,,,,,,,,,3,0,1,2,A,-,11,21950,B,N,G,B,D,A,H,-,A,D,0,Y,,,,Y,,N,60,0,1,0,0,1,0,0,0,0,- ,- ,,,VENTURA,SIMI VALLEY,-118.77024841308594,34.264469146728516
8989898,2019,2019-12-21,5609,2019-11-25,0833,493,,1,5,6,5609,0,0,0,,0,001,COUNTRY CLUB DR,WOOD RANCH PKWY,0.00,,Y,A,-,N,,,,,,,,,,N,4,0,1,2,A,-,10,21950,A,N,G,B,B,A,H,-,A,A,0,Y,,,,Y,,A,01,0,0,1,0,1,0,0,0,0,- ,- ,34.252540588378906,-118.81197357177734,VENTURA,SIMI VALLEY,-118.81199645996094,34.252540588378906
8991508,2019,2020-01-30,5608,2019-11-26,0730,504,,2,5,6,5608,0,0,0,,0,002,HARBOR BL,OYSTER ST,0.00,,Y,A,-,N,,,,,,,,,,N,2,0,1,2,A,-,17,22517,,N,H,G,A,A,H,-,A,D,0,,Y,,,Y,,A,01,1,0,0,0,0,0,1,0,0,- ,- ,,,VENTURA,VENTURA,-119.26187896728516,34.258491516113281
9001261,2019,2020-01-23,5608,2019-11-29,0952,497,,5,5,6,5608,0,0,0,,0,001,EAST MAIN ST,NORTH FIR ST,100.00,W,N,A,-,N,,,,,,,,,,N,3,0,1,2,A,-,21,22106,,N,C,G,A,A,H,-,A,D,0,,Y,,,Y,,-,,0,1,0,0,0,0,1,0,0,- ,- ,,,VENTURA,VENTURA,-119.29035186767578,34.280830383300781
9001801,2019,2020-01-13,5604,2019-09-25,0204,5446,,3,5,6,5604,0,0,0,,0,041,REDWOOD ST,C ST,10.00,W,N,A,-,N,,,,,,,,,,Y,4,0,1,2,A,-,21,22106,,F,G,B,E,A,H,-,C,D,0,Y,,,,Y,Y,A,01,0,0,1,0,1,0,0,0,0,- ,- ,34.173179626464844,-119.18135833740234,VENTURA,OXNARD,-119.18106079101562,34.173397064208984
9001809,2019,2020-01-13,5604,2019-09-21,1230,5592,,6,5,6,5604,0,0,0,,0,022,W VENTURA RD,5TH ST,50.00,S,N,A,-,N,,,,,,,,,,N,2,0,1,2,A,-,- ,,,F,G,G,A,A,H,-,A,D,0,,Y,,,Y,,A,01,1,0,0,0,0,0,1,0,0,- ,- ,34.196559906005859,-119.19612121582031,VENTURA,OXNARD,-119.19487762451172,34.197574615478516
90025793,2015,2015-10-29,9765,2015-03-23,2017,020540,,1,2,9,5600,0,1,3,,1,055,SR-118,WALNUT AVENUE,35.00,W,N,A,-,Y,,,118,,,,,,,N,1,1,0,2,C,-,18,,,N,G,B,E,A,H,-,D,D,0,Y,,,,Y,,-,- ,0,0,0,1,0,0,0,0,0,- ,- ,34.263649999999998,-119.07688,VENTURA,UNINCORPORATED,-119.07687986000001,34.263677780000002
90029526,2015,2015-10-19,9770,2015-10-01,1730,020998,,4,2,9,5600,0,3,5,,2,008,OAK KNOLLS ROAD,KATHERINE ROAD,0.00,,Y,A,-,Y,,,,,,,,,,N,3,0,1,2,A,-,09,21802,A,N,H,G,A,A,H,-,A,A,0,,Y,,,Y,,L,04,0,1,0,0,0,0,1,0,0,- ,- ,34.26249,-118.67116,VENTURA,UNINCORPORATED,-118.6711001,34.262440069999997
9004758,2019,2020-02-14,5600,2019-12-10,1614,5007,9106,2,5,6,5607,0,0,0,,0,9C01,REINO RD,BORCHARD RD,723.00,N,N,B,-,N,,,,,,,,,,N,2,0,1,2,A,-,11,21950,B,N,G,B,D,A,H,-,A,D,0,Y,,,,Y,,N,60,1,0,0,0,1,0,0,0,0,- ,- ,,,VENTURA,THOUSAND OAKS,,
9007102,2019,2020-02-11,5600,2019-12-17,1706,2877,8110,2,5,5,5601,0,0,0,,0,8B01,LAS POSAS RD,WEST LOOP DR,0.00,,Y,A,-,N,,,,,,,,,,N,3,0,1,2,A,-,10,21950,A,N,G,B,B,A,H,-,B,A,0,Y,,,,Y,,D,22,0,1,0,0,1,0,0,0,0,- ,- ,34.235919952392578,-119.04145050048828,VENTURA,CAMARILLO,-119.04154968261719,34.235939025878906
9008635,2019,2020-02-13,5608,2019-12-14,1833,504,,6,5,6,5608,0,0,0,,0,003,EAST MAIN ST,SOUTH MILLS RD,0.00,,Y,A,-,N,,,,,,,,,,N,4,0,1,2,A,-,10,21950,,F,G,B,B,A,H,-,B,A,0,Y,,,,Y,,A,01,0,0,1,0,1,0,0,0,0,- ,- ,,,VENTURA,VENTURA,-119.24604797363281,34.265060424804688
90088436,2015,2016-01-05,9765,2015-10-19,2217,014736,,1,3,6,5608,0,1,2,,2,302,US 101 N/B (VENTURA FREEWAY),VICTORIA AVENUE,26.00,N,N,A,-,Y,,,,,,,,,,N,1,1,0,2,A,-,11,21954,A,N,G,B,D,A,H,-,C,D,0,Y,,,,Y,,N,60,0,0,0,1,0,0,0,0,0,- ,- ,34.252510000000001,-119.21062000000001,VENTURA,VENTURA,-119.21106979,34.25275165
9008867,2019,2020-02-26,5608,2019-12-06,1917,517,,5,5,6,5608,0,0,0,,0,001,NORTH VENTURA AV,E WARNER ST,0.00,,-,C,-,N,,,,,,,,,,N,3,0,1,2,A,-,10,21950,A,F,G,B,B,B,H,-,C,A,0,Y,,,,Y,,A,01,0,1,0,0,1,0,0,0,0,- ,- ,,,VENTURA,VENTURA,-119.29747009277344,34.29248046875
9008871,2019,2020-02-26,5608,2019-12-16,1744,446,,1,5,6,5608,0,0,0,,0,004,TELEPHONE RD,POINSETTIA PLAZA,10.00,S,N,A,-,N,,,,,,,,,,N,2,0,1,2,A,-,10,21950,A,N,B,B,B,A,H,-,C,A,0,Y,,,,Y,,-,,1,0,0,0,1,0,0,0,0,- ,- ,,,VENTURA,VENTURA,-119.23410797119141,34.260746002197266
9008879,2019,2020-02-11,5608,2019-12-17,1913,508,,2,5,6,5608,0,0,0,,0,003,WEBSTER ST,SOUTH HILL RD,0.00,,Y,A,-,N,,,,,,,,,,N,3,0,1,2,A,-,12,22450,A,F,G,B,B,A,H,-,C,D,0,Y,,,,Y,,A,01,0,1,0,0,1,0,0,0,0,- ,- ,,,VENTURA,VENTURA,-119.20755767822266,34.271759033203125
90091965,2015,2016-01-11,9770,2015-12-01,0940,012869,,2,1,6,5607,0,1,2,,2,073,US-101 S/B FROM LYNN ROAD N/B,LYNN ROAD,103.00,S,N,A,-,Y,,,101,,,,R,,S,N,2,0,2,2,A,-,11,21956,,N,G,B,E,A,H,-,A,D,0,Y,,Y,,Y,Y,N,60,1,1,0,0,1,0,0,0,1,- ,- ,34.18242,-118.89153,VENTURA,THOUSAND OAKS,-118.89153,34.18242
90095853,2016,2016-01-14,9770,2016-01-08,1422,012133,,5,2,9,5600,0,2,4,,2,079,CREMONA WAY,HAWTHORNE DRIVE,5.00,S,N,A,-,N,,,,,,,,,,N,3,0,1,2,A,-,09,21804,A,N,H,G,A,A,H,-,A,A,0,,Y,,,Y,,L,04,0,1,0,0,0,0,1,0,0,- ,- ,34.17756,-118.77883,VENTURA,UNINCORPORATED,-118.77884704,34.177577589999999
9009817,2019,2020-02-07,5604,2019-11-19,1735,5018,,2,5,6,5604,0,0,0,,0,011,N F ST,DORIS AV,0.00,,Y,A,-,N,,,,,,,,,,N,3,0,1,2,A,-,12,22450,A,N,D,G,A,A,H,-,C,A,0,,Y,,,Y,,L,04,0,1,0,0,0,0,1,0,0,- ,- ,34.207931518554688,-119.18502044677734,VENTURA,OXNARD,-119.18504333496094,34.207958221435547
9009896,2019,2020-02-19,5604,2019-10-23,0601,5492,,3,5,6,5604,0,0,0,,0,031,ROSE AV,5TH ST,0.00,,Y,A,-,N,,,,,,,,,,N,3,0,1,2,D,-,00,,,F,A,B,A,A,H,-,E,A,0,,Y,,,Y,,-,- ,0,1,0,0,0,0,1,0,0,- ,- ,34.197029113769531,-119.15978240966797,VENTURA,OXNARD,-119.15988922119141,34.196998596191406
90108899,2016,2016-02-04,9765,2016-01-20,0625,018490,,3,1,9,5600,0,1,2,,1,101,US-101 S/B,SANTA BARBARA AVE.,5280.00,N,N,A,-,Y,,,101,,,,,,S,Y,3,0,1,3,A,-,08,22107,,N,G,B,E,A,H,-,B,D,0,Y,,,,Y,,A,01,0,1,0,0,1,0,0,0,0,- ,- ,34.373150000000003,-119.45874999999999,VENTURA,UNINCORPORATED,-119.45873025,34.373182180000001
90113832,2015,2016-02-11,9770,2015-09-12,1719,020641,,6,2,9,5600,0,2,4,,1,032,MOORPARK ROAD,TIERRA REJADA ROAD,1974.00,S,N,B,-,N,,,,,,,,,,Y,1,2,1,3,A,-,08,22107,,N,H,G,A,A,H,-,A,D,0,,Y,Y,,Y,,A,01,0,1,0,0,0,1,0,1,0,- ,- ,34.259250000000002,-118.8631,VENTURA,UNINCORPORATED,-118.86323382,34.258930710000001
90126143,2016,2016-03-01,9765,2016-02-26,1033,013549,,5,1,9,5600,0,1,3,,1,055,SR-118  (LOS ANGELES AVE),SANTA CLARA AVE.,1478.00,W,N,A,-,Y,,,118,,,,,,,N,3,0,1,2,A,-,05,21650,,N,B,G,A,A,H,-,A,A,0,,Y,,,Y,,A,07,0,1,0,0,0,0,1,0,0,- ,- ,34.257680000000001,-119.1123,VENTURA,UNINCORPORATED,-119.11206244,34.258026280000003
90131257,2016,2016-03-08,9765,2016-02-26,1000,019988,,5,1,9,5600,0,1,3,,1,020,SR-33  (VENTURA AVE.),SR-150 (BALDWIN RD.),10.00,S,N,A,-,Y,,,33,,,,,,,N,3,0,1,2,A,-,10,21950,A,N,G,B,B,A,H,-,A,A,0,Y,,,,Y,,A,07,0,1,0,0,1,0,0,0,0,- ,- ,34.43,-119.288,VENTURA,UNINCORPORATED,-119.28842539,34.429894840000003
90149300,2016,2016-05-19,9770,2016-03-27,1025,018572,,7,1,9,5600,0,2,4,,1,062,POTRERO ROAD,WHITE STALLION ROAD (EAST),700.00,W,N,A,-,N,,,,,,,,,,N,4,0,1,2,A,-,00,21760,B,N,B,G,A,A,H,-,A,D,0,,Y,,,Y,,A,01,0,0,1,0,0,0,1,0,0,- ,- ,34.156320000000001,-118.92831,VENTURA,UNINCORPORATED,-118.93906312,34.155880969999998
90162838,2016,2016-04-21,9770,2016-04-14,1145,017638,,4,1,6,5609,0,1,3,,2,083,SR-118 E/B TO SYCAMORE DRIVE,SYCAMORE DRIVE,4.00,W,N,A,-,Y,,,118,,,,R,,E,N,4,0,1,2,A,-,21,22106,,N,G,B,B,A,H,-,A,A,0,Y,,,,Y,,A,01,0,0,1,0,1,0,0,0,0,- ,- ,34.280810000000002,-118.74403,VENTURA,SIMI VALLEY,-118.74403,34.280810000000002
9016787,2020,2020-06-04,5608,2020-02-12,1643,524,VENTU,3,5,6,5608,0,0,0,,0,002,VIRGINIA DR,POLI ST,21.00,S,N,A,-,N,,,,,,,,,,N,4,0,1,2,A,-,10,21950,A,N,G,B,B,A,H,-,A,A,0,Y,,,,Y,,A,07,0,0,1,0,1,0,0,0,0,- ,- ,,,VENTURA,VENTURA,-119.26036834716797,34.279132843017578
9017624,2020,2020-03-06,5604,2020-01-28,1530,5135,,2,5,6,5604,0,0,0,,0,023,C ST,6TH ST,0.00,,Y,A,-,N,,,,,,,,,,N,3,0,1,2,A,-,12,21453,A,F,D,G,A,A,H,-,A,A,0,,Y,,,Y,,-,99,0,1,0,0,0,0,1,0,0,- ,- ,34.202289581298828,-119.18319702148438,VENTURA,OXNARD,-119.18109893798828,34.196369171142578
9017628,2020,2020-03-06,5604,2020-01-25,2116,5561,,6,5,6,5604,0,0,0,,0,032,S OXNARD BL,COMMERCIAL AV,1056.00,E,N,A,-,N,,,,,,,,,,N,4,0,1,2,A,-,05,21651,A,N,G,G,A,A,H,-,C,D,0,,Y,,,Y,Y,L,04,0,0,1,0,0,0,1,0,0,- ,- ,34.185680389404297,-119.17172241210938,VENTURA,OXNARD,-119.17002868652344,34.183948516845703
9017757,2019,2020-02-11,5600,2019-12-25,1250,5176,8061,3,5,5,5601,0,0,0,,0,08B,GRANADA ST,SEVILLA ST,250.00,N,N,A,-,N,,,,,,,,,,N,3,0,1,2,A,-,11,21954,A,N,G,B,D,A,H,-,A,D,0,Y,,,,Y,,N,60,0,1,0,0,1,0,0,0,0,- ,- ,34.214599609375,-119.05355072021484,VENTURA,CAMARILLO,-119.05348968505859,34.214523315429688
90201084,2016,2016-06-14,9765,2016-06-05,1330,020917,,7,1,9,5600,0,1,3,,1,012,SR-1 (OLD PACIFIC COAST HIGHWAY),SOLIMAR BEACH DRIVE,80.00,S,N,A,-,Y,,,1,,,,,,,N,3,0,1,2,A,-,03,22350,,N,H,G,A,A,H,-,A,D,0,,Y,,,Y,,A,01,0,1,0,0,0,0,1,0,0,- ,- ,34.311199999999999,-119.3575,VENTURA,UNINCORPORATED,-119.357505,34.311193269999997
90202219,2016,2016-06-15,9765,2016-06-11,0630,019988,,6,1,9,5600,0,3,5,,2,006,STURGIS RD. (3500 BLOCK),DEL NORTE RD.,2000.00,E,N,B,-,N,,,,,,,,,,N,3,0,1,2,A,-,08,22107,,N,H,G,A,A,H,-,A,D,0,,Y,,,Y,,A,01,0,1,0,0,0,0,1,0,0,- ,- ,34.201839999999997,-119.12054999999999,VENTURA,UNINCORPORATED,-119.12083395000001,34.20181109
90208520,2016,2016-06-23,9770,2016-06-12,0950,021306,,7,1,9,5600,0,1,3,,1,052,SR-118 (LOS ANGELES AVENUE),GRIMES CANYON ROAD,3068.00,W,N,A,-,Y,,,118,,,,,,,N,3,0,2,2,A,-,03,22350,,N,H,G,A,A,H,-,A,D,0,,Y,,,Y,,L,04,0,2,0,0,0,0,2,0,0,- ,- ,34.271419999999999,-118.94002999999999,VENTURA,UNINCORPORATED,-118.94002879,34.271399029999998
9021464,2019,2020-02-10,5604,2019-11-19,1516,5596,,2,5,6,5604,0,0,0,,0,032,CHANNEL ISLANDS BL,DUPONT ST,5.00,E,N,A,-,N,,,,,,,,,,N,3,0,1,2,A,-,10,21950,A,F,G,B,B,A,H,-,A,A,0,Y,,,,Y,,A,08,0,1,0,0,1,0,0,0,0,- ,- ,34.176399230957031,-119.15498352050781,VENTURA,OXNARD,-119.15430450439453,34.173290252685547
9021684,2019,2020-03-03,5604,2019-12-05,0555,4737,,4,5,6,5604,0,0,0,,0,031,STURGIS RD,ELEVAR ST,0.00,,Y,B,-,N,,,,,,,,,,N,3,0,1,2,D,-,00,,,N,D,G,A,B,H,-,C,A,0,,Y,,,Y,,-,- ,0,1,0,0,0,0,1,0,0,- ,- ,34.200790405273438,-119.13662719726562,VENTURA,OXNARD,-119.13820648193359,34.201930999755859
9021759,2019,2020-03-27,5604,2019-12-09,1741,5211,2,1,5,6,5604,0,0,0,,0,024,S C ST,W WOOLEY RD W,0.00,,Y,A,-,N,,,,,,,,,,N,4,0,1,2,A,-,10,21950,A,N,G,B,B,A,H,-,C,A,0,Y,,,,Y,,A,01,0,0,1,0,1,0,0,0,0,- ,- ,34.189929962158203,-119.18115234375,VENTURA,OXNARD,-119.18119049072266,34.190151214599609
90217927,2016,2016-07-07,9765,2016-07-02,1315,020302,,6,1,9,5600,0,1,3,,1,023,SR-150,SULPHUR MOUNTAIN ROAD,200.00,E,N,A,-,Y,,,150,,,,,,,N,3,0,1,2,A,-,08,22107,,N,H,G,A,A,H,-,A,D,0,,Y,,,Y,,L,04,0,1,0,0,0,0,1,0,0,- ,- ,34.436439999999997,-119.16049,VENTURA,UNINCORPORATED,-119.16049606999999,34.436498399999998
9022439,2020,2020-01-22,5608,2020-01-01,1338,506,,3,5,6,5608,0,0,0,,0,004,TELEPHONE RD,CYPRESS POINT LN,300.00,E,N,A,-,N,,,,,,,,,,N,3,0,1,2,A,-,- ,,,N,D,B,D,A,H,-,A,A,0,Y,,,,Y,,A,01,0,1,0,0,1,0,0,0,0,- ,- ,,,VENTURA,VENTURA,-119.21492004394531,34.265071868896484
90230572,2016,2016-07-26,9765,2016-07-23,0905,019988,,6,1,9,5600,0,1,3,,2,061,SR-1 (PACIFIC COAST HWY),YELLOW HILL ROAD,200.00,S,N,A,-,Y,,,1,,,,,,,N,3,0,1,2,A,-,08,22107,,N,D,G,A,A,H,-,A,D,0,,Y,,,Y,,D,22,0,1,0,0,0,0,1,0,0,- ,- ,34.048999999999999,-118.95,VENTURA,UNINCORPORATED,-118.9501786,34.048475310000001
90242727,2016,2016-08-11,9765,2016-08-03,1904,017675,,3,2,9,5600,0,3,5,,2,006,DEER CREEK RD.,SR-1,52800.00,N,N,A,-,N,,,,,,,,,,N,4,0,1,2,A,-,05,21460,A,N,H,G,A,A,H,-,A,D,0,,Y,,,Y,,L,04,0,0,1,0,0,0,1,0,0,- ,- ,34.083019999999998,-118.98739999999999,VENTURA,UNINCORPORATED,,
90243008,2016,2016-08-11,9770,2016-08-04,1030,017662,,4,1,6,5609,0,1,3,,2,083,SR-118 E/B TO TAPO CANYON ROAD,TAPO CANYON ROAD,5.00,W,N,A,-,Y,,,118,,,,R,,E,N,4,0,1,2,A,-,09,21804,A,N,H,G,A,A,H,-,A,A,0,,Y,,,Y,,L,04,0,0,1,0,0,0,1,0,0,- ,- ,34.280650000000001,-118.71796999999999,VENTURA,SIMI VALLEY,-118.71796999999999,34.280650000000001
90249351,2016,2016-08-22,9765,2016-08-14,1130,019988,,7,1,9,5600,0,1,3,,1,062,SR-1 (PACIFIC COAST HWY),SYCAMORE CYN RD.,800.00,N,N,A,-,Y,,,1,,,,,,,N,3,0,1,2,A,-,08,22107,,N,B,G,A,A,H,-,A,D,0,,Y,,,Y,,L,04,0,1,0,0,0,0,1,0,0,- ,- ,34.070999999999998,-119.01300000000001,VENTURA,UNINCORPORATED,-119.01300062,34.070996520000001
90251822,2016,2016-09-07,9770,2016-08-21,0820,020169,,7,1,9,5600,0,3,5,,2,006,LAKE SHERWOOD DRIVE,PIXTON STREET,380.00,S,N,A,-,N,,,,,,,,,,N,3,0,2,2,A,-,11,21954,A,N,G,B,D,A,H,-,A,D,0,Y,Y,,,Y,,N,60,0,2,0,0,1,0,1,0,0,- ,- ,34.143009999999997,-118.87341000000001,VENTURA,UNINCORPORATED,-118.87176508,34.142659049999999
9025743,2020,2020-03-12,5608,2020-01-23,1953,493,,4,5,6,5608,0,0,0,,0,001,NORTH VENTURA AV,LEWIS ST,100.00,N,N,A,-,N,,,,,,,,,,N,3,0,1,2,A,-,05,21202,,F,D,G,A,A,H,-,C,D,0,,Y,,,Y,,L,04,0,1,0,0,0,0,1,0,0,- ,- ,,,VENTURA,VENTURA,-119.29662322998047,34.295246124267578
9026460,2020,2020-02-27,5600,2020-01-29,1906,4501,8112,3,5,5,5601,0,0,0,,0,08B,PICKWICK DR,MOBILE  AV,4.00,E,N,A,-,N,,,,,,,,,,N,4,0,1,2,A,-,10,21950,A,N,G,B,B,A,H,-,C,A,0,Y,,,,Y,,A,07,0,0,1,0,1,0,0,0,0,- ,- ,34.222198486328125,-119.04129791259766,VENTURA,CAMARILLO,-119.04288482666016,34.222259521484375
90291469,2016,2016-10-13,9765,2016-10-12,1605,016712,,3,2,9,5600,0,1,3,,1,012,SR-1,RINCON BEACH PARK DR.,0.00,,Y,B,-,Y,,,,,,,,,,N,3,0,1,2,A,-,09,21801,A,N,D,G,A,A,H,-,A,D,0,,Y,,,Y,,D,22,0,1,0,0,0,0,1,0,0,- ,- ,34.205480000000001,-119.2496,VENTURA,UNINCORPORATED,-119.41561995000001,34.342250100000001
9030691,2019,2020-02-01,5609,2019-11-08,1029,452,420,5,5,6,5609,0,0,0,,0,004,LOS ANGELES AV,ERRINGER RD,180.00,E,N,A,-,N,,,,,,,,,,N,3,0,1,2,A,-,11,21950,B,N,G,B,F,A,H,-,A,D,0,Y,,,,Y,,N,60,0,1,0,0,1,0,0,0,0,- ,- ,34.271701812744141,-118.76119995117188,VENTURA,SIMI VALLEY,-118.76080322265625,34.271743774414062
90344385,2016,2016-12-14,9765,2016-12-11,0318,020924,,7,3,6,5608,0,1,2,,2,103,US-101 SB,VISTA DEL MAR DRIVE,1056.00,S,N,A,-,Y,,,101,,,,,,S,N,2,0,1,2,A,-,11,21954,A,N,G,B,D,A,H,-,D,D,0,Y,,,,Y,Y,N,60,1,0,0,0,1,0,0,0,0,- ,- ,34.271929999999998,-119.27869,VENTURA,VENTURA,-119.27869222,34.271889420000001
9035179,2020,2020-09-25,5600,2020-02-22,1124,2423,9006,6,5,6,5607,0,0,0,,0,09A,OLSEN RD,RT 23,0.00,,Y,B,-,Y,VEN,7,23,-,R,8.056,R,4,N,N,2,0,1,1,A,-,03,22350,,N,H,G,A,B,H,-,A,A,0,,Y,,,Y,,L,04,1,0,0,0,0,0,1,0,0,- ,NF,,,VENTURA,THOUSAND OAKS,-118.84061431884766,34.239261627197266
90353840,2016,2016-12-27,9765,2016-12-16,1240,018754,,5,1,9,5600,0,3,5,,2,006,STURGIS RD.,EAST PLEASANT VALLEY RD,1056.00,W,N,A,-,N,,,,,,,,,,Y,2,0,1,2,A,-,08,22107,,F,H,G,A,B,H,-,A,D,0,,Y,,,Y,,D,22,1,0,0,0,0,0,1,0,0,- ,- ,34.20187,-119.10619,VENTURA,UNINCORPORATED,-119.10327684000001,34.201650649999998
9036649,2019,2020-01-30,5604,2019-12-24,0933,5592,,2,5,6,5604,0,0,0,,0,041,LAUREL ST,SAVIERS RD,10.00,E,N,A,-,N,,,,,,,,,,N,3,0,1,2,A,-,08,22107,,N,G,G,A,A,H,-,A,A,0,,Y,,,Y,,A,01,0,1,0,0,0,0,1,0,0,- ,- ,34.177330017089844,-119.17752075195312,VENTURA,OXNARD,,
9036710,2019,2020-02-04,5604,2019-12-06,1745,4734,,5,5,6,5604,0,0,0,,0,011,5TH ST,VENTURA RD,0.00,,Y,B,C,N,,,,,,,,,,N,3,0,1,2,A,-,10,21950,A,N,G,B,B,B,H,-,C,A,0,Y,,,,Y,,A,01,0,1,0,0,1,0,0,0,0,- ,- ,34.197669982910156,-119.19473266601562,VENTURA,OXNARD,-119.19487762451172,34.197711944580078
90416933,2017,2017-03-22,9770,2017-03-13,0910,018332,,1,1,4,5690,0,2,4,,1,056,SR-23 (BROADWAY ROAD),HAPPY CAMP ROAD,50.00,N,N,A,-,Y,,,,,,,,,,Y,4,0,1,2,A,-,01,23152,A,N,E,B,F,A,H,-,A,D,0,Y,,,,Y,Y,A,07,0,0,1,0,1,0,0,0,0,- ,- ,34.315219999999997,-118.88059,VENTURA,MOORPARK,-118.88023671000001,34.314608880000002