CASE_ID,ACCIDENT_YEAR,PROC_DATE,JURIS,COLLISION_DATE,COLLISION_TIME,OFFICER_ID,REPORTING_DISTRICT,DAY_OF_WEEK,CHP_SHIFT,POPULATION,CNTY_CITY_LOC,SPECIAL_COND,BEAT_TYPE,CHP_BEAT_TYPE,CITY_DIVISION_LAPD,CHP_BEAT_CLASS,BEAT_NUMBER,PRIMARY_RD,SECONDARY_RD,DISTANCE,DIRECTION,INTERSECTION,WEATHER_1,WEATHER_2,STATE_HWY_IND,CALTRANS_COUNTY,CALTRANS_DISTRICT,STATE_ROUTE,ROUTE_SUFFIX,POSTMILE_PREFIX,POSTMILE,LOCATION_TYPE,RAMP_INTERSECTION,SIDE_OF_HWY,TOW_AWAY,COLLISION_SEVERITY,NUMBER_KILLED,NUMBER_INJURED,PARTY_COUNT,PRIMARY_COLL_FACTOR,PCF_CODE_OF_VIOL,PCF_VIOL_CATEGORY,PCF_VIOLATION,PCF_VIOL_SUBSECTION,HIT_AND_RUN,TYPE_OF_COLLISION,MVIW,PED_ACTION,ROAD_SURFACE,ROAD_COND_1,ROAD_COND_2,LIGHTING,CONTROL_DEVICE,CHP_ROAD_TYPE,PEDESTRIAN_ACCIDENT,BICYCLE_ACCIDENT,MOTORCYCLE_ACCIDENT,TRUCK_ACCIDENT,NOT_PRIVATE_PROPERTY,ALCOHOL_INVOLVED,STWD_VEHTYPE_AT_FAULT,CHP_VEHTYPE_AT_FAULT,COUNT_SEVERE_INJ,COUNT_VISIBLE_INJ,COUNT_COMPLAINT_PAIN,COUNT_PED_KILLED,COUNT_PED_INJURED,COUNT_BICYCLIST_KILLED,COUNT_BICYCLIST_INJURED,COUNT_MC_KILLED,COUNT_MC_INJURED,PRIMARY_RAMP,SECONDARY_RAMP,LATITUDE,LONGITUDE,COUNTY,CITY,POINT_X,POINT_Y
90423546,2017,2017-03-29,9765,2017-03-24,1020,020924,,5,1,9,5600,0,1,3,,1,062,SR-1 (PACIFIC COAST HIGHWAY),CHUMASH PARKING LOT,30.00,N,N,A,-,Y,,,1,,,,,,,N,4,0,1,2,A,-,03,22350,,N,G,B,F,A,H,-,A,D,0,Y,,,,Y,,A,01,0,0,1,0,1,0,0,0,0,- ,- ,34.09158,-119.06563,VENTURA,UNINCORPORATED,-119.06583164,34.091398529999999
90426819,2017,2017-04-04,9770,2017-03-28,1520,016561,,2,2,9,5600,0,2,4,,2,079,HOLLYTREE DRIVE,DOUBLETREE ROAD,0.00,,Y,A,-,N,,,,,,,,,,N,3,0,1,2,A,-,12,22450,A,N,D,G,A,A,H,-,A,A,0,,Y,,,Y,,L,04,0,1,0,0,0,0,1,0,0,- ,- ,34.182360000000003,-118.76528999999999,VENTURA,UNINCORPORATED,-118.76529013,34.182340089999997
90462788,2017,2017-05-24,9770,2017-05-17,1645,021420,,3,2,9,5600,0,1,3,,1,044,SR-126 W/B (EAST TELEGRAPH ROAD),HOPPER CANYON ROAD,792.00,W,N,A,-,Y,,,126,,,,,,W,N,2,0,1,2,A,-,06,21755,,F,H,G,A,A,H,-,A,D,0,,Y,,,Y,,A,01,1,0,0,0,0,0,1,0,0,- ,- ,34.401000000000003,-118.83475,VENTURA,UNINCORPORATED,-118.83475031,34.400930160000001
90462789,2017,2017-05-24,9765,2017-05-19,2025,020423,,5,2,9,5600,0,1,3,,1,062,SR-1,SYCAMORE CANYON ROAD,0.00,,Y,A,-,Y,,,1,,,,,,,N,2,0,2,3,A,-,11,21954,A,N,G,B,D,A,H,-,D,D,0,Y,,,Y,Y,Y,N,60,2,0,0,0,2,0,0,0,0,- ,- ,34.070779999999999,-119.01242999999999,VENTURA,UNINCORPORATED,-119.01243968,34.070757860000001
9046315,2020,2020-10-09,5600,2020-02-12,0714,5249,9106,3,5,6,5607,0,0,0,,0,09C,SPANISH GATE DR,AVENIDA LOMA PORTAL,100.00,E,N,A,-,N,,,,,,,,,,N,4,0,1,2,A,-,03,22350,,N,G,B,D,A,H,-,A,D,0,Y,,,,Y,,A,01,0,0,1,0,1,0,0,0,0,- ,- ,,,VENTURA,THOUSAND OAKS,-118.95082092285156,34.187450408935547
9046723,2020,2020-02-20,5600,2020-01-20,1120,4704,8014,1,5,5,5601,0,0,0,,0,08A,CALLE LA RODA,DAILY DR,0.00,,Y,A,-,N,,,,,,,,,,N,3,0,1,2,A,-,08,22107,,N,D,G,A,A,H,-,A,A,0,,Y,,,Y,,L,04,0,1,0,0,0,0,1,0,0,- ,- ,34.221469879150391,-119.06748199462891,VENTURA,CAMARILLO,-119.06748962402344,34.221549987792969
90481499,2017,2017-06-21,9765,2017-06-17,0755,016234,,6,1,9,5600,0,1,3,,1,062,SR-1 (PACIFIC COAST HIGHWAY),DEER CREEK ROAD,3696.00,N,N,A,-,Y,,,1,,,,,,,N,3,0,1,2,A,-,08,22107,,N,H,G,A,A,H,-,A,D,0,,Y,,,Y,,J,48,0,1,0,0,0,0,1,0,0,- ,- ,34.066070000000003,-118.9962,VENTURA,UNINCORPORATED,-118.99617479,34.066134609999999
90546398,2017,2017-09-13,9770,2017-09-03,1945,021738,,7,2,9,5600,0,2,4,,2,079,KANAN ROAD,CONIFER STREET,13.50,N,N,B,-,Y,,,,,,,,,,N,2,0,1,2,A,-,11,21950,B,N,G,B,B,A,H,-,C,A,0,Y,,,,Y,,N,60,1,0,0,0,1,0,0,0,0,- ,- ,34.107970000000002,-118.75843,VENTURA,UNINCORPORATED,-118.75858814999999,34.170907010000001
9055794,2020,2020-05-20,5604,2020-02-06,1800,5359,,4,5,6,5604,0,0,0,,0,021,SOUTH VICTORIA AV,HEMLOCK ST,0.00,,Y,A,-,N,,,,,,,,,,N,3,0,1,2,A,-,10,21950,A,N,G,B,B,A,H,-,C,A,0,Y,,,,Y,,A,01,0,1,0,0,1,0,0,0,0,- ,- ,34.181331634521484,-119.22164916992188,VENTURA,OXNARD,-119.22168731689453,34.181320190429688
9055806,2020,2020-05-20,5604,2020-02-13,0923,5242,,4,5,6,5604,0,0,0,,0,041,S ROSE AV,CHANNEL ISLANDS BL,200.00,N,N,A,-,N,,,,,,,,,,N,3,0,1,2,A,-,09,21804,A,N,G,B,C,A,H,-,A,A,0,Y,,,,Y,,A,07,0,1,0,0,1,0,0,0,0,- ,- ,,,VENTURA,OXNARD,-119.16016387939453,34.173919677734375
90558190,2017,2017-09-28,9770,2017-09-22,0825,017409,,5,1,9,5600,0,3,5,,2,006,LAKE SHERWOOD DRIVE,PIXTON STREET,0.00,,Y,A,-,N,,,,,,,,,,N,3,0,2,3,A,-,09,21801,A,N,A,G,A,A,H,-,A,D,0,,Y,,,Y,,A,01,0,2,0,0,0,0,2,0,0,- ,- ,34.143709999999999,-118.87241,VENTURA,UNINCORPORATED,-118.87235003000001,34.143470010000001
9055922,2020,2020-08-28,5608,2020-02-17,1033,503,,1,5,6,5608,0,0,0,,0,001,PROSPECT ST,NORTH VENTURA AV,0.00,,Y,A,-,N,,,,,,,,,,N,4,0,3,4,A,-,10,21950,A,N,G,B,B,A,H,-,A,D,0,Y,,,,Y,,-,,0,0,3,0,3,0,0,0,0,- ,- ,,,VENTURA,VENTURA,-119.29920959472656,34.286701202392578
9055950,2020,2020-05-21,5608,2020-02-13,2324,493,,4,5,6,5608,0,0,0,,0,001,THOMPSON BL,OAK ST,0.00,,Y,A,-,N,,,,,,,,,,N,4,0,1,2,A,-,10,21950,,F,G,B,B,A,H,-,D,A,0,Y,,,,Y,,-,,0,0,1,0,1,0,0,0,0,- ,- ,,,VENTURA,VENTURA,-119.29466247558594,34.278251647949219
9055954,2020,2020-05-21,5608,2020-02-25,1052,472,,2,5,6,5608,0,0,0,,0,002,CHRISMAN AV,SANTA BARBARA ST,25.00,S,N,A,-,N,,,,,,,,,,N,3,0,1,2,A,-,17,22517,,N,B,G,A,A,H,-,A,D,0,,Y,,,Y,,A,01,0,1,0,0,0,0,1,0,0,- ,- ,,,VENTURA,VENTURA,-119.27787017822266,34.278572082519531
9056135,2020,2020-03-13,5604,2020-01-26,1808,5534,,7,5,6,5604,0,0,0,,0,022,5TH ST,VENTURA RD,3.00,W,N,A,-,N,,,,,,,,,,Y,4,0,1,2,A,-,11,21950,B,N,G,B,B,A,H,-,A,A,0,Y,,,,Y,,-,- ,0,0,1,0,1,0,0,0,0,- ,- ,34.197669982910156,-119.19473266601562,VENTURA,OXNARD,-119.19489288330078,34.197708129882812
90562167,2017,2017-10-03,9765,2017-09-16,0700,019988,,6,1,9,5600,0,1,3,,1,062,SR-1,YERBA BUENA ROAD,2000.00,N,N,A,-,Y,,,,,,,,,,N,4,0,1,2,A,-,10,21950,C,N,G,B,D,A,G,-,A,D,0,Y,Y,,,Y,,N,60,0,0,1,0,0,0,1,0,0,- ,- ,34.078000000000003,-119.08,VENTURA,UNINCORPORATED,,
90563330,2017,2017-10-04,9770,2017-09-25,0801,017627,,1,1,9,5600,0,2,4,,2,079,KANAN ROAD E/B,DOUBLETREE ROAD,340.00,E,N,A,-,N,,,,,,,,,,N,2,0,1,2,A,-,05,21651,,N,H,G,A,A,H,-,A,D,0,,Y,,,Y,,L,04,1,0,0,0,0,0,1,0,0,- ,- ,34.181019999999997,-118.76414,VENTURA,UNINCORPORATED,-118.76421807,34.181241270000001
90588578,2017,2017-11-07,9765,2017-10-27,1230,019057,,5,1,9,5600,0,3,5,,2,002,EL ROBLAR DRIVE,LOMITA AVENUE,5.00,W,N,A,-,N,,,,,,,,,,N,3,0,1,2,A,-,21,22106,,N,G,B,B,A,H,-,A,D,0,Y,,,,Y,,A,07,0,1,0,0,1,0,0,0,0,- ,- ,34.448540000000001,-119.27651,VENTURA,UNINCORPORATED,-119.27632582,34.448494080000003
90600156,2017,2017-11-22,9770,2017-11-13,1754,019849,,1,2,6,5609,0,1,3,,2,082,SR-118 W/B FROM TAPO CANYON RD,TAPO CANYON ROAD,6.00,W,N,A,-,Y,,,118,,,,R,,W,N,3,0,1,2,A,-,05,21650,,N,D,G,A,A,H,-,C,D,0,,Y,,,Y,,L,04,0,1,0,0,0,0,1,0,0,- ,- ,34.282240000000002,-118.71791,VENTURA,SIMI VALLEY,-118.71791,34.282240000000002
90604771,2017,2017-11-29,9765,2017-11-23,1500,020762,,4,2,6,5608,0,3,5,,2,005,BEARDSLEY ROAD,WRIGHT ROAD,400.00,W,N,A,-,N,,,,,,,,,,N,4,0,1,2,A,-,08,22107,,F,H,G,A,A,H,-,A,D,0,,Y,,,Y,,L,04,0,0,1,0,0,0,1,0,0,- ,- ,34.241100000000003,-119.1002,VENTURA,VENTURA,-119.10014497,34.241209419999997
9061558,2019,2020-03-09,5600,2019-12-09,0740,2979,5104,1,5,4,5690,0,0,0,,0,02B,EAST LOYOLA ST,AUBURN CIR,0.00,,Y,A,-,N,,,,,,,,,,N,3,0,1,2,A,-,10,21950,A,N,G,B,E,A,H,-,A,A,0,Y,,,,Y,,A,01,0,1,0,0,1,0,0,0,0,- ,- ,,,VENTURA,MOORPARK,-118.85830688476562,34.297111511230469
9061643,2020,2020-05-20,5604,2020-02-20,1905,5609,,4,5,6,5604,0,0,0,,0,011,N OXNARD BL,W GONZALES RD W,0.00,,Y,A,-,N,,,,,,,,,,N,4,0,1,2,A,-,05,21650,1,N,G,B,A,A,H,-,C,A,0,,Y,,,Y,,L,04,0,0,1,0,0,0,1,0,0,- ,- ,34.219058990478516,-119.17717742919922,VENTURA,OXNARD,-119.17726135253906,34.219150543212891
9061917,2020,2020-10-19,5600,2020-02-25,1541,4550,9174,2,5,6,5607,0,0,0,,0,9D01,WESTLAKE BL,BAY DR,8.00,S,N,A,-,Y,VEN,7,23,-,R,2.400,I,5,N,N,3,0,1,2,A,-,05,21650,,N,D,G,A,A,H,-,A,D,0,,Y,,,Y,,L,04,0,1,0,0,0,0,1,0,0,- ,- ,34.146400451660156,-118.84089660644531,VENTURA,THOUSAND OAKS,-118.83660125732422,34.149806976318359
90641106,2018,2018-01-16,9765,2018-01-11,0654,014823,,4,1,9,5600,0,3,5,,2,005,SANTA CLARA AVENUE,FRIEDRICH ROAD,1584.00,N,N,A,-,N,,,,,,,,,,N,3,0,1,2,A,-,08,22107,,N,G,B,E,A,H,-,A,D,0,Y,,,,Y,,D,22,0,1,0,0,1,0,0,0,0,- ,- ,34.2335205078125,-119.13143157958984,VENTURA,UNINCORPORATED,-119.13117218017578,34.233722686767578
90642291,2018,2018-01-18,9765,2018-01-13,1119,020497,,6,1,9,5600,0,1,3,,1,012,SR-1 (OLD PACIFIC COAST HIGHWAY),HOBSON BEACH PARK,4752.00,S,N,A,-,Y,,,1,,,,,,,N,3,0,1,2,A,-,08,22107,,N,H,G,A,A,H,-,A,D,0,,Y,,,Y,,L,04,0,1,0,0,0,0,1,0,0,- ,- ,34.328338623046875,-119.39820861816406,VENTURA,UNINCORPORATED,-119.39817047119141,34.328372955322266
90652901,2018,2018-02-01,9770,2018-01-24,1455,017409,,3,2,9,5600,0,2,4,,2,079,HOLLYTREE DRIVE,DOUBLETREE ROAD,635.00,W,N,A,-,N,,,,,,,,,,N,3,0,1,2,A,-,11,21950,B,N,G,B,D,A,H,-,A,D,0,Y,,,,Y,,N,60,0,1,0,0,1,0,0,0,0,- ,- ,34.182380676269531,-118.76702117919922,VENTURA,UNINCORPORATED,-118.76738739013672,34.182392120361328
90657141,2018,2018-02-07,9765,2018-01-25,1619,020691,,4,2,9,5600,0,3,5,,2,002,WOODLAND AVENUE,SR-33,10.00,W,N,B,-,N,,,,,,,,,,N,3,0,1,2,A,-,09,21453,B,N,D,G,A,A,H,-,A,A,0,,Y,,,Y,,A,07,0,1,0,0,0,0,1,0,0,- ,- ,34.422191619873047,-119.29019165039062,VENTURA,UNINCORPORATED,-119.29014587402344,34.422279357910156
90657451,2018,2018-02-08,9770,2018-02-07,0810,016383,,3,1,9,5600,0,2,4,,2,079,KANAN ROAD,DOUBLETREE ROAD,12.00,S,N,A,-,N,,,,,,,,,,N,3,0,1,2,A,-,10,21950,A,N,G,B,B,A,H,-,A,D,0,Y,,,,Y,,A,08,0,1,0,0,1,0,0,0,0,- ,- ,34.181098937988281,-118.76512145996094,VENTURA,UNINCORPORATED,,
90665932,2017,2018-02-21,9770,2017-02-21,2500,016561,,2,4,6,5607,0,1,2,,2,074,US-101 N/B (VENTURA FREEWAY),SR-23 S/B TO US-101 S/B,1935.00,N,N,B,-,Y,,,101,,,,,,N,N,1,1,0,2,A,-,11,21954,A,F,G,B,E,A,H,-,C,D,0,Y,,,,Y,,N,60,0,0,0,1,0,0,0,0,0,- ,- ,34.176670000000001,-118.86637,VENTURA,THOUSAND OAKS,-118.86636575999999,34.176722900000001
9067182,2020,2020-03-17,5600,2020-01-14,1544,3924,5106,2,5,4,5690,0,0,0,,0,02A,SIERRA AV,POINDEXTER AV,1.00,S,N,A,-,N,,,,,,,,,,N,3,0,1,2,A,-,09,21801,A,N,D,G,A,A,H,-,A,D,0,,Y,,,Y,,A,07,0,1,0,0,0,0,1,0,0,- ,- ,,,VENTURA,MOORPARK,-118.89009857177734,34.284675598144531
9068031,2020,2020-03-12,5600,2020-01-23,1004,4960,8007,4,5,5,5601,0,0,0,,0,08A,CALLE LA RODA,PONDEROSA DR,5.00,W,N,A,-,N,,,,,,,,,,N,4,0,1,2,D,-,00,,,M,G,B,C,A,H,-,A,D,0,Y,,,,Y,Y,-,- ,0,0,1,0,1,0,0,0,0,- ,- ,34.223621368408203,-119.06640625,VENTURA,CAMARILLO,,
9068312,2020,2020-08-20,5609,2020-04-10,1237,452,124,5,5,6,5609,0,0,0,,0,001,1ST ST,EASY ST,415.00,N,N,A,-,N,,,,,,,,,,N,4,0,1,2,A,-,09,21804,A,N,D,G,A,A,H,-,A,D,0,,Y,,,Y,,L,04,0,0,1,0,0,0,1,0,0,- ,- ,34.273540496826172,-118.77884674072266,VENTURA,SIMI VALLEY,-118.77897644042969,34.274806976318359
9069345,2020,2020-10-15,5608,2020-05-01,1458,430,,5,5,6,5608,0,0,0,,0,,E MAIN ST,PALM ST,392.00,W,N,A,-,N,,,,,,,,,,N,4,0,1,2,A,-,08,22107,,N,D,G,A,A,H,-,A,D,0,,Y,,,Y,,-,,0,0,1,0,0,0,1,0,0,- ,- ,,,VENTURA,VENTURA,-119.2974853515625,34.280811309814453
90706928,2018,2018-04-17,9765,2018-04-09,2338,018884,,1,3,9,5600,0,3,5,,2,006,LEWIS ROAD,CAWELTI ROAD,990.00,S,N,A,-,N,,,,,,,,,,N,2,0,1,2,A,-,11,21954,A,N,G,B,D,A,H,-,D,D,0,Y,,,,Y,,N,60,1,0,0,0,1,0,0,0,0,- ,- ,34.188838958740234,-119.03456878662109,VENTURA,UNINCORPORATED,-119.03453826904297,34.188846588134766
9071526,2020,2020-10-13,5600,2020-02-20,0928,5126,1000,4,5,2,5603,0,0,0,,0,1A01,RT 150,N VENTURA ST,5.00,E,N,A,-,Y,VEN,7,150,-,-,17.490,H,-,W,N,4,0,1,2,A,-,09,21802,A,N,D,G,A,-,H,-,A,D,0,,Y,,,Y,,L,04,0,0,1,0,0,0,1,0,0,- ,- ,34.447750091552734,-119.4700927734375,VENTURA,OJAI,-119.24503326416016,34.447807312011719
90722075,2018,2018-05-08,9765,2018-05-01,0805,014823,,2,1,9,5600,0,3,5,,2,005,RENE STREET,SIMON WAY,5.00,N,N,A,-,N,,,,,,,,,,N,4,0,1,2,A,-,09,21802,B,N,H,G,A,A,H,-,A,A,0,,Y,,,Y,,L,04,0,0,1,0,0,0,1,0,0,- ,- ,34.239250183105469,-119.15766906738281,VENTURA,UNINCORPORATED,-119.15766906738281,34.239791870117188
90726347,2018,2018-05-15,9765,2018-05-05,1115,016198,,6,1,9,5600,0,3,5,,2,004,TELEGRAPH ROAD,BRIGGS ROAD,100.00,W,N,A,-,N,,,,,,,,,,N,4,0,1,2,D,-,00,,,N,H,G,A,A,H,-,A,D,0,,Y,,,Y,,-,- ,0,0,1,0,0,0,1,0,0,- ,- ,34.327690124511719,-119.10623168945312,VENTURA,UNINCORPORATED,-119.10623168945312,34.327754974365234
9073185,2020,2020-10-13,5608,2020-03-02,1649,459,5608,1,5,6,5608,0,0,0,,0,002,MARTHA DR,JOANNE AV,3.00,E,N,A,-,N,,,,,,,,,,N,4,0,1,2,A,-,10,21950,A,N,G,B,B,A,H,-,A,A,0,Y,,,,Y,,-,,0,0,1,0,1,0,0,0,0,- ,- ,,,VENTURA,VENTURA,-119.25637054443359,34.275051116943359
9073189,2020,2020-06-22,5608,2020-03-02,2022,514,VENTU,1,5,6,5608,0,0,0,,0,004,RALSTON ST,CYPRESS POINT,10.00,E,N,A,-,N,,,,,,,,,,N,2,0,1,2,A,-,10,21950,A,N,-,B,B,A,H,-,C,A,0,Y,,,,Y,,A,01,1,0,0,0,1,0,0,0,0,- ,- ,,,VENTURA,VENTURA,-119.21482849121094,34.260364532470703
9073251,2020,2020-06-23,5604,2020-03-05,1102,5401,,4,5,6,5604,0,0,0,,0,014,ESPLANADE DR,VINEYARD AV,0.00,,Y,A,-,N,,,,,,,,,,N,4,0,1,2,A,-,10,21950,A,N,G,B,B,A,H,-,A,A,0,Y,,,,Y,,A,01,0,0,1,0,1,0,0,0,0,- ,- ,34.229999542236328,-119.17465209960938,VENTURA,OXNARD,-119.17465972900391,34.229999542236328
90736508,2018,2018-05-29,9765,2018-05-27,0915,020497,,7,1,9,5600,0,1,3,,1,012,SR-1 (PACIFIC COAST HIGHWAY),HOBSON ROAD,810.00,S,N,A,-,Y,,,1,,,,,,,N,3,0,2,2,A,-,08,22107,,N,B,G,A,A,H,-,A,D,0,,Y,,,Y,,-,- ,0,2,0,0,0,0,2,0,0,- ,- ,34.320751190185547,-119.3797607421875,VENTURA,UNINCORPORATED,-119.37973785400391,34.320667266845703
90749558,2018,2018-06-18,9765,2018-06-07,0645,016198,,4,1,9,5600,0,1,3,,1,020,SR-33,SANTA ANA BLVD.,0.00,,Y,A,-,N,,,33,,,,,,,N,3,0,1,2,A,-,10,21950,A,N,G,B,B,A,H,-,A,A,0,Y,,,,Y,,A,07,0,1,0,0,1,0,0,0,0,- ,- ,34.400279998779297,-119.29972839355469,VENTURA,UNINCORPORATED,-119.29969024658203,34.400276184082031
9079364,2020,2020-12-29,5604,2020-02-24,1710,5098,,1,5,6,5604,0,0,0,,0,032,IVES AV,BYRD LN,100.00,E,N,A,-,N,,,,,,,,,,N,4,0,1,2,A,-,05,21650,1,N,D,G,A,A,H,-,A,A,0,,Y,,,Y,,L,04,0,0,1,0,0,0,1,0,0,- ,- ,34.181888580322266,-119.156982421875,VENTURA,OXNARD,-119.15824890136719,34.179401397705078
9079419,2020,2020-06-26,5604,2020-02-22,0708,5591,,6,5,6,5604,0,0,0,,0,023,S OXNARD BL,4TH ST,30.00,N,N,A,-,N,,,,,,,,,,N,4,0,1,2,A,-,21,22106,,N,G,B,E,A,H,-,A,A,0,Y,,,,Y,,A,01,0,0,1,0,1,0,0,0,0,- ,- ,34.198970794677734,-119.17735290527344,VENTURA,OXNARD,-119.17745971679688,34.199081420898438
9079435,2020,2020-06-26,5604,2020-02-13,1420,5422,,4,5,6,5604,0,0,0,,0,031,MARTIN LUTHER KING JR DR,SONATA DR,10.00,W,N,A,-,N,,,,,,,,,,N,3,0,1,2,A,-,09,21804,A,F,B,G,A,A,H,-,A,D,0,,Y,,,Y,,L,04,0,1,0,0,0,0,1,0,0,- ,- ,34.214488983154297,-119.16313171386719,VENTURA,OXNARD,-119.16217041015625,34.215259552001953
90799346,2018,2018-08-27,9765,2018-08-16,2020,021682,,4,2,9,5600,0,1,3,,1,022,SR-150,RICE ROAD,0.00,,Y,A,-,Y,,,150,,,,,,,N,4,0,1,1,A,-,14,21201,D,N,F,G,A,A,H,-,C,D,0,,Y,,,Y,,L,04,0,0,1,0,0,0,1,0,0,- ,- ,34.429519653320312,-119.29331207275391,VENTURA,UNINCORPORATED,-119.29330444335938,34.429500579833984
9081367,2020,2020-06-19,5604,2020-03-10,0835,4755,,2,5,6,5604,0,0,0,,0,042,SYRACUSE DR,LINCOLN CT,0.00,,Y,B,-,N,,,,,,,,,,N,4,0,1,2,A,-,09,21802,A,F,D,G,A,B,H,-,A,A,0,,Y,,,Y,,-,99,0,0,1,0,0,0,1,0,0,- ,- ,34.159538269042969,-119.1561279296875,VENTURA,OXNARD,-119.15582275390625,34.159141540527344
9081403,2020,2020-07-06,5604,2020-03-02,1653,5249,2,1,5,6,5604,0,0,0,,0,021,W 7TH ST,S M ST S,0.00,,Y,A,-,N,,,,,,,,,,N,4,0,1,2,A,-,05,21650,1,N,D,G,A,-,H,-,C,D,0,,Y,,,Y,,L,04,0,0,1,0,0,0,1,0,0,- ,- ,,,VENTURA,OXNARD,-119.19333648681641,34.195240020751953
9081407,2020,2020-06-19,5604,2020-03-02,1303,5417,,1,5,6,5604,0,0,0,,0,023,WEST 5TH ST,C ST,200.00,E,N,A,-,N,,,,,,,,,,N,4,0,1,2,A,-,05,21650,1,N,G,G,A,A,H,-,A,A,0,,Y,,,Y,,L,04,0,0,1,0,0,0,1,0,0,- ,- ,34.197521209716797,-119.18109893798828,VENTURA,OXNARD,,
90818936,2018,2018-09-21,9770,2018-09-15,1650,020169,,6,2,6,5607,0,1,2,,2,072,US-101 N/B TO RANCHO CONEJO ROAD,RANCHO CONEJO ROAD,1.00,S,N,A,-,Y,,,101,,,,R,,N,N,4,0,1,2,A,-,12,21453,A,N,B,G,A,A,H,-,A,A,0,,Y,,,Y,,-,- ,0,0,1,0,0,0,1,0,0,- ,- ,34.185840606689453,-118.92519378662109,VENTURA,THOUSAND OAKS,-118.92519378662109,34.185840606689453
90830574,2018,2018-10-08,9765,2018-07-08,2044,020691,,7,2,9,5600,0,1,3,,1,062,SR-1  (PACIFIC COAST HIGHWAY),TONGA STREET,225.00,N,N,A,-,Y,,,1,,,,,,,Y,1,1,0,2,A,-,11,21954,A,N,G,B,D,A,H,-,B,D,0,Y,,,,Y,,N,60,0,0,0,1,0,0,0,0,0,- ,- ,34.051399230957031,-118.95796966552734,VENTURA,UNINCORPORATED,-118.95798492431641,34.051364898681641
90832558,2018,2018-10-10,9770,2018-10-01,1110,018572,,1,1,9,5600,0,1,3,,1,043,SR-126 E/B (EAST TELEGRAPH ROAD),HONEY LANE (PRIVATE),2000.00,W,N,A,-,Y,,,126,,,,,,E,N,3,0,1,2,A,-,05,21650,,N,D,G,A,A,H,-,A,A,0,,Y,,,Y,,L,04,0,1,0,0,0,0,1,0,0,- ,- ,34.400741577148438,-118.82211303710938,VENTURA,UNINCORPORATED,-118.82211303710938,34.400737762451172
9084719,2020,2020-06-30,5604,2020-03-13,0800,5583,,5,5,6,5604,0,0,0,,0,022,9TH ST,C ST,0.00,,Y,B,-,N,,,,,,,,,,N,4,0,1,2,A,-,12,21453,A,N,D,G,A,B,B,H,A,A,0,,Y,,,Y,,L,04,0,0,1,0,0,0,1,0,0,- ,- ,34.192440032958984,-119.18115997314453,VENTURA,OXNARD,-119.18116760253906,34.192459106445312
90863580,2018,2018-11-20,9765,2018-11-04,1215,019884,,7,1,5,5601,0,1,2,,2,504,US-101 N/B,ARNEILL ROAD,985.00,S,N,A,-,Y,,,101,,,,,,N,Y,3,0,1,3,A,-,08,22107,,N,G,B,E,A,H,-,A,D,0,Y,,,Y,Y,,F,55,0,1,0,0,1,0,0,0,0,- ,- ,34.217388153076172,-119.03621673583984,VENTURA,CAMARILLO,-119.03623199462891,34.217323303222656
90865149,2018,2018-11-21,9765,2018-10-18,1755,017469,,4,2,6,5608,0,3,5,,2,004,FOOTHILL ROAD,CUMMINGS ROAD,528.00,W,N,A,-,N,,,,,,,,,,N,2,0,1,2,A,-,06,21760,D,F,B,G,A,A,H,-,A,D,0,,Y,,,Y,,A,01,1,0,0,0,0,0,1,0,0,- ,- ,34.337551116943359,-119.12745666503906,VENTURA,VENTURA,-119.12683868408203,34.337646484375
90881513,2018,2018-12-12,9770,2018-10-30,1554,017627,,2,2,6,5607,0,1,3,,2,076,SR-23 N/B TO JANSS ROAD,JANSS ROAD,6.00,S,N,A,-,Y,,,23,,,,R,,N,N,4,0,1,2,A,-,11,21950,B,N,G,B,B,A,H,-,A,A,0,Y,,,,Y,,N,60,0,0,1,0,1,0,0,0,0,- ,- ,34.199718475341797,-118.85591125488281,VENTURA,THOUSAND OAKS,-118.85591125488281,34.199718475341797
90882914,2018,2019-02-07,9770,2018-12-04,1422,021341,,2,2,9,5600,0,2,4,,2,078,WENDY DRIVE,GERALD DRIVE,25.00,S,N,A,-,N,,,,,,,,,,N,3,0,1,2,A,-,07,21658,A,N,B,G,A,A,H,-,A,D,0,,Y,,,Y,,-,- ,0,1,0,0,0,0,1,0,0,- ,- ,34.183071136474609,-118.94432830810547,VENTURA,UNINCORPORATED,-118.94432067871094,34.183116912841797
90900348,2018,2019-01-09,9765,2018-12-28,1535,019988,,5,2,9,5600,0,1,3,,1,020,SR-33,LARMIER AVENUE,5.00,S,N,A,-,Y,,,33,,,,,,,N,3,0,1,2,A,-,10,21950,A,N,G,B,B,A,H,-,A,A,0,Y,,,,Y,,A,01,0,1,0,0,1,0,0,0,0,- ,- ,34.392940521240234,-119.30166625976562,VENTURA,UNINCORPORATED,-119.30126953125,34.392768859863281