CASE_ID,ACCIDENT_YEAR,PROC_DATE,JURIS,COLLISION_DATE,COLLISION_TIME,OFFICER_ID,REPORTING_DISTRICT,DAY_OF_WEEK,CHP_SHIFT,POPULATION,CNTY_CITY_LOC,SPECIAL_COND,BEAT_TYPE,CHP_BEAT_TYPE,CITY_DIVISION_LAPD,CHP_BEAT_CLASS,BEAT_NUMBER,PRIMARY_RD,SECONDARY_RD,DISTANCE,DIRECTION,INTERSECTION,WEATHER_1,WEATHER_2,STATE_HWY_IND,CALTRANS_COUNTY,CALTRANS_DISTRICT,STATE_ROUTE,ROUTE_SUFFIX,POSTMILE_PREFIX,POSTMILE,LOCATION_TYPE,RAMP_INTERSECTION,SIDE_OF_HWY,TOW_AWAY,COLLISION_SEVERITY,NUMBER_KILLED,NUMBER_INJURED,PARTY_COUNT,PRIMARY_COLL_FACTOR,PCF_CODE_OF_VIOL,PCF_VIOL_CATEGORY,PCF_VIOLATION,PCF_VIOL_SUBSECTION,HIT_AND_RUN,TYPE_OF_COLLISION,MVIW,PED_ACTION,ROAD_SURFACE,ROAD_COND_1,ROAD_COND_2,LIGHTING,CONTROL_DEVICE,CHP_ROAD_TYPE,PEDESTRIAN_ACCIDENT,BICYCLE_ACCIDENT,MOTORCYCLE_ACCIDENT,TRUCK_ACCIDENT,NOT_PRIVATE_PROPERTY,ALCOHOL_INVOLVED,STWD_VEHTYPE_AT_FAULT,CHP_VEHTYPE_AT_FAULT,COUNT_SEVERE_INJ,COUNT_VISIBLE_INJ,COUNT_COMPLAINT_PAIN,COUNT_PED_KILLED,COUNT_PED_INJURED,COUNT_BICYCLIST_KILLED,COUNT_BICYCLIST_INJURED,COUNT_MC_KILLED,COUNT_MC_INJURED,PRIMARY_RAMP,SECONDARY_RAMP,LATITUDE,LONGITUDE,COUNTY,CITY,POINT_X,POINT_Y
90965593,2019,2019-04-11,9765,2019-04-01,1900,016592,,1,2,6,5608,0,1,2,,2,302,US-101 N/B,VICTORIA AVENUE,143.00,N,N,A,-,Y,,,101,,,,,,N,N,3,0,1,2,A,-,11,21954,A,N,G,B,D,A,H,-,A,D,0,Y,,,Y,Y,,N,60,0,1,0,0,1,0,0,0,0,- ,- ,34.252998352050781,-119.21140289306641,VENTURA,VENTURA,-119.21142578125,34.252960205078125
9097562,2020,2020-11-24,5608,2020-05-10,0402,525,VTA,7,5,6,5608,0,0,0,,0,004,VICTORIA AV,RALSTON ST,61.00,S,N,B,-,N,,,,,,,,,,Y,2,0,1,2,A,-,11,21955,,N,A,B,D,A,H,-,C,A,0,Y,,,,Y,,A,01,1,0,0,0,1,0,0,0,0,- ,- ,,,VENTURA,VENTURA,-119.21161651611328,34.260894775390625
9097564,2020,2020-11-05,5608,2020-05-13,1701,440,,3,5,6,5608,0,0,0,,0,004,VALENTINE RD,KNOLL DR,0.00,,Y,A,-,N,,,,,,,,,,N,3,0,1,2,A,-,05,21650,,N,A,G,A,A,H,-,A,D,0,,Y,,,Y,,L,04,0,1,0,0,0,0,1,0,0,- ,- ,,,VENTURA,VENTURA,-119.21968078613281,34.256790161132812
9098727,2020,2020-08-03,5604,2020-04-09,1155,5490,,4,5,6,5604,0,0,0,,0,022,J ST,RIGGING PL,10.00,N,N,C,-,N,,,,,,,,,,N,4,0,1,2,D,-,00,,,N,D,B,E,B,H,-,A,D,0,Y,,,,Y,,-,- ,0,0,1,0,1,0,0,0,0,- ,- ,,,VENTURA,OXNARD,-119.18941497802734,34.191307067871094
9098730,2020,2020-08-03,5604,2020-04-11,1644,5474,,6,5,6,5604,0,0,0,,0,023,6TH ST,OXNARD BL,0.00,,Y,A,-,N,,,,,,,,,,Y,2,0,1,2,A,-,08,22107,,F,G,B,B,A,H,-,A,A,0,Y,,,,Y,,A,07,1,0,0,0,1,0,0,0,0,- ,- ,34.196361541748047,-119.17739868164062,VENTURA,OXNARD,-119.17745971679688,34.19635009765625
9100967,2020,2020-07-29,5604,2020-04-03,1830,5375,,5,5,6,5604,0,0,0,,0,024,CHANNEL ISLAND BL,S  J ST,0.00,,Y,A,-,N,,,,,,,,,,Y,4,0,1,2,A,-,09,21804,A,F,G,G,A,A,-,-,A,D,0,,Y,,,Y,,D,22,0,0,1,0,0,0,1,0,0,- ,- ,34.175540924072266,-119.1861572265625,VENTURA,OXNARD,-119.18617248535156,34.175579071044922
91021596,2019,2019-07-01,9765,2019-06-21,1650,016592,,5,2,6,5608,0,1,3,,2,030,SR-126 E/B,HILL STREET,10.00,W,N,B,-,Y,,,126,,,,,,E,N,3,0,1,2,A,-,11,21954,A,N,G,B,D,A,H,-,A,D,0,Y,,,,Y,,N,60,0,1,0,0,1,0,0,0,0,- ,- ,34.272750854492188,-119.20716857910156,VENTURA,VENTURA,-119.20709991455078,34.272270202636719
9102819,2020,2020-08-03,5604,2020-02-14,1155,5435,,5,5,6,5604,0,0,0,,0,024,W CHANNEL ISLANDS BL,S VENTURA RD,0.00,,Y,A,-,N,,,,,,,,,,N,3,0,1,2,A,-,10,21950,A,N,G,B,B,A,H,-,A,A,0,Y,,,,Y,,-,,0,1,0,0,1,0,0,0,0,- ,- ,34.176128387451172,-119.19441223144531,VENTURA,OXNARD,-119.19490814208984,34.175701141357422
9103472,2020,2020-08-18,5604,2020-04-03,1255,5530,,5,5,6,5604,0,0,0,,0,041,SAVIERS RD,BARD RD,0.00,,Y,A,-,N,,,,,,,,,,N,4,0,1,2,A,-,10,21950,A,F,G,B,B,A,H,-,A,A,0,Y,,,,Y,Y,D,22,0,0,1,0,1,0,0,0,0,- ,- ,34.160999298095703,-119.17685699462891,VENTURA,OXNARD,-119.17778015136719,34.160999298095703
9105459,2020,2020-10-29,5600,2020-05-13,1700,4054,6007,3,5,3,5602,0,0,0,,0,06A,SANTA CLARA ST,DEL VALLE DR,103.00,E,N,A,-,N,,,,,,,,,,N,3,0,1,2,A,-,09,21804,A,M,D,G,A,A,H,-,A,D,0,,Y,,,Y,,L,04,0,1,0,0,0,0,1,0,0,- ,- ,,,VENTURA,FILLMORE,-118.91995239257812,34.397335052490234
91090163,2019,2019-11-07,9765,2019-07-17,2052,020729,,3,2,9,5600,0,1,2,,1,102,US-101 N/B,SR-1,2112.00,N,N,A,-,Y,,,101,,,,,,N,Y,1,1,0,2,A,-,17,21200,,N,C,G,A,A,H,-,D,D,0,,Y,,Y,Y,,L,04,0,0,0,0,0,1,0,0,0,- ,- ,34.293491363525391,-119.33828735351562,VENTURA,UNINCORPORATED,-119.33829498291016,34.293487548828125
9109922,2020,2020-08-21,5608,2020-06-07,1131,370,,7,5,6,5608,0,0,0,,0,001,MAIN ST,PEKING ST,5.00,W,N,A,-,N,,,,,,,,,,N,3,0,1,2,A,-,09,21804,B,N,B,G,A,A,H,-,A,D,0,,Y,,,Y,,L,04,0,1,0,0,0,0,1,0,0,- ,- ,,,VENTURA,VENTURA,-119.3060302734375,34.281692504882812
91120834,2019,2019-11-15,9770,2019-11-05,1445,019819,,2,2,9,5600,0,2,4,,1,062,POTRERO ROAD,EAST LAKE SHERWOOD DRIVE,0.00,,Y,A,-,N,,,,,,,,,,Y,3,0,1,2,A,-,09,21801,A,N,F,G,A,A,H,-,A,D,0,,Y,,,Y,,A,07,0,1,0,0,0,0,1,0,0,- ,- ,34.142280578613281,-118.86129760742188,VENTURA,UNINCORPORATED,-118.87725830078125,34.141780853271484
91132788,2019,2019-12-02,9765,2019-11-21,1725,017253,,4,2,9,5600,0,3,5,,2,001,SR-1 (PCH),FARIA RD,485.00,N,N,A,-,Y,,,1,,,,,,,N,2,0,1,2,A,-,11,21954,A,N,G,B,D,A,H,-,D,D,0,Y,,,,Y,,N,60,1,0,0,0,1,0,0,0,0,- ,- ,34.319881439208984,-119.39151000976562,VENTURA,UNINCORPORATED,-119.39149475097656,34.319896697998047
9113691,2020,2020-09-10,5600,2020-06-03,1125,4750,8125,3,5,5,5601,0,0,0,,0,8C01,ARNEILL RD,BARRY ST,8.00,S,N,A,-,N,,,,,,,,,,,3,0,1,2,A,-,10,21950,A,N,G,B,B,A,H,-,A,A,0,Y,,,,Y,,A,07,0,1,0,0,1,0,0,0,0,- ,- ,34.217658996582031,-119.04234313964844,VENTURA,CAMARILLO,-119.03900146484375,34.219467163085938
9115163,2020,2020-09-10,5600,2020-06-14,2359,3635,6007,7,5,3,5602,0,0,0,,0,06A,SANTA CLARA ST,B ST,32.00,E,N,A,-,N,,,,,,,,,,N,2,0,1,2,A,-,11,21956,A,N,G,B,E,A,H,-,C,D,0,Y,,,,Y,Y,N,60,1,0,0,0,1,0,0,0,0,- ,- ,,,VENTURA,FILLMORE,-118.92259216308594,34.396793365478516
91156176,2019,2019-12-31,9765,2019-12-20,1450,020729,,5,2,9,5600,0,3,5,,2,006,PLEASANT VALLEY ROAD,FREEDOM PARK DRIVE,1010.00,W,N,A,-,N,,,,,,,,,,N,3,0,1,2,A,-,11,21954,A,N,G,B,D,A,H,-,A,D,0,Y,,,,Y,,N,60,0,1,0,0,1,0,0,0,0,- ,- ,34.205680847167969,-119.09053802490234,VENTURA,UNINCORPORATED,-119.09046173095703,34.205703735351562
91163857,2020,2020-01-13,9770,2020-01-04,1030,017973,,6,1,9,5600,0,3,5,,2,006,LAKE SHERWOOD DRIVE,DAVID LANE (PRIVATE ROAD),40.00,W,N,A,-,N,,,,,,,,,,N,3,0,1,2,A,-,05,21460,A,N,H,G,A,A,H,-,A,D,0,,Y,,,Y,,A,01,0,1,0,0,0,0,1,0,0,- ,- ,34.141960144042969,-118.87294769287109,VENTURA,UNINCORPORATED,-118.87202453613281,34.141845703125
91179894,2020,2020-02-07,9770,2020-01-26,1855,021738,,7,2,9,5600,0,1,3,,1,044,SR-126 W/B (EAST TELEGRAPH ROAD),FISH HATCHERY ROAD,2112.00,W,N,A,-,Y,,,126,,,,,,W,Y,2,0,1,2,A,-,09,21804,A,N,D,G,A,A,H,-,D,D,0,,Y,,,Y,,L,04,1,0,0,0,0,0,1,0,0,- ,- ,34.397380828857422,-118.89208221435547,VENTURA,UNINCORPORATED,-118.89205169677734,34.397483825683594
91189724,2020,2020-02-19,9765,2020-02-14,1000,015117,,5,1,6,5608,0,1,A,,2,730,4260 MARKET ST,MARKET ST,7.00,S,N,A,-,N,,,,,,,,,,N,4,0,1,2,B,-,22,,,N,A,B,D,A,H,-,A,D,0,Y,,,,Y,,A,01,0,0,1,0,1,0,0,0,0,- ,- ,34.153709411621094,-119.13435363769531,VENTURA,VENTURA,,
91192444,2019,2020-05-01,9765,2019-12-14,1741,015658,,6,2,9,5600,0,1,3,,2,053,SR-232 (VINEYARD AVENUE),CENTRAL AVENUE,16.00,E,N,A,-,Y,,,232,,,,,,,N,1,1,0,2,A,-,11,21456,,N,G,B,B,A,H,-,C,A,0,Y,,,,Y,,N,60,0,0,0,1,0,0,0,0,0,- ,- ,34.258098602294922,-119.15309906005859,VENTURA,UNINCORPORATED,-119.15306854248047,34.258068084716797
9122151,2020,2020-08-20,5604,2020-05-22,2044,5534,,5,5,6,5604,0,0,0,,0,022,N OXNARD BL,2ND ST,2.00,S,N,A,-,N,,,,,,,,,,N,3,0,1,2,A,-,11,21456,C,F,A,B,B,A,H,-,C,A,0,Y,,,,Y,Y,N,60,0,1,0,0,1,0,0,0,0,- ,- ,34.201629638671875,-119.17732238769531,VENTURA,OXNARD,-119.17741394042969,34.201614379882812
91223248,2020,2020-04-08,9765,2020-04-04,1102,022461,,6,1,9,5600,0,1,3,,1,023,SR-150,DENNISON ROAD,1584.00,W,N,B,-,Y,,,150,,,,,,,Y,3,0,1,2,A,-,03,22350,,N,A,G,A,A,H,-,A,D,0,,Y,,,Y,,L,04,0,1,0,0,0,0,1,0,0,- ,- ,34.439800262451172,-119.20200347900391,VENTURA,UNINCORPORATED,-119.20199584960938,34.439777374267578
91243371,2020,2020-05-27,9765,2020-05-17,1735,022408,,7,2,9,5600,0,1,3,,1,044,SR-150 (OJAI-SANTA PAULA RD.),TEAGUE PLACE,2112.00,E,N,A,-,Y,,,150,,,,,,,N,3,0,1,2,A,-,11,21954,A,N,G,B,E,A,H,-,A,D,0,Y,,,,Y,,N,60,0,1,0,0,1,0,0,0,0,- ,- ,34.426959991455078,-119.09623718261719,VENTURA,UNINCORPORATED,-119.09625244140625,34.427028656005859
9125097,2020,2020-09-10,5604,2020-06-18,0857,5242,,4,5,6,5604,0,0,0,,0,042,J ST,CLARA ST,0.00,,Y,A,-,N,,,,,,,,,,N,4,0,1,2,A,-,05,21650,1,N,D,G,A,A,H,-,A,A,0,,Y,,,Y,,L,04,0,0,1,0,0,0,1,0,0,- ,- ,,,VENTURA,OXNARD,-119.18620300292969,34.151149749755859
91252138,2020,2020-06-15,9765,2020-06-03,1543,022488,,3,2,9,5600,0,1,3,,1,012,SR-1,A LEASE CANYON ROAD,1109.00,S,N,A,-,Y,,,1,,,,,,,N,3,0,1,2,A,-,05,21650,,N,A,G,A,A,H,-,A,D,0,,Y,,,Y,,L,04,0,1,0,0,0,0,1,0,0,- ,- ,34.315811157226562,-119.36376190185547,VENTURA,UNINCORPORATED,-119.36369323730469,34.315895080566406
91265225,2020,2020-07-08,9765,2020-07-08,0600,016234,,3,1,9,5600,0,3,5,,2,006,HUENEME ROAD,SR-1 (PACIFIC COAST HWY),0.00,,Y,A,-,N,,,,,,,,,,N,3,0,1,2,D,-,00,,,N,G,B,E,A,H,-,B,D,0,Y,,,,Y,,-,- ,0,1,0,0,1,0,0,0,0,- ,- ,34.146400451660156,-119.11200714111328,VENTURA,UNINCORPORATED,-119.11176300048828,34.146961212158203
9127305,2020,2020-10-01,5608,2020-07-21,0823,441,,2,5,6,5608,0,0,0,,0,001,SANTA CLARA ST,CHESTNUT,3.00,E,N,A,-,N,,,,,,,,,,N,3,0,1,2,A,-,09,21801,A,N,D,G,A,A,H,-,A,A,0,,Y,,,Y,,A,01,0,1,0,0,0,0,1,0,0,- ,- ,,,VENTURA,VENTURA,-119.29154205322266,34.279541015625
91286851,2020,2020-08-17,9770,2020-08-10,1945,021738,,1,2,6,5609,0,1,3,,2,083,SR-118 E/B (RONALD REAGAN FREEWAY),ERRINGER ROAD,5.00,W,N,A,-,Y,,,,,,,,,,N,3,0,1,2,A,-,10,21950,A,N,G,B,B,A,H,-,A,A,0,Y,,,,Y,,A,01,0,1,0,0,1,0,0,0,0,- ,- ,34.281139373779297,-118.76149749755859,VENTURA,SIMI VALLEY,-118.761474609375,34.282131195068359
91290347,2020,2020-08-21,9765,2020-08-15,1028,022464,,6,1,9,5600,0,1,3,,1,012,SR-1,STATE BEACH ACCESS RD,634.00,N,N,A,-,Y,,,1,,,,,,,N,3,0,1,2,A,-,08,22107,,N,D,G,A,A,H,-,A,D,0,,Y,,,Y,,A,01,0,1,0,0,0,0,1,0,0,- ,- ,34.296928405761719,-119.34226989746094,VENTURA,UNINCORPORATED,-119.34225463867188,34.296943664550781
91291848,2020,2020-08-25,9765,2020-08-19,1320,020087,,3,1,9,5600,0,3,5,,2,002,SANTA ANA BLVD.,MOUNTAIN VIEW STREET,0.00,,Y,A,-,Y,,,,,,,,,,N,3,0,1,2,A,-,05,21650,,N,D,G,A,A,H,-,A,A,0,,Y,,,Y,,L,04,0,1,0,0,0,0,1,0,0,- ,- ,34.400501251220703,-119.3031005859375,VENTURA,UNINCORPORATED,-119.30313110351562,34.400531768798828
9129330,2020,2020-09-12,5604,2020-06-30,1107,5417,,2,5,6,5604,0,0,0,,0,023,W 4TH ST,OXNARD AV,0.00,,Y,A,-,N,,,,,,,,,,N,3,0,1,2,A,-,05,21650,1,N,A,G,A,A,H,-,A,A,0,,Y,,,Y,,L,04,0,1,0,0,0,0,1,0,0,- ,- ,34.198970794677734,-119.17735290527344,VENTURA,OXNARD,-119.17745971679688,34.199001312255859
9129336,2020,2020-09-12,5604,2020-06-14,0015,5378,,7,5,6,5604,0,0,0,,0,024,S VENTURA RD,BAY BL,200.00,N,N,A,-,N,,,,,,,,,,N,3,0,1,2,A,-,11,21954,A,N,G,B,E,A,H,-,C,D,0,Y,,,,Y,Y,N,60,0,1,0,0,1,0,0,0,0,- ,- ,34.179660797119141,-119.1949462890625,VENTURA,OXNARD,-119.19509124755859,34.178779602050781
91301400,2020,2020-09-09,9765,2020-08-30,2022,014736,,7,2,6,5604,0,1,2,,2,301,US 101 S/B (VENTURA FREEWAY),OXNARD BOULEVARD,840.00,N,N,A,-,Y,,,,,,,,,,N,2,0,1,2,A,-,08,22107,,F,G,B,E,A,H,-,C,D,0,Y,,,,Y,,-,99,1,0,0,0,1,0,0,0,0,- ,- ,34.240200042724609,-119.1839599609375,VENTURA,OXNARD,-119.18369293212891,34.240226745605469
9131853,2020,2020-10-06,5608,2020-07-12,0655,284,,7,5,6,5608,0,0,0,,0,001,E THOMPSON BLVD,KALORAMA ST,0.00,,Y,A,-,N,,,,,,,,,,N,3,0,1,2,A,-,09,21801,A,N,D,G,A,A,H,-,A,A,0,,Y,,,Y,,-,,0,1,0,0,0,0,1,0,0,- ,- ,,,VENTURA,VENTURA,-119.2869873046875,34.278278350830078
9131860,2020,2020-10-13,5608,2020-07-04,1724,282,VENTU,6,5,6,5608,0,0,0,,0,001,FRANKLIN LN,VENTURA AV,0.00,,Y,A,-,N,,,,,,,,,,N,4,0,1,2,A,-,05,21650,,N,D,G,A,A,H,-,A,A,0,,Y,,,Y,,L,04,0,0,1,0,0,0,1,0,0,- ,- ,,,VENTURA,VENTURA,-119.29435729980469,34.302700042724609
9132366,2020,2020-11-10,5608,2020-07-25,1150,517,,6,5,6,5608,0,0,0,,0,001,MAIN ST,GARDEN ST,15.00,W,N,A,-,N,,,,,,,,,,N,3,0,1,2,A,-,08,22107,,N,B,G,A,A,H,-,A,A,0,,Y,,,Y,,A,01,0,1,0,0,0,0,1,0,0,- ,- ,,,VENTURA,VENTURA,-119.30233764648438,34.281246185302734
91328986,2020,2020-10-21,9770,2020-10-16,1900,016383,,5,2,9,5600,0,2,4,,2,079,KANAN ROAD,CONIFER STREET,100.00,S,N,A,-,N,,,,,,,,,,N,4,0,1,2,A,-,03,22350,,M,G,B,D,A,H,-,D,D,0,Y,,,,Y,,A,01,0,0,1,0,1,0,0,0,0,- ,- ,34.170291900634766,-118.75879669189453,VENTURA,UNINCORPORATED,-118.75861358642578,34.170597076416016
9137082,2020,2020-09-28,5608,2020-07-31,1559,527,,5,5,6,5608,0,0,0,,0,004,SATICOY AV,TELEPHONE RD,7.00,S,N,A,-,N,,,,,,,,,,N,3,0,1,2,A,-,10,21950,A,N,G,B,B,A,H,-,A,A,0,Y,,,,Y,,A,07,0,1,0,0,1,0,0,0,0,- ,- ,,,VENTURA,VENTURA,-119.1583251953125,34.279495239257812
9137233,2020,2020-10-12,5608,2020-08-09,1738,532,,7,5,6,5608,0,0,0,,0,003,S KIMBALL RD,TELEPHONE RD,0.00,,Y,A,-,N,,,,,,,,,,N,3,0,1,2,A,-,05,21650,,N,D,G,A,A,H,-,A,A,0,,Y,,,Y,,L,04,0,1,0,0,0,0,1,0,0,- ,- ,,,VENTURA,VENTURA,-119.18865966796875,34.268871307373047
9138868,2020,2020-10-23,5604,2020-08-05,1614,5351,,3,5,6,5604,0,0,0,,0,042,E PLEASANT VALLEY RD,TERRACE AV,400.00,E,N,A,-,N,,,,,,,,,,N,4,0,1,2,A,-,05,21650,1,F,D,G,A,A,H,-,A,D,0,,Y,,,Y,,L,04,0,0,1,0,0,0,1,0,0,- ,- ,34.157928466796875,-119.15944671630859,VENTURA,OXNARD,-119.16417694091797,34.155754089355469
9138890,2020,2020-09-24,5604,2020-07-06,1700,5561,,1,5,6,5604,0,0,0,,0,011,VENTURA RD,GONZALEZ,0.00,,Y,A,-,N,,,,,,,,,,N,3,0,1,2,A,-,12,21453,A,F,G,B,B,A,H,-,A,A,0,Y,,,,Y,,-,,0,1,0,0,1,0,0,0,0,- ,- ,34.226619720458984,-119.19447326660156,VENTURA,OXNARD,-119.19464111328125,34.219348907470703
91389864,2020,2021-01-18,9765,2020-05-24,2225,022337,,7,3,9,5600,0,3,5,,2,006,HUENEME ROAD,NAVAL AIR ROAD,810.00,W,N,A,-,N,,,,,,,,,,N,1,1,0,3,A,-,11,21954,A,N,G,B,D,A,H,-,D,D,0,Y,,,,Y,Y,N,60,0,0,0,1,0,0,0,0,0,- ,- ,34.147029876708984,-119.11701202392578,VENTURA,UNINCORPORATED,-119.11531066894531,34.146976470947266
91393574,2020,2021-01-25,9765,2020-08-23,2054,022408,,7,2,6,5608,0,1,2,,2,302,US-101 N/B,VICTORIA AVENUE,2112.00,N,N,A,-,Y,,,101,,,,,,N,Y,1,1,0,3,A,-,11,21954,A,N,G,B,D,A,H,-,D,D,0,Y,,,,Y,,N,60,0,0,0,1,0,0,0,0,0,- ,- ,34.256660461425781,-119.21833038330078,VENTURA,VENTURA,-119.21833038330078,34.256660461425781
91395762,2021,2021-01-28,9765,2021-01-26,0825,019884,,2,1,9,5600,0,3,5,,2,006,HUENEME ROAD,SR-1 N/B,50.00,E,N,A,-,Y,,,,,,,,,,N,2,0,1,2,A,-,06,21760,B,N,B,G,A,A,H,-,A,D,0,,Y,,,Y,,A,07,1,0,0,0,0,0,1,0,0,- ,- ,34.146900177001953,-119.11121368408203,VENTURA,UNINCORPORATED,-119.11147308349609,34.146961212158203
9141593,2020,2020-10-01,5604,2020-08-03,2132,5521,,1,5,6,5604,0,0,0,,0,041,S C ST,TEAKWOOD ST,50.00,N,N,A,-,N,,,,,,,,,,N,2,0,1,2,A,-,08,22107,,F,G,B,D,A,H,-,C,D,0,Y,,,,Y,Y,-,99,1,0,0,0,1,0,0,0,0,- ,- ,34.170528411865234,-119.18115234375,VENTURA,OXNARD,-119.18116760253906,34.170696258544922
9141594,2020,2020-09-18,5600,2020-07-26,1418,5365,5600,7,5,2,5603,0,0,0,,0,1A01,GRAND AV,OLIVE ST,0.00,,Y,A,-,N,,,,,,,,,,N,2,0,1,2,A,-,09,21801,A,N,B,G,A,A,H,-,A,A,0,,Y,,,Y,,D,22,1,0,0,0,0,0,1,0,0,- ,- ,,,VENTURA,OJAI,-119.24478149414062,34.453258514404297
91419076,2020,2021-03-02,9765,2020-11-06,2054,022408,,5,2,9,5600,0,1,3,,1,046,SR-118 (LOS ANGELES AVENUE),SANTA CLARA RIVER BRIDGE,385.00,E,N,B,-,Y,,,118,,,,,,,N,1,1,0,2,A,-,05,21202,A,N,C,G,A,A,H,-,D,D,0,,Y,,,Y,,L,04,0,0,0,0,0,1,0,0,0,- ,- ,34.278289794921875,-119.14119720458984,VENTURA,UNINCORPORATED,-119.14119720458984,34.278293609619141
91437310,2020,2021-04-12,9765,2020-09-26,2025,022488,,6,2,9,5600,0,1,3,,1,020,SR-33 (VENTURA AVENUE),LARMIER AVENUE,0.00,,Y,A,-,Y,,,33,,,,,,,Y,1,1,0,2,A,-,11,21954,A,N,G,B,D,A,H,-,C,A,0,Y,,,,Y,Y,N,60,0,0,0,1,0,0,0,0,0,- ,- ,34.392929077148438,-119.30120849609375,VENTURA,UNINCORPORATED,-119.30120849609375,34.392929077148438
91443801,2021,2021-04-06,9765,2021-03-28,1400,022488,,7,2,9,5600,0,1,3,,1,012,SR-1 (PACIFIC COAST HIGHWAY),STATE BEACH ACCESS ROAD,792.00,N,N,A,-,Y,,,1,,,,,,,N,3,0,1,2,A,-,08,22107,,N,C,G,A,A,H,-,A,D,0,,Y,,,Y,,D,22,0,1,0,0,0,0,1,0,0,- ,- ,34.297248840332031,-119.34249114990234,VENTURA,UNINCORPORATED,-119.34249114990234,34.297245025634766
91459206,2021,2021-04-27,9770,2021-04-21,2050,020641,,3,2,9,5600,0,3,5,,2,004,ORCHARD STREET,CENTER STREET,5.00,S,N,A,-,N,,,,,,,,,,N,3,0,1,2,A,-,10,21950,A,F,G,B,B,A,H,-,C,A,0,Y,,,,Y,,A,01,0,1,0,0,1,0,0,0,0,- ,- ,34.415351867675781,-118.79163360595703,VENTURA,UNINCORPORATED,-118.79167175292969,34.415367126464844
91466518,2021,2021-08-27,9765,2021-02-02,0810,019884,,2,1,9,5600,0,3,5,,2,006,RICE AVENUE,SR-34,1125.00,S,N,A,-,N,,,,,,,,,,Y,1,1,0,2,A,-,08,22107,,N,D,G,A,A,H,-,A,D,0,,Y,,,Y,,L,04,0,0,0,0,0,1,0,0,0,- ,- ,34.193641662597656,-119.14225006103516,VENTURA,UNINCORPORATED,-119.14240264892578,34.193752288818359
91476768,2020,2021-05-19,9770,2020-10-27,0543,018659,,2,3,9,5600,0,1,3,,1,046,SR-126 W/B (EAST TELEGRAPH ROAD),PIRU CREEK BRIDGE,647.00,W,N,A,-,Y,,,126,,,,,,W,Y,1,1,1,5,A,-,17,21200,,M,C,G,A,A,H,-,D,D,0,,Y,,,Y,,L,04,0,0,1,0,0,1,0,0,0,- ,- ,34.407928466796875,-118.78971099853516,VENTURA,UNINCORPORATED,-118.78970336914062,34.407917022705078
9148247,2020,2020-11-10,5608,2020-08-29,1351,282,VENTU,6,5,6,5608,0,0,0,,0,001,SUNNY BROOK CT,VENTURA AV,30.00,W,N,A,-,N,,,,,,,,,,N,2,0,1,2,D,-,00,,,F,B,B,E,A,H,-,A,-,0,Y,,,,Y,Y,-,- ,1,0,0,0,1,0,0,0,0,- ,- ,,,VENTURA,VENTURA,-119.296908,34.294718000000003
91490737,2021,2021-06-07,9770,2021-05-26,1345,017662,,3,1,6,5607,0,1,2,,2,072,US-101 N/B TO LYNN ROAD,LYNN ROAD O/C,490.00,S,N,A,-,Y,,,101,,,,R,,N,N,3,0,1,2,A,-,08,22107,,N,D,G,A,A,H,-,A,A,0,,Y,,,Y,,L,04,0,1,0,0,0,0,1,0,0,- ,- ,34.183010101318359,-118.88993835449219,VENTURA,THOUSAND OAKS,-118.88993835449219,34.183010101318359
91501702,2021,2021-06-21,9765,2021-06-12,2315,020873,,6,3,9,5600,0,3,5,,2,005,CENTRAL AVENUE,BEARDSLEY ROAD,2173.00,W,N,A,-,N,,,,,,,,,,Y,3,0,1,2,A,-,11,21954,A,N,G,B,E,A,H,-,D,D,0,Y,,,,Y,Y,N,60,0,1,0,0,1,0,0,0,0,- ,- ,34.232990264892578,-119.11692810058594,VENTURA,UNINCORPORATED,-119.11777496337891,34.233692169189453
9150951,2020,2020-11-20,5604,2020-08-23,1050,4734,,7,5,6,5604,0,0,0,,0,011,W GONZALES RD,VENTURA RD,30.00,W,N,A,-,N,,,,,,,,,,N,4,0,1,2,A,-,11,21950,B,N,B,B,E,A,H,-,A,A,0,Y,,,,Y,,N,60,0,0,1,0,1,0,0,0,0,- ,- ,34.219268798828125,-119.19454956054688,VENTURA,OXNARD,-119.19474029541016,34.219348907470703
9155524,2020,2020-11-05,5608,2020-09-14,1537,474,,1,5,6,5608,0,0,0,,0,002,SEAWARD AV,THOMPSON BL,0.00,,Y,A,-,N,,,,,,,,,,N,3,0,1,2,A,-,11,21456,C,N,D,G,A,A,H,-,A,A,0,,Y,,,Y,,-,- ,0,1,0,0,0,0,1,0,0,- ,- ,,,VENTURA,VENTURA,-119.26638793945312,34.273578643798828