CASE_ID,ACCIDENT_YEAR,PROC_DATE,JURIS,COLLISION_DATE,COLLISION_TIME,OFFICER_ID,REPORTING_DISTRICT,DAY_OF_WEEK,CHP_SHIFT,POPULATION,CNTY_CITY_LOC,SPECIAL_COND,BEAT_TYPE,CHP_BEAT_TYPE,CITY_DIVISION_LAPD,CHP_BEAT_CLASS,BEAT_NUMBER,PRIMARY_RD,SECONDARY_RD,DISTANCE,DIRECTION,INTERSECTION,WEATHER_1,WEATHER_2,STATE_HWY_IND,CALTRANS_COUNTY,CALTRANS_DISTRICT,STATE_ROUTE,ROUTE_SUFFIX,POSTMILE_PREFIX,POSTMILE,LOCATION_TYPE,RAMP_INTERSECTION,SIDE_OF_HWY,TOW_AWAY,COLLISION_SEVERITY,NUMBER_KILLED,NUMBER_INJURED,PARTY_COUNT,PRIMARY_COLL_FACTOR,PCF_CODE_OF_VIOL,PCF_VIOL_CATEGORY,PCF_VIOLATION,PCF_VIOL_SUBSECTION,HIT_AND_RUN,TYPE_OF_COLLISION,MVIW,PED_ACTION,ROAD_SURFACE,ROAD_COND_1,ROAD_COND_2,LIGHTING,CONTROL_DEVICE,CHP_ROAD_TYPE,PEDESTRIAN_ACCIDENT,BICYCLE_ACCIDENT,MOTORCYCLE_ACCIDENT,TRUCK_ACCIDENT,NOT_PRIVATE_PROPERTY,ALCOHOL_INVOLVED,STWD_VEHTYPE_AT_FAULT,CHP_VEHTYPE_AT_FAULT,COUNT_SEVERE_INJ,COUNT_VISIBLE_INJ,COUNT_COMPLAINT_PAIN,COUNT_PED_KILLED,COUNT_PED_INJURED,COUNT_BICYCLIST_KILLED,COUNT_BICYCLIST_INJURED,COUNT_MC_KILLED,COUNT_MC_INJURED,PRIMARY_RAMP,SECONDARY_RAMP,LATITUDE,LONGITUDE,COUNTY,CITY,POINT_X,POINT_Y
91555332,2021,2021-08-26,9765,2021-08-15,1300,020334,,7,1,9,5600,0,3,5,,2,006,ETTING ROAD,E PLEASANT VALLEY RD,2500.00,E,N,A,-,N,,,,,,,,,,N,2,0,1,3,A,-,08,22107,,F,B,G,A,A,H,-,A,D,0,,Y,,,Y,,-,99,1,0,0,0,0,0,1,0,0,- ,- ,34.161731719970703,-119.14311981201172,VENTURA,UNINCORPORATED,-119.14325714111328,34.161754608154297
91561349,2021,2021-09-02,9765,2021-08-26,1516,017483,,4,2,9,5600,0,3,5,,2,001,NORTH VENTURA AVE,MCKEE STREET,10.00,N,N,A,-,N,,,,,,,,,,N,4,0,1,2,A,-,10,21950,A,F,G,B,B,A,H,-,A,A,0,Y,,,,Y,,-,99,0,0,1,0,1,0,0,0,0,- ,- ,34.325901031494141,-119.29031372070312,VENTURA,UNINCORPORATED,-119.29032897949219,34.325847625732422
9156954,2020,2020-12-05,5608,2020-09-16,0728,522,,3,5,6,5608,0,0,0,,0,003,BAJO RD,SALINAS DR,5.00,E,N,A,-,N,,,,,,,,,,N,4,0,1,2,A,-,03,22350,,N,G,B,E,A,D,-,A,D,0,Y,,,,Y,,D,22,0,0,1,0,1,0,0,0,0,- ,- ,,,VENTURA,VENTURA,-119.16183700000001,34.293591999999997
91589584,2021,2021-10-06,9770,2021-09-28,1040,016561,,2,1,9,5600,0,3,5,,2,006,SR-23 S/B (WESTLAKE BLVD.),CARLISLE RD.,0.00,,Y,B,-,Y,,,23,,,,,,S,N,2,0,1,2,A,-,09,21802,A,N,D,G,A,A,H,-,A,A,0,,Y,,,Y,,D,22,1,0,0,0,0,0,1,0,0,- ,- ,34.126850128173828,-118.85655975341797,VENTURA,UNINCORPORATED,-118.85647583007812,34.1268310546875
91589777,2021,2021-10-06,9765,2021-10-01,1300,016234,,5,1,9,5600,0,1,3,,1,062,SR-1,SYCAMORE CYN,0.00,,Y,A,-,Y,,,1,,,,,,,N,2,0,1,2,A,-,08,22107,,F,D,G,A,A,H,-,A,D,0,,Y,,,Y,,-,99,1,0,0,0,0,0,1,0,0,- ,- ,34.070789337158203,-119.01255035400391,VENTURA,UNINCORPORATED,-119.01255035400391,34.070796966552734
9163024,2020,2020-11-25,5608,2020-09-18,1524,397,,5,5,6,5608,0,0,0,,0,002,SEAWARD AV,MAIN ST,100.00,S,N,A,-,N,,,,,,,,,,N,4,0,1,2,A,-,08,22107,,N,C,G,A,A,H,-,A,D,0,,Y,,,Y,,L,04,0,0,1,0,0,0,1,0,0,- ,- ,,,VENTURA,VENTURA,-119.26535034179688,34.276233673095703
91644583,2021,2021-12-06,9765,2021-11-28,0945,022337,,7,1,9,5600,0,3,5,,2,002,LOMA DRIVE,EL CENTRO STREET,100.00,E,N,A,-,N,,,,,,,,,,N,3,0,1,2,A,-,06,21760,C,N,B,G,A,A,H,-,A,D,0,,Y,,,Y,,A,07,0,1,0,0,0,0,1,0,0,- ,- ,34.438220977783203,-119.28195190429688,VENTURA,UNINCORPORATED,-119.281982421875,34.438236236572266
91645028,2021,2021-12-07,9765,2021-11-24,1800,017253,,3,2,4,5606,0,3,5,,2,004,SR-126 E/B FROM PALM AVE ON-RAMP,PALM AVE,16.00,E,N,A,-,Y,,,126,,,,R,,E,N,3,0,1,2,A,-,11,21954,A,N,G,B,D,A,H,-,C,A,0,Y,,,,Y,,N,60,0,1,0,0,1,0,0,0,0,- ,- ,34.345260620117188,-119.06819915771484,VENTURA,SANTA PAULA,-119.06819915771484,34.345260620117188
91645738,2021,2021-12-07,9765,2021-11-28,1420,022518,,7,2,9,5600,0,1,3,,1,012,SR-1,US101 SOUTHBOUND,6019.00,S,N,A,-,Y,,,1,,,,,,,N,4,0,1,2,A,-,09,21801,A,N,D,G,A,A,H,-,A,D,0,,Y,,,Y,,L,04,0,0,1,0,0,0,1,0,0,- ,- ,34.331871032714844,-119.40129852294922,VENTURA,UNINCORPORATED,-119.40132141113281,34.331844329833984
91649680,2021,2021-12-13,9765,2021-12-06,0745,016712,,1,1,9,5600,0,3,5,,2,005,WALNUT DRIVE,ROSE AVENUE,6.00,W,N,A,-,N,,,,,,,,,,N,4,0,1,2,A,-,10,21950,A,N,G,B,B,A,H,-,A,A,0,Y,,,,Y,,D,22,0,0,1,0,1,0,0,0,0,- ,- ,34.233379364013672,-119.15521240234375,VENTURA,UNINCORPORATED,-119.15523529052734,34.233390808105469
91657791,2021,2021-12-21,9765,2021-12-14,0220,019034,,2,3,5,5601,0,1,2,,2,503,US-101 S/B (VENTURA FREEWAY),CARMEN DR.,1582.00,S,N,C,-,Y,,,101,,,,,,S,N,2,0,1,2,A,-,11,21954,A,N,G,B,D,B,H,-,C,D,0,Y,,,Y,Y,,N,60,1,0,0,0,1,0,0,0,0,- ,- ,34.217388153076172,-119.04492950439453,VENTURA,CAMARILLO,-119.04492950439453,34.217418670654297
9166188,2020,2020-11-10,5608,2020-09-27,2111,517,,7,5,6,5608,0,0,0,,0,001,HARBOR BL,CALIFORNIA ST,106.00,W,N,A,-,N,,,,,,,,,,N,2,0,1,2,A,-,08,22107,,F,G,B,E,A,H,-,C,A,0,Y,,,,Y,,A,01,1,0,0,0,1,0,0,0,0,- ,- ,,,VENTURA,VENTURA,-119.29338073730469,34.276901245117188
9167181,2020,2021-01-12,5608,2020-10-08,1839,342,,4,5,6,5608,0,0,0,,0,003,TELEGRAPH RD,KIMBALL RD,145.00,E,N,A,-,N,,,,,,,,,,N,3,0,2,3,A,-,05,21202,A,N,D,G,A,A,H,-,C,D,0,,Y,,,Y,,L,04,0,2,0,0,0,0,2,0,0,- ,- ,,,VENTURA,VENTURA,-119.19230651855469,34.281341552734375
9167318,2020,2021-01-13,5600,2020-10-04,1209,5150,8300,7,5,5,5601,0,0,0,,0,8A01,CAMARILLO OUTLET DR,CAMARILLO CENTER DR,47.00,E,N,A,-,,,,,,,,,,,,3,0,1,2,B,-,22,,,N,G,B,C,A,H,-,A,A,0,Y,,,,Y,,A,01,0,1,0,0,1,0,0,0,0,- ,- ,34.215560913085938,-119.05892181396484,VENTURA,CAMARILLO,,
91682656,2022,2022-01-21,9770,2022-01-09,1535,016383,,7,2,9,5600,0,2,4,,2,079,DEERHILL ROAD,POPPYVIEW DRIVE,90.00,N,N,A,-,N,,,,,,,,,,N,2,0,1,2,A,-,11,21955,,N,G,B,D,A,H,-,A,D,0,Y,,,,Y,,N,60,1,0,0,0,1,0,0,0,0,- ,- ,34.182838439941406,-118.75959014892578,VENTURA,UNINCORPORATED,-118.75966644287109,34.182865142822266
9168407,2020,2020-11-14,5604,2020-09-21,0624,5608,,1,5,6,5604,0,0,0,,0,032,PACIFIC AV,WOOLEY RD,0.00,,Y,A,-,N,,,,,,,,,,N,3,0,1,2,A,-,05,21650,1,N,D,G,A,A,H,-,B,A,0,,Y,,,Y,,L,04,0,1,0,0,0,0,1,0,0,- ,- ,34.189910888671875,-119.16484832763672,VENTURA,OXNARD,-119.16486358642578,34.189918518066406
9169261,2020,2020-12-15,5604,2020-10-04,1659,5512,,7,5,6,5604,0,0,0,,0,011,N M ST,EDGEWOOD WY,0.00,,Y,A,-,N,,,,,,,,,,N,4,0,1,2,A,-,09,21804,A,N,G,B,F,A,H,-,A,D,0,Y,,,,Y,,A,01,0,0,1,0,1,0,0,0,0,- ,- ,34.212501525878906,-119.19223785400391,VENTURA,OXNARD,-119.19225311279297,34.212520599365234
9169297,2020,2020-12-18,5604,2020-10-02,2025,5539,,5,5,6,5604,0,0,0,,0,014,E VINEYARD AV,STROUBE ST,20.00,S,N,A,-,N,,,,,,,,,,N,3,0,1,2,A,-,11,21954,A,N,G,B,D,A,-,-,C,A,0,Y,,,,Y,,N,60,0,1,0,0,1,0,0,0,0,- ,- ,34.236640930175781,-119.16929626464844,VENTURA,OXNARD,-119.16929626464844,34.237194061279297
9169330,2020,2021-03-03,5604,2020-09-25,1023,5490,,5,5,6,5604,0,0,0,,0,021,CHANNEL ISLANDS BL,PENINSULA RD,0.00,,Y,A,-,N,,,,,,,,,,N,3,0,1,2,A,-,05,21650,,N,D,G,A,A,H,-,A,A,0,,Y,,,Y,,L,04,0,1,0,0,0,0,1,0,0,- ,- ,,,VENTURA,OXNARD,-119.22528839111328,34.176101684570312
9169355,2020,2020-10-22,5604,2020-08-31,0556,5608,,1,5,6,5604,0,0,0,,0,032,WESTAR DR,VANGUARD DR,50.00,W,N,A,-,N,,,,,,,,,,N,2,0,1,2,A,-,03,22350,,N,G,B,D,A,H,-,B,D,0,Y,,,,Y,,N,60,1,0,0,0,1,0,0,0,0,- ,- ,34.185638427734375,-119.16325378417969,VENTURA,OXNARD,-119.16172790527344,34.18621826171875
91705842,2022,2022-02-22,9765,2022-02-12,1113,022182,,6,1,9,5600,0,1,3,,1,062,SR-1 (PACIFIC COAST HIGHWAY),SYCAMORE CANYON ROAD,2640.00,N,N,A,-,Y,VEN,,1,,,4.954,H,,R,N,3,0,1,3,A,-,06,21760,C,F,C,6,A,A,H,-,A,D,0,,Y,,,Y,,-,99,0,1,0,0,0,0,1,0,0,- ,- ,34.074440002441406,-119.02057647705078,VENTURA,UNINCORPORATED,-119.02061462402344,34.074405670166016
9170816,2020,2021-01-11,5600,2020-10-21,1640,5467,6025,3,5,3,5602,0,0,0,,0,6B01,CENTRAL AV,SESPE AV,5.00,S,N,A,-,,,,,,,,,,,,4,0,1,2,A,-,10,21950,A,N,G,B,B,A,H,-,A,A,0,Y,,,,Y,,A,01,0,0,1,0,1,0,0,0,0,- ,- ,34.397830963134766,-118.91438293457031,VENTURA,FILLMORE,-118.91374969482422,34.400665283203125
91712573,2022,2022-03-01,9765,2022-02-22,0830,019884,,2,1,6,5608,0,1,3,,2,030,SR-126 E/B (SANTA PAULA FREEWAY),E. MAIN STREET,370.00,E,N,A,-,Y,,,,,,,,,,N,3,0,1,2,D,-,00,,,F,G,B,E,A,H,-,A,D,0,Y,,,,Y,Y,-,- ,0,1,0,0,1,0,0,0,0,- ,- ,34.264381408691406,-119.24138641357422,VENTURA,VENTURA,-119.24196624755859,34.264389038085938
9174268,2020,2021-02-22,5604,2020-12-03,1656,5434,,4,5,6,5604,0,0,0,,0,024,S C ST,MAYWOOD WY,200.00,N,N,A,-,N,,,,,,,,,,N,4,0,1,2,A,-,21,22106,,N,G,B,E,A,H,-,C,A,0,Y,,,,Y,,I,20,0,0,1,0,1,0,0,0,0,- ,- ,34.175968170166016,-119.18125152587891,VENTURA,OXNARD,-119.18131256103516,34.176536560058594
91763616,2022,2022-05-03,9765,2022-03-09,2038,022337,,3,2,6,5608,0,1,3,,2,030,SR-126 E/B (SANTA PAULA FREEWAY),WELLS ROAD,1056.00,W,N,A,-,Y,VEN,,126,,,4.861,H,,R,N,2,0,1,2,A,-,11,21956,A,F,G,B,D,A,H,-,C,D,0,Y,,,,Y,,N,60,1,0,0,0,1,0,0,0,0,- ,- ,34.288150787353516,-119.15869903564453,VENTURA,VENTURA,-119.15869903564453,34.288154602050781
91774778,2022,2022-05-18,9765,2022-05-07,1245,022506,,6,1,6,5608,0,3,5,,2,001,CANADA LARGA ROAD,SR-33,5174.00,E,N,A,-,N,,,,,,,,,,N,3,0,1,2,A,-,08,22107,,N,B,G,A,A,B,-,A,D,0,,Y,,,Y,,L,04,0,1,0,0,0,0,1,0,0,- ,- ,34.345130920410156,-119.27722930908203,VENTURA,VENTURA,-119.27793121337891,34.344692230224609
91797927,2022,2022-06-17,9765,2022-06-09,0655,022318,,4,1,9,5600,0,3,5,,2,002,SANTA ANA BLVD.,APRICOT STREET,0.00,,Y,A,-,N,,,,,,,,,,N,3,0,1,2,A,-,11,21954,A,N,G,B,D,A,H,-,A,D,0,Y,,,,Y,,N,60,0,1,0,0,1,0,0,0,0,- ,- ,34.400318145751953,-119.30108642578125,VENTURA,UNINCORPORATED,-119.30113983154297,34.400348663330078
91813172,2022,2022-07-08,9765,2022-06-26,1337,021999,,7,1,9,5600,0,1,3,,1,012,SR-1 (OLD PACIFIC COAST HIGHWAY),A LEASE CANYON ROAD,5808.00,S,N,A,-,Y,VEN,,1,,,22.773,H,,R,N,2,0,1,2,A,-,08,22107,,F,G,G,A,A,H,-,A,D,0,,Y,,,Y,,A,01,1,0,0,0,0,0,1,0,0,- ,- ,34.307609558105469,-119.35253143310547,VENTURA,UNINCORPORATED,-119.35263061523438,34.307525634765625
9182273,2020,2020-11-20,5604,2020-09-16,1737,5249,,3,5,6,5604,0,0,0,,0,024,WOLFF ST,SAVIERS RD,800.00,W,N,A,-,N,,,,,,,,,,N,4,0,1,2,B,-,22,,,N,G,B,E,A,H,-,A,D,0,Y,,,,Y,,A,01,0,0,1,0,1,0,0,0,0,- ,- ,,,VENTURA,OXNARD,-119.18019104003906,34.188312530517578
91832204,2022,2023-01-20,9765,2022-07-26,2115,022337,,2,2,9,5600,0,1,3,,2,011,SR-33 S/B (OJAI FREEWAY),STANLEY AVENUE,30.00,N,N,A,-,Y,VEN,,33,,,1.582,H,,L,N,2,0,1,2,A,-,00,21960,A,N,G,B,E,A,H,-,C,D,0,Y,,,,Y,Y,-,- ,1,0,0,0,1,0,0,0,0,- ,- ,34.300998687744141,-119.30187225341797,VENTURA,UNINCORPORATED,-119.30184173583984,34.300991058349609
9183746,2020,2020-12-10,5608,2020-10-28,1621,422,VENTU,3,5,6,5608,0,0,0,,0,001,N VENTURA RD,WILLETT ST,300.00,S,N,A,-,N,,,,,,,,,,N,3,0,1,2,A,-,08,22107,,N,B,G,A,A,H,-,A,D,0,,Y,,,Y,,L,04,0,1,0,0,0,0,1,0,0,- ,- ,,,VENTURA,VENTURA,,
91840274,2022,2022-08-15,9765,2022-08-06,2015,022345,,6,2,6,5608,0,3,5,,2,003,PANAMA DRIVE,HOLLYWOOD BLVD.,100.00,N,N,A,-,N,,,,,,,,,,N,3,0,1,2,A,-,11,21954,A,F,G,B,E,A,H,-,A,D,0,Y,,,,Y,,N,60,0,1,0,0,1,0,0,0,0,- ,- ,34.159900665283203,-119.21949768066406,VENTURA,VENTURA,-119.21940612792969,34.159839630126953
91841240,2022,2022-08-16,9770,2022-06-13,2255,021909,,1,3,6,5609,0,1,3,,2,082,SR-118 W/B (RONALD REAGAN FREEWAY) TO SYCAMORE DRI,SYCAMORE DRIVE,958.00,E,N,A,-,Y,VEN,,118,,R,26.016,H,,L,N,1,1,0,2,A,-,11,21954,A,N,G,B,E,A,H,-,C,D,0,Y,,,,Y,,N,60,0,0,0,1,0,0,0,0,0,- ,- ,34.282558441162109,-118.74053192138672,VENTURA,SIMI VALLEY,-118.74053192138672,34.282424926757812
9184210,2020,2020-12-14,5600,2020-10-10,0937,5008,8003,6,5,5,5601,0,0,0,,0,8A01,CAMINO TIERRA SANTA,CORTE LA CIENEGA,0.00,,Y,B,-,,,,,,,,,,,,3,0,1,2,A,-,10,21950,A,N,G,B,B,A,H,-,A,A,0,Y,,,,Y,,A,01,0,1,0,0,1,0,0,0,0,- ,- ,34.225978851318359,-119.09243774414062,VENTURA,CAMARILLO,-119.08921051025391,34.227348327636719
9184216,2020,2020-12-14,5600,2020-10-28,1150,597XH,6025,3,5,3,5602,0,0,0,,0,6B01,BARD ST,SARATOGA ST,300.00,E,N,A,-,N,,,,,,,,,,N,3,0,1,2,A,-,09,21802,A,N,D,G,A,A,H,-,A,D,0,,Y,,,Y,,L,04,0,1,0,0,0,0,1,0,0,- ,- ,,,VENTURA,FILLMORE,-118.91094207763672,34.403812408447266
91851913,2022,2022-08-29,9765,2022-08-19,2335,022518,,5,3,6,5608,0,1,2,,1,104,US-101 NB (VENTURA FREEWAY),MONMOUTH WAY,148.00,N,N,A,-,Y,VEN,,101,,,28.724,H,,R,N,2,0,1,2,A,-,00,21960,A,N,G,B,D,A,H,-,C,D,0,Y,,,,Y,,N,60,1,0,0,0,1,0,0,0,0,- ,- ,34.268459320068359,-119.27162933349609,VENTURA,VENTURA,-119.27165222167969,34.268451690673828
9185421,2020,2020-12-11,5604,2020-09-15,0512,5472,,2,5,6,5604,0,0,0,,0,042,PLEASANT VALLEY RD,CLOYNE ST,0.00,,Y,A,-,N,,,,,,,,,,N,4,0,1,2,A,-,10,21950,A,F,G,B,B,A,H,-,C,A,0,Y,,,,Y,,-,99,0,0,1,0,1,0,0,0,0,- ,- ,34.155059814453125,-119.17331695556641,VENTURA,OXNARD,-119.17299652099609,34.154720306396484
91857611,2022,2022-09-06,9770,2022-08-25,1810,020641,,4,2,9,5600,0,3,5,,2,005,CITRUS DRIVE,HITCH BOULEVARD,800.00,W,N,A,-,N,,,,,,,,,,N,2,0,1,2,A,-,03,22350,,N,B,G,A,A,H,-,B,D,0,,Y,Y,,Y,Y,C,03,1,0,0,0,0,0,1,0,0,- ,- ,34.265510559082031,-118.91803741455078,VENTURA,UNINCORPORATED,-118.91794586181641,34.265472412109375
91870647,2022,2022-09-22,9770,2022-09-11,1952,020169,,7,2,9,5600,0,2,4,,2,079,KANAN ROAD,SMOKETREE,13.00,N,N,A,-,N,,,,,,,,,,Y,2,0,2,3,A,-,12,21453,A,N,G,B,B,A,H,-,C,A,0,Y,,,,Y,,A,01,2,0,0,0,2,0,0,0,0,- ,- ,34.175029754638672,-118.75919342041016,VENTURA,UNINCORPORATED,-118.75933837890625,34.174915313720703
9187111,2020,2021-01-06,5609,2020-10-26,1458,497,,1,5,6,5609,0,0,0,,0,004,TRACY AV,COCHRAN ST,12.00,S,N,B,-,N,,,,,,,,,,N,4,0,1,2,A,-,12,21453,A,F,G,B,B,A,H,-,A,A,0,Y,,,,Y,,D,22,0,0,1,0,1,0,0,0,0,- ,- ,34.278961181640625,-118.72360229492188,VENTURA,SIMI VALLEY,-118.72362518310547,34.278987884521484
9187257,2020,2021-02-03,5608,2020-11-14,1548,496,,6,5,6,5608,0,0,0,,0,003,TELEGRAPH RD,CROCKER AV,0.00,,Y,A,-,N,,,,,,,,,,N,3,0,1,2,A,-,09,21801,A,N,D,G,A,A,H,-,A,A,0,,Y,,,Y,,A,01,0,1,0,0,0,0,1,0,0,- ,- ,,,VENTURA,VENTURA,-119.19046783447266,34.281589508056641
9187832,2020,2021-01-06,5608,2020-10-30,0140,472,,5,5,6,5608,0,0,0,,0,002,HARBOR BL,HARBOR BL 2997,0.00,,N,A,-,N,,,,,,,,,,Y,4,0,1,3,A,-,13,22515,A,F,B,B,E,A,H,-,C,D,0,Y,,,,Y,,A,01,0,0,1,0,1,0,0,0,0,- ,- ,34.1709,-119.2306,VENTURA,VENTURA,,
9188610,2020,2021-02-03,5604,2020-11-06,1451,5555,,5,5,6,5604,0,0,0,,0,022,S VENTURA RD,W 7TH ST W,0.00,,Y,B,-,N,,,,,,,,,,N,3,0,1,2,A,-,10,21950,A,N,G,B,B,A,H,-,A,A,0,Y,,,,Y,,A,01,0,1,0,0,1,0,0,0,0,- ,- ,,,VENTURA,OXNARD,-119.19490051269531,34.195140838623047
9188619,2020,2021-02-03,5608,2020-11-02,1746,5249,,1,5,6,5608,0,0,0,,0,024,W CHANNEL ISLANDS BL,S VENTURA RD S,0.00,,Y,A,-,N,,,,,,,,,,N,3,0,1,2,A,-,11,21453,D,N,G,B,B,A,H,-,C,A,0,Y,,,,Y,,N,60,0,1,0,0,1,0,0,0,0,- ,- ,,,VENTURA,VENTURA,-119.19490814208984,34.175701141357422
91892585,2022,2022-10-18,9765,2022-09-08,1935,022453,,4,2,9,5600,0,1,3,,1,062,STATE ROUTE 1 (PACIFIC COAST HIGHWAY),LOS ANGELES COUNTY LINE,1816.80,N,N,A,-,Y,VEN,,1,,,0.334,H,,R,N,1,1,0,2,A,-,11,21954,A,N,G,B,E,A,H,-,D,D,0,Y,,,,Y,,N,60,0,0,0,1,0,0,0,0,0,- ,- ,34.048458099365234,-118.95002746582031,VENTURA,UNINCORPORATED,-118.95004272460938,34.048427581787109
9189400,2020,2020-12-15,5604,2020-09-13,1947,5181,,7,5,6,5604,0,0,0,,0,032,GISLER AV,MAPLE ST,10.00,N,N,A,-,N,,,,,,,,,,N,4,0,1,2,A,-,03,22350,,F,C,G,A,A,H,-,C,A,0,,Y,,,Y,,A,01,0,0,1,0,0,0,1,0,0,- ,- ,34.176498413085938,-119.1722412109375,VENTURA,OXNARD,-119.1722412109375,34.176548004150391
9190471,2020,2020-12-09,5604,2020-11-19,1053,5210,,4,5,6,5604,0,0,0,,0,023,5TH ST,OXFORD BL,50.00,W,N,A,-,N,,,,,,,,,,N,4,0,1,2,A,-,09,21804,A,N,D,G,A,A,H,-,A,A,0,,Y,,,Y,,L,04,0,0,1,0,0,0,1,0,0,- ,- ,,,VENTURA,OXNARD,-119.17762999999999,34.197678000000003
91906830,2022,2022-11-01,9765,2022-10-25,1650,022083,,2,2,9,5600,0,3,5,,2,006,RICE AVENUE,HUENEME ROAD,500.00,N,N,A,-,N,,,,,,,,,,N,2,0,1,2,A,-,08,22107,,F,B,G,A,A,H,-,A,D,0,,Y,,,Y,,-,99,1,0,0,0,0,0,1,0,0,- ,- ,34.149028778076172,-119.13680267333984,VENTURA,UNINCORPORATED,-119.136962890625,34.148532867431641
91911209,2022,2022-11-07,9765,2022-10-23,0510,018884,,7,3,6,5608,0,1,3,,2,030,SR-126 EB FROM VICTORIA AVE NB,VICTORIA AVENUE O/C,380.00,E,N,A,-,Y,VEN,,126,,,1.536,H,,R,N,2,0,1,2,A,-,00,21960,A,N,G,B,D,A,H,-,D,D,0,Y,,,,Y,,N,60,1,0,0,0,1,0,0,0,0,- ,- ,34.271358489990234,-119.212158203125,VENTURA,VENTURA,-119.21217346191406,34.271476745605469
9192947,2020,2020-12-21,5604,2020-11-07,1758,5415,,6,5,6,5604,0,0,0,,0,012,RT 232,N OXNARD BL N,0.00,,Y,A,-,N,,,232,,,,,,,N,3,0,1,2,A,-,11,21950,B,N,G,B,B,A,H,-,C,A,0,Y,,,,Y,,N,60,0,1,0,0,1,0,0,0,0,- ,- ,34.226509094238281,-119.17733001708984,VENTURA,OXNARD,-119.17738342285156,34.226581573486328
9194080,2020,2021-02-16,5604,2020-12-05,0529,5474,,6,5,6,5604,0,0,0,,0,021,SOUTH VICTORIA AV,W HEMLOCK ST W,0.00,,Y,A,-,N,,,,,,,,,,N,4,0,1,2,A,-,11,21954,A,N,G,G,A,A,H,-,C,A,0,,Y,,,Y,,L,04,0,0,1,0,0,0,1,0,0,- ,- ,34.181331634521484,-119.22164916992188,VENTURA,OXNARD,-119.22168731689453,34.181320190429688
91951162,2022,2022-12-23,9765,2022-12-08,2215,022461,,4,3,9,5600,0,3,5,,2,003,SANTA CRUZ AVENUE,OCEAN DRIVE,20.00,E,N,A,-,N,,,,,,,,,,N,4,0,1,2,A,-,21,22106,,N,G,B,E,A,H,-,C,D,0,Y,,,,Y,Y,D,22,0,0,1,0,1,0,0,0,0,- ,- ,34.160060882568359,-119.22550964355469,VENTURA,UNINCORPORATED,-119.22552490234375,34.160049438476562
9196018,2020,2021-02-02,5604,2020-11-15,0906,5608,,7,5,6,5604,0,0,0,,0,031,N BONITA AV,COLONIA RD,0.00,,Y,A,-,N,,,,,,,,,,Y,2,0,1,2,A,-,10,21950,A,F,G,B,D,A,H,-,A,D,0,Y,,,,Y,Y,A,07,1,0,0,0,1,0,0,0,0,- ,- ,34.206401824951172,-119.17048645019531,VENTURA,OXNARD,-119.17063140869141,34.206409454345703
9196736,2020,2021-02-02,5600,2020-11-29,1805,3147,9150,7,5,6,5607,0,0,0,,0,9G01,WILLOW LN,FAIRVIEW RD,6.00,E,N,A,-,N,,,,,,,,,,N,4,0,1,2,A,-,10,21950,A,N,G,B,D,A,H,-,C,A,0,Y,,,,Y,,A,01,0,0,1,0,1,0,0,0,0,- ,- ,34.166069030761719,-118.83954620361328,VENTURA,THOUSAND OAKS,-118.839599609375,34.166088104248047
91969562,2023,2023-01-17,9765,2023-01-06,1230,022992,,5,1,9,5600,0,1,3,,1,021,SR-33 (MARICOPA HIGHWAY),NORDHOFF RIDGE ROAD,7128.00,N,N,A,-,Y,VEN,,33, , ,18.960,H,,R,N,3,0,1,2,A,-,08,22107,,F,B,G,A,A,H,-,A,D,0,,Y,,,Y,,-,99,0,1,0,0,0,0,1,0,0,- ,- ,34.508510589599609,-119.27471923828125,VENTURA,UNINCORPORATED,-119.27471160888672,34.508502960205078
9197098,2020,2020-12-24,5604,2020-10-29,2121,5534,,4,5,6,5604,0,0,0,,0,023,C ST,4TH ST,100.00,S,N,A,-,N,,,,,,,,,,N,4,0,1,2,A,-,11,21954,A,F,G,B,D,A,H,-,C,D,0,Y,,,,Y,Y,N,60,0,0,1,0,1,0,0,0,0,- ,- ,34.198238372802734,-119.18128967285156,VENTURA,OXNARD,-119.18109893798828,34.198734283447266
91974683,2023,2023-01-23,9770,2023-01-17,1555,019849,,2,2,6,5607,0,1,2,,2,074,US-101 N/B (VENTURA FREEWAY),HAMPSHIRE ROAD,5.00,N,N,A,-,Y,,,,,,,,,,N,3,0,1,2,A,-,05,21651,B,N,D,G,A,A,H,-,B,A,0,,Y,,,Y,,L,04,0,1,0,0,0,0,1,0,0,- ,- ,34.166751861572266,-118.83772277832031,VENTURA,THOUSAND OAKS,-118.83800506591797,34.166328430175781