CASE_ID,ACCIDENT_YEAR,PROC_DATE,JURIS,COLLISION_DATE,COLLISION_TIME,OFFICER_ID,REPORTING_DISTRICT,DAY_OF_WEEK,CHP_SHIFT,POPULATION,CNTY_CITY_LOC,SPECIAL_COND,BEAT_TYPE,CHP_BEAT_TYPE,CITY_DIVISION_LAPD,CHP_BEAT_CLASS,BEAT_NUMBER,PRIMARY_RD,SECONDARY_RD,DISTANCE,DIRECTION,INTERSECTION,WEATHER_1,WEATHER_2,STATE_HWY_IND,CALTRANS_COUNTY,CALTRANS_DISTRICT,STATE_ROUTE,ROUTE_SUFFIX,POSTMILE_PREFIX,POSTMILE,LOCATION_TYPE,RAMP_INTERSECTION,SIDE_OF_HWY,TOW_AWAY,COLLISION_SEVERITY,NUMBER_KILLED,NUMBER_INJURED,PARTY_COUNT,PRIMARY_COLL_FACTOR,PCF_CODE_OF_VIOL,PCF_VIOL_CATEGORY,PCF_VIOLATION,PCF_VIOL_SUBSECTION,HIT_AND_RUN,TYPE_OF_COLLISION,MVIW,PED_ACTION,ROAD_SURFACE,ROAD_COND_1,ROAD_COND_2,LIGHTING,CONTROL_DEVICE,CHP_ROAD_TYPE,PEDESTRIAN_ACCIDENT,BICYCLE_ACCIDENT,MOTORCYCLE_ACCIDENT,TRUCK_ACCIDENT,NOT_PRIVATE_PROPERTY,ALCOHOL_INVOLVED,STWD_VEHTYPE_AT_FAULT,CHP_VEHTYPE_AT_FAULT,COUNT_SEVERE_INJ,COUNT_VISIBLE_INJ,COUNT_COMPLAINT_PAIN,COUNT_PED_KILLED,COUNT_PED_INJURED,COUNT_BICYCLIST_KILLED,COUNT_BICYCLIST_INJURED,COUNT_MC_KILLED,COUNT_MC_INJURED,PRIMARY_RAMP,SECONDARY_RAMP,LATITUDE,LONGITUDE,COUNTY,CITY,POINT_X,POINT_Y
91976606,2023,2023-01-25,9765,2023-01-13,1245,017253,,5,1,9,5600,0,1,3,,1,020,SR-33 (N. VENTURA AVE),RANCH ROAD,80.00,N,N,B,-,Y,VEN,,33, , ,6.610,H,,R,N,3,0,1,2,A,-,11,21954,A,F,G,B,D,A,H,-,A,D,0,Y,,,,Y,,N,60,0,1,0,0,1,0,0,0,0,- ,- ,34.366241455078125,-119.30641174316406,VENTURA,UNINCORPORATED,-119.30633544921875,34.366245269775391
9197673,2020,2021-01-20,5604,2020-11-01,1230,5530,,7,5,6,5604,0,0,0,,0,022,ENSIGN PL,NEW HAVEN PL,100.00,N,N,A,-,N,,,,,,,,,,N,4,0,1,2,A,-,05,21650,1,N,A,G,A,A,H,-,A,D,0,,Y,,,Y,,L,04,0,0,1,0,0,0,1,0,0,- ,- ,34.19403076171875,-119.20744323730469,VENTURA,OXNARD,-119.20730590820312,34.194595336914062
9197681,2020,2021-01-12,5608,2020-11-22,1356,532,,7,5,6,5608,0,0,0,,0,001,EL MEDIO ST,NORTH VENTURA AV,281.00,W,N,A,-,N,,,,,,,,,,N,2,0,1,2,A,-,03,22350,,N,G,B,E,A,H,-,A,D,0,Y,,,,Y,,A,01,1,0,0,0,1,0,0,0,0,- ,- ,,,VENTURA,VENTURA,,
9200398,2020,2021-02-23,5604,2020-12-09,1504,5490,,3,5,6,5604,0,0,0,,0,012,GONZALES RD,SNOW AV,0.00,,Y,A,-,N,,,,,,,,,,N,4,0,3,3,A,-,10,21950,A,N,D,B,B,A,H,-,A,A,0,Y,Y,,,Y,,A,01,0,0,3,0,1,0,1,0,0,- ,- ,,,VENTURA,OXNARD,-119.16536712646484,34.219039916992188
9202456,2020,2021-02-16,5608,2020-12-10,1600,439,,4,5,6,5608,0,0,0,,0,003,VARSITY ST,DEAN DR,30.00,S,N,A,-,N,,,,,,,,,,N,3,0,1,2,A,-,10,21950,,N,G,B,C,A,H,-,A,D,0,Y,,,,Y,,A,01,0,1,0,0,1,0,0,0,0,- ,- ,,,VENTURA,VENTURA,,
9202458,2020,2021-02-16,5608,2020-12-02,1809,503,,3,5,6,5608,0,0,0,,0,002,E MAIN ST,SOUTH MILLS RD,10.00,E,N,A,-,N,,,,,,,,,,N,4,0,1,2,A,-,08,22107,,N,H,G,A,A,H,-,C,A,0,,Y,,,Y,,-,,0,0,1,0,0,0,1,0,0,- ,- ,,,VENTURA,VENTURA,-119.24601745605469,34.265052795410156
9204026,2020,2021-02-11,5604,2020-12-01,1733,5614,,2,5,6,5604,0,0,0,,0,011,C ST,DEVONSHIRE DR,50.00,N,N,A,-,N,,,,,,,,,,N,2,0,1,2,A,-,11,21954,A,N,G,B,D,A,H,-,C,D,0,Y,,,,Y,,N,60,1,0,0,0,1,0,0,0,0,- ,- ,34.211570739746094,-119.18093872070312,VENTURA,OXNARD,-119.18093109130859,34.211715698242188
9204335,2020,2021-01-08,5604,2020-10-24,1915,5567,,6,5,6,5604,0,0,0,,0,022,C ST,WOOLEY RD,50.00,N,N,A,-,N,,,,,,,,,,N,2,0,1,2,-,-,- ,,,F,C,G,A,A,H,-,C,A,0,,Y,,,Y,,-,,1,0,0,0,0,0,1,0,0,- ,- ,34.216350555419922,-119.15589904785156,VENTURA,OXNARD,-119.18119049072266,34.190288543701172
9206442,2020,2021-02-12,5608,2020-12-07,1522,495,,1,5,6,5608,0,0,0,,0,004,SOUTH VICTORIA AV,RALSTON ST,0.00,,Y,A,-,N,,,,,,,,,,N,3,0,1,2,A,-,09,21801,A,N,A,G,A,A,H,-,A,A,0,,Y,,,Y,,A,01,0,1,0,0,0,0,1,0,0,- ,- ,,,VENTURA,VENTURA,-119.21164703369141,34.261058807373047
92065201,2023,2023-05-09,9765,2023-05-03,742 ,021349,,3,1,6,5604,0,1,3,,2,063,RICE AVE E/B,US-101 S/B,0.00,,Y,A,-,Y,,,,,,,,,,N,4,0,1,2,A,-,08,22107,,N,D,G,A,A,H,-,A,D,0,,Y,,,Y,,A,01,0,0,1,0,0,0,1,0,0,- ,- ,34.222148895263672,-119.14212799072266,VENTURA,OXNARD,-119.14239501953125,34.222507476806641
92106995,2023,2023-06-30,9765,2023-06-26,1430,020353,,1,2,9,5600,0,3,5,,2,002,EL ROBLAR DRIVE,LOMITA AVENUE,0.00,,Y,A,-,N,,,,,,,,,,N,4,0,1,2,A,-,09,21802,A,N,D,G,A,A,H,-,A,A,0,,Y,,,Y,,A,01,0,0,1,0,0,0,1,0,0,- ,- ,34.448440551757812,-119.27632904052734,VENTURA,UNINCORPORATED,-119.27631378173828,34.448490142822266
92109561,2023,2023-07-05,9765,2023-02-03,1910,022518,,5,2,9,5600,0,1,3,,1,020,SR-33 (N. VENTURA AVE),SHORT STREET,32.00,S,N,A,-,Y,VEN,,33, , ,8.688,H,,R,N,1,1,0,2,A,-,11,21954,A,N,G,B,D,D,H,-,D,D,0,Y,,,,Y,,N,60,0,0,0,1,0,0,0,0,0,- ,- ,34.395538330078125,-119.30016326904297,VENTURA,UNINCORPORATED,-119.30001831054688,34.395500183105469
9211690,2020,2022-06-14,5600,2020-08-07,1856,3469,1002,5,5,2,5603,0,0,0,,0,1A01,CUYAMA RD,DEL NORTE RD,390.00,W,N,A,-,N,,,,,,,,,,Y,1,1,0,2,A,-,11,21954,A,N,G,B,A,A,H,-,A,D,0,,Y,,,Y,Y,L,04,0,0,0,0,0,1,0,0,0,- ,- ,,,VENTURA,OJAI,-119.26160430908203,34.444881439208984
9212061,2020,2021-01-14,5600,2020-11-22,1730,020641,,7,5,4,5690,0,0,0,,0,,SPRING RD,FLINN AV,14.00,S,N,A,-,N,,,,,,,,,,N,3,0,1,2,A,-,17,21451,A,N,G,B,B,A,H,-,C,A,0,Y,,,,Y,,J,48,0,1,0,0,1,0,0,0,0,- ,- ,34.282718658447266,-118.87477111816406,VENTURA,MOORPARK,-118.87471771240234,34.282779693603516
9214002,2020,2021-02-20,5604,2020-12-22,1804,5561,,2,5,6,5604,0,0,0,,0,024,S C ST,GUAVA ST,20.00,N,N,A,-,N,,,,,,,,,,N,4,0,1,2,A,-,05,21650,1,N,D,G,A,A,H,-,C,D,0,,Y,,,Y,,L,04,0,0,1,0,0,0,1,0,0,- ,- ,34.181919097900391,-119.18126678466797,VENTURA,OXNARD,-119.18128204345703,34.182014465332031
92140542,2023,2023-08-10,9765,2023-08-02,2035,020353,,3,2,6,5608,0,1,3,,1,012,SR-1 (PACIFIC COASY HIGHWAY),HOBSON ROAD,3100.00,S,N,A,-,N,,,,,,,,,,N,3,0,1,2,A,-,21,22106,,M,G,B,E,A,H,-,D,D,0,Y,,,,Y,,-,99,0,1,0,0,1,0,0,0,0,- ,- ,34.330329895019531,-119.39988708496094,VENTURA,VENTURA,-119.41151428222656,34.338333129882812
92146765,2023,2023-08-17,9765,2023-08-07,2040,022472,,1,2,9,5600,0,3,5,,2,002,W. LOMITA AVENUE,TICO ROAD,0.00,,Y,A,-,N,,,,,,,,,,N,3,0,1,2,A,-,09,21801,A,N,D,G,A,A,H,-,C,A,0,,Y,,,Y,,-,- ,0,1,0,0,0,0,1,0,0,- ,- ,34.44342041015625,-119.28160095214844,VENTURA,UNINCORPORATED,-119.281494140625,34.443439483642578
92167980,2023,2023-09-12,9765,2023-09-05,805 ,017253,,2,1,9,5600,0,1,3,,1,020,SR-33 (N VENTURA AVE),LOMA DRIVE,0.00,,Y,A,-,Y,VEN,,150, , ,15.025,H,,R,N,3,0,1,2,A,-,11,21456,B,N,D,6,A,A,H,-,A,A,0,,Y,,,Y,,L,04,0,1,0,0,0,0,1,0,0,- ,- ,34.432380676269531,-119.28012084960938,VENTURA,UNINCORPORATED,-119.28010559082031,34.432300567626953
9216866,2021,2021-03-12,5608,2021-01-01,1144,506,,5,5,6,5608,0,0,0,,0,003,TELEPHONE RD,KIMBALL  RD,10.00,W,N,A,-,N,,,,,,,,,,N,3,0,1,2,A,-,06,21755,A,N,D,G,A,A,H,-,A,A,0,,Y,,,Y,,L,04,0,1,0,0,0,0,1,0,0,- ,- ,,,VENTURA,VENTURA,-119.18869018554688,34.268867492675781
9216869,2021,2021-03-10,5608,2021-01-18,1715,522,,1,5,6,5608,0,0,0,,0,002,PIERPONT BL,PITTSFIELD LN,5.00,E,N,A,-,N,,,,,,,,,,N,3,0,1,2,A,-,08,22107,,N,D,G,A,A,H,-,B,D,0,,Y,,,Y,,A,01,0,1,0,0,0,0,1,0,0,- ,- ,,,VENTURA,VENTURA,-119.27127075195312,34.263229370117188
9217156,2020,2021-03-16,5600,2020-01-15,0750,5150,,3,5,5,5601,0,0,0,,0,,CHARTER OAK DR,LAS POSAS RD,20.00,N,N,A,-,N,,,,,,,,,,N,3,0,1,2,A,-,10,21950,A,N,G,B,B,A,H,-,A,A,0,Y,,,,Y,,A,01,0,1,0,0,1,0,0,0,0,- ,- ,34.237190246582031,-119.03614807128906,VENTURA,CAMARILLO,-119.03623962402344,34.237323760986328
9219216,2020,2021-02-19,5604,2020-12-20,1800,5454,,7,5,6,5604,0,0,0,,0,042,E ROSE AV,PLEASANT AV,30.00,S,N,A,-,N,,,,,,,,,,N,4,0,1,2,A,-,11,21955,,N,G,B,E,A,H,-,C,D,0,Y,,,,Y,Y,N,60,0,0,1,0,1,0,0,0,0,- ,- ,34.157928466796875,-119.15944671630859,VENTURA,OXNARD,-119.159531,34.157885
92200707,2023,2023-10-17,9765,2023-10-07,930 ,017253,,6,1,9,5600,0,3,5,,2,002,W. EL ROBLAR DRIVE,N.  LOMITA AVE,55.00,W,N,A,-,N,,,,,,,,,,N,3,0,1,2,A,-,21,22106,,N,C,6,A,A,H,-,A,D,0,,Y,,,Y,,D,22,0,1,0,0,0,0,1,0,0,- ,- ,34.448589324951172,-119.27655029296875,VENTURA,UNINCORPORATED,-119.27648162841797,34.448535919189453
92204069,2023,2023-10-19,9770,2023-10-10,815 ,017662,,2,1,6,5607,0,1,3,,2,077,SR-23 S/B FROM E/B AVENIDA DE LOS ARBOLES,SR-23,175.00,W,N,A,-,Y,,,,,,,,,,N,4,0,1,2,A,-,10,21950,A,N,B,B,B,A,H,-,A,A,0,Y,,,,Y,,A,01,0,0,1,0,1,0,0,0,0,- ,- ,34.211528778076172,-118.85005187988281,VENTURA,THOUSAND OAKS,-118.85005187988281,34.211528778076172
9220521,2021,2021-03-13,5604,2021-01-12,2225,4950,,2,5,6,5604,0,0,0,,0,032,S OXNARD BL,SAVIER S RD,500.00,S,N,A,-,N,,,,,,,,,,Y,4,0,1,2,A,-,01,23153,A,N,G,G,A,A,H,-,C,D,0,,Y,,,Y,Y,A,01,0,0,1,0,0,0,1,0,0,- ,- ,34.188861846923828,-119.1759033203125,VENTURA,OXNARD,-119.17641448974609,34.188945770263672
9220523,2021,2021-03-13,5604,2021-01-15,1419,5623,,5,5,6,5604,0,0,0,,0,012,MILAGRO PL,GIBRALTER ST,0.00,,Y,A,-,N,,,,,,,,,,N,4,0,1,2,A,-,09,21802,A,N,D,G,A,A,H,-,A,A,0,,Y,,,Y,,A,01,0,0,1,0,0,0,1,0,0,- ,- ,,,VENTURA,OXNARD,-119.15309906005859,34.211917877197266
9221357,2021,2021-02-11,5604,2021-01-07,1740,5018,,4,5,6,5604,0,0,0,,0,014,RT 232,SYCAMORE ST,25.00,N,N,A,-,Y,VEN,7,232,-,-,0.770,H,-,N,N,3,0,1,2,A,-,05,21650,1,N,A,G,A,A,H,-,C,D,0,,Y,,,Y,Y,L,04,0,1,0,0,0,0,1,0,0,- ,- ,34.235710144042969,-119.17038726806641,VENTURA,OXNARD,-119.17031097412109,34.235889434814453
9221587,2021,2021-03-05,5600,2021-02-03,1015,1936,9174,3,5,6,5607,0,0,0,,0,9D01,WESTLAKE BL,TRIUNFO CANYON RD,29.00,N,N,A,-,Y,VEN,7,23,-,R,2.290,H,-,N,N,4,0,1,2,A,-,08,22107,,N,H,G,A,A,H,-,A,D,0,,Y,,,Y,,A,01,0,0,1,0,0,0,1,0,0,- ,- ,34.149478912353516,-118.83891296386719,VENTURA,THOUSAND OAKS,-118.83839416503906,34.149551391601562
92242253,2023,2023-11-22,9765,2023-11-20,1820,022318,,1,2,9,5600,0,3,5,,2,006,CHANNEL ISLANDS BLVD,RICE AVENUE,556.00,W,N,A,-,N,,,,,,,,,,N,2,0,1,2,A,-,11,21954,A,N,G,B,D,A,H,-,D,D,0,Y,,,,Y,,N,60,1,0,0,0,1,0,0,0,0,- ,- ,34.173160552978516,-119.14466094970703,VENTURA,UNINCORPORATED,-119.14449310302734,34.173191070556641
9224275,2021,2021-03-24,5600,2021-02-15,1254,4691,9126,1,5,6,5607,0,0,0,,0,9H01,HILLCREST DR,LAWRENCE DR,0.00,,Y,A,-,N,,,,,,,,,,N,2,0,1,2,A,-,05,21202,A,N,D,G,A,A,H,-,A,A,0,,Y,,,Y,,L,04,1,0,0,0,0,0,1,0,0,- ,- ,34.186519622802734,-118.92997741699219,VENTURA,THOUSAND OAKS,-118.92990112304688,34.186447143554688
92243296,2023,2023-11-23,9765,2023-11-11,1220,017253,,6,1,9,5600,0,3,5,,2,001,SR-1 N/B,STATE BEACH ACCESS ROAD,0.00,,Y,A,-,Y,VEN,,1, , ,21.807,H,,R,N,3,0,1,2,A,-,05,21650,,N,D,G,A,A,H,-,A,A,0,,Y,,,Y,,L,04,0,1,0,0,0,0,1,0,0,- ,- ,34.295379638671875,-119.34114074707031,VENTURA,UNINCORPORATED,-119.34107208251953,34.29541015625
92246273,2023,2023-11-28,9765,2023-11-21,830 ,019277,,2,1,9,5600,0,1,3,,1,012,SR-1 (OLD PACIFIC COAST HIGHWAY),MOBIL PIER RD.,6864.00,S,N,A,-,Y,VEN,,1, , ,27.138,H,,R,N,3,0,2,3,A,-,08,22107,,N,F,G,A,A,H,-,A,D,0,,Y,,,Y,,L,04,0,1,1,0,0,0,2,0,0,- ,- ,34.337448120117188,-119.4102783203125,VENTURA,UNINCORPORATED,-119.41024780273438,34.337490081787109
9225742,2020,2021-03-03,5604,2020-12-17,1653,5311,,4,5,6,5604,0,0,0,,0,023,S A ST,W 3RD ST W,0.00,,Y,A,-,N,,,,,,,,,,N,4,0,1,2,A,-,09,21802,A,N,G,G,A,A,H,-,B,A,0,,Y,,,Y,,L,04,0,0,1,0,0,0,1,0,0,- ,- ,34.200950622558594,-119.17888641357422,VENTURA,OXNARD,-119.17855834960938,34.200351715087891
92275120,2023,2023-12-29,9765,2023-07-17,2114,022872,,1,2,9,5600,0,1,2,,2,103,US-101 S/B (VENTURA FWY),AMPHITHEATER RD,2640.00,S,N,A,-,Y,VEN,,101, ,R,34.114,H,,L,Y,1,1,0,2,A,-,11,21956,A,N,G,B,E,A,H,-,D,D,0,Y,,,,Y,,N,60,0,0,0,1,0,0,0,0,0,- ,- ,34.306331634521484,-119.34919738769531,VENTURA,UNINCORPORATED,-119.34916687011719,34.306354522705078
92281671,2024,2024-01-08,9765,2024-01-01,1405,021015,,1,2,9,5600,0,3,5,,2,005,WILL AVENUE (900 BLOCK),GEORGE STREET,318.00,N,N,A,-,N,,,,,,,,,,N,2,0,1,2,A,-,21,22106,,N,G,B,E,A,H,-,A,D,0,Y,,,,Y,,A,01,1,0,0,0,1,0,0,0,0,- ,- ,34.238361358642578,-119.15431213378906,VENTURA,UNINCORPORATED,-119.15424346923828,34.238365173339844
92289186,2024,2024-01-17,9770,2024-01-08,605 ,023147,,1,1,9,5600,0,1,3,,1,044,SR-126 W/B (EAST TELEGRAPH ROAD),MAIN STREET,308.00,W,N,A,-,N,,,,,,,,,,N,3,0,1,2,A,-,13,22515,A,N,G,B,F,A,H,-,A,D,0,Y,,,,Y,,A,07,0,1,0,0,1,0,0,0,0,- ,- ,34.404788970947266,-118.79560089111328,VENTURA,UNINCORPORATED,-118.79553985595703,34.404674530029297
9228919,2020,2021-03-15,5600,2020-12-16,0946,3924,5106,3,5,4,5690,0,0,0,,0,2A01,MOORPARK AV,2ND ST,126.00,S,N,A,-,Y,VEN,7,23,-,R,13.190,H,-,S,N,3,0,1,2,B,-,22,,,N,H,G,A,A,H,-,A,D,0,,Y,,Y,Y,,L,04,0,1,0,0,0,0,1,0,0,- ,- ,34.282958984375,-118.88211822509766,VENTURA,MOORPARK,-118.88213348388672,34.282695770263672
9230070,2021,2021-03-24,5600,2021-02-03,1753,2913,9154,3,5,6,5607,0,0,0,,0,9G01,LOS FELIZ DR,WHITESIDE PL,116.00,W,N,A,-,N,,,,,,,,,,N,4,0,1,2,A,-,21,22106,,N,G,B,F,A,H,-,C,D,0,Y,,,,Y,,A,07,0,0,1,0,1,0,0,0,0,- ,- ,34.172168731689453,-118.84462738037109,VENTURA,THOUSAND OAKS,-118.84084320068359,34.175739288330078
92305435,2023,2024-02-05,9765,2023-07-21,2305,022296,,5,3,9,5600,0,1,2,,2,502,US-101 N/B (VENTURA FREEWAY),CENTRAL AVENUE,2394.00,N,N,A,-,Y,VEN,,101, , ,18.133,H,,R,N,1,1,0,2,A,-,11,21954,A,N,G,B,E,A,H,-,D,D,0,Y,,,Y,Y,,N,60,0,0,0,1,0,0,0,0,0,- ,- ,34.222129821777344,-119.10999298095703,VENTURA,UNINCORPORATED,-119.10999298095703,34.222114562988281
9232344,2021,2021-03-24,5608,2021-02-05,1302,515,,5,5,6,5608,0,0,0,,0,001,META ST,LAUREL ST,0.00,,Y,A,-,N,,,,,,,,,,N,3,0,1,2,A,-,12,22450,,N,D,G,A,A,H,-,A,A,0,,Y,,,Y,,L,04,0,1,0,0,0,0,1,0,0,- ,- ,,,VENTURA,VENTURA,-119.28546905517578,34.278354644775391
9233240,2021,2021-03-22,5600,2021-02-04,1737,4965,8006,4,5,5,5601,0,0,0,,0,8A01,PLAZA LA VISTA,CAMARILLO CENTER DR,12.00,S,N,A,-,N,,,,,,,,,,N,3,0,1,2,A,-,10,21950,A,N,G,B,D,A,H,-,B,A,0,Y,,,,Y,,A,01,0,1,0,0,1,0,0,0,0,- ,- ,34.215248107910156,-119.06040954589844,VENTURA,CAMARILLO,-119.0604248046875,34.215305328369141
9233881,2021,2021-03-26,5604,2021-02-11,1429,5242,,4,5,6,5604,0,0,0,,0,023,C ST,5TH ST,6.00,S,N,A,-,N,,,,,,,,,,N,4,0,1,2,A,-,11,21950,B,N,G,G,A,A,H,-,A,A,0,,Y,,,Y,,L,04,0,0,1,0,0,0,1,0,0,- ,- ,,,VENTURA,OXNARD,-119.18110656738281,34.197502136230469
9234292,2021,2021-03-20,5604,2021-01-24,1052,5459,,7,5,6,5604,0,0,0,,0,023,W 4TH ST,S C ST S,0.00,,Y,A,-,N,,,,,,,,,,N,3,0,1,2,A,-,09,21801,A,N,D,G,A,A,H,-,A,A,0,,Y,,,Y,,A,01,0,1,0,0,0,0,1,0,0,- ,- ,34.199008941650391,-119.18108367919922,VENTURA,OXNARD,-119.18109893798828,34.199008941650391
9234658,2021,2021-03-25,5604,2021-02-06,1833,5534,,6,5,6,5604,0,0,0,,0,022,S OXNARD BL,4TH ST,2.00,S,N,A,-,N,,,,,,,,,,N,3,0,1,2,A,-,11,21461,5,N,G,B,B,A,H,-,C,A,0,Y,,,,Y,Y,N,60,0,1,0,0,1,0,0,0,0,- ,- ,34.198970794677734,-119.17735290527344,VENTURA,OXNARD,-119.17745971679688,34.198993682861328
9234957,2020,2021-03-09,5604,2020-12-26,2024,5311,,6,5,6,5604,0,0,0,,0,021,VICTORIA AV,5TH ST,100.00,N,N,A,-,N,,,,,,,,,,N,4,0,1,2,A,-,05,21650,1,F,G,G,A,A,H,-,C,D,0,,Y,,,Y,,L,04,0,0,1,0,0,0,1,0,0,- ,- ,34.198261260986328,-119.22023773193359,VENTURA,OXNARD,-119.22126770019531,34.197853088378906
92362312,2023,2024-04-11,9765,2023-09-21,2330,022461,,4,3,6,5608,0,1,3,,2,011,SR-33 S/B (OJAI FREEWAY),MAIN STREET,590.00,N,N,A,-,Y,VEN,,33, , ,0.593,H,,L,Y,1,1,1,3,A,-,11,21954,A,F,G,B,E,A,H,-,D,D,0,Y,,,,Y,Y,N,60,0,1,0,1,0,0,0,0,0,- ,- ,34.287490844726562,-119.30651092529297,VENTURA,VENTURA,-119.30652618408203,34.287487030029297
9236617,2021,2021-04-26,5608,2021-03-13,0937,518,,6,5,6,5608,0,0,0,,0,002,MAIN ST,TELEPHONE RD,94.00,W,N,A,-,N,,,,,,,,,,Y,3,0,2,2,A,-,07,21658,A,N,A,G,A,A,H,-,A,A,0,,Y,Y,,Y,,L,04,0,2,0,0,0,0,1,0,1,- ,- ,,,VENTURA,VENTURA,-119.23203277587891,34.262130737304688
9236926,2021,2021-04-01,5608,2021-02-27,1639,422,VENTU,6,5,6,5608,0,0,0,,0,001,E SANTA CLARA ST,FIGUEROA ST,0.00,,Y,A,-,N,,,,,,,,,,N,3,0,1,2,A,-,10,21950,A,N,G,B,B,A,H,-,A,D,0,Y,,,,Y,,-,,0,1,0,0,1,0,0,0,0,- ,- ,,,VENTURA,VENTURA,-119.29771423339844,34.279506683349609
9236927,2021,2021-04-01,5608,2021-02-26,1545,495,,5,5,6,5608,0,0,0,,0,002,SOUTH SEAWARD AV,ALESSANDRO DR,0.00,,Y,A,-,N,,,,,,,,,,N,3,0,1,2,A,-,05,21650,,N,D,G,A,A,H,-,A,A,0,,Y,,,Y,,L,04,0,1,0,0,0,0,1,0,0,- ,- ,,,VENTURA,VENTURA,-119.268310546875,34.266231536865234
92383573,2023,2024-05-07,9765,2023-05-04,1507,020353,,4,2,6,5604,0,1,2,,2,501,US-101 S/B (VENTURA FREEWAY),ROSE AVENUE,51.30,S,N,B,-,Y,VEN,,101, , ,21.002,H,,L,N,2,0,1,2,A,-,00,21461,,N,G,B,E,A,H,-,A,A,0,Y,,,,Y,,N,60,1,0,0,0,1,0,0,0,0,- ,- ,34.224998474121094,-119.15841674804688,VENTURA,OXNARD,-119.15843200683594,34.224967956542969
92391788,2024,2024-05-16,9765,2024-05-12,1025,019277,,7,1,9,5600,0,3,5,,2,004,WHEELER CANYON ROAD,FOOTHILL ROAD,1584.00,N,N,B,-,N,,,,,,,,,,N,3,0,1,2,A,-,08,22107,,N,C,6,A,A,H,-,A,D,0,,Y,,,Y,,L,04,0,1,0,0,0,0,1,0,0,- ,- ,34.338909149169922,-119.14138793945312,VENTURA,UNINCORPORATED,-119.14118957519531,34.338645935058594
9241044,2021,2021-03-27,5604,2021-02-20,1843,5592,,6,5,6,5604,0,0,0,,0,023,W 6TH ST,S OXNARD BL,40.00,W,N,A,-,N,,,,,,,,,,N,4,0,1,2,A,-,11,21954,A,F,G,B,D,A,H,-,C,A,0,Y,,,,Y,,N,60,0,0,1,0,1,0,0,0,0,- ,- ,34.196178436279297,-119.1776123046875,VENTURA,OXNARD,-119.17758941650391,34.19635009765625
9241046,2021,2021-03-27,5604,2021-02-20,1547,5534,,6,5,6,5604,0,0,0,,0,023,EAST 5TH ST,META ST,60.00,E,N,A,-,N,,,,,,,,,,N,4,0,1,2,B,-,22,,,N,C,B,F,A,H,-,A,D,0,Y,,,,Y,,A,07,0,0,1,0,1,0,0,0,0,- ,- ,34.197498321533203,-119.17555999755859,VENTURA,OXNARD,-119.17577362060547,34.197658538818359
9241052,2021,2021-03-27,5604,2021-02-25,1432,5490,,4,5,6,5604,0,0,0,,0,024,J ST,KAMALA ST,75.00,N,N,A,-,N,,,,,,,,,,N,4,0,1,2,-,-,- ,,1,N,D,G,A,A,H,-,A,D,0,,Y,,,Y,,L,04,0,0,1,0,0,0,1,0,0,- ,- ,,,VENTURA,OXNARD,-119.18624877929688,34.178924560546875
9241062,2021,2021-03-27,5604,2021-02-01,1822,5514,,1,5,6,5604,0,0,0,,0,012,E GONZALES RD,LOMBARD ST,0.00,,Y,A,-,N,,,,,,,,,,N,4,0,1,2,A,-,10,21950,A,F,G,B,B,-,H,-,C,A,0,Y,,,,Y,Y,-,,0,0,1,0,1,0,0,0,0,- ,- ,34.218170166015625,-119.14872741699219,VENTURA,OXNARD,-119.1492919921875,34.218757629394531
9241079,2021,2021-03-27,5604,2021-02-10,1553,5615,,3,5,6,5604,0,0,0,,0,021,SOUTH VICTORIA AV,KETCH AV,0.00,,Y,A,-,N,,,,,,,,,,N,4,0,1,2,A,-,09,21801,A,N,D,G,A,A,H,-,A,A,0,,Y,,,Y,,A,01,0,0,1,0,0,0,1,0,0,- ,- ,,,VENTURA,OXNARD,-119.22126007080078,34.183971405029297
9241083,2021,2021-03-27,5604,2021-02-06,1813,5434,3009,6,5,6,5604,0,0,0,,0,014,N OXNARD BL,VINEYARD AV,1000.00,S,N,A,-,N,,,,,,,,,,N,4,0,1,2,A,-,12,22450,A,N,G,G,A,A,H,-,C,D,0,,Y,,,Y,,L,04,0,0,1,0,0,0,1,0,0,- ,- ,34.223690032958984,-119.17765045166016,VENTURA,OXNARD,-119.17734527587891,34.224033355712891
9244890,2021,2021-04-02,5604,2021-01-28,1531,5401,,4,5,6,5604,0,0,0,,0,012,EAST VENTURA BL,CORTEZ ST,75.00,E,N,B,-,N,,,,,,,,,,N,4,0,1,2,A,-,05,21650,1,F,D,G,A,B,H,-,A,D,0,,Y,,,Y,,L,04,0,0,1,0,0,0,1,0,0,- ,- ,34.229198455810547,-119.16989898681641,VENTURA,OXNARD,-119.17003631591797,34.229286193847656