CASE_ID,ACCIDENT_YEAR,PROC_DATE,JURIS,COLLISION_DATE,COLLISION_TIME,OFFICER_ID,REPORTING_DISTRICT,DAY_OF_WEEK,CHP_SHIFT,POPULATION,CNTY_CITY_LOC,SPECIAL_COND,BEAT_TYPE,CHP_BEAT_TYPE,CITY_DIVISION_LAPD,CHP_BEAT_CLASS,BEAT_NUMBER,PRIMARY_RD,SECONDARY_RD,DISTANCE,DIRECTION,INTERSECTION,WEATHER_1,WEATHER_2,STATE_HWY_IND,CALTRANS_COUNTY,CALTRANS_DISTRICT,STATE_ROUTE,ROUTE_SUFFIX,POSTMILE_PREFIX,POSTMILE,LOCATION_TYPE,RAMP_INTERSECTION,SIDE_OF_HWY,TOW_AWAY,COLLISION_SEVERITY,NUMBER_KILLED,NUMBER_INJURED,PARTY_COUNT,PRIMARY_COLL_FACTOR,PCF_CODE_OF_VIOL,PCF_VIOL_CATEGORY,PCF_VIOLATION,PCF_VIOL_SUBSECTION,HIT_AND_RUN,TYPE_OF_COLLISION,MVIW,PED_ACTION,ROAD_SURFACE,ROAD_COND_1,ROAD_COND_2,LIGHTING,CONTROL_DEVICE,CHP_ROAD_TYPE,PEDESTRIAN_ACCIDENT,BICYCLE_ACCIDENT,MOTORCYCLE_ACCIDENT,TRUCK_ACCIDENT,NOT_PRIVATE_PROPERTY,ALCOHOL_INVOLVED,STWD_VEHTYPE_AT_FAULT,CHP_VEHTYPE_AT_FAULT,COUNT_SEVERE_INJ,COUNT_VISIBLE_INJ,COUNT_COMPLAINT_PAIN,COUNT_PED_KILLED,COUNT_PED_INJURED,COUNT_BICYCLIST_KILLED,COUNT_BICYCLIST_INJURED,COUNT_MC_KILLED,COUNT_MC_INJURED,PRIMARY_RAMP,SECONDARY_RAMP,LATITUDE,LONGITUDE,COUNTY,CITY,POINT_X,POINT_Y
9246833,2021,2021-04-08,5604,2021-03-01,1849,5451,,1,5,6,5604,0,0,0,,0,024,W WOOLEY RD,NOVATO DR,0.00,,Y,A,-,,,,,,,,,,,,2,0,1,2,A,-,11,21954,A,N,G,B,E,A,A,H,C,D,0,Y,,,,Y,Y,N,60,1,0,0,0,1,0,0,0,0,- ,- ,34.190200805664062,-119.20352172851562,VENTURA,OXNARD,-119.20354461669922,34.190227508544922
9250032,2021,2021-04-23,5608,2021-03-20,1940,443,VENTU,6,5,6,5608,0,0,0,,0,001,SANTA CLARA ST,CHESTNUT ST,0.00,,Y,A,-,N,,,,,,,,,,N,3,0,1,2,A,-,09,21801,A,F,D,G,A,A,H,-,C,A,0,,Y,,,Y,,-,,0,1,0,0,0,0,1,0,0,- ,- ,,,VENTURA,VENTURA,-119.29154968261719,34.279541015625
9251855,2021,2021-04-26,5600,2021-02-04,1415,5198,9178,4,5,6,5607,0,0,0,,0,9D01,TRIUNFO CANYON RD,TAMARACK ST,0.00,,Y,A,-,N,,,,,,,,,,,4,0,1,2,D,-,00,,,N,G,B,D,A,H,-,A,A,0,Y,,,,Y,,-,- ,0,0,1,0,1,0,0,0,0,- ,- ,34.154739379882812,-118.84259033203125,VENTURA,THOUSAND OAKS,-118.84258270263672,34.154666900634766
9251857,2021,2021-04-26,5600,2021-02-04,0827,5586,9024,4,5,6,5607,0,0,0,,0,9B01,ERBES RD,MEADOW BROOK CT,0.00,,Y,A,-,N,,,,,,,,,,,3,0,1,2,A,-,09,21802,A,N,D,G,A,A,H,-,A,A,0,,Y,,,Y,,A,07,0,1,0,0,0,0,1,0,0,- ,- ,34.213699340820312,-118.84134674072266,VENTURA,THOUSAND OAKS,-118.84123992919922,34.213687896728516
9252440,2021,2021-04-22,5604,2021-03-12,2209,5454,,5,5,6,5604,0,0,0,,0,024,S C ST,CHANNEL ISLANDS BL,0.00,,Y,A,-,N,,,,,,,,,,N,4,0,1,2,-,-,- ,,,F,G,B,B,A,H,-,C,A,0,Y,,,,Y,,-,,0,0,1,0,1,0,0,0,0,- ,- ,34.173679351806641,-119.18110656738281,VENTURA,OXNARD,-119.18112945556641,34.173702239990234
9252872,2021,2021-05-05,5604,2021-03-05,2113,5508,,5,5,6,5604,0,0,0,,0,014,OXNARD BL,RT 101,0.00,,Y,A,-,Y,VEN,7,101,-,-,22.598,R,1,N,N,3,0,1,2,A,-,05,21650,,N,D,G,A,A,H,-,C,A,0,,Y,,,Y,,L,04,0,1,0,0,0,0,1,0,0,- ,SF,34.238998413085938,-119.18084716796875,VENTURA,OXNARD,-119.17937469482422,34.238674163818359
9252875,2021,2021-04-28,5604,2021-03-07,1339,5529,,7,5,6,5604,0,0,0,,0,042,HUENEME RD,SAVIERS RD,50.00,W,N,B,-,N,,,,,,,,,,Y,3,0,1,2,A,-,11,21954,A,F,G,B,E,A,H,-,A,A,0,Y,,,,Y,Y,N,60,0,1,0,0,1,0,0,0,0,- ,- ,34.147430419921875,-119.17783355712891,VENTURA,OXNARD,-119.17808532714844,34.147510528564453
9253932,2020,2021-04-26,5604,2020-12-17,1211,5514,,4,5,6,5604,0,0,0,,0,014,N C ST,GONZALES RD,100.00,N,N,A,-,N,,,,,,,,,,N,4,0,1,2,D,-,00,,,N,G,B,F,A,H,-,A,D,0,Y,,,,Y,,-,- ,0,0,1,0,1,0,0,0,0,- ,- ,34.220668792724609,-119.18128967285156,VENTURA,OXNARD,-119.18083953857422,34.219463348388672
9254147,2021,2021-05-03,5608,2021-03-29,0727,513,VENTU,1,5,6,5608,0,0,0,,0,004,OLIVAS PARK DR,GOLF COURSE DR,0.00,,Y,A,-,N,,,,,,,,,,N,2,0,1,2,A,-,05,21650,1,N,D,G,A,A,H,-,A,D,0,,Y,,Y,Y,,L,04,1,0,0,0,0,0,1,0,0,- ,- ,,,VENTURA,VENTURA,-119.2076416015625,34.242237091064453
9256270,2021,2021-06-30,5608,2021-04-29,2026,451,,4,5,6,5608,0,0,0,,0,002,THOMPSON BL,MACMILLAN AV,264.00,E,N,A,-,N,,,,,,,,,,Y,1,1,0,2,A,-,11,21954,A,N,G,B,D,A,H,-,C,D,0,Y,,,,Y,,N,60,0,0,0,1,0,0,0,0,0,- ,- ,,,VENTURA,VENTURA,-119.27621459960938,34.275516510009766
9261974,2021,2021-05-07,5604,2021-04-15,1700,5532,,4,5,6,5604,0,0,0,,0,031,CORDOVA ST,SANTA LUCIA AV,200.00,N,N,A,-,N,,,,,,,,,,N,4,0,1,2,A,-,09,21804,A,F,D,G,A,A,H,-,A,A,0,,Y,,,Y,,B,01,0,0,1,0,0,0,1,0,0,- ,- ,34.216350555419922,-119.15558624267578,VENTURA,OXNARD,-119.15727233886719,34.202579498291016
9261977,2021,2021-05-07,5604,2021-04-14,1803,4919,,3,5,6,5604,0,0,0,,0,024,W CHANNEL ISLANDS BL,S VENTURA RD,0.00,,Y,A,-,N,,,,,,,,,,N,3,0,1,2,A,-,11,21453,D,N,G,B,B,A,H,-,A,A,0,Y,,,,Y,,N,60,0,1,0,0,1,0,0,0,0,- ,- ,,,VENTURA,OXNARD,-119.19490814208984,34.175701141357422
9262367,2021,2021-05-14,5600,2021-04-16,1542,2994,5100,5,5,4,5690,0,0,0,,0,2B01,ESTHER AV,MILLARD ST,418.00,E,N,A,-,N,,,,,,,,,,N,3,0,1,2,A,-,11,21950,B,N,G,B,D,A,H,-,A,D,0,Y,,,,Y,,N,60,0,1,0,0,1,0,0,0,0,- ,- ,34.280101776123047,-118.87886810302734,VENTURA,MOORPARK,-118.87744140625,34.280117034912109
9264303,2021,2021-05-21,5604,2021-04-01,1454,5450,,4,5,6,5604,0,0,0,,0,042,CUESTA DEL MAR DR,PERKINS RD,100.00,E,N,A,-,N,,,,,,,,,,N,3,0,1,2,A,-,09,21804,A,N,D,G,A,A,H,-,A,D,0,,Y,,,Y,,I,11,0,1,0,0,0,0,0,0,0,- ,- ,34.148960113525391,-119.18338775634766,VENTURA,OXNARD,-119.18357849121094,34.148853302001953
9265330,2020,2021-05-25,5605,2020-06-06,1351,147,PATRO,6,5,3,5605,0,0,0,,0,001,CHANNEL ISLANDS BL,BOLKER DR S,0.00,,Y,A,-,N,,,,,,,,,,N,4,0,1,2,A,-,05,21650,1,N,D,G,A,A,H,-,A,A,0,,Y,,,Y,,L,04,0,0,1,0,0,0,1,0,0,- ,- ,34.175811767578125,-119.20623016357422,VENTURA,PORT HUENEME,-119.20623779296875,34.175968170166016
9265331,2020,2021-05-25,5606,2020-06-25,1610,1126,5606,4,5,4,5606,0,0,0,,0,002,OLIVE ST,MAIN ST,281.00,S,N,A,-,N,,,,,,,,,,N,3,0,1,2,A,-,09,21804,A,N,D,G,A,A,H,-,A,D,0,,Y,,,Y,,A,01,0,1,0,0,0,0,1,0,0,- ,- ,,,VENTURA,SANTA PAULA,,
9265349,2020,2021-05-25,5605,2020-09-16,1156,147,,3,5,3,5605,0,0,0,,0,,CHANNEL ISLANDS BL,PATTERSON RD N,240.00,E,N,A,-,N,,,,,,,,,,N,3,0,1,2,A,-,09,21804,A,N,H,G,A,A,H,-,A,A,0,,Y,,,Y,,A,07,0,1,0,0,0,0,1,0,0,- ,- ,34.175849914550781,-119.20815277099609,VENTURA,PORT HUENEME,-119.20762634277344,34.175979614257812
9265687,2020,2021-06-18,5606,2020-05-13,1303,1127,5606,3,5,4,5606,0,0,0,,0,001,TELEGRAPH W RD,CLUBHOUSE DR,758.00,W,N,A,-,N,,,,,,,,,,N,4,0,1,2,A,-,05,21650,1,N,D,G,A,A,H,-,A,A,0,,Y,,,Y,,L,04,0,0,1,0,0,0,1,0,0,- ,- ,,,VENTURA,SANTA PAULA,,
9266218,2021,2021-06-03,5600,2021-04-15,1500,4582,9016,4,5,6,5607,0,0,0,,0,9A01,LYNN RD,WILDWOOD AV,100.00,S,N,A,-,N,,,,,,,,,,N,3,0,1,2,A,-,08,22107,,F,C,G,A,A,H,-,A,D,0,,Y,,,Y,,-,99,0,1,0,0,0,0,1,0,0,- ,- ,34.220958709716797,-118.8895263671875,VENTURA,THOUSAND OAKS,-118.88962554931641,34.220649719238281
9266463,2021,2021-06-07,5600,2021-04-29,0504,5035,5116,4,5,4,5690,0,0,0,,0,2A01,MAJESTIC CT,MOORPARK AV,23.00,E,N,A,-,N,,,,,,,,,,,4,0,1,2,A,-,10,21950,A,N,G,B,B,A,H,-,C,D,0,Y,,,,Y,,D,22,0,0,1,0,1,0,0,0,0,- ,- ,34.276470184326172,-118.88205718994141,VENTURA,MOORPARK,-118.88204193115234,34.276458740234375
9268050,2021,2021-05-26,5605,2021-03-20,1812,100,,6,5,3,5605,0,0,0,,0,,5TH ST,CLARA ST,0.00,,Y,A,-,,,,,,,,,,,,4,0,1,2,A,-,12,22450,A,N,D,G,A,A,H,-,A,D,0,,Y,,,Y,,L,04,0,0,1,0,0,0,1,0,0,- ,- ,34.151309967041016,-119.19406127929688,VENTURA,PORT HUENEME,-119.19393920898438,34.151599884033203
9270813,2020,2021-05-28,5604,2020-04-23,1738,147,PATRO,4,5,6,5604,0,0,0,,0,OXNARD,HEMLOCK ST,SEASIDE DR,7.00,E,N,A,-,N,,,,,,,,,,,3,0,1,2,A,-,05,21650,1,N,B,G,A,A,H,-,A,D,0,,Y,,,Y,,L,04,0,1,0,0,0,0,1,0,0,- ,- ,34.181179046630859,-119.214599609375,VENTURA,OXNARD,-119.21461486816406,34.181270599365234
9274221,2021,2021-06-28,5604,2021-05-25,1052,5359,,2,5,6,5604,0,0,0,,0,023,S B ST,W 7TH ST W,0.00,,Y,A,-,N,,,,,,,,,,N,4,0,1,2,A,-,12,22450,A,F,G,B,B,A,H,-,A,D,0,Y,,,,Y,,-,,0,0,1,0,1,0,0,0,0,- ,- ,34.195041656494141,-119.17986297607422,VENTURA,OXNARD,-119.17990112304688,34.195060729980469
9275127,2021,2021-07-01,5600,2021-05-28,1911,4844,5110,5,5,4,5690,0,0,0,,0,2A01,TIERRA REJADA RD,MILLER PKWY,324.00,E,N,A,-,N,,,,,,,,,,N,3,0,1,2,D,-,00,,,N,B,G,A,B,H,-,B,A,0,,Y,,,Y,,-,- ,0,1,0,0,0,0,1,0,0,- ,- ,34.263740539550781,-118.96089935302734,VENTURA,MOORPARK,-118.85987091064453,34.263820648193359
9277033,2021,2021-06-08,5604,2021-04-05,0058,5610,,1,5,6,5604,0,0,0,,0,032,E IRIS ST,MONTROSE ST,50.00,W,N,A,-,N,,,,,,,,,,N,3,0,2,3,A,-,03,22350,,F,G,G,A,A,H,-,C,D,0,,Y,,,Y,,-,99,0,1,1,0,0,0,2,0,0,- ,- ,34.179531097412109,-119.17524719238281,VENTURA,OXNARD,-119.17555236816406,34.179580688476562
9277115,2021,2021-06-23,5604,2021-05-13,0045,5051,2,4,5,6,5604,0,0,0,,0,021,VICTORIA AV,5TH ST,0.00,,Y,A,-,N,,,,,,,,,,N,4,0,1,2,A,-,10,21950,A,F,G,B,B,A,H,-,C,A,0,Y,,,,Y,,A,01,0,0,1,0,1,0,0,0,0,- ,- ,,,VENTURA,OXNARD,-119.22127532958984,34.197578430175781
9277121,2021,2021-06-09,5604,2021-05-06,1440,5285,,4,5,6,5604,0,0,0,,0,023,E 7TH ST,META ST,100.00,E,N,A,-,N,,,,,,,,,,N,4,0,1,2,D,-,00,,,N,D,G,A,A,H,-,A,D,0,,Y,,,Y,,-,- ,0,0,1,0,0,0,1,0,0,- ,- ,34.194999694824219,-119.17510223388672,VENTURA,OXNARD,-119.17565155029297,34.195022583007812
9278955,2021,2021-06-30,5600,2021-05-23,1130,4617,9090,7,5,6,5607,0,0,0,,0,9G01,THOUSAND OAKS BL,BOARDWALK AV,15.00,W,N,A,-,N,,,,,,,,,,N,4,0,2,2,A,-,09,21804,A,N,D,G,A,A,H,-,A,A,0,,Y,,,Y,,L,04,0,0,2,0,0,0,2,0,0,- ,- ,34.179180145263672,-118.87294769287109,VENTURA,THOUSAND OAKS,-118.87293243408203,34.179241180419922
9278977,2021,2021-07-08,5600,2021-06-08,0857,4221,9050,2,5,6,5607,0,0,0,,0,9B01,MOORPARK RD,GAINSBOROUGH RD,10.00,N,N,A,-,N,,,,,,,,,,,3,0,1,2,A,-,09,21801,A,N,D,G,A,A,H,-,A,A,0,,Y,,,Y,,A,01,0,1,0,0,0,0,1,0,0,- ,- ,34.194881439208984,-118.8721923828125,VENTURA,THOUSAND OAKS,-118.87223052978516,34.194942474365234
9279492,2021,2021-06-14,5605,2021-01-14,1615,228,PATRO,4,5,3,5605,0,0,0,,0,003,VENTURA RD,PLEASANT VALLEY RD,0.00,,Y,A,-,N,,,,,,,,,,,4,0,1,2,A,-,10,21950,A,N,-,B,B,A,H,-,A,A,0,Y,,,,Y,,A,01,0,0,1,0,1,0,0,0,0,- ,- ,34.154861450195312,-119.19522857666016,VENTURA,PORT HUENEME,-119.19532775878906,34.154819488525391
9281822,2021,2021-06-30,5608,2021-06-03,1300,472,,4,5,6,5608,0,0,0,,0,002,SAN NICHOLAS ST,HURST AV,0.00,,Y,A,-,N,,,,,,,,,,N,3,0,1,2,A,-,03,22350,,N,D,G,A,A,H,-,A,A,0,,Y,,,Y,,A,01,0,1,0,0,0,0,1,0,0,- ,- ,,,VENTURA,VENTURA,-119.27449798583984,34.277023315429688
9284449,2021,2021-09-01,5608,2021-06-09,1501,529,,3,5,6,5608,0,0,0,,0,004,RALSTON ST,CYPRESS POINT,11.00,E,N,A,-,N,,,,,,,,,,N,3,0,1,2,A,-,10,21950,,N,G,B,B,A,H,-,A,D,0,Y,,,,Y,,A,01,0,1,0,0,1,0,0,0,0,- ,- ,,,VENTURA,VENTURA,-119.21482849121094,34.260364532470703
9284456,2021,2021-08-31,5608,2021-06-15,2023,533,30,2,5,6,5608,0,0,0,,0,003,TELEPHONE RD,PETIT AV,9.00,W,N,A,-,N,,,,,,,,,,N,3,0,1,2,A,-,08,22107,,N,G,B,B,A,H,-,A,A,0,Y,,,,Y,,-,,0,1,0,0,1,0,0,0,0,- ,- ,,,VENTURA,VENTURA,-119.17059326171875,34.272228240966797
9284458,2021,2021-09-21,5608,2021-06-17,0658,506,,4,5,6,5608,0,0,0,,0,001,N OLIVE ST,W PARK RON AV,250.00,S,N,A,-,N,,,,,,,,,,N,2,0,1,2,A,-,10,21954,B,F,D,B,D,A,H,-,A,A,0,Y,,,,Y,,A,01,1,0,0,0,1,0,0,0,0,- ,- ,,,VENTURA,VENTURA,-119.24477386474609,34.453544616699219
9284605,2021,2021-07-16,5604,2021-06-12,1247,5474,,6,5,6,5604,0,0,0,,0,024,COACH C LN,SAVIERS RD,300.00,W,N,A,-,N,,,,,,,,,,N,4,0,1,2,A,-,10,21950,A,N,G,B,C,A,H,-,A,D,0,Y,,,,Y,,D,22,0,0,1,0,1,0,0,0,0,- ,- ,34.176769256591797,-119.179931640625,VENTURA,OXNARD,-119.17848205566406,34.1773681640625
9289385,2021,2021-07-20,5608,2021-06-22,1652,440,,2,5,6,5608,0,0,0,,0,004,TELEPHONE RD,SOUTH VICTORIA AV,0.00,,Y,A,-,N,,,,,,,,,,N,3,0,1,2,A,-,10,21950,A,N,D,B,B,A,H,-,A,A,0,Y,,,,Y,,-,,0,1,0,0,1,0,0,0,0,- ,- ,,,VENTURA,VENTURA,-119.21256256103516,34.265457153320312
9300525,2021,2021-08-28,5608,2021-07-15,1543,506,,4,5,6,5608,0,0,0,,0,001,N HILLIARD AV,E PARK ROW AV,0.00,,Y,A,-,N,,,,,,,,,,N,3,0,1,2,A,-,10,21954,B,F,D,G,A,A,H,-,A,A,0,,Y,,,Y,,A,01,0,1,0,0,0,0,1,0,0,- ,- ,,,VENTURA,VENTURA,,
9302218,2021,2021-08-28,5608,2021-07-20,1905,505,,2,5,6,5608,0,0,0,,0,003,TEAGUE DR,PETIT AV,17.00,W,N,A,-,N,,,,,,,,,,N,2,0,1,2,A,-,03,22350,,N,A,B,B,A,H,-,A,A,0,Y,,,,Y,,A,01,1,0,0,0,1,0,0,0,0,- ,- ,,,VENTURA,VENTURA,,
9302875,2021,2021-09-03,5608,2021-07-23,1415,498,,5,5,6,5608,0,0,0,,0,004,VICTORIA AV,RALSTON ST,0.00,,Y,A,-,N,,,,,,,,,,N,3,0,1,2,A,-,08,22107,,F,H,G,A,A,H,-,A,A,0,,Y,,,Y,,A,01,0,1,0,0,0,0,1,0,0,- ,- ,,,VENTURA,VENTURA,-119.21165466308594,34.261054992675781
9302877,2021,2021-09-03,5608,2021-07-21,0745,299,,3,5,6,5608,0,0,0,,0,001,CHESTNUT ST,THOMPSON BL,86.00,N,N,A,-,N,,,,,,,,,,N,3,0,1,2,A,-,08,22107,,N,-,B,E,A,H,-,A,D,0,Y,,,,Y,,-,,0,1,0,0,1,0,0,0,0,- ,- ,,,VENTURA,VENTURA,-119.29154968261719,34.278495788574219
9313690,2021,2021-09-10,5604,2021-07-28,2242,5051,2,3,5,6,5604,0,0,0,,0,021,W WOOLEY RD,DECKSIDE DR,150.00,E,N,A,-,N,,,,,,,,,,N,3,0,1,2,A,-,07,21658,A,F,C,G,A,A,H,-,D,A,0,,Y,,,Y,,L,04,0,1,0,0,0,0,1,0,0,- ,- ,,,VENTURA,OXNARD,-119.21685791015625,34.190288543701172
9313691,2021,2021-09-10,5604,2021-07-23,1000,5504,,5,5,6,5604,0,0,0,,0,021,SOUTH VICTORIA AV,23RD AV,50.00,S,N,A,-,N,,,,,,,,,,N,4,0,1,2,B,-,22,,,N,H,B,D,-,H,-,A,D,0,Y,,,,Y,Y,A,01,0,0,1,0,1,0,0,0,0,- ,- ,34.167251586914062,-119.22245788574219,VENTURA,OXNARD,,
9313692,2021,2021-09-10,5604,2021-07-23,1801,5459,,5,5,6,5604,0,0,0,,0,041,SAVIERS RD,BARD RD,0.00,,Y,A,-,N,,,,,,,,,,N,3,0,1,2,A,-,05,21202,A,N,D,G,A,A,A,H,A,A,0,,Y,,,Y,,L,04,0,1,0,0,0,0,1,0,0,- ,- ,34.160999298095703,-119.17768859863281,VENTURA,OXNARD,-119.17778015136719,34.161003112792969
9315100,2021,2021-09-20,5608,2021-07-16,2500,527,,5,5,6,5608,0,0,0,,0,,MAIN ST,CALLENS RD,10.00,E,N,-,-,N,,,,,,,,,,N,4,0,1,2,A,-,12,21453,A,F,D,G,A,A,H,-,C,A,0,,Y,,,Y,,-,99,0,0,1,0,0,0,1,0,0,- ,- ,,,VENTURA,VENTURA,-119.23942565917969,34.263423919677734
9316053,2021,2021-09-23,5608,2021-08-17,1754,459,5608,2,5,6,5608,0,0,0,,0,002,E MAIN ST,CENTRAL AV,0.00,,Y,A,-,N,,,,,,,,,,N,4,0,1,2,A,-,05,21650,,F,D,G,A,A,H,-,A,A,0,,Y,,,Y,,L,04,0,0,1,0,0,0,1,0,0,- ,- ,,,VENTURA,VENTURA,-119.25595855712891,34.271026611328125
9318717,2021,2021-09-29,5608,2021-08-25,0725,529,,3,5,6,5608,0,0,0,,0,001,E SANTA CLARA ST,PALM ST,28.00,E,N,A,-,N,,,,,,,,,,N,3,0,1,2,A,-,09,21801,,N,A,G,A,A,H,-,A,A,0,,Y,,,Y,,A,01,0,1,0,0,0,0,1,0,0,- ,- ,,,VENTURA,VENTURA,-119.29609680175781,34.279529571533203
9320334,2021,2022-02-03,5608,2021-11-28,1806,451,,7,5,6,5608,0,0,0,,0,001,THOMPSON BL,PALM ST,183.00,W,N,A,-,N,,,,,,,,,,Y,1,1,0,2,A,-,10,21952,,N,G,B,F,A,H,-,D,D,0,Y,,,,Y,,A,01,0,0,0,1,0,0,0,0,0,- ,- ,,,VENTURA,VENTURA,-119.29679870605469,34.27825927734375
9320617,2022,2022-04-19,5608,2022-02-13,1957,365,,7,5,6,5608,0,0,0,,0,002,HARBOR BL,OLIVAS PARK DR,1032.00,S,N,A,-,N,,,,,,,,,,N,1,1,0,3,A,-,11,21954,A,F,G,B,E,A,H,-,C,D,0,Y,,,,Y,,N,60,0,0,0,1,0,0,0,0,0,- ,- ,,,VENTURA,VENTURA,-119.25668334960938,34.241458892822266
9322000,2021,2021-10-21,5604,2021-09-06,1939,5608,,1,5,6,5604,0,0,0,,0,011,DEVONSHIRE DR,OXFORD DR,500.00,W,N,A,-,N,,,,,,,,,,N,2,0,2,3,A,-,11,21954,A,N,G,B,E,A,H,-,C,D,0,Y,,,,Y,,N,60,1,1,0,0,2,0,0,0,0,- ,- ,34.211811065673828,-119.19760131835938,VENTURA,OXNARD,-119.19815063476562,34.211624145507812
9322004,2021,2021-10-21,5604,2021-09-05,2014,5583,,7,5,6,5604,0,0,0,,0,024,LINDEN DR,MAYWOOD WAY,10.00,E,N,A,-,N,,,,,,,,,,N,3,0,1,3,A,-,03,22350,,F,G,B,C,A,H,-,C,B,0,Y,,,,Y,,-,,0,1,0,0,1,0,0,0,0,- ,- ,34.175209045410156,-119.18264007568359,VENTURA,OXNARD,-119.18307495117188,34.17584228515625
9322015,2021,2021-10-21,5604,2021-09-02,1945,5592,,4,5,6,5604,0,0,0,,0,022,DORIS AV,N C ST N,0.00,,Y,A,-,N,,,,,,,,,,N,3,0,1,2,A,-,10,21950,A,F,D,G,A,A,H,-,C,D,0,,Y,,,Y,,A,01,0,1,0,0,0,0,1,0,0,- ,- ,34.207908630371094,-119.18099212646484,VENTURA,OXNARD,-119.18097686767578,34.207927703857422
9322121,2021,2021-10-09,5604,2021-08-28,1327,5641,,6,5,6,5604,0,0,0,,0,031,N ROSE AV,CAMINO DEL SOL,30.00,S,N,A,-,N,,,,,,,,,,N,4,0,1,2,A,-,21,22106,,N,G,B,F,A,H,-,A,D,0,Y,,,,Y,,A,07,0,0,1,0,1,0,0,0,0,- ,- ,34.206119537353516,-119.15923309326172,VENTURA,OXNARD,-119.15966796875,34.206268310546875
9322731,2021,2021-10-05,5604,2021-07-16,2127,5610,,5,5,6,5604,0,0,0,,0,014,RT 232,WALNUT DR,20.00,N,N,A,-,Y,VEN,7,232,-,-,1.200,H,-,S,N,3,0,1,2,A,-,03,22350,,F,G,G,A,A,H,-,C,A,0,,Y,,,Y,,-,,0,1,0,0,0,0,1,0,0,- ,- ,34.240169525146484,-119.16699981689453,VENTURA,OXNARD,-119.16628265380859,34.241153717041016
9322735,2021,2021-10-04,5604,2021-07-15,2237,5435,,4,5,6,5604,0,0,0,,0,022,W 1ST ST,S A ST S,0.00,,Y,A,-,N,,,,,,,,,,N,2,0,1,2,A,-,12,22450,A,F,G,G,A,A,H,-,C,A,0,,Y,,,Y,,-,,1,0,0,0,0,0,1,0,0,- ,- ,34.202960968017578,-119.17852020263672,VENTURA,OXNARD,-119.17855072021484,34.202960968017578
9323935,2021,2021-09-15,5608,2021-08-28,1500,282,VENTU,6,5,6,5608,0,0,0,,0,001,POLI ST,POLI ST 955,0.00,,N,A,-,N,,,,,,,,,,N,3,0,1,2,A,-,17,22517,,N,A,G,A,A,H,-,A,D,0,,Y,,,Y,,-,,0,1,0,0,0,0,1,0,0,- ,- ,,,VENTURA,VENTURA,-119.27690887451172,34.281288146972656
9323940,2021,2021-09-15,5608,2021-08-26,0800,373,,4,5,6,5608,0,0,0,,0,002,MILLS RD,MAIN ST,6.00,S,N,A,-,N,,,,,,,,,,N,3,0,1,2,A,-,05,21650,1,N,D,G,A,A,H,-,A,A,0,,Y,,,Y,,L,04,0,1,0,0,0,0,1,0,0,- ,- ,,,VENTURA,VENTURA,-119.24604797363281,34.264911651611328
9324839,2021,2021-10-18,5608,2021-09-14,1426,342,,2,5,6,5608,0,0,0,,0,004,JOHNSON DR,RT 101,282.00,N,N,A,-,N,,,,,,,,,,N,2,0,1,2,A,-,09,21804,A,N,D,G,A,A,H,-,A,D,0,,Y,,,Y,,L,04,1,0,0,0,0,0,1,0,0,- ,- ,,,VENTURA,VENTURA,,
9324994,2021,2021-09-29,5605,2021-08-18,1709,220,,3,5,3,5605,0,0,0,,0,,VENTURA RD,PARK AV,0.00,,Y,A,-,N,,,,,,,,,,N,4,0,1,2,D,-,00,,,N,H,B,B,A,H,-,A,D,0,Y,,,,Y,,-,- ,0,0,1,0,1,0,0,0,0,- ,- ,34.156558990478516,-119.19513702392578,VENTURA,PORT HUENEME,-119.19527435302734,34.156513214111328
9336840,2021,2021-09-24,5604,2021-08-24,2041,5508,,2,5,6,5604,0,0,0,,0,024,C ST,WOLFF ST,5.00,S,N,A,-,N,,,,,,,,,,N,4,0,1,2,A,-,03,22350,,F,B,G,A,A,H,-,C,D,0,,Y,,,Y,,A,07,0,0,1,0,0,0,1,0,0,- ,- ,34.188301086425781,-119.18121337890625,VENTURA,OXNARD,-119.18122100830078,34.188304901123047
9341885,2021,2021-11-23,5608,2021-10-01,0739,517,,5,5,6,5608,0,0,0,,0,001,S CALIFORNIA ST,EAST THOMPSON BL,5.00,S,N,A,-,N,,,,,,,,,,N,2,0,1,2,A,-,10,21950,A,F,G,G,A,A,H,-,A,A,0,,Y,,,Y,Y,A,01,1,0,0,0,0,0,1,0,0,- ,- ,,,VENTURA,VENTURA,-119.29306030273438,34.278236389160156
9341887,2021,2021-12-15,5608,2021-10-05,1335,463,,2,5,6,5608,0,0,0,,0,003,DEVNER ST,GREENSBORO RD,159.00,W,N,A,-,N,,,,,,,,,,N,3,0,1,2,A,-,09,21804,A,N,D,G,A,A,H,-,A,A,0,,Y,,,Y,,L,04,0,1,0,0,0,0,1,0,0,- ,- ,,,VENTURA,VENTURA,-119.17249298095703,34.271812438964844