CASE_ID,ACCIDENT_YEAR,PROC_DATE,JURIS,COLLISION_DATE,COLLISION_TIME,OFFICER_ID,REPORTING_DISTRICT,DAY_OF_WEEK,CHP_SHIFT,POPULATION,CNTY_CITY_LOC,SPECIAL_COND,BEAT_TYPE,CHP_BEAT_TYPE,CITY_DIVISION_LAPD,CHP_BEAT_CLASS,BEAT_NUMBER,PRIMARY_RD,SECONDARY_RD,DISTANCE,DIRECTION,INTERSECTION,WEATHER_1,WEATHER_2,STATE_HWY_IND,CALTRANS_COUNTY,CALTRANS_DISTRICT,STATE_ROUTE,ROUTE_SUFFIX,POSTMILE_PREFIX,POSTMILE,LOCATION_TYPE,RAMP_INTERSECTION,SIDE_OF_HWY,TOW_AWAY,COLLISION_SEVERITY,NUMBER_KILLED,NUMBER_INJURED,PARTY_COUNT,PRIMARY_COLL_FACTOR,PCF_CODE_OF_VIOL,PCF_VIOL_CATEGORY,PCF_VIOLATION,PCF_VIOL_SUBSECTION,HIT_AND_RUN,TYPE_OF_COLLISION,MVIW,PED_ACTION,ROAD_SURFACE,ROAD_COND_1,ROAD_COND_2,LIGHTING,CONTROL_DEVICE,CHP_ROAD_TYPE,PEDESTRIAN_ACCIDENT,BICYCLE_ACCIDENT,MOTORCYCLE_ACCIDENT,TRUCK_ACCIDENT,NOT_PRIVATE_PROPERTY,ALCOHOL_INVOLVED,STWD_VEHTYPE_AT_FAULT,CHP_VEHTYPE_AT_FAULT,COUNT_SEVERE_INJ,COUNT_VISIBLE_INJ,COUNT_COMPLAINT_PAIN,COUNT_PED_KILLED,COUNT_PED_INJURED,COUNT_BICYCLIST_KILLED,COUNT_BICYCLIST_INJURED,COUNT_MC_KILLED,COUNT_MC_INJURED,PRIMARY_RAMP,SECONDARY_RAMP,LATITUDE,LONGITUDE,COUNTY,CITY,POINT_X,POINT_Y
9344781,2021,2021-10-23,5608,2021-09-23,0815,541,,4,5,6,5608,0,0,0,,0,001,NORTH VENTURA AV,W BARNETT ST,0.00,,Y,A,-,N,,,,,,,,,,N,3,0,1,2,A,-,12,22450,A,F,G,B,B,A,H,-,A,D,0,Y,,,,Y,Y,-,,0,1,0,0,1,0,0,0,0,- ,- ,,,VENTURA,VENTURA,-119.29769134521484,34.291728973388672
9350306,2021,2021-11-08,5608,2021-09-30,0746,463,,4,5,6,5608,0,0,0,,0,003,TELEGRAPH PL,HILL ST,0.00,,Y,A,-,N,,,,,,,,,,N,3,0,1,2,A,-,08,22107,,N,H,G,A,A,H,-,A,A,0,,Y,,,Y,,A,01,0,1,0,0,0,0,1,0,0,- ,- ,,,VENTURA,VENTURA,-119.20903778076172,34.278804779052734
9350793,2020,2021-10-29,5606,2020-12-18,1830,1126,5606,5,5,4,5606,0,0,0,,0,001,STECKEL DR,HARVARD BL,0.00,,Y,A,-,N,,,,,,,,,,N,4,0,2,3,A,-,10,21950,A,N,G,B,B,A,H,-,C,A,0,Y,,,,Y,,A,01,0,0,2,0,2,0,0,0,0,- ,- ,,,VENTURA,SANTA PAULA,-119.07801818847656,34.344440460205078
9353054,2021,2021-11-29,5608,2021-10-12,1817,525,,2,5,6,5608,0,0,0,,0,004,TELEPHONE RD,CLINTON AV,0.00,,Y,A,-,N,,,,,,,,,,N,2,0,1,2,A,-,12,21453,,N,D,G,A,A,H,-,A,A,0,,Y,,,Y,,-,,1,0,0,0,0,0,1,0,0,- ,- ,,,VENTURA,VENTURA,-119.17434692382812,34.270984649658203
9353694,2021,2021-11-10,5604,2021-09-27,2138,5485,,1,5,6,5604,0,0,0,,0,041,W CHANNEL ISLANDS BL,SOUTH J ST,40.00,E,N,A,-,N,,,,,,,,,,N,3,0,1,2,A,-,03,22350,,F,G,B,D,A,H,-,C,A,0,Y,,,,Y,,-,,0,1,0,0,1,0,0,0,0,- ,- ,34.175849914550781,-119.18604278564453,VENTURA,OXNARD,-119.18603515625,34.175575256347656
9353697,2021,2021-11-10,5604,2021-09-25,2035,5446,,6,5,6,5604,0,0,0,,0,042,SAVIERS RD,E DOLLIE ST,200.00,S,N,A,-,N,,,,,,,,,,N,2,0,1,2,A,-,11,21954,A,F,G,B,E,A,F,-,C,D,0,Y,,,,Y,,N,60,1,0,0,0,1,0,0,0,0,- ,- ,34.154708862304688,-119.17774963378906,VENTURA,OXNARD,-119.17767333984375,34.156810760498047
9353779,2021,2021-12-17,5608,2021-10-18,1859,527,,1,5,6,5608,0,0,0,,0,003,RT 126,VICTORIA AV,0.00,,-,A,-,Y,VEN,7,126,,-,1.241,R,3,W,N,2,0,1,2,A,-,03,22350,A,N,G,B,C,A,H,-,C,D,0,Y,,,,Y,,A,01,1,0,0,0,1,0,0,0,0,WO,- ,,,VENTURA,VENTURA,-119.21369934082031,34.271316528320312
9354199,2021,2021-12-15,5604,2021-10-09,1014,5654,,6,5,6,5604,0,0,0,,0,022,HOBSON WY,5TH ST,0.00,,Y,A,-,N,,,,,,,,,,,3,0,1,2,A,-,10,21950,A,N,G,B,B,A,H,-,A,A,0,Y,,,,Y,,D,22,0,1,0,0,1,0,0,0,0,- ,- ,34.197738647460938,-119.18789672851562,VENTURA,OXNARD,-119.18791961669922,34.197750091552734
9354338,2021,2021-11-18,5608,2021-07-07,1856,530,,3,5,6,5608,0,0,0,,0,,TELEPHONE RD,N GATEWAY PLAZA EXIT,21.00,E,N,A,-,N,,,,,,,,,,N,1,1,0,2,A,-,11,21955,,N,G,B,D,A,H,-,A,A,0,Y,,,,Y,,N,60,0,0,0,1,0,0,0,0,0,- ,- ,34.263278961181641,-119.22049713134766,VENTURA,VENTURA,-119.22663116455078,34.263389587402344
9355411,2021,2021-11-17,5604,2021-10-11,1525,5567,,1,5,6,5604,0,0,0,,0,042,E PLEASANT VALLEY RD,CLOYNE ST,5.00,W,N,A,-,N,,,,,,,,,,N,2,0,1,2,A,-,03,22350,,F,A,B,E,A,H,-,A,A,0,Y,,,Y,Y,,F,26,1,0,0,0,1,0,0,0,0,- ,- ,34.154548645019531,-119.17626190185547,VENTURA,OXNARD,-119.17301940917969,34.154720306396484
9359076,2021,2021-11-15,5604,2021-09-07,2210,5359,,2,5,6,5604,0,0,0,,0,032,EAST 5TH ST,MOUNTAIN VIEW AV,150.00,W,N,A,-,N,,,,,,,,,,N,4,0,1,2,A,-,11,21954,A,N,B,B,E,A,H,-,C,D,0,Y,,,,Y,Y,N,60,0,0,1,0,1,0,0,0,0,- ,- ,34.196971893310547,-119.17231750488281,VENTURA,OXNARD,,
9359098,2021,2021-11-17,5604,2021-08-18,1020,5065,,3,5,6,5604,0,0,0,,0,042,ARCTURES AV,MCWAYNE BL,300.00,N,N,B,-,N,,,,,,,,,,,3,0,1,2,A,-,00,20001,A,F,G,B,E,A,H,-,A,D,0,Y,,,,Y,,A,01,0,1,0,0,1,0,0,0,0,- ,- ,34.140121459960938,-119.17230224609375,VENTURA,OXNARD,-119.17231750488281,34.140995025634766
9362135,2021,2021-12-20,5608,2021-11-02,0917,429,,2,5,6,5608,0,0,0,,0,001,THOMPSON BL,CHESTNUT ST,4.00,E,N,B,-,N,,,,,,,,,,N,3,0,1,2,A,-,06,21760,C,N,B,G,A,A,H,-,A,A,0,,Y,,,Y,,-,,0,1,0,0,0,0,1,0,0,- ,- ,,,VENTURA,VENTURA,-119.29153442382812,34.27825927734375
9362729,2021,2021-11-30,5604,2021-04-17,2118,5502,,6,5,6,5604,0,0,0,,0,032,OLDS RD,CHANNEL ISLANDS BL,100.00,S,N,A,-,N,,,,,,,,,,N,4,0,1,2,A,-,10,21950,A,F,G,B,C,A,H,-,D,D,0,Y,,,,Y,,A,01,0,0,1,0,1,0,0,0,0,- ,- ,34.172748565673828,-119.15119171142578,VENTURA,OXNARD,-119.15120697021484,34.1729736328125
9368609,2021,2021-12-07,5608,2021-10-12,1534,397,VENTU,2,5,6,5608,0,0,0,,0,001,OLIVE ST,MAIN ST,50.00,N,N,A,-,N,,,,,,,,,,N,3,0,1,2,A,-,11,21956,A,N,D,B,E,A,H,-,A,D,0,Y,,,,Y,,N,60,0,1,0,0,1,0,0,0,0,- ,- ,,,VENTURA,VENTURA,,
9368620,2021,2021-12-07,5604,2021-10-11,0401,5572,,1,5,6,5604,0,0,0,,0,012,N ROSE AV,CESAR CHAVEZ DR,0.00,,Y,A,-,N,,,,,,,,,,N,4,0,1,2,A,-,10,21950,A,N,G,B,B,A,H,-,C,A,0,Y,,,,Y,,A,01,0,0,1,0,1,0,0,0,0,- ,- ,34.213138580322266,-119.15959167480469,VENTURA,OXNARD,-119.15969848632812,34.213150024414062
9368623,2021,2021-12-07,5604,2021-10-27,2054,5285,,3,5,6,5604,0,0,0,,0,014,N OXNARD BL,DANVERS RIVER ST,0.00,,Y,A,-,N,,,,,,,,,,N,4,0,1,2,A,-,10,21950,A,N,G,B,B,A,H,-,D,D,0,Y,,,,Y,,A,01,0,0,1,0,1,0,0,0,0,- ,- ,34.243690490722656,-119.17800903320312,VENTURA,OXNARD,-119.17797088623047,34.243648529052734
9370477,2021,2022-01-11,5604,2021-11-22,1546,5637,,1,5,6,5604,0,0,0,,0,041,TEAKWOOD ST,S M ST S,0.00,,Y,A,-,N,,,,,,,,,,N,3,0,1,2,A,-,12,22450,A,N,D,G,A,A,H,-,A,A,0,,Y,,,Y,,-,- ,0,1,0,0,0,0,1,0,0,- ,- ,,,VENTURA,OXNARD,-119.19132232666016,34.170631408691406
9370681,2021,2021-12-27,5604,2021-11-06,0624,5454,,6,5,6,5604,0,0,0,,0,031,EAST 5TH ST,RICE AV,85.00,E,N,A,-,N,,,,,,,,,,N,4,0,3,5,A,-,07,21658,A,N,B,B,E,A,H,-,B,D,0,Y,,,,Y,,A,01,0,0,3,0,2,0,0,0,0,- ,- ,34.196868896484375,-119.14228057861328,VENTURA,OXNARD,-119.14211273193359,34.19683837890625
9370683,2021,2021-12-27,5604,2021-11-02,0443,5641,,2,5,6,5604,0,0,0,,0,024,S C ST,W CHANNEL ISLANDS BL,15.00,N,N,A,-,N,,,,,,,,,,,2,0,1,2,-,-,- ,,,N,G,B,D,A,H,-,C,A,0,Y,,,,Y,,-,- ,1,0,0,0,1,0,0,0,0,- ,- ,34.173679351806641,-119.18110656738281,VENTURA,OXNARD,-119.18112945556641,34.173740386962891
9370687,2021,2021-12-29,5604,2021-11-24,1842,5459,,3,5,6,5604,0,0,0,,0,024,SAVIERS RD,CHANNEL ISLANDS BL,0.00,,Y,A,-,N,,,,,,,,,,N,4,0,1,2,B,-,22,,,N,G,B,D,A,H,-,C,D,0,Y,,,,Y,,A,01,0,0,1,0,1,0,0,0,0,- ,- ,34.174568176269531,-119.17954254150391,VENTURA,OXNARD,-119.17765808105469,34.173442840576172
9370690,2021,2021-12-24,5604,2021-11-23,1117,5274,,2,5,6,5604,0,0,0,,0,031,S RICE AV,E STURGIS RD E,0.00,,Y,A,-,N,,,,,,,,,,N,4,0,1,2,A,-,12,21453,A,N,G,G,A,A,H,-,A,A,0,,Y,,,Y,,L,04,0,0,1,0,0,0,1,0,0,- ,- ,34.201930999755859,-119.14221954345703,VENTURA,OXNARD,-119.14232635498047,34.201953887939453
9370691,2021,2021-12-24,5604,2021-11-22,0958,5536,,1,5,6,5604,0,0,0,,0,031,3RD ST,A ST,0.00,,Y,A,-,N,,,,,,,,,,N,3,0,1,2,A,-,05,21650,1,N,G,G,A,A,H,-,A,A,0,,Y,,,Y,,L,04,0,1,0,0,0,0,1,0,0,- ,- ,,,VENTURA,OXNARD,-119.17855834960938,34.200351715087891
9372629,2021,2021-12-13,5604,2021-10-20,1855,5018,,3,5,6,5604,0,0,0,,0,014,NILE RIVER DR,KIAWAH RIVER DR,0.00,,Y,A,-,N,,,,,,,,,,N,3,0,1,3,A,-,08,22107,,N,G,B,D,A,H,-,C,D,0,Y,,,,Y,,D,22,0,1,0,0,1,0,0,0,0,- ,- ,34.249439239501953,-119.17630767822266,VENTURA,OXNARD,-119.17629241943359,34.249462127685547
9372762,2021,2021-12-13,5605,2021-11-14,1612,230,PATRO,7,5,3,5605,0,0,0,,0,001,CHANNEL ISLAND BL,WHEELHOUSE AV,0.00,,Y,-,-,N,,,,,,,,,,N,2,0,1,2,A,-,17,21208,A,N,D,G,A,A,H,-,A,A,0,,Y,,,Y,,L,04,1,0,0,0,0,0,1,0,0,- ,- ,34.1756591796875,-119.21247100830078,VENTURA,PORT HUENEME,-119.21272277832031,34.175773620605469
9373059,2021,2021-12-09,5604,2021-10-14,0649,5064,,4,5,6,5604,0,0,0,,0,022,WEST 5TH ST,S VENTURA RD,0.00,,Y,A,-,N,,,,,,,,,,N,2,0,1,2,A,-,11,21456,A,N,G,B,B,A,H,-,A,A,0,Y,,,,Y,,N,60,1,0,0,0,1,0,0,0,0,- ,- ,34.197669982910156,-119.19473266601562,VENTURA,OXNARD,-119.19487762451172,34.197578430175781
9374663,2021,2021-12-20,5608,2021-11-05,1602,501,VENTU,5,5,6,5608,0,0,0,,0,004,TELEPHONE RD,VICTORIA AV,120.00,W,N,A,-,N,,,,,,,,,,N,3,0,1,2,A,-,10,21952,,N,G,B,F,A,H,-,A,D,0,Y,,,,Y,,A,01,0,1,0,0,1,0,0,0,0,- ,- ,,,VENTURA,VENTURA,-119.21295166015625,34.265399932861328
93767985,2024,2024-08-07,9765,2024-07-28,400 ,023024,,7,3,9,5600,0,1,3,,1,012,SR-1 N/B,NAUMANN RD,2168.00,N,N,A,-,Y,VEN,,1, , ,14.021,H,,R,N,2,0,1,2,A,-,11,21954,A,F,G,B,E,A,H,-,D,A,0,Y,,,,Y,,N,60,1,0,0,0,1,0,0,0,0,- ,- ,34.157249450683594,-119.12899017333984,VENTURA,UNINCORPORATED,-119.12898254394531,34.157257080078125
9377504,2021,2022-01-18,5608,2021-12-03,1112,496,,5,5,6,5608,0,0,0,,0,003,S MILES RD,E MAIN ST,0.00,,Y,A,-,N,,,,,,,,,,N,3,0,1,2,A,-,06,21750,,N,D,G,A,A,H,-,A,A,0,,Y,,,Y,,L,04,0,1,0,0,0,0,1,0,0,- ,- ,,,VENTURA,VENTURA,-119.24604797363281,34.264926910400391
9377824,2021,2022-01-10,5604,2021-11-24,1230,4945,,3,5,6,5604,0,0,0,,0,032,SAVIERS RD,CEDAR ST,20.00,S,N,F,-,N,,,,,,,,,,N,3,0,1,2,A,-,05,21202,A,F,D,B,F,A,H,-,A,D,0,Y,Y,,,Y,,L,04,0,1,0,0,1,0,0,0,0,- ,- ,34.184219360351562,-119.17723846435547,VENTURA,OXNARD,-119.17755889892578,34.184444427490234
9377868,2021,2022-01-12,5604,2021-12-02,1446,5392,,4,5,6,5604,0,0,0,,0,024,CHANNEL ISLANDS BL,VENTURA RD,370.00,E,N,A,-,N,,,,,,,,,,N,4,0,1,2,A,-,05,21202,A,N,D,G,A,A,H,-,A,D,0,,Y,,,Y,,L,04,0,0,1,0,0,0,1,0,0,- ,- ,,,VENTURA,OXNARD,-119.19368743896484,34.175662994384766
9380323,2021,2022-01-21,5604,2021-11-06,1451,5583,,6,5,6,5604,0,0,0,,0,041,SPRUCE ST,VENTURA RD,0.00,,Y,A,-,N,,,,,,,,,,N,4,0,1,2,A,-,10,21950,A,N,G,B,B,A,H,-,A,D,0,Y,,,Y,Y,,F,26,0,0,1,0,1,0,0,0,0,- ,- ,34.172748565673828,-119.19502258300781,VENTURA,OXNARD,-119.19495391845703,34.172767639160156
9381554,2022,2022-02-14,5600,2022-01-06,1507,4973,8007,4,5,5,5601,0,0,0,,0,8A01,WOOD RD,VENTURA BL,420.00,S,N,A,-,N,,,,,,,,,,,3,0,1,2,A,-,17,22517,,N,H,G,A,A,H,-,A,D,0,,Y,,,Y,,A,01,0,1,0,0,0,0,1,0,0,- ,- ,34.221019744873047,-119.09613037109375,VENTURA,CAMARILLO,-119.09603118896484,34.219718933105469
9382602,2021,2022-01-05,5605,2021-12-05,1913,230,PATRO,7,5,3,5605,0,0,0,,0,001,YARDARM AV,CROSSJACK ST,137.00,N,N,A,-,N,,,,,,,,,,,3,0,1,2,A,-,11,21954,A,N,G,B,D,A,H,-,C,D,0,Y,,,,Y,,N,60,0,1,0,0,1,0,0,0,0,- ,- ,34.178668975830078,-119.21920013427734,VENTURA,PORT HUENEME,-119.21920776367188,34.179004669189453
9382742,2021,2022-01-06,5604,2021-11-23,0810,5359,,2,5,6,5604,0,0,0,,0,023,S D ST,7TH ST,0.00,,Y,A,-,N,,,,,,,,,,N,3,0,1,2,A,-,10,21950,A,N,A,B,B,A,H,-,A,D,0,Y,,,Y,Y,,F,26,0,1,0,0,1,0,0,0,0,- ,- ,34.195060729980469,-119.18238067626953,VENTURA,OXNARD,-119.18238830566406,34.195075988769531
9383182,2021,2021-12-30,5604,2021-11-13,1810,4755,,6,5,6,5604,0,0,0,,0,014,RIVERPARK BL,AMERICAN RIVER CT,0.00,,Y,A,-,N,,,,,,,,,,N,4,0,1,2,A,-,10,21950,A,F,A,B,B,A,H,-,C,A,0,Y,,,,Y,,A,01,0,0,1,0,1,0,0,0,0,- ,- ,34.238048553466797,-119.17548370361328,VENTURA,OXNARD,-119.17544555664062,34.238006591796875
9383184,2021,2021-12-30,5604,2021-11-21,1829,5583,,7,5,6,5604,0,0,0,,0,024,HILL ST,C ST,40.00,E,N,A,-,N,,,,,,,,,,N,3,0,1,2,A,-,11,21954,A,N,G,B,D,A,H,-,C,D,0,Y,,,,Y,Y,N,60,0,1,0,0,1,0,0,0,0,- ,- ,34.186649322509766,-119.18122863769531,VENTURA,OXNARD,-119.18109893798828,34.186641693115234
9383188,2021,2022-01-03,5604,2021-11-20,2348,5609,,6,5,6,5604,0,0,0,,0,032,S ROSE AV,E CHANNEL ISLANDS BL,0.00,,Y,A,-,N,,,,,,,,,,N,4,0,1,2,A,-,11,21453,D,N,B,B,B,A,H,-,C,A,0,Y,,,,Y,,N,60,0,0,1,0,1,0,0,0,0,- ,- ,34.17327880859375,-119.16002655029297,VENTURA,OXNARD,-119.16017150878906,34.1732177734375
9392045,2021,2022-03-01,5608,2021-12-31,1212,395,,5,5,6,5608,0,0,0,,0,002,LEMON GROVE AV,PREBLE AV,0.00,,Y,A,-,N,,,,,,,,,,N,3,0,1,2,A,-,08,22107,,F,G,B,B,A,H,-,A,D,0,Y,,,,Y,,-,,0,1,0,0,1,0,0,0,0,- ,- ,,,VENTURA,VENTURA,-119.24985504150391,34.26416015625
9392204,2022,2022-01-31,5608,2022-01-01,0205,527,,6,5,6,5608,0,0,0,,0,001,E MAIN ST,CHRISMAN AV,144.00,E,N,A,-,N,,,,,,,,,,N,4,0,1,2,A,-,08,22107,,F,H,G,A,A,H,-,C,D,0,,Y,,,Y,,A,01,0,0,1,0,0,0,1,0,0,- ,- ,,,VENTURA,VENTURA,-119.27705383300781,34.279720306396484
9404109,2022,2022-02-08,5604,2022-01-11,1520,4925,,2,5,6,5604,0,0,0,,0,023,E 7TH ST,S OXNARD BL,0.00,,Y,A,-,N,,,,,,,,,,N,4,0,1,2,A,-,10,21950,A,N,G,B,B,A,H,-,A,A,0,Y,,,,Y,,A,01,0,0,1,0,1,0,0,0,0,- ,- ,34.195018768310547,-119.17740631103516,VENTURA,OXNARD,-119.17736053466797,34.195041656494141
9404272,2021,2022-02-14,5604,2021-01-03,1645,5071,,7,5,6,5604,0,0,0,,0,041,S VENTURA RD,W REDWOOD ST W,0.00,,Y,A,-,N,,,,,,,,,,N,4,0,1,2,A,-,08,22107,,N,D,G,A,A,H,-,B,D,0,,Y,,,Y,,D,22,0,0,1,0,0,0,1,0,0,- ,- ,,,VENTURA,OXNARD,-119.19495391845703,34.173511505126953
9406363,2022,2022-03-07,5608,2022-02-08,0735,430,,2,5,6,5608,0,0,0,,0,,BRYN MAWR ST,TELEGRAPH RD,0.00,,Y,A,-,N,,,,,,,,,,N,3,0,1,2,A,-,08,22107,,N,G,B,B,A,H,-,A,A,0,Y,,,,Y,,A,01,0,1,0,0,1,0,0,0,0,- ,- ,,,VENTURA,VENTURA,-119.22217559814453,34.276939392089844
9406837,2022,2022-03-14,5608,2022-01-26,1937,365,,3,5,6,5608,0,0,0,,0,004,JOHNSON DR,CRESCENT ST,0.00,,Y,A,-,N,,,,,,,,,,Y,4,0,1,2,A,-,11,21456,C,F,G,B,B,A,H,-,C,A,0,Y,,,,Y,Y,N,60,0,0,1,0,1,0,0,0,0,- ,- ,,,VENTURA,VENTURA,-119.19660949707031,34.250526428222656
9406839,2022,2022-03-07,5608,2022-02-17,1855,496,,4,5,6,5608,0,0,0,,0,003,SOUTH MILLS RD,E MAIN ST,0.00,,Y,A,-,N,,,,,,,,,,N,3,0,1,2,A,-,10,21950,A,N,G,B,B,A,H,-,C,A,0,Y,,,,Y,,D,22,0,1,0,0,1,0,0,0,0,- ,- ,,,VENTURA,VENTURA,-119.24604797363281,34.264926910400391
9410489,2022,2022-03-01,5608,2022-01-26,1937,463,,3,5,6,5608,0,0,0,,0,004,JOHNSON DR,CRESCENT ST,0.00,,Y,A,-,N,,,,,,,,,,N,2,0,1,2,A,-,08,22101,D,F,G,B,B,A,H,-,C,A,0,Y,,,,Y,,-,- ,1,0,0,0,1,0,0,0,0,- ,- ,,,VENTURA,VENTURA,-119.19660949707031,34.250526428222656
9411429,2022,2022-02-18,5608,2022-02-01,1624,526,,2,5,6,5608,0,0,0,,0,001,NORTH VENTURA AV,KELLOGG ST,4.00,S,N,A,-,N,,,,,,,,,,N,3,0,1,2,A,-,08,22107,,N,D,G,A,A,H,-,A,D,0,,Y,,,Y,,A,01,0,1,0,0,0,0,1,0,0,- ,- ,,,VENTURA,VENTURA,-119.29800415039062,34.2906494140625
9412803,2022,2022-03-16,5604,2022-02-06,1020,5649,,7,5,6,5604,0,0,0,,0,031,EAST 5TH ST,S ROSE AV S,0.00,,Y,A,-,N,,,,,,,,,,N,3,0,1,2,A,-,12,21453,A,N,D,G,A,A,H,-,A,A,0,,Y,,,Y,,L,04,0,1,0,0,0,0,1,0,0,- ,- ,34.197029113769531,-119.15978240966797,VENTURA,OXNARD,-119.15988922119141,34.197002410888672
9413206,2021,2022-03-09,5604,2021-01-13,0023,5648,,3,5,6,5604,0,0,0,,0,014,N VINEYARD AV,SIMON,100.00,S,N,A,-,N,,,,,,,,,,N,4,0,1,2,A,-,11,21954,A,N,G,B,D,A,H,-,C,A,0,Y,,,,Y,,N,60,0,0,1,0,1,0,0,0,0,- ,- ,34.244060516357422,-119.1640625,VENTURA,OXNARD,-119.16423797607422,34.243869781494141
9413224,2022,2022-03-04,5604,2022-01-25,1725,5249,,2,5,6,5604,0,0,0,,0,041,W CHANNEL ISLANDS BL,SAVIERS RD,0.00,,Y,A,-,N,,,,,,,,,,N,4,0,1,2,A,-,05,21202,A,N,D,G,A,-,H,-,C,D,0,,Y,,,Y,,L,04,0,0,1,0,0,0,1,0,0,- ,- ,,,VENTURA,OXNARD,-119.17765808105469,34.173442840576172
9413233,2022,2022-03-04,5604,2022-01-28,0715,5474,,5,5,6,5604,0,0,0,,0,031,COOPER RD,N OXNARD BL,0.00,,Y,A,-,N,,,,,,,,,,N,4,0,1,2,A,-,10,21950,A,F,G,B,B,A,H,-,A,A,0,Y,,,,Y,,A,07,0,0,1,0,1,0,0,0,0,- ,- ,34.203689575195312,-119.16979217529297,VENTURA,OXNARD,-119.17739105224609,34.204563140869141
9413348,2022,2022-03-10,5604,2022-02-05,2312,5609,,6,5,6,5604,0,0,0,,0,023,W WOOLEY RD,S  C  ST,100.00,E,N,A,-,N,,,,,,,,,,N,3,0,1,2,A,-,11,21950,B,F,G,B,D,A,H,-,C,A,0,Y,,,,Y,,N,60,0,1,0,0,1,0,0,0,0,- ,- ,34.189731597900391,-119.18074035644531,VENTURA,OXNARD,-119.18086242675781,34.189960479736328
9413350,2022,2022-03-10,5604,2022-02-02,1630,5450,,3,5,6,5604,0,0,0,,0,031,ENTRADA DR,CAMINO DEL SOL,10.00,N,N,A,-,N,,,,,,,,,,N,3,0,1,2,A,-,12,22450,A,N,G,G,A,A,H,-,A,A,0,,Y,,,Y,,A,01,0,1,0,0,0,0,1,0,0,- ,- ,34.208431243896484,-119.17369842529297,VENTURA,OXNARD,-119.17372894287109,34.208389282226562
9413353,2022,2022-03-10,5604,2022-02-06,1507,5583,,7,5,6,5604,0,0,0,,0,041,GARY DR,ROSE AV,0.00,,Y,A,-,N,,,,,,,,,,N,4,0,1,2,A,-,05,21650,1,N,B,G,A,A,H,-,A,A,0,,Y,,,Y,,L,04,0,0,1,0,0,0,1,0,0,- ,- ,34.167919158935547,-119.15956115722656,VENTURA,OXNARD,-119.15963745117188,34.16796875
9414150,2022,2022-03-08,5604,2022-02-10,0940,5642,,4,5,6,5604,0,0,0,,0,014,RIVERPARK BL,RT 232,0.00,,Y,A,-,Y,VEN,7,232,-,-,0.583,I,6,S,N,4,0,1,2,A,-,12,21453,A,F,B,B,B,A,H,-,A,A,0,Y,,,,Y,,A,01,0,0,1,0,1,0,0,0,0,- ,- ,34.23345947265625,-119.17292785644531,VENTURA,OXNARD,-119.1719970703125,34.233554840087891
9414528,2022,2022-03-24,5606,2022-01-19,0703,1020,5606,3,5,4,5606,0,0,0,,0,002,SANTA BARBARA E ST,10TH N ST,0.00,,Y,E,-,Y,VEN,7,150,-,-,33.981,I,5,E,N,4,0,1,2,A,-,10,21950,A,N,G,B,B,A,H,-,A,A,0,Y,,,,Y,,A,07,0,0,1,0,1,0,0,0,0,- ,- ,,,VENTURA,SANTA PAULA,-119.06077575683594,34.355659484863281
9416068,2022,2022-03-23,5606,2022-02-14,1445,1114,5806,1,5,4,5606,0,0,0,,0,002,SAY RD,ENCINO PL,0.00,,Y,A,-,N,,,,,,,,,,N,4,0,1,2,A,-,08,22107,,N,G,G,A,A,H,-,B,D,0,,Y,,,Y,,A,01,0,0,1,0,0,0,1,0,0,- ,- ,,,VENTURA,SANTA PAULA,-119.05803680419922,34.369163513183594
9417766,2021,2022-03-28,5606,2021-05-13,0454,1128,5606,4,5,4,5606,0,0,0,,0,001,PECK N RD,MAIN W ST,528.00,N,N,A,-,N,,,,,,,,,,N,4,0,1,2,A,-,11,21954,A,N,A,B,E,A,H,-,C,D,0,Y,,,,Y,,N,60,0,0,1,0,1,0,0,0,0,- ,- ,,,VENTURA,SANTA PAULA,-119.08632,34.341669000000003
9421973,2022,2022-05-17,5608,2022-04-11,2011,524,VENTU,1,5,6,5608,0,0,0,,0,002,E MAIN ST,N EVERGREEN DR,0.00,,N,A,-,N,,,,,,,,,,N,3,0,2,2,C,-,18,,,N,G,B,F,A,H,-,C,D,0,Y,Y,,,Y,,-,- ,0,1,1,0,1,0,1,0,0,- ,- ,,,VENTURA,VENTURA,-119.26348114013672,34.275653839111328
9423069,2022,2022-03-29,5608,2022-02-28,1925,519,,1,5,6,5608,0,0,0,,0,004,SOUTH VICTORIA AV,8TH ST,700.00,N,N,A,-,N,,,,,,,,,,N,4,0,1,2,B,-,22,,,N,G,B,F,A,H,-,C,D,0,Y,,,,Y,,-,,0,0,1,0,1,0,0,0,0,- ,- ,,,VENTURA,VENTURA,-119.21091461181641,34.258708953857422
9423285,2021,2022-03-28,5606,2021-07-12,1447,1127,5606,1,5,4,5606,0,0,0,,0,002,10TH N ST,MAIN E ST,5.00,N,N,A,-,Y,VEN,7,150,-,-,34.100,I,5,W,N,4,0,1,2,A,-,09,21801,A,N,D,G,A,A,H,-,A,A,0,,Y,,,Y,,A,01,0,0,1,0,0,0,1,0,0,- ,- ,,,VENTURA,SANTA PAULA,-119.06003570556641,34.354019165039062