CASE_ID,ACCIDENT_YEAR,PROC_DATE,JURIS,COLLISION_DATE,COLLISION_TIME,OFFICER_ID,REPORTING_DISTRICT,DAY_OF_WEEK,CHP_SHIFT,POPULATION,CNTY_CITY_LOC,SPECIAL_COND,BEAT_TYPE,CHP_BEAT_TYPE,CITY_DIVISION_LAPD,CHP_BEAT_CLASS,BEAT_NUMBER,PRIMARY_RD,SECONDARY_RD,DISTANCE,DIRECTION,INTERSECTION,WEATHER_1,WEATHER_2,STATE_HWY_IND,CALTRANS_COUNTY,CALTRANS_DISTRICT,STATE_ROUTE,ROUTE_SUFFIX,POSTMILE_PREFIX,POSTMILE,LOCATION_TYPE,RAMP_INTERSECTION,SIDE_OF_HWY,TOW_AWAY,COLLISION_SEVERITY,NUMBER_KILLED,NUMBER_INJURED,PARTY_COUNT,PRIMARY_COLL_FACTOR,PCF_CODE_OF_VIOL,PCF_VIOL_CATEGORY,PCF_VIOLATION,PCF_VIOL_SUBSECTION,HIT_AND_RUN,TYPE_OF_COLLISION,MVIW,PED_ACTION,ROAD_SURFACE,ROAD_COND_1,ROAD_COND_2,LIGHTING,CONTROL_DEVICE,CHP_ROAD_TYPE,PEDESTRIAN_ACCIDENT,BICYCLE_ACCIDENT,MOTORCYCLE_ACCIDENT,TRUCK_ACCIDENT,NOT_PRIVATE_PROPERTY,ALCOHOL_INVOLVED,STWD_VEHTYPE_AT_FAULT,CHP_VEHTYPE_AT_FAULT,COUNT_SEVERE_INJ,COUNT_VISIBLE_INJ,COUNT_COMPLAINT_PAIN,COUNT_PED_KILLED,COUNT_PED_INJURED,COUNT_BICYCLIST_KILLED,COUNT_BICYCLIST_INJURED,COUNT_MC_KILLED,COUNT_MC_INJURED,PRIMARY_RAMP,SECONDARY_RAMP,LATITUDE,LONGITUDE,COUNTY,CITY,POINT_X,POINT_Y
9429113,2022,2022-04-11,5608,2022-03-15,1205,475,,2,5,6,5608,0,0,0,,0,001,NORTH VENTURA AV,W PROSPECT ST,0.00,,Y,A,-,N,,,,,,,,,,N,3,0,1,2,A,-,05,21650,A,N,D,G,A,A,H,-,A,A,0,,Y,,,Y,,L,04,0,1,0,0,0,0,1,0,0,- ,- ,,,VENTURA,VENTURA,-119.29912567138672,34.287002563476562
9430218,2022,2022-04-11,5604,2022-03-01,1432,5071,,2,5,6,5604,0,0,0,,0,022,W FIFTH ST,S K ST S,0.00,,Y,A,-,N,,,,,,,,,,N,2,0,1,2,A,-,12,21453,A,F,G,B,B,A,H,-,A,A,0,Y,,,,Y,,A,01,1,0,0,0,1,0,0,0,0,- ,- ,,,VENTURA,OXNARD,-119.19168090820312,34.197731018066406
9430353,2022,2022-04-12,5604,2022-02-20,1014,5514,,7,5,6,5604,0,0,0,,0,032,E CHANNEL ISLANDS BL,UPTON SINCLAIR DR,0.00,,Y,A,-,N,,,,,,,,,,N,4,0,1,2,A,-,05,21650,1,N,G,G,A,A,H,-,A,D,0,,Y,,,Y,,L,04,0,0,1,0,0,0,1,0,0,- ,- ,34.173290252685547,-119.16184997558594,VENTURA,OXNARD,-119.16187286376953,34.173370361328125
9430355,2022,2022-04-04,5604,2022-02-12,1632,5377,,6,5,6,5604,0,0,0,,0,022,N A ST,DEODAR AV,75.00,S,N,A,-,N,,,,,,,,,,N,3,0,2,3,A,-,10,21950,C,F,G,B,B,A,H,-,A,D,0,Y,,,,Y,,A,01,0,2,0,0,2,0,0,0,0,- ,- ,34.205978393554688,-119.17829895019531,VENTURA,OXNARD,-119.17849731445312,34.206405639648438
9430544,2022,2022-04-19,5608,2022-03-26,0858,535,,6,5,6,5608,0,0,0,,0,001,EAST MAIN ST,SOUTH KALORAMA STREET,0.00,,N,A,-,N,,,,,,,,,,N,3,0,1,2,A,-,12,22450,A,N,H,G,A,A,H,-,A,D,0,,Y,,,Y,,A,01,0,1,0,0,0,0,1,0,0,- ,- ,34.280799865722656,-119.28688049316406,VENTURA,VENTURA,-119.28701019287109,34.280838012695312
9434788,2022,2022-04-25,5608,2022-03-08,1038,545,,2,5,6,5608,0,0,0,,0,002,ENCINAL WY,E MAIN ST,0.00,,Y,A,-,N,,,,,,,,,,N,3,0,1,2,A,-,08,22107,,F,B,B,E,A,D,-,A,D,0,Y,,,,Y,,A,01,0,1,0,0,1,0,0,0,0,- ,- ,,,VENTURA,VENTURA,-119.27628326416016,34.279533386230469
9436650,2022,2022-05-06,5604,2022-03-21,0732,5306,,1,5,6,5604,0,0,0,,0,024,HEMLOCK ST,BROOKSIDE AV,0.00,,Y,F,-,N,,,,,,,,,,N,4,0,1,2,A,-,10,21950,A,N,H,B,B,A,H,-,A,D,0,Y,,,,Y,,A,01,0,0,1,0,1,0,0,0,0,- ,- ,34.181228637695312,-119.20664978027344,VENTURA,OXNARD,-119.20664978027344,34.181217193603516
9436697,2022,2022-05-10,5604,2022-04-15,1329,5508,,5,5,6,5604,0,0,0,,0,032,S OXNARD BL,WOOLEY RD,50.00,S,N,A,-,N,,,,,,,,,,N,3,0,1,2,A,-,05,21650,1,N,D,G,A,A,H,-,A,D,0,,Y,,,Y,,L,04,0,1,0,0,0,0,1,0,0,- ,- ,34.189781188964844,-119.17662048339844,VENTURA,OXNARD,,
9436703,2022,2022-05-06,5604,2022-04-19,0745,4947,,2,5,6,5604,0,0,0,,0,041,S BARD RD,E J ST,0.00,,Y,A,-,N,,,,,,,,,,N,4,0,1,2,A,-,10,21950,A,N,G,B,B,A,H,-,A,D,0,Y,,,,Y,,D,22,0,0,1,0,1,0,0,0,0,- ,- ,,,VENTURA,OXNARD,-119.18602752685547,34.161083221435547
94374116,2024,2024-08-28,9765,2024-08-21,1517,023509,,3,2,9,5600,0,1,3,,1,062,SR-1 S/B,YERBA BUENA RD,108.00,N,N,A,-,Y,VEN,,1, , ,1.187,H,,L,N,3,0,1,2,A,-,03,22350,,N,B,G,A,A,H,-,A,D,0,,Y,Y,,Y,,-,- ,0,1,0,0,0,0,1,0,0,- ,- ,34.053268432617188,-118.96356964111328,VENTURA,UNINCORPORATED,-118.96358489990234,34.053234100341797
9438030,2022,2022-05-18,5608,2022-04-28,1113,513,VENTU,4,5,6,5608,0,0,0,,0,003,TELEPHONE RD,PETIT AV,42.00,E,N,A,-,N,,,,,,,,,,N,4,0,1,2,A,-,03,22350,,N,C,G,A,A,H,-,A,A,0,,Y,,,Y,,A,01,0,0,1,0,0,0,1,0,0,- ,- ,,,VENTURA,VENTURA,-119.17045593261719,34.272308349609375
9440123,2022,2022-04-27,5604,2022-03-31,2037,5535,,4,5,6,5604,0,0,0,,0,041,W CHANNEL ISLANDS BL,SOUTH J ST,500.00,W,N,A,-,N,,,,,,,,,,N,3,0,1,2,A,-,11,21956,,N,G,B,E,A,B,-,C,D,0,Y,,,,Y,,N,60,0,1,0,0,1,0,0,0,0,- ,- ,34.175361633300781,-119.18917083740234,VENTURA,OXNARD,-119.18782043457031,34.175590515136719
9440125,2022,2022-04-27,5604,2022-03-06,1539,5585,,7,5,6,5604,0,0,0,,0,022,S VENTURA RD,5TH ST,315.00,N,N,A,-,N,,,,,,,,,,N,3,0,1,2,A,-,05,21650,1,N,A,G,A,A,H,-,A,D,0,,Y,,,Y,,L,04,0,1,0,0,0,0,1,0,0,- ,- ,34.197669982910156,-119.19473266601562,VENTURA,OXNARD,-119.19486236572266,34.198444366455078
9440151,2022,2022-04-27,5604,2022-03-23,1701,5390,,3,5,6,5604,0,0,0,,0,014,W GONZALES RD,OXNARD BL,305.00,W,N,A,-,N,,,,,,,,,,N,3,0,1,2,A,-,05,21650,1,N,D,G,A,A,H,-,A,A,0,,Y,,,Y,,L,04,0,1,0,0,0,0,1,0,0,- ,- ,34.220199584960938,-119.17978668212891,VENTURA,OXNARD,-119.17826080322266,34.219062805175781
9440180,2022,2022-04-27,5604,2022-03-29,0745,4737,,2,5,6,5604,0,0,0,,0,031,CAMINO DEL SOL,COLONIA RD,0.00,,Y,B,-,N,,,,,,,,,,N,3,0,1,2,A,-,09,21804,A,F,D,G,A,B,H,-,A,A,0,,Y,,,Y,,L,04,0,1,0,0,0,0,1,0,0,- ,- ,34.207328796386719,-119.16352081298828,VENTURA,OXNARD,-119.16358184814453,34.207279205322266
9441553,2022,2022-06-13,5604,2022-03-03,2010,4737,,4,5,6,5604,0,0,0,,0,031,EAST 5TH ST,PACIFIC AV,0.00,,Y,B,-,N,,,,,,,,,,N,3,0,1,2,A,-,12,22450,A,F,D,G,A,A,H,-,C,A,0,,Y,,,Y,,-,,0,1,0,0,0,0,1,0,0,- ,- ,34.197078704833984,-119.16477203369141,VENTURA,OXNARD,-119.16477203369141,34.197067260742188
9442444,2022,2022-05-04,5608,2022-04-06,1713,495,,3,5,6,5608,0,0,0,,0,003,EISENHOWER ST,POLK ST,314.00,W,N,A,-,N,,,,,,,,,,N,3,0,1,2,A,-,03,22350,,N,G,B,D,A,H,-,A,D,0,Y,,,,Y,,A,01,0,1,0,0,1,0,0,0,0,- ,- ,,,VENTURA,VENTURA,-119.19378662109375,34.275112152099609
9443364,2022,2022-05-03,5608,2022-04-16,1003,530,,6,5,6,5608,0,0,0,,0,004,TELEPHONE RD,RT 101,0.00,,Y,A,-,N,,,,,,,,,,N,3,0,1,2,A,-,05,21202,,N,-,G,A,A,H,-,A,A,0,,Y,,,Y,,L,04,0,1,0,0,0,0,1,0,0,- ,NF,34.262619018554688,-119.22998046875,VENTURA,VENTURA,,
9443992,2022,2022-05-16,5604,2022-03-12,0637,5614,,6,5,6,5604,0,0,0,,0,014,E VINEYARD AV,E COLLINS ST,0.00,,Y,A,-,N,,,,,,,,,,N,3,0,1,2,A,-,09,21801,B,N,G,G,A,A,H,-,A,D,0,,Y,,,Y,,L,04,0,1,0,0,0,0,1,0,0,- ,- ,34.238719940185547,-119.16811370849609,VENTURA,OXNARD,-119.16812133789062,34.238735198974609
9444542,2022,2022-06-17,5608,2022-05-06,0653,532,,5,5,6,5608,0,0,0,,0,004,WHIPPOORWILL ST,PEACOCK AV,108.00,W,N,A,-,N,,,,,,,,,,N,3,0,1,2,A,-,11,21954,A,N,G,B,D,A,H,-,A,A,0,Y,,,,Y,,N,60,0,1,0,0,1,0,0,0,0,- ,- ,,,VENTURA,VENTURA,-119.20242309570312,34.251880645751953
94447958,2024,2024-10-28,9765,2024-10-20,815 ,017253,,7,1,9,5600,0,1,3,,1,023,SR-150 (OJAI ROAD),GORHAM ROAD,0.00,,Y,A,-,Y,VEN,,150, , ,19.043,H,,R,N,2,0,1,2,A,-,09,21801,A,N,D,6,A,A,D,-,A,D,0,,Y,,,Y,,A,01,1,0,0,0,0,0,1,0,0,- ,- ,34.448490142822266,-119.22015380859375,VENTURA,UNINCORPORATED,-119.22016143798828,34.448440551757812
94461978,2024,2024-11-07,9765,2024-10-29,1913,022318,,2,2,9,5600,0,1,3,,2,061,SR-1 S/B (RICE AVE),PLEASANT VALLEY ROAD,106.00,S,N,A,-,N,,,,,,,,,,Y,2,0,1,2,A,-,11,21954,A,N,G,B,E,A,H,-,C,D,0,Y,,,,Y,,N,60,1,0,0,0,1,0,0,0,0,- ,- ,34.165779113769531,-119.14248657226562,VENTURA,UNINCORPORATED,-119.14385223388672,34.165275573730469
9448566,2022,2022-06-02,5608,2022-05-21,1503,503,,6,5,6,5608,0,0,0,,0,001,E SANTA CLARA ST,PALM,150.00,W,N,A,-,N,,,,,,,,,,N,2,0,1,2,A,-,17,22517,,N,H,G,A,A,H,-,A,D,0,,Y,,,Y,,-,,1,0,0,0,0,0,1,0,0,- ,- ,,,VENTURA,VENTURA,-119.29668426513672,34.279521942138672
9449216,2022,2022-06-17,5608,2022-05-25,1008,507,,3,5,6,5608,0,0,0,,0,001,THOMPSON BL,KALORAMA ST,0.00,,Y,A,-,N,,,,,,,,,,N,3,0,1,2,A,-,08,22107,,N,D,G,A,A,H,-,A,A,0,,Y,,,Y,,D,23,0,1,0,0,0,0,1,0,0,- ,- ,,,VENTURA,VENTURA,-119.2869873046875,34.278282165527344
94493173,2024,2024-12-05,9765,2024-12-02,1225,022318,,1,1,9,5600,0,1,3,,2,060,SR-1 (PACIFIC COAST HIGHWAY),SYCAMORE CANYON ROAD,2700.00,S,N,A,-,Y,VEN,,1, , ,3.870,H,,R,N,2,0,1,2,A,-,08,22107,,N,C,G,A,A,H,-,A,D,0,,Y,,,Y,,A,08,1,0,0,0,0,0,1,0,0,- ,- ,34.066299438476562,-119.00582885742188,VENTURA,UNINCORPORATED,-119.00582885742188,34.066211700439453
94529762,2024,2025-01-08,9765,2024-12-27,2300,022318,,5,3,9,5600,0,1,3,,2,060,SR-1 N/B,RAYTHEON ROAD,200.00,S,N,A,-,Y,VEN,,1, , ,12.334,H,,R,N,3,0,1,2,A,-,08,22107,,F,G,B,E,A,H,-,D,D,0,Y,,,,Y,Y,-,99,0,1,0,0,1,0,0,0,0,- ,- ,34.142101287841797,-119.10591125488281,VENTURA,UNINCORPORATED,-119.10595703125,34.142063140869141
9454853,2022,2022-06-29,5604,2022-06-04,1900,5649,,6,5,6,5604,0,0,0,,0,023,S OXNARD BL,E 4TH ST,0.00,,Y,A,-,N,,,,,,,,,,N,3,0,1,2,A,-,05,21650,1,F,A,G,A,-,H,-,A,A,0,,Y,,,Y,,L,04,0,1,0,0,0,0,1,0,0,- ,- ,34.196750640869141,-119.17738342285156,VENTURA,OXNARD,-119.17733001708984,34.199001312255859
9456449,2022,2022-06-14,5604,2022-04-21,2321,5643,,4,5,6,5604,0,0,0,,0,032,S ROSE AV,S OXNARD BL,0.00,,Y,C,-,N,,,,,,,,,,N,2,0,1,2,A,-,11,21950,B,N,G,B,B,B,H,-,C,A,0,Y,,,,Y,,N,60,1,0,0,0,1,0,0,0,0,- ,- ,34.174461364746094,-119.15969085693359,VENTURA,OXNARD,-119.16005706787109,34.175331115722656
9457814,2022,2022-06-14,5604,2022-05-14,0748,5512,,6,5,6,5604,0,0,0,,0,024,W WOOLEY RD,S PATTERSON RD,0.00,,Y,A,-,N,,,,,,,,,,N,4,0,1,2,A,-,09,21801,A,N,G,G,A,-,H,-,A,A,0,,Y,,,Y,,A,01,0,0,1,0,0,0,1,0,0,- ,- ,34.190288543701172,-119.2080078125,VENTURA,OXNARD,-119.20809936523438,34.19036865234375
9457819,2022,2022-06-15,5604,2022-05-16,1812,4795,,1,5,6,5604,0,0,0,,0,012,SAINT MARYS DR,VILLANOVA DR,700.00,W,N,A,-,N,,,,,,,,,,Y,2,0,2,4,A,-,01,23152,A,N,C,B,E,A,H,-,A,D,0,Y,,,,Y,,A,01,1,0,1,0,2,0,0,0,0,- ,- ,34.22711181640625,-119.1732177734375,VENTURA,OXNARD,-119.17393493652344,34.226894378662109
9458261,2022,2022-06-15,5604,2022-05-14,2125,5532,,6,5,6,5604,0,0,0,,0,021,HEMLOCK ST,VICTORIA RD,0.00,,Y,A,-,N,,,,,,,,,,Y,2,0,1,2,A,-,00,21461,,N,G,B,B,A,H,-,C,A,0,Y,,,,Y,,N,60,1,0,0,0,1,0,0,0,0,- ,- ,34.181331634521484,-119.22164916992188,VENTURA,OXNARD,-119.22168731689453,34.181316375732422
94583017,2024,2025-02-18,9770,2024-08-12,2255,020721,,1,3,9,5600,0,1,3,,1,045,SR-126 E/B (EAST TELEGRAPH ROAD),CENTER STREET,4415.00,E,N,A,-,Y,VEN,,126, ,R,30.137,H,,R,Y,1,1,0,2,A,-,11,21954,A,N,G,B,E,A,H,-,D,D,0,Y,,,,Y,Y,N,60,0,0,0,1,0,0,0,0,0,- ,- ,34.407398223876953,-118.76692962646484,VENTURA,UNINCORPORATED,-118.76692962646484,34.407363891601562
9459845,2022,2022-06-21,5604,2022-05-15,1420,4795,,7,5,6,5604,0,0,0,,0,012,EAST VENTURA BL,S BALBOA ST,0.00,,Y,A,-,N,,,,,,,,,,N,3,0,1,2,A,-,12,22450,A,N,D,G,A,A,H,-,A,A,0,,Y,,,Y,Y,A,01,0,1,0,0,0,0,1,0,0,- ,- ,34.2281494140625,-119.16826629638672,VENTURA,OXNARD,-119.16828155517578,34.228168487548828
9460243,2022,2022-06-28,5604,2022-05-28,1803,5567,,6,5,6,5604,0,0,0,,0,032,MAPLE ST,GISLER AV,250.00,E,N,A,-,N,,,,,,,,,,N,3,0,1,2,A,-,11,21954,A,N,G,B,D,A,H,-,A,D,0,Y,,,,Y,,N,60,0,1,0,0,1,0,0,0,0,- ,- ,34.176460266113281,-119.17141723632812,VENTURA,OXNARD,-119.17141723632812,34.176513671875
9460606,2022,2022-06-23,5608,2022-06-03,1822,475,,5,5,6,5608,0,0,0,,0,001,E SANTA CLARA ST,S CALIFORNIA ST,200.00,W,N,A,-,N,,,,,,,,,,N,3,0,1,2,D,-,00,,,N,A,G,A,A,H,-,A,A,0,,Y,,,Y,,-,- ,0,1,0,0,0,0,1,0,0,- ,- ,,,VENTURA,VENTURA,-119.29376983642578,34.279529571533203
9460610,2022,2022-06-23,5608,2022-06-02,1506,549,,4,5,6,5608,0,0,0,,0,003,SOUTH HILL RD,WOODLAND ST,5.00,S,N,A,-,N,,,,,,,,,,N,4,0,1,2,A,-,11,21954,A,N,G,B,D,A,H,-,A,D,0,Y,,,,Y,,N,60,0,0,1,0,1,0,0,0,0,- ,- ,34.276329040527344,-119.20847320556641,VENTURA,VENTURA,-119.20856475830078,34.276416778564453
9460613,2022,2022-06-23,5608,2022-06-09,1353,525,,4,5,6,5608,0,0,0,,0,001,NORTH VENTURA AV,FIX WY,50.00,N,N,A,-,N,,,,,,,,,,N,4,0,1,2,A,-,10,21950,A,N,B,B,E,A,H,-,A,D,0,Y,,,,Y,,A,07,0,0,1,0,1,0,0,0,0,- ,- ,,,VENTURA,VENTURA,-119.30021667480469,34.283390045166016
9461654,2022,2022-07-08,5608,2022-06-22,1227,521,,3,5,6,5608,0,0,0,,0,001,SHORELINE DR,SHORELINE DR DEAD END,1450.00,E,N,A,-,N,,,,,,,,,,N,4,0,1,2,A,-,08,22107,,F,G,B,E,A,H,-,A,-,0,Y,,,,Y,,A,07,0,0,1,0,1,0,0,0,0,- ,- ,,,VENTURA,VENTURA,,
9463210,2022,2022-07-20,5608,2022-07-07,1112,506,,4,5,6,5608,0,0,0,,0,001,W MAIN ST,N OLIVE ST,0.00,,Y,A,-,N,,,,,,,,,,N,4,0,1,2,A,-,05,21650,1,N,A,G,A,A,H,-,A,A,0,,Y,,,Y,,L,04,0,0,1,0,0,0,1,0,0,- ,- ,,,VENTURA,VENTURA,-119.30348968505859,34.281394958496094
9464996,2022,2022-12-01,5604,2022-10-28,0840,5359,,5,5,6,5604,0,0,0,,0,011,N H ST,GLENWOOD DR,0.00,,Y,A,-,N,,,,,,,,,,N,3,0,1,2,A,-,08,22107,,N,G,B,B,A,H,-,A,A,0,Y,,,,Y,,A,01,0,1,0,0,1,0,0,0,0,- ,- ,34.214481353759766,-119.18795776367188,VENTURA,OXNARD,-119.18795776367188,34.214508056640625
94663188,2025,2025-05-21,9765,2025-04-06,810 ,017253,,7,1,9,5600,0,3,5,,2,002,CREEK ROAD,ECINO DRIVE,0.00,,Y,A,-,N,,,,,,,,,,N,3,0,1,2,A,-,09,21801,A,N,A,6,A,A,H,-,A,D,0,,Y,,,Y,,A,01,0,1,0,0,0,0,1,0,0,- ,- ,34.400371551513672,-119.28659820556641,VENTURA,UNINCORPORATED,-119.28659820556641,34.400287628173828
9467462,2023,2023-02-14,5604,2023-01-05,12  ,5659,,4,5,6,5604,0,0,0,,0,011,DORIS AV,A ST,200.00,W,N,B,C,N,,,,,,,,,,N,2,0,1,2,A,-,11,21954,A,F,G,B,E,B,H,-,D,D,0,Y,,,,Y,,N,60,1,0,0,0,1,0,0,0,0,- ,- ,34.207889556884766,-119.17845916748047,VENTURA,OXNARD,-119.17913818359375,34.207901000976562
94679325,2025,2025-05-07,9765,2025-05-03,1130,024183,,6,1,9,5600,0,3,5,,2,005,CENTRAL AVENUE,SANTA CLARA AVE,2376.00,S,N,B,-,N,,,,,,,,,,N,3,0,1,2,A,-,21,22106,,N,D,G,A,A,H,-,A,D,0,,Y,,,Y,,A,01,0,1,0,0,0,0,1,0,0,- ,- ,34.234859466552734,-119.11958312988281,VENTURA,UNINCORPORATED,-119.11967468261719,34.234996795654297
94681872,2024,2025-05-09,9770,2024-10-25,820 ,018942,,5,1,6,5607,0,1,3,,2,077,SR-23 S/B FROM AVENIDA DE LOS ARBOLES E/B,AVENIDA DE LOS ARBOLES,166.00,W,N,A,-,Y,,,,,,,,,,N,1,1,0,2,A,-,10,21950,A,N,G,B,C,A,H,-,A,D,0,Y,,,,Y,,A,08,0,0,0,1,0,0,0,0,0,- ,- ,34.211528778076172,-118.85005187988281,VENTURA,THOUSAND OAKS,-118.84937286376953,34.212074279785156
94694428,2025,2025-05-20,9765,2025-05-13,1918,022106,,2,2,9,5600,0,3,5,,2,002,SANTA ANA BLVD.,VALLEY RD.,15.00,S,N,A,-,N,,,,,,,,,,N,3,0,1,3,A,-,09,21802,A,N,C,G,A,A,H,-,A,A,0,,Y,,,Y,,A,07,0,1,0,0,0,0,1,0,0,- ,- ,34.400688171386719,-119.30420684814453,VENTURA,UNINCORPORATED,,
9469734,2023,2023-09-14,5604,2023-08-20,2245,4754,,7,5,6,5604,0,0,0,,0,032,CHANNEL ISLANDS BL,ROSE AV,30.00,E,N,A,-,N,,,,,,,,,,N,3,0,1,2,A,-,05,21650,1,N,A,G,A,B,H,-,C,A,0,,Y,,,Y,,L,04,0,1,0,0,0,0,1,0,0,- ,- ,,,VENTURA,OXNARD,-119.16007232666016,34.173221588134766
9469820,2023,2023-09-20,5604,2023-07-04,2050,5018,,2,5,6,5604,0,0,0,,0,031,FELICIA CT,MARQUITA ST,10.00,E,N,A,-,N,,,,,,,,,,Y,3,0,1,2,A,-,05,21650,1,F,A,G,A,A,H,-,C,D,0,,Y,,,Y,,L,04,0,1,0,0,0,0,1,0,0,- ,- ,34.205478668212891,-119.16639709472656,VENTURA,OXNARD,-119.16630554199219,34.205490112304688
9469830,2023,2023-09-25,5604,2023-07-26,1134,4942,,3,5,6,5604,0,0,0,,0,011,VENTURA RD,IVYWOOD DR,15.00,S,N,A,-,N,,,,,,,,,,N,3,0,1,2,A,-,08,22107,,F,B,G,A,A,H,-,A,D,0,,Y,,,Y,Y,A,01,0,1,0,0,0,0,1,0,0,- ,- ,,,VENTURA,OXNARD,-119.19471740722656,34.216007232666016
9469900,2023,2023-10-02,5604,2023-08-16,1317,5417,,3,5,6,5604,0,0,0,,0,042,S J ST,SONOMA WY,250.00,N,N,A,-,N,,,,,,,,,,N,2,0,1,2,A,-,06,21750,A,F,B,G,A,A,H,-,A,D,0,,Y,,,Y,Y,A,01,1,0,0,0,0,0,1,0,0,- ,- ,34.156501770019531,-119.18557739257812,VENTURA,OXNARD,-119.18585205078125,34.156196594238281
9469905,2023,2023-10-05,5604,2023-08-13,1100,5642,,7,5,6,5604,0,0,0,,0,011,N OXNARD BL,W VINEYARD AV W,0.00,,Y,A,-,N,,,,,,,,,,,4,0,1,2,A,-,12,21453,A,N,A,B,B,A,H,-,A,A,0,Y,,,,Y,,-,,0,0,1,0,1,0,0,0,0,- ,- ,34.226509094238281,-119.17733001708984,VENTURA,OXNARD,-119.17755126953125,34.226512908935547
9472151,2022,2022-07-20,5604,2022-06-28,2057,5615,,2,5,6,5604,0,0,0,,0,024,W WOOLEY RD,S J ST,0.00,,Y,A,-,N,,,,,,,,,,N,4,0,1,2,A,-,12,21453,A,N,D,G,A,A,H,-,C,A,0,,Y,,,Y,,L,04,0,0,1,0,0,0,1,0,0,- ,- ,,,VENTURA,OXNARD,-119.18952178955078,34.190036773681641
9473229,2022,2022-08-05,5608,2022-07-23,1905,442,,6,5,6,5608,0,0,0,,0,002,S SEAWARD AV,HARBOR B,78.00,S,N,A,-,N,,,,,,,,,,N,3,0,1,2,A,-,08,22107,,N,H,G,A,A,H,-,A,A,0,,Y,,,Y,,A,01,0,1,0,0,0,0,1,0,0,- ,- ,,,VENTURA,VENTURA,-119.26999664306641,34.264793395996094
94736424,2025,2025-06-23,9765,2025-05-27,945 ,020001,,2,1,9,5600,0,3,5,,2,001,PACIFIC COAST HIGHWAY,SOLIMAR BEACH DRIVE,1980.00,S,N,B,-,Y,VEN,,1, , ,22.792,H,,R,N,3,0,1,2,A,-,08,22107,,F,C,G,A,A,H,-,A,D,0,,Y,,,Y,,-,99,0,1,0,0,0,0,1,0,0,- ,- ,34.307708740234375,-119.35291290283203,VENTURA,UNINCORPORATED,-119.35288238525391,34.307731628417969
94759550,2025,2025-07-14,9765,2025-06-15,955 ,020983,,7,1,9,5600,0,1,3,,1,012,SR-1 (PACIFIC COAST HIGHWAY) (3700 BLOCK),PADRE JUAN CANYON ROAD,1235.00,S,N,A,-,Y,VEN,,1, , ,24.707,H,,R,N,2,0,1,2,A,-,08,22107,,F,G,B,E,A,H,-,A,D,0,Y,,,,Y,,A,01,1,0,0,0,1,0,0,0,0,- ,- ,34.320930480957031,-119.37848663330078,VENTURA,UNINCORPORATED,-119.37852478027344,34.321022033691406
94771022,2025,2025-07-21,9770,2025-07-18,50  ,023601,,5,3,9,5600,0,3,5,,2,005,SR-118 E/B (LOS ANGELES AVENUE),GRIMES CANYON ROAD,721.00,W,N,A,-,Y,VEN,,118, , ,14.539,H,,R,N,2,0,1,2,A,-,01,23152,A,F,A,B,E,A,H,-,E,D,0,Y,,,,Y,Y,A,07,1,0,0,0,1,0,0,0,0,- ,- ,34.272930145263672,-118.93256378173828,VENTURA,UNINCORPORATED,-118.93259429931641,34.272987365722656
94797894,2025,2025-08-11,9765,2025-08-02,2030,024183,,6,2,9,5600,0,1,2,,1,102,US-101 N/B (VENTURA FREEWAY),SR-1,3115.00,S,N,A,-,Y,VEN,,101, ,R,38.425,H,,R,N,2,0,1,2,A,-,11,21954,A,N,G,B,D,A,H,-,D,D,0,Y,,,,Y,,N,60,1,0,0,0,1,0,0,0,0,- ,- ,34.338771820068359,-119.40802001953125,VENTURA,UNINCORPORATED,-119.40803527832031,34.338756561279297
94812303,2025,2025-08-21,9765,2025-08-16,2100,024275,,6,2,9,5600,0,3,5,,2,002,NORWAY DRIVE,BOUNDS ROAD,147.00,N,N,A,-,N,,,,,,,,,,N,3,0,1,2,A,-,03,22350,,N,G,B,D,A,H,-,C,D,0,Y,,,,Y,,A,01,0,1,0,0,1,0,0,0,0,- ,- ,34.335979461669922,-119.29187774658203,VENTURA,UNINCORPORATED,-119.29180908203125,34.335853576660156
94816486,2025,2025-08-25,9765,2025-08-18,1817,023498,,1,2,9,5600,0,3,5,,2,004,SANTA PAULA STREET,BRIGGS RD,5.00,S,N,A,-,N,,,,,,,,,,N,3,0,1,2,A,-,08,22107,,F,C,G,A,A,H,-,A,A,0,,Y,,,Y,,-,99,0,1,0,0,0,0,1,0,0,- ,- ,34.333568572998047,-119.11099243164062,VENTURA,UNINCORPORATED,-119.11088562011719,34.333652496337891
94818225,2025,2025-08-26,9765,2025-07-18,200 ,023638,,5,3,6,5604,0,1,3,,2,061,SR-1 S/B (PACIFIC COAST HIGHWAY),NAUMANN ROAD,300.00,N,N,A,-,Y,VEN,,1, , ,13.913,H,,L,Y,2,0,1,2,A,-,03,22350,,F,G,B,E,A,H,-,D,D,0,Y,,,,Y,,-,- ,1,0,0,0,1,0,0,0,0,- ,- ,34.156150817871094,-119.12725830078125,VENTURA,OXNARD,-119.12726593017578,34.156139373779297