CASE_ID,ACCIDENT_YEAR,PROC_DATE,JURIS,COLLISION_DATE,COLLISION_TIME,OFFICER_ID,REPORTING_DISTRICT,DAY_OF_WEEK,CHP_SHIFT,POPULATION,CNTY_CITY_LOC,SPECIAL_COND,BEAT_TYPE,CHP_BEAT_TYPE,CITY_DIVISION_LAPD,CHP_BEAT_CLASS,BEAT_NUMBER,PRIMARY_RD,SECONDARY_RD,DISTANCE,DIRECTION,INTERSECTION,WEATHER_1,WEATHER_2,STATE_HWY_IND,CALTRANS_COUNTY,CALTRANS_DISTRICT,STATE_ROUTE,ROUTE_SUFFIX,POSTMILE_PREFIX,POSTMILE,LOCATION_TYPE,RAMP_INTERSECTION,SIDE_OF_HWY,TOW_AWAY,COLLISION_SEVERITY,NUMBER_KILLED,NUMBER_INJURED,PARTY_COUNT,PRIMARY_COLL_FACTOR,PCF_CODE_OF_VIOL,PCF_VIOL_CATEGORY,PCF_VIOLATION,PCF_VIOL_SUBSECTION,HIT_AND_RUN,TYPE_OF_COLLISION,MVIW,PED_ACTION,ROAD_SURFACE,ROAD_COND_1,ROAD_COND_2,LIGHTING,CONTROL_DEVICE,CHP_ROAD_TYPE,PEDESTRIAN_ACCIDENT,BICYCLE_ACCIDENT,MOTORCYCLE_ACCIDENT,TRUCK_ACCIDENT,NOT_PRIVATE_PROPERTY,ALCOHOL_INVOLVED,STWD_VEHTYPE_AT_FAULT,CHP_VEHTYPE_AT_FAULT,COUNT_SEVERE_INJ,COUNT_VISIBLE_INJ,COUNT_COMPLAINT_PAIN,COUNT_PED_KILLED,COUNT_PED_INJURED,COUNT_BICYCLIST_KILLED,COUNT_BICYCLIST_INJURED,COUNT_MC_KILLED,COUNT_MC_INJURED,PRIMARY_RAMP,SECONDARY_RAMP,LATITUDE,LONGITUDE,COUNTY,CITY,POINT_X,POINT_Y
9482353,2022,2022-08-23,5608,2022-08-07,1822,397,VENTU,7,5,6,5608,0,0,0,,0,001,STANLEY AV,OLIVE ST,528.00,W,N,A,-,N,,,,,,,,,,N,3,0,1,2,A,-,03,22350,,N,D,G,A,A,H,-,A,A,0,,Y,,,Y,,A,07,0,1,0,0,0,0,1,0,0,- ,- ,,,VENTURA,VENTURA,-119.29986572265625,34.30047607421875
94823842,2025,2025-08-29,9765,2025-08-22,1135,024440,,5,1,6,5608,0,1,3,,1,012,SR-1 (PACIFIC COAST HIGHWAY),A LEASE CANYON RD,30.00,N,N,B,-,Y,VEN,,1, , ,23.903,H,,R,N,2,0,1,2,A,-,00,20001,A,F,A,B,E,A,H,-,A,D,0,Y,Y,,,Y,,N,60,1,0,0,0,0,0,1,0,0,- ,- ,34.317558288574219,-119.36601257324219,VENTURA,VENTURA,-119.36605834960938,34.317508697509766
9483451,2022,2022-08-05,5608,2022-07-13,2130,545,,3,5,6,5608,0,0,0,,0,003,SOUTH VICTORIA AV,WEBSTER,36.00,N,N,A,-,N,,,,,,,,,,Y,2,0,1,2,A,-,00,21954,,N,A,B,D,A,H,-,C,A,0,Y,,,,Y,Y,N,60,1,0,0,0,1,0,0,0,0,- ,- ,,,VENTURA,VENTURA,-119.21336364746094,34.2705078125
9484982,2022,2022-08-31,5608,2022-08-16,1216,505,,2,5,6,5608,0,0,0,,0,002,SAN PEDRO ST,HARBOR BL,360.00,S,N,A,-,N,,,,,,,,,,N,3,0,1,2,A,-,03,22350,,M,D,B,E,A,H,-,A,D,0,Y,,,,Y,,A,01,0,1,0,0,1,0,0,0,0,- ,- ,,,VENTURA,VENTURA,-119.27458190917969,34.269207000732422
94899596,2025,2026-01-13,9765,2025-10-10,1010,019884,,5,1,9,5600,0,3,5,,2,004,FOOTHILL ROAD,WHEELER CANYON RD,1531.00,E,N,A,-,N,,,,,,,,,,Y,1,1,1,2,A,-,05,21460,C,N,D,6,A,A,H,-,A,D,0,,Y,Y,,Y,,C,02,1,0,0,0,0,0,1,1,0,- ,- ,34.335689544677734,-119.13472747802734,VENTURA,UNINCORPORATED,-119.13486480712891,34.335655212402344
94926337,2024,2025-11-12,9765,2024-07-27,1628,022443,,6,2,9,5600,0,3,5,,2,005,CENTRAL AVENUE,BEARDSLEY ROAD,2868.00,W,N,A,-,N,,,,,,,,,,Y,1,1,2,4,A,-,01,23152,G,F,C,6,A,A,H,-,A,D,0,,Y,,,Y,,A,07,0,0,2,0,0,1,0,0,0,- ,- ,34.235908508300781,-119.12098693847656,VENTURA,UNINCORPORATED,-119.11954498291016,34.234905242919922
9497232,2022,2022-09-15,5608,2022-08-24,0828,526,,3,5,6,5608,0,0,0,,0,002,EAST MAIN ST,SEAWARD AV,550.00,W,N,B,-,N,,,,,,,,,,N,3,0,1,2,A,-,11,21954,A,N,D,B,D,A,D,-,A,A,0,Y,,,,Y,,N,60,0,1,0,0,1,0,0,0,0,- ,- ,,,VENTURA,VENTURA,-119.26687622070312,34.277214050292969
94991943,2025,2025-12-30,9765,2025-12-23,1725,022845,,2,2,9,5600,0,3,5,,2,001,LOMA DR,SR-150,0.00,,Y,C,-,N,,,,,,,,,,N,3,0,1,2,A,-,08,22107,,N,D,G,A,B,H,-,C,A,0,,Y,,,Y,,-,99,0,1,0,0,0,0,1,0,0,- ,- ,34.432380676269531,-119.28005981445312,VENTURA,UNINCORPORATED,-119.28019714355469,34.432262420654297
9499444,2022,2022-11-23,5606,2022-03-04,1815,1131,5606,5,5,4,5606,0,0,0,,0,003,N OJAI RD,E VIRGINIA TR,0.00,,Y,A,-,Y,VEN,7,150,,-,33.061,I,5,E,N,2,0,1,2,A,-,10,21950,A,N,G,B,B,A,H,-,C,B,0,Y,,,,Y,,D,22,1,0,0,0,1,0,0,0,0,- ,- ,,,VENTURA,SANTA PAULA,-119.06319427490234,34.368122100830078
9499619,2022,2022-11-08,5604,2022-06-29,1724,4919,,3,5,6,5604,0,0,0,,0,041,E CHANNEL ISLANDS BL,SAMUEL AV,0.00,,Y,A,-,N,,,,,,,,,,N,3,0,1,2,A,-,05,21650,1,N,D,G,A,A,H,-,A,D,0,,Y,,,Y,,L,04,0,1,0,0,0,0,1,0,0,- ,- ,,,VENTURA,OXNARD,-119.17664337158203,34.173423767089844
9499658,2022,2022-11-08,5604,2022-07-12,1700,5396,,2,5,6,5604,0,0,0,,0,014,W ESPLANADE DR,ESPLANADE DR,100.00,N,N,A,-,N,,,,,,,,,,N,3,0,1,2,A,-,10,21950,A,N,G,B,D,A,H,-,A,D,0,Y,,,Y,Y,,F,26,0,1,0,0,1,0,0,0,0,- ,- ,34.236660003662109,-119.17854309082031,VENTURA,OXNARD,-119.17485046386719,34.230224609375
9501967,2022,2022-12-27,5604,2022-08-31,2131,5530,,3,5,6,5604,0,0,0,,0,032,SAVIERS RD,LAUREL ST,244.00,S,N,A,-,N,,,,,,,,,,N,4,0,1,2,A,-,21,22106,,N,G,B,E,A,H,-,C,D,0,Y,,,,Y,,A,08,0,0,1,0,1,0,0,0,0,- ,- ,34.173591613769531,-119.17666625976562,VENTURA,OXNARD,-119.17760467529297,34.176681518554688
9501984,2022,2022-12-27,5604,2022-09-15,1304,5080,,4,5,6,5604,0,0,0,,0,024,NOVATO DR,EL CAJON WY,60.00,N,N,A,-,N,,,,,,,,,,N,4,0,1,2,A,-,08,22107,,N,C,G,A,A,H,-,A,D,0,,Y,,,Y,,L,04,0,0,1,0,0,0,1,0,0,- ,- ,34.187591552734375,-119.20570373535156,VENTURA,OXNARD,-119.20368957519531,34.188785552978516
9504142,2021,2022-10-28,5604,2021-09-29,2034,5317,,3,5,6,5604,0,0,0,,0,024,HEMLOCK ST,N ST,244.00,E,N,A,-,N,,,,,,,,,,Y,1,1,0,2,A,-,01,23152,A,N,C,G,A,A,H,-,C,D,0,,Y,,,Y,Y,A,01,0,0,0,0,0,1,0,0,0,- ,- ,,,VENTURA,OXNARD,-119.19142150878906,34.181098937988281
95054183,2026,2026-02-12,9765,2026-01-30,1425,024006,,5,2,9,5600,0,1,3,,1,046,WELLS ROAD,LOS ANGELES AVENUE,0.00,,Y,A,-,Y,VEN,,118, ,R,1.334,H,,L,N,4,0,1,2,A,-,08,22107,,F,B,G,A,A,H,-,A,D,0,,Y,,,Y,Y,A,01,0,0,1,0,0,0,1,0,0,- ,- ,34.281890869140625,-119.146240234375,VENTURA,UNINCORPORATED,-119.14627075195312,34.281826019287109
95070950,2026,2026-02-25,9765,2026-02-14,1830,022901,,6,2,9,5600,0,1,3,,1,012,SR-1 (PACIFIC COAST HIGHWAY),US-101 S/B,50.00,N,N,A,-,Y,VEN,,1, , ,21.279,H,,R,N,3,0,1,2,A,-,03,22350,,N,D,G,A,A,H,-,A,D,0,,Y,,,Y,,L,04,0,1,0,0,0,0,1,0,0,- ,- ,34.290138244628906,-119.33522796630859,VENTURA,UNINCORPORATED,-119.33522033691406,34.290157318115234
95074417,2025,2026-02-26,9765,2025-09-25,2320,024278,,4,3,6,5608,0,1,2,,2,103,US-101 S/B,SR-33 S/B,1110.65,N,N,A,-,Y,VEN,,101, , ,31.113,H,,L,Y,1,1,1,2,A,-,11,21954,A,N,G,B,E,A,H,-,D,D,0,Y,,,,Y,,N,60,0,1,0,1,0,0,0,0,0,- ,- ,34.280040740966797,-119.30959320068359,VENTURA,VENTURA,-119.30960083007812,34.280006408691406
95080298,2026,2026-03-03,9765,2026-02-14,1245,024440,,6,1,2,5603,0,1,3,,1,020,SR-33 (N VENTURA AVE),WOODLAND AVENUE,350.00,N,N,A,-,Y,VEN,,33, , ,10.740,H,,R,N,2,0,1,2,A,-,09,21801,A,N,D,G,A,A,H,-,A,D,0,,Y,,,Y,,A,01,1,0,0,0,0,0,1,0,0,- ,- ,34.423179626464844,-119.28941345214844,VENTURA,OJAI,-119.28953552246094,34.4232177734375
9508430,2022,2022-10-31,5604,2022-08-01,1147,5458,,1,5,6,5604,0,0,0,,0,012,2401 N ROSE AV,LOCKWOOD ST,500.00,N,N,A,-,N,,,,,,,,,,N,4,0,1,2,B,-,22,,,N,G,B,F,A,H,-,A,D,0,Y,,,,Y,,A,08,0,0,1,0,1,0,0,0,0,- ,- ,34.224361419677734,-119.16116333007812,VENTURA,OXNARD,-119.15856170654297,34.223464965820312
9508434,2022,2022-10-31,5604,2022-08-04,1830,5658,,4,5,6,5604,0,0,0,,0,041,LA BREA DR,E YUCCA ST E,0.00,,Y,A,-,N,,,,,,,,,,N,3,0,1,3,A,-,12,22450,A,N,H,G,A,A,H,-,A,D,0,,Y,,,Y,,L,04,0,1,0,0,0,0,1,0,0,- ,- ,34.165889739990234,-119.17569732666016,VENTURA,OXNARD,,
9508447,2022,2022-10-31,5604,2022-07-24,2015,5502,,7,5,6,5604,0,0,0,,0,014,CLYDE RIVER PL,SEAGLASS WY,0.00,,Y,A,-,N,,,,,,,,,,N,3,0,1,2,A,-,10,21950,C,N,G,B,B,A,H,-,A,A,0,Y,,,,Y,,-,,0,1,0,0,1,0,0,0,0,- ,- ,34.240360260009766,-119.17517852783203,VENTURA,OXNARD,-119.17522430419922,34.240383148193359
9508452,2022,2022-11-01,5604,2022-07-26,1509,5415,,2,5,6,5604,0,0,0,,0,012,GONZALES RD,OXNARD BL,100.00,E,N,A,-,N,,,,,,,,,,N,4,0,1,2,A,-,03,22350,,N,G,B,F,A,H,-,A,D,0,Y,,,,Y,,A,07,0,0,1,0,1,0,0,0,0,- ,- ,34.219478607177734,-119.17642974853516,VENTURA,OXNARD,-119.17704010009766,34.219486236572266
95088407,2026,2026-05-06,9765,2026-02-28,2010,024090,,6,2,9,5600,0,3,5,,2,002,OJAI VALLEY TRAIL,VALLEY ROAD,50.00,S,N,A,-,N,,,,,,,,,,N,3,0,1,2,A,-,03,22350,,N,D,G,A,A,H,-,D,D,0,,Y,Y,,Y,,C,02,0,1,0,0,0,0,1,0,0,- ,- ,34.401901245117188,-119.3048095703125,VENTURA,UNINCORPORATED,,
95088841,2026,2026-03-09,9765,2026-02-20,2246,024275,,5,3,6,5608,0,1,2,,2,302,US-101 S/B FROM TELEPHONE ROAD,TELEPHONE ROAD,19.00,S,N,A,-,Y,,,,,,,,,,Y,2,0,1,2,A,-,01,23152,A,N,G,B,B,A,H,-,C,A,0,Y,,,,Y,Y,A,01,1,0,0,0,1,0,0,0,0,- ,- ,34.26177978515625,-119.23152160644531,VENTURA,VENTURA,-119.23200225830078,34.262702941894531
95090448,2026,2026-03-10,9770,2026-03-03,1012,017732,,2,1,4,5690,0,1,3,,2,080,SR-118 W/B TO COLLINS DRIVE,COLLINS DRIVE,6.00,E,N,A,-,Y,,,,,,,,,,N,3,0,1,2,A,-,10,21950,A,N,G,B,B,A,H,-,A,A,0,Y,,,,Y,,A,01,0,1,0,0,1,0,0,0,0,- ,- ,34.294448852539062,-118.84229278564453,VENTURA,MOORPARK,,
9510034,2022,2022-12-19,5608,2022-11-22,1538,493,,2,5,6,5608,0,0,0,,0,001,NORTH VENTURA AV,WARNER ST,0.00,,Y,A,-,N,,,,,,,,,,N,3,0,1,2,A,-,03,22350,,N,G,B,B,A,H,-,A,A,0,Y,,,,Y,,A,01,0,1,0,0,1,0,0,0,0,- ,- ,,,VENTURA,VENTURA,-119.29747009277344,34.292484283447266
9510037,2022,2022-12-28,5608,2022-11-19,1037,532,,6,5,6,5608,0,0,0,,0,004,SOUTH VICTORIA AV,TELEPHONE RD,0.00,,Y,A,-,N,,,,,,,,,,N,4,0,1,2,A,-,10,21950,,N,G,B,F,A,H,-,A,A,0,Y,,,,Y,,A,01,0,0,1,0,1,0,0,0,0,- ,- ,34.264858245849609,-119.21253204345703,VENTURA,VENTURA,-119.21256256103516,34.265457153320312
9510731,2022,2023-01-27,5608,2022-12-05,1637,527,,1,5,6,5608,0,0,0,,0,002,MAIN ST,TELEPHONE RD,15.00,W,N,A,-,N,,,,,,,,,,N,3,0,1,2,A,-,17,21461,A,N,A,G,A,A,H,-,B,A,0,,Y,Y,,Y,,L,04,0,1,0,0,0,0,1,0,0,- ,- ,34.154258728027344,-119.1356201171875,VENTURA,VENTURA,-119.23188018798828,34.261955261230469
95123639,2026,2026-04-10,9765,2026-03-25,815 ,018332,,3,1,9,5600,0,3,5,,2,002,SANTA ANA ROAD,BURNHAM RD.,0.00,,Y,A,-,N,,,,,,,,,,N,3,0,1,2,A,-,12,22450,A,N,D,G,A,A,H,-,A,A,0,,Y,,,Y,,A,07,0,1,0,0,0,0,1,0,0,- ,- ,34.4010009765625,-119.31475067138672,VENTURA,UNINCORPORATED,-119.31481170654297,34.400932312011719
9512814,2022,2022-11-16,5604,2022-10-16,1516,5454,,7,5,6,5604,0,0,0,,0,014,ESPLANADE DR,VINEYARD AV,10.00,E,N,A,-,N,,,,,,,,,,N,3,0,1,2,A,-,08,22107,,F,D,G,A,A,H,-,A,D,0,,Y,,,Y,,A,07,0,1,0,0,0,0,1,0,0,- ,- ,34.229999542236328,-119.17465209960938,VENTURA,OXNARD,,
9512877,2022,2022-11-18,5604,2022-09-10,1200,5610,,6,5,6,5604,0,0,0,,0,014,RT 232,RIVERPARK BL,0.00,,Y,A,-,Y,VEN,7,232,-,-,0.583,I,5,S,N,4,0,1,2,A,-,12,21453,A,F,G,B,B,A,H,-,A,B,0,Y,,,,Y,,-,,0,0,1,0,1,0,0,0,0,- ,- ,34.233551025390625,-119.17198181152344,VENTURA,OXNARD,-119.1719970703125,34.233554840087891
9512911,2022,2022-11-14,5604,2022-08-11,0546,5403,,4,5,6,5604,0,0,0,,0,031,COOPER RD,GARFIELD AV,30.00,W,N,A,-,N,,,,,,,,,,N,3,0,1,2,A,-,10,21950,A,F,G,B,B,A,H,-,B,D,0,Y,,,,Y,,-,99,0,1,0,0,1,0,0,0,0,- ,- ,34.20452880859375,-119.17375183105469,VENTURA,OXNARD,-119.17385864257812,34.204540252685547
9513298,2022,2022-11-08,5604,2022-09-12,1627,5586,,1,5,6,5604,0,0,0,,0,032,SUNKIST CIR,STATHAM BL,10.00,W,N,A,-,N,,,,,,,,,,N,4,0,1,2,A,-,11,21954,A,N,B,B,E,A,H,-,A,A,0,Y,,,,Y,,N,60,0,0,1,0,1,0,0,0,0,- ,- ,34.179191589355469,-119.16584014892578,VENTURA,OXNARD,-119.16561126708984,34.179389953613281
9513936,2022,2022-11-07,5608,2022-10-14,2115,504,,5,5,6,5608,0,0,0,,0,001,POLI ST,CHESTNUT ST,185.00,N,N,A,-,N,,,,,,,,,,N,4,0,1,2,A,-,03,22350,,N,G,B,B,A,H,-,D,D,0,Y,,,,Y,,A,01,0,0,1,0,1,0,0,0,0,- ,- ,34.282161712646484,-119.29226684570312,VENTURA,VENTURA,,
9513938,2022,2022-11-07,5608,2022-10-19,1613,409,,3,5,6,5608,0,0,0,,0,002,HARBOR BL,SEAWARD AV,660.00,S,N,A,-,N,,,,,,,,,,N,3,0,1,2,A,-,06,21760,B,F,B,G,A,A,H,-,A,A,0,,Y,,,Y,,-,,0,1,0,0,0,0,1,0,0,- ,- ,,,VENTURA,VENTURA,-119.26866149902344,34.26373291015625
9514211,2021,2022-11-04,5606,2021-06-24,1818,1130,5606,4,5,4,5606,0,0,0,,0,003,MAIN E ST,11 ST,0.00,,Y,A,-,N,,,,,,,,,,N,4,0,1,2,A,-,00,20002,,F,G,B,F,A,H,-,A,D,0,Y,,,,Y,,A,01,0,0,1,0,1,0,0,0,0,- ,- ,,,VENTURA,SANTA PAULA,-119.05799865722656,34.354564666748047
9514218,2021,2022-11-04,5606,2021-10-23,2145,1119,5606,6,5,4,5606,0,0,0,,0,001,BECKWITH S RD,TELEGRAPH RD,171.00,N,N,A,-,N,,,,,,,,,,N,2,0,1,2,A,-,07,21658,A,N,B,G,A,A,H,-,C,D,0,,Y,,,Y,,A,01,1,0,0,0,0,0,1,0,0,- ,- ,,,VENTURA,SANTA PAULA,-119.09246063232422,34.336521148681641
9519269,2023,2023-02-06,5604,2023-01-03,1801,4942,,2,5,6,5604,0,0,0,,0,011,N H ST,BLUEBELL ST,0.00,,Y,A,-,N,,,,,,,,,,N,4,0,1,2,A,-,12,22450,A,N,D,G,A,A,H,-,C,D,0,,Y,,,Y,,L,04,0,0,1,0,0,0,1,0,0,- ,- ,,,VENTURA,OXNARD,-119.18628692626953,34.221500396728516
9521649,2022,2022-11-15,5604,2022-08-19,0845,5401,,5,5,6,5604,0,0,0,,0,011,N M ST,FREMONT WY,0.00,,Y,A,-,N,,,,,,,,,,N,3,0,2,2,A,-,10,21950,A,N,G,B,B,A,H,-,A,D,0,Y,Y,,,Y,,L,04,0,1,1,0,1,0,1,0,0,- ,- ,34.213180541992188,-119.19011688232422,VENTURA,OXNARD,-119.19223022460938,34.213687896728516
9521659,2022,2022-11-15,5604,2022-08-17,0845,5532,,3,5,6,5604,0,0,0,,0,012,E GONZALES RD,ROSE AV,100.00,W,N,A,-,N,,,,,,,,,,N,4,0,1,2,A,-,05,21650,1,N,G,G,A,A,H,-,A,A,0,,Y,,,Y,,L,04,0,0,1,0,0,0,1,0,0,- ,- ,34.219661712646484,-119.15955352783203,VENTURA,OXNARD,-119.15876007080078,34.218994140625
9521663,2022,2022-11-16,5604,2022-08-27,1329,5401,,6,5,6,5604,0,0,0,,0,012,AUTO CENTER DR,VIA ESTRADA ST,100.00,W,N,A,-,N,,,,,,,,,,N,4,0,1,2,A,-,05,21650,1,N,D,G,A,A,H,-,A,D,0,,Y,,,Y,,L,04,0,0,1,0,0,0,1,0,0,- ,- ,34.228431701660156,-119.15236663818359,VENTURA,OXNARD,-119.15258026123047,34.227867126464844
9521667,2022,2022-11-16,5604,2022-08-02,1920,5407,,2,5,6,5604,0,0,0,,0,042,S J ST,HUENEME RD,5.00,N,N,A,-,N,,,,,,,,,,N,4,0,1,2,A,-,12,21453,A,F,G,B,B,A,H,-,B,A,0,Y,,,,Y,,A,01,0,0,1,0,1,0,0,0,0,- ,- ,34.148960113525391,-119.18276977539062,VENTURA,OXNARD,-119.18605804443359,34.147468566894531
9521675,2022,2022-11-16,5604,2022-08-03,0540,5335,,3,5,6,5604,0,0,0,,0,023,S C ST,5TH ST,5.00,S,N,A,-,N,,,,,,,,,,N,4,0,1,2,A,-,03,22350,,F,G,B,B,A,H,-,C,A,0,Y,,,,Y,,A,01,0,0,1,0,1,0,0,0,0,- ,- ,34.216350555419922,-119.15589904785156,VENTURA,OXNARD,-119.18110656738281,34.197505950927734
9521680,2022,2022-11-22,5604,2022-08-22,1432,5135,,1,5,6,5604,0,0,0,,0,011,N G ST,DEVONSHIRE DR,250.00,N,N,A,-,N,,,,,,,,,,N,3,0,3,4,A,-,10,21950,A,N,G,B,C,A,H,-,A,A,0,Y,,,,Y,,A,07,0,2,1,0,3,0,0,0,0,- ,- ,34.212440490722656,-119.18720245361328,VENTURA,OXNARD,-119.18692016601562,34.212306976318359
9521721,2022,2022-11-16,5604,2022-10-14,2010,5657,,5,5,6,5604,0,0,0,,0,014,VINEYARD AV,STROUBE ST,20.00,S,N,A,-,N,,,,,,,,,,Y,3,0,1,2,A,-,01,23152,A,N,G,B,D,A,H,-,C,A,0,Y,,,Y,Y,Y,F,26,0,1,0,0,1,0,0,0,0,- ,- ,34.237209320068359,-119.16925811767578,VENTURA,OXNARD,-119.16929626464844,34.237194061279297
9521910,2022,2022-11-15,5604,2022-09-23,1832,5459,,5,5,6,5604,0,0,0,,0,022,SOUTH D ST,W 2ND ST,0.00,,Y,A,-,N,,,,,,,,,,N,3,0,1,2,A,-,12,22450,A,N,D,G,A,A,H,-,A,D,0,,Y,,,Y,,L,04,0,1,0,0,0,0,1,0,0,- ,- ,34.201671600341797,-119.18231201171875,VENTURA,OXNARD,-119.18232727050781,34.201675415039062
9521920,2022,2022-11-15,5604,2022-09-24,0954,5610,,6,5,6,5604,0,0,0,,0,014,SEAGLASS WY,TOWN CENTER DR,30.00,S,N,A,-,N,,,,,,,,,,N,3,0,1,2,A,-,12,22450,A,N,D,B,E,A,H,-,A,D,0,Y,,,,Y,,N,60,0,1,0,0,1,0,0,0,0,- ,- ,34.238838195800781,-119.17697906494141,VENTURA,OXNARD,-119.17683410644531,34.238849639892578
9521938,2022,2022-11-16,5604,2022-09-20,1708,5135,,2,5,6,5604,0,0,0,,0,011,CORONADO PL,IVANHOE AV,0.00,,Y,A,-,N,,,,,,,,,,N,3,0,1,2,A,-,12,22450,A,N,D,G,A,A,H,-,A,A,0,,Y,,,Y,,L,04,0,1,0,0,0,0,1,0,0,- ,- ,34.208930969238281,-119.19950103759766,VENTURA,OXNARD,-119.19950866699219,34.208938598632812
9522103,2022,2022-11-16,5604,2022-09-10,1459,5586,,6,5,6,5604,0,0,0,,0,032,FARRAGUT DR,ONEILL PL,0.00,,Y,B,-,N,,,,,,,,,,N,3,0,1,2,A,-,21,22106,,N,C,G,A,A,H,-,A,D,0,,Y,,,Y,Y,A,07,0,1,0,0,0,0,1,0,0,- ,- ,34.175251007080078,-119.15238952636719,VENTURA,OXNARD,-119.15271759033203,34.1751708984375
9522115,2022,2022-11-16,5604,2022-09-02,1956,5502,,5,5,6,5604,0,0,0,,0,042,CLARA ST,DUNBAR DR,5.00,S,N,A,-,N,,,,,,,,,,N,3,0,1,2,A,-,11,21954,A,N,G,B,D,A,H,-,D,A,0,Y,,,,Y,,A,01,0,1,0,0,1,0,0,0,0,- ,- ,34.151039123535156,-119.17549896240234,VENTURA,OXNARD,-119.17560577392578,34.151069641113281
9522116,2022,2022-11-21,5604,2022-09-01,1730,5615,,4,5,6,5604,0,0,0,,0,014,LANTANA ST,W GONZALES RD,200.00,N,N,A,-,N,,,,,,,,,,N,3,0,1,2,A,-,11,21954,A,N,G,B,D,A,H,-,A,A,0,Y,,,,Y,,N,60,0,1,0,0,1,0,0,0,0,- ,- ,,,VENTURA,OXNARD,-119.19024658203125,34.219669342041016
9523345,2022,2023-02-06,5608,2022-12-18,1551,552,VENTU,7,5,6,5608,0,0,0,,0,003,LOMA VISTA RD,NORTH VICTORIA AV,0.00,,Y,A,-,N,,,,,,,,,,N,3,0,1,2,A,-,09,21801,A,N,D,G,A,A,H,-,A,A,0,,Y,,,Y,,A,01,0,1,0,0,0,0,1,0,0,- ,- ,,,VENTURA,VENTURA,-119.21554565429688,34.281963348388672
9524762,2022,2022-12-08,5604,2022-10-20,1615,5064,,4,5,6,5604,0,0,0,,0,024,CHANNEL ISLANDS BL,C ST,0.00,,Y,A,-,N,,,,,,,,,,N,3,0,1,2,A,-,12,21453,A,N,D,G,A,A,H,-,A,A,0,,Y,,,Y,,L,04,0,1,0,0,0,0,1,0,0,- ,- ,34.173679351806641,-119.18110656738281,VENTURA,OXNARD,-119.18112945556641,34.173702239990234
9524975,2022,2022-12-06,5604,2022-10-08,1419,5474,,6,5,6,5604,0,0,0,,0,042,CLIPPER DR,DOWNWIND WY,30.00,W,N,A,-,N,,,,,,,,,,N,4,0,1,2,A,-,21,22106,,F,G,B,E,A,H,-,A,D,0,Y,,,,Y,,D,82,0,0,1,0,1,0,0,0,0,- ,- ,34.153030395507812,-119.18287658691406,VENTURA,OXNARD,-119.18271636962891,34.153182983398438
9526339,2023,2023-02-24,5608,2023-01-26,1321,415,,4,5,6,5608,0,0,0,,0,003,MAPLE ST,MILLS RD,138.00,E,N,A,-,N,,,,,,,,,,Y,2,0,1,2,A,-,05,21650,1,N,A,G,A,A,H,-,A,D,0,,Y,,,Y,,L,04,1,0,0,0,0,0,1,0,0,- ,- ,,,VENTURA,VENTURA,-119.24649810791016,34.269012451171875
9526351,2023,2023-02-24,5608,2023-01-23,1417,545,,1,5,6,5608,0,0,0,,0,003,E MAIN ST,PACIFIC VIEW DR,0.00,,Y,A,-,N,,,,,,,,,,N,4,0,1,2,A,-,11,21453,D,N,G,B,B,A,H,-,A,A,0,Y,,,,Y,,N,60,0,0,1,0,1,0,0,0,0,- ,- ,,,VENTURA,VENTURA,-119.27288818359375,34.278713226318359
9528436,2022,2022-11-18,5608,2022-10-20,0645,548,,4,5,6,5608,0,0,0,,0,004,TELEPHONE RD,PORTOLA RD,0.00,,Y,A,-,N,,,,,,,,,,N,3,0,1,2,A,-,12,21453,A,N,G,G,A,A,H,-,A,A,0,,Y,,,Y,,A,07,0,1,0,0,0,0,1,0,0,- ,- ,,,VENTURA,VENTURA,-119.22515106201172,34.263595581054688
9528438,2022,2022-11-18,5608,2022-10-21,1730,542,,5,5,6,5608,0,0,0,,0,003,E MAIN ST,DOS CAMINOS AV,75.00,W,N,A,-,N,,,,,,,,,,N,3,0,1,2,A,-,00,21670,,F,B,G,A,-,H,-,A,A,0,,Y,,,Y,,A,07,0,1,0,0,0,0,1,0,0,- ,- ,,,VENTURA,VENTURA,-119.25493621826172,34.270099639892578
9529268,2022,2022-11-22,5604,2022-07-14,1649,5415,,4,5,6,5604,0,0,0,,0,031,CAMINO DEL SOL,SARA DR,0.00,,Y,A,-,N,,,,,,,,,,N,3,0,1,2,A,-,05,21650,1,N,G,G,A,A,H,-,A,D,0,,Y,,,Y,,L,04,0,1,0,0,0,0,1,0,0,- ,- ,34.207328796386719,-119.16352081298828,VENTURA,OXNARD,-119.16351318359375,34.207389831542969