CASE_ID,ACCIDENT_YEAR,PROC_DATE,JURIS,COLLISION_DATE,COLLISION_TIME,OFFICER_ID,REPORTING_DISTRICT,DAY_OF_WEEK,CHP_SHIFT,POPULATION,CNTY_CITY_LOC,SPECIAL_COND,BEAT_TYPE,CHP_BEAT_TYPE,CITY_DIVISION_LAPD,CHP_BEAT_CLASS,BEAT_NUMBER,PRIMARY_RD,SECONDARY_RD,DISTANCE,DIRECTION,INTERSECTION,WEATHER_1,WEATHER_2,STATE_HWY_IND,CALTRANS_COUNTY,CALTRANS_DISTRICT,STATE_ROUTE,ROUTE_SUFFIX,POSTMILE_PREFIX,POSTMILE,LOCATION_TYPE,RAMP_INTERSECTION,SIDE_OF_HWY,TOW_AWAY,COLLISION_SEVERITY,NUMBER_KILLED,NUMBER_INJURED,PARTY_COUNT,PRIMARY_COLL_FACTOR,PCF_CODE_OF_VIOL,PCF_VIOL_CATEGORY,PCF_VIOLATION,PCF_VIOL_SUBSECTION,HIT_AND_RUN,TYPE_OF_COLLISION,MVIW,PED_ACTION,ROAD_SURFACE,ROAD_COND_1,ROAD_COND_2,LIGHTING,CONTROL_DEVICE,CHP_ROAD_TYPE,PEDESTRIAN_ACCIDENT,BICYCLE_ACCIDENT,MOTORCYCLE_ACCIDENT,TRUCK_ACCIDENT,NOT_PRIVATE_PROPERTY,ALCOHOL_INVOLVED,STWD_VEHTYPE_AT_FAULT,CHP_VEHTYPE_AT_FAULT,COUNT_SEVERE_INJ,COUNT_VISIBLE_INJ,COUNT_COMPLAINT_PAIN,COUNT_PED_KILLED,COUNT_PED_INJURED,COUNT_BICYCLIST_KILLED,COUNT_BICYCLIST_INJURED,COUNT_MC_KILLED,COUNT_MC_INJURED,PRIMARY_RAMP,SECONDARY_RAMP,LATITUDE,LONGITUDE,COUNTY,CITY,POINT_X,POINT_Y
9529294,2022,2022-11-17,5604,2022-07-10,1646,5532,,7,5,6,5604,0,0,0,,0,042,PLEASANT VALLEY RD,S J ST S,0.00,,Y,A,-,N,,,,,,,,,,N,3,0,1,2,A,-,12,21453,A,F,H,G,A,A,H,-,A,A,0,,Y,,,Y,,-,99,0,1,0,0,0,0,1,0,0,- ,- ,34.154758453369141,-119.18611145019531,VENTURA,OXNARD,-119.18584442138672,34.15478515625
9530068,2022,2022-12-07,5608,2022-11-15,1114,552,,2,5,6,5608,0,0,0,,0,003,WEBSTER ST,S HILL RD,0.00,,Y,A,-,N,,,,,,,,,,N,4,0,1,2,A,-,09,21804,A,N,-,G,A,A,H,-,A,A,0,,Y,,,Y,,L,04,0,0,1,0,0,0,1,0,0,- ,- ,,,VENTURA,VENTURA,-119.20755767822266,34.271755218505859
9532085,2022,2022-11-15,5604,2022-09-15,2110,5642,,4,5,6,5604,0,0,0,,0,031,CAMINO DEL SOL RD,RICE AV,100.00,W,N,A,-,N,,,,,,,,,,Y,4,0,1,2,A,-,11,21954,A,N,G,B,D,A,H,-,C,A,0,Y,,,,Y,,N,60,0,0,1,0,1,0,0,0,0,- ,- ,34.206150054931641,-119.14215850830078,VENTURA,OXNARD,-119.14260101318359,34.206165313720703
9532568,2022,2022-12-13,5608,2022-11-07,0922,527,,1,5,6,5608,0,0,0,,0,002,MAIN ST,DONLON ST,60.00,E,N,B,C,N,,,,,,,,,,N,4,0,1,2,A,-,03,22350,A,N,D,G,A,B,H,-,A,D,0,,Y,Y,,Y,,L,04,0,0,1,0,0,0,1,0,0,- ,- ,,,VENTURA,VENTURA,-119.23526763916016,34.262687683105469
9532572,2022,2022-12-13,5608,2022-11-13,1654,522,,7,5,6,5608,0,0,0,,0,001,MAIN ST,PEKING ST,15.00,E,N,A,-,N,,,,,,,,,,N,3,0,1,2,A,-,08,22107,,F,B,G,A,A,H,-,B,D,0,,Y,,,Y,,L,04,0,1,0,0,0,0,1,0,0,- ,- ,,,VENTURA,VENTURA,-119.30596923828125,34.281665802001953
9533830,2023,2023-02-15,5605,2023-01-23,1335,238,PATRO,1,5,3,5605,0,0,0,,0,003,PLEASANT VALLEY RD,FLORENCE AV,320.00,W,N,A,-,N,,,,,,,,,,N,3,0,1,2,A,-,21,22106,,N,G,B,E,A,H,-,A,D,0,Y,,,,Y,,A,07,0,1,0,0,1,0,0,0,0,- ,- ,34.154788970947266,-119.19010162353516,VENTURA,PORT HUENEME,-119.19118499755859,34.154888153076172
9537085,2022,2022-12-22,5604,2022-11-09,1416,5631,,3,5,6,5604,0,0,0,,0,011,N M ST,EDGEWOOD WY,100.00,S,N,A,-,N,,,,,,,,,,Y,4,0,1,2,A,-,08,22107,,F,G,G,A,A,H,-,A,D,0,,Y,,,Y,,A,08,0,0,1,0,0,0,1,0,0,- ,- ,34.213180541992188,-119.19011688232422,VENTURA,OXNARD,-119.19225311279297,34.212245941162109
9537504,2022,2023-02-01,5604,2022-12-07,1602,4919,,3,5,6,5604,0,0,0,,0,024,ELM ST,N ST,0.00,,Y,A,-,N,,,,,,,,,,N,3,0,1,2,A,-,08,22107,,N,G,B,B,A,H,-,A,D,0,Y,,,,Y,,D,22,0,1,0,0,1,0,0,0,0,- ,- ,,,VENTURA,OXNARD,-119.19220733642578,34.183315277099609
9537505,2022,2023-02-01,5604,2022-12-04,2158,5655,,7,5,6,5604,0,0,0,,0,011,C ST,GONZALES RD,0.00,,Y,B,-,N,,,,,,,,,,N,3,0,1,2,A,-,10,21950,A,N,G,B,B,B,H,-,C,A,0,Y,,,,Y,,D,22,0,1,0,0,1,0,0,0,0,- ,- ,34.219089508056641,-119.18083953857422,VENTURA,OXNARD,-119.18083953857422,34.219089508056641
9541365,2022,2023-01-06,5604,2022-11-12,1830,5696,,6,5,6,5604,0,0,0,,0,024,ALLEY NORTH OF WEST BIRCH ST,N ST,0.00,,Y,A,-,N,,,,,,,,,,N,3,0,1,2,A,-,09,21801,A,N,D,G,A,A,H,-,C,D,0,,Y,,,Y,Y,A,01,0,1,0,0,0,0,1,0,0,- ,- ,34.185798645019531,-119.19342803955078,VENTURA,OXNARD,-119.193806,34.185975999999997
9541374,2022,2023-01-06,5604,2022-11-09,2001,5631,,3,5,6,5604,0,0,0,,0,012,S ROSE AV,LOCKWOOD ST,400.00,N,N,A,B,N,,,,,,,,,,N,4,0,1,2,A,-,03,22350,1,N,G,B,E,A,H,-,C,A,0,Y,,,,Y,,A,08,0,0,1,0,1,0,0,0,0,- ,- ,,,VENTURA,OXNARD,-119.15850067138672,34.223194122314453
9541488,2022,2023-02-02,5604,2022-12-07,0705,5419,,3,5,6,5604,0,0,0,,0,042,CLARA RD,PERKINS RD,0.00,,Y,A,-,N,,,,,,,,,,N,4,0,1,2,A,-,00,21960,,N,G,B,B,A,H,-,A,A,0,Y,,,,Y,,A,01,0,0,1,0,1,0,0,0,0,- ,- ,34.154739379882812,-119.18382263183594,VENTURA,OXNARD,-119.18390655517578,34.151103973388672
9541975,2022,2023-02-02,5604,2022-12-13,1429,5135,,2,5,6,5604,0,0,0,,0,011,VINEYARD AV,DIAMOND HEAD WY,0.00,,Y,A,-,N,,,,,,,,,,N,4,0,1,2,A,-,10,21950,A,N,G,B,B,A,H,-,A,A,0,Y,,,,Y,,A,07,0,0,1,0,1,0,0,0,0,- ,- ,34.227649688720703,-119.20835876464844,VENTURA,OXNARD,-119.20841217041016,34.227756500244141
9541976,2022,2023-02-01,5604,2022-12-01,1828,4761,2,4,5,6,5604,0,0,0,,0,023,S C ST,WEST 5TH ST,0.00,,Y,A,-,N,,,,,,,,,,N,4,0,1,2,A,-,12,21453,A,F,B,B,B,A,H,-,C,A,0,Y,,,,Y,Y,A,07,0,0,1,0,1,0,0,0,0,- ,- ,34.197689056396484,-119.18047332763672,VENTURA,OXNARD,-119.18110656738281,34.197517395019531
9543066,2022,2023-02-02,5608,2022-12-20,1525,498,,2,5,6,5608,0,0,0,,0,,TELEGRAPH RD,WELLS RD,6.00,W,N,A,-,N,,,,,,,,,,N,2,0,1,2,A,-,12,21453,A,N,H,G,A,A,H,-,A,-,0,,Y,,,Y,,L,04,1,0,0,0,0,0,1,0,0,- ,- ,,,VENTURA,VENTURA,-119.16132354736328,34.295001983642578
9543068,2022,2023-02-01,5608,2022-12-27,0327,519,,2,5,6,5608,0,0,0,,0,004,SPERRY AV,VALENTINE RD,10.00,S,N,A,-,N,,,,,,,,,,N,3,0,1,2,A,-,08,22107,,F,G,B,B,A,H,-,C,A,0,Y,,,,Y,Y,A,01,0,1,0,0,1,0,0,0,0,- ,- ,,,VENTURA,VENTURA,-119.21783447265625,34.255901336669922
9544110,2022,2023-02-03,5604,2022-12-29,1745,5669,,4,5,6,5604,0,0,0,,0,012,RICE AV,RT 101,0.00,,Y,C,-,Y,VEN,7,101,-,-,20.226,R,4,N,Y,3,0,1,2,A,-,03,22350,,N,D,B,A,B,H,-,A,D,0,,Y,,,Y,,A,01,0,1,0,0,0,0,1,0,0,TO,NO,34.225250244140625,-119.14270782470703,VENTURA,OXNARD,-119.14479064941406,34.222877502441406
9546364,2023,2023-03-03,5608,2023-01-24,1711,415,,2,5,6,5608,0,0,0,,0,004,TELEPHONE RD,COPLAND DR,0.00,,Y,A,-,N,,,,,,,,,,N,4,0,1,2,A,-,10,21950,A,N,G,B,B,A,H,-,A,A,0,Y,,,,Y,,-,,0,0,1,0,1,0,0,0,0,- ,- ,,,VENTURA,VENTURA,-119.23021697998047,34.262702941894531
9549476,2023,2023-03-21,5608,2023-02-12,1230,459,5608,7,5,6,5608,0,0,0,,0,001,SANTA CLARA ST,OAK ST,0.00,,Y,A,-,N,,,,,,,,,,N,4,0,1,2,A,-,10,21950,,N,G,G,A,A,H,-,A,A,0,,Y,,,Y,,A,07,0,0,1,0,0,0,1,0,0,- ,- ,,,VENTURA,VENTURA,-119.29467010498047,34.279533386230469
9552600,2023,2023-02-25,5608,2023-02-12,1628,54,,7,5,6,5608,0,0,0,,0,002,SAN MARCOS ST,S SEAWARD AV,0.00,,Y,A,-,N,,,,,,,,,,N,4,0,1,2,A,-,12,22450,,F,D,G,A,A,-,-,A,A,0,,Y,,,Y,Y,-,,0,0,1,0,0,0,1,0,0,- ,- ,,,VENTURA,VENTURA,-119.26763153076172,34.269451141357422
9555168,2023,2023-04-03,5608,2023-03-14,1634,415,,2,5,6,5608,0,0,0,,0,003,VICTORIA AV,RT 126,0.00,,Y,C,-,Y,VEN,7,126,-,-,1.320,R,4,E,N,3,0,1,2,A,-,05,21650,1,N,D,G,A,B,H,-,A,A,0,,Y,,,Y,,L,04,0,1,0,0,0,0,1,0,0,- ,EF,,,VENTURA,VENTURA,-119.21578979492188,34.271034240722656
9557462,2023,2023-04-28,5604,2023-03-12,543 ,5678,,7,5,6,5604,0,0,0,,0,012,N ROSE AV,AUTO CENTER DR,500.00,S,N,C,-,N,,,,,,,,,,N,4,0,1,2,A,-,08,22107,,N,B,G,A,B,H,-,C,D,0,,Y,,,Y,,L,04,0,0,1,0,0,0,1,0,0,- ,- ,34.225051879882812,-119.15875244140625,VENTURA,OXNARD,-119.15848541259766,34.226772308349609
9561501,2022,2023-03-27,5606,2022-07-01,1934,1157,5606,5,5,4,5606,0,0,0,,0,001,MAIN W ST,STECKEL N DR,0.00,,Y,A,-,N,,,,,,,,,,N,4,0,2,3,A,-,10,21950,A,M,G,B,B,A,H,-,A,D,0,Y,,,,Y,,D,22,0,0,2,0,2,0,0,0,0,- ,- ,,,VENTURA,SANTA PAULA,-119.08061981201172,34.347393035888672
9562840,2023,2023-04-13,5608,2023-03-18,1130,552,VENTU,6,5,6,5608,0,0,0,,0,004,VICTORIA AV,AVOCET DR,0.00,,Y,A,-,N,,,,,,,,,,N,4,0,1,2,A,-,08,22107,,N,G,B,B,A,H,-,A,A,0,Y,,,,Y,,A,01,0,0,1,0,1,0,0,0,0,- ,- ,,,VENTURA,VENTURA,-119.21108245849609,34.258411407470703
9562841,2023,2023-05-16,5608,2023-03-18,1509,526,,6,5,6,5608,0,0,0,,0,001,CEDAR ST,FERRO DR,6.00,N,N,A,-,N,,,,,,,,,,N,3,0,1,2,A,-,12,22450,A,N,D,G,A,A,H,-,A,-,0,,Y,,,Y,,L,04,0,1,0,0,0,0,1,0,0,- ,- ,,,VENTURA,VENTURA,-119.29893493652344,34.28277587890625
9564975,2023,2023-06-15,5608,2023-04-04,901 ,538,VENTU,2,5,6,5608,0,0,0,,0,001,VENTURA AV,E HARRISON ST,2.00,W,N,A,-,N,,,,,,,,,,N,3,0,1,2,A,-,12,22450,A,N,B,G,A,A,H,-,A,D,0,,Y,,,Y,,A,07,0,1,0,0,0,0,1,0,0,- ,- ,,,VENTURA,VENTURA,-119.29938507080078,34.286163330078125
9568112,2023,2023-04-21,5604,2023-02-13,1621,5591,,1,5,6,5604,0,0,0,,0,023,W 6TH ST,S OXNARD BL,0.00,,Y,A,-,N,,,,,,,,,,N,4,0,1,2,A,-,10,21950,A,N,G,B,B,A,H,-,A,A,0,Y,,,,Y,,A,01,0,0,1,0,1,0,0,0,0,- ,- ,34.196361541748047,-119.17739868164062,VENTURA,OXNARD,-119.17745971679688,34.196346282958984
9568764,2023,2023-05-23,5604,2023-03-11,2019,5648,,6,5,6,5604,0,0,0,,0,014,RT 232,STROUBE ST,0.00,,Y,C,-,Y,VEN,7,232,-,-,0.876,I,5,N,N,3,0,1,2,A,-,12,21453,A,N,D,G,A,B,H,-,C,A,0,,Y,,,Y,Y,L,04,0,1,0,0,0,0,1,0,0,- ,- ,34.237209320068359,-119.16925811767578,VENTURA,OXNARD,-119.16925048828125,34.237220764160156
9571669,2023,2023-04-29,5604,2023-03-07,1408,5378,,2,5,6,5604,0,0,0,,0,014,TOWN CENTER DR,PARKVIEW CT,0.00,,Y,A,-,N,,,,,,,,,,N,3,0,1,2,B,-,22,,,N,G,B,B,A,H,-,A,D,0,Y,,,,Y,,A,01,0,1,0,0,1,0,0,0,0,- ,- ,34.239749908447266,-119.17806243896484,VENTURA,OXNARD,-119.17804718017578,34.239742279052734
9572538,2023,2023-06-09,5608,2023-05-29,1515,530,,1,5,6,5608,0,0,0,,0,001,EAST MAIN ST,SOUTH CRIMEA ST,37.00,W,N,A,-,N,,,,,,,,,,N,3,0,1,2,A,-,08,22107,,N,C,G,A,A,H,-,A,D,0,,Y,,,Y,,A,01,0,1,0,0,0,0,1,0,0,- ,- ,,,VENTURA,VENTURA,-119.28102874755859,34.280696868896484
9572995,2023,2023-05-08,5608,2023-03-19,916 ,528,,7,5,6,5608,0,0,0,,0,001,THOMPSON BL,CHESNUT ST,50.00,W,N,A,-,N,,,,,,,,,,N,3,0,1,2,A,-,07,21658,,F,G,B,E,A,H,-,A,A,0,Y,,,,Y,,-,- ,0,1,0,0,1,0,0,0,0,- ,- ,,,VENTURA,VENTURA,-119.29171752929688,34.278255462646484
9574465,2023,2023-04-24,5604,2023-02-15,1521,5065,,3,5,6,5604,0,0,0,,0,012,E GONZALES RD,OXNARD BL,100.00,E,N,A,-,N,,,,,,,,,,N,4,0,1,2,A,-,05,21650,1,N,A,G,A,A,H,-,A,B,0,,Y,,Y,Y,,L,04,0,0,1,0,0,0,1,0,0,- ,- ,34.219558715820312,-119.1759033203125,VENTURA,OXNARD,-119.17669677734375,34.218997955322266
9575504,2023,2023-04-21,5604,2023-01-18,640 ,5539,,3,5,6,5604,0,0,0,,0,042,J ST,BARD RD,0.00,,Y,A,G,N,,,,,,,,,,N,4,0,1,2,A,-,04,21703,,F,C,G,A,A,-,-,B,A,0,,Y,,,Y,,-,99,0,0,1,0,0,0,1,0,0,- ,- ,34.16107177734375,-119.18602752685547,VENTURA,OXNARD,-119.18602752685547,34.161083221435547
9575507,2023,2023-04-21,5604,2023-01-12,1417,5508,,4,5,6,5604,0,0,0,,0,011,DORIS AV,CORONADO PL,15.00,N,N,A,-,N,,,,,,,,,,N,3,0,1,2,A,-,05,21202,A,F,G,G,A,A,H,-,A,D,0,,Y,,,Y,,L,04,0,1,0,0,0,0,1,0,0,- ,- ,34.208358764648438,-119.19950866699219,VENTURA,OXNARD,,
9575531,2023,2023-04-27,5604,2023-03-21,1612,5674,,2,5,6,5604,0,0,0,,0,041,S E ST,BRYCE CANYON AV,25.00,E,N,C,-,N,,,,,,,,,,N,3,0,1,3,A,-,08,22107,,N,B,B,E,B,H,-,A,D,0,Y,,,,Y,,A,01,0,1,0,0,1,0,0,0,0,- ,- ,34.169628143310547,-119.18344879150391,VENTURA,OXNARD,,
9575536,2023,2023-04-27,5604,2023-03-22,2145,5673,,3,5,6,5604,0,0,0,,0,022,N VENTURA RD,5TH ST,20.00,N,N,A,-,N,,,,,,,,,,N,2,0,1,2,A,-,11,21955,,N,G,B,D,A,H,-,C,A,0,Y,,,,Y,,A,01,1,0,0,0,1,0,0,0,0,- ,- ,34.197669982910156,-119.19473266601562,VENTURA,OXNARD,,
9577326,2023,2023-05-11,5604,2023-02-13,1712,5591,,1,5,6,5604,0,0,0,,0,032,E CHANNEL ISLANDS BL,UPTON SINCLAIR DR,100.00,E,N,A,-,N,,,,,,,,,,N,4,0,1,2,A,-,05,21650,1,N,G,G,A,A,H,-,A,A,0,,Y,,,Y,,L,04,0,0,1,0,0,0,1,0,0,- ,- ,34.173789978027344,-119.16111755371094,VENTURA,OXNARD,-119.16153717041016,34.173370361328125
9578996,2023,2023-05-17,5604,2023-03-15,1446,5407,,3,5,6,5604,0,0,0,,0,011,GONZALES RD,VENTURA RD,875.00,E,N,A,-,N,,,,,,,,,,N,4,0,1,2,A,-,09,21804,A,N,D,G,A,A,H,-,A,D,0,,Y,,,Y,,L,04,0,0,1,0,0,0,1,0,0,- ,- ,34.219490051269531,-119.19319152832031,VENTURA,OXNARD,-119.19175720214844,34.219131469726562
9579212,2023,2023-05-31,5604,2023-04-24,1530,5216,,1,5,6,5604,0,0,0,,0,014,LANTANA ST,AZALEA ST,100.00,S,N,B,-,N,,,,,,,,,,N,4,0,1,2,A,-,05,21650,,N,D,G,A,A,H,-,A,A,0,,Y,,,Y,,L,04,0,0,1,0,0,0,1,0,0,- ,- ,34.220878601074219,-119.19023132324219,VENTURA,OXNARD,-119.19023895263672,34.220615386962891
9581814,2023,2023-05-16,5604,2023-02-05,445 ,5677,,7,5,6,5604,0,0,0,,0,011,N OXNARD BL,GLENWOOD DR,528.00,N,N,C,-,N,,,,,,,,,,Y,2,0,1,2,A,-,03,22350,,N,G,B,D,B,H,-,C,D,0,Y,,,,Y,Y,A,01,1,0,0,0,1,0,0,0,0,- ,- ,34.214321136474609,-119.17720031738281,VENTURA,OXNARD,-119.17740631103516,34.215785980224609
9584068,2023,2023-05-16,5604,2023-02-07,548 ,5514,,2,5,6,5604,0,0,0,,0,031,S ROSE AV,E 1ST ST,15.00,S,N,A,-,N,,,,,,,,,,N,2,0,1,2,A,-,11,21954,A,N,G,B,D,A,H,-,C,A,0,Y,,,,Y,,N,60,1,0,0,0,1,0,0,0,0,- ,- ,34.202610015869141,-119.15971374511719,VENTURA,OXNARD,-119.15981292724609,34.202579498291016
9584296,2023,2023-05-17,5604,2023-04-29,2123,5642,,6,5,6,5604,0,0,0,,0,024,W WOOLEY RD,S C ST,0.00,,Y,A,-,N,,,,,,,,,,N,3,0,1,2,A,-,10,21950,A,F,G,B,B,A,H,-,C,A,0,Y,,,,Y,,-,,0,1,0,0,1,0,0,0,0,- ,- ,34.189929962158203,-119.18115234375,VENTURA,OXNARD,-119.18119049072266,34.189956665039062
9584511,2023,2023-05-18,5604,2023-04-13,1440,5650,,4,5,6,5604,0,0,0,,0,011,DORIS AV,CARTY DR,0.00,,Y,A,-,N,,,,,,,,,,N,4,0,1,2,A,-,12,22450,A,F,D,G,A,A,H,-,A,A,0,,Y,,,Y,,-,99,0,0,1,0,0,0,1,0,0,- ,- ,34.206668853759766,-119.18049621582031,VENTURA,OXNARD,-119.18293762207031,34.20794677734375
9588097,2023,2023-07-21,5608,2023-06-08,1609,423,,4,5,6,5608,0,0,0,,0,004,PORTOLA ST,RALSTON ST,0.00,,Y,A,-,N,,,,,,,,,,N,3,0,1,2,A,-,01,21200,5,N,D,G,A,A,H,-,A,D,0,,Y,,,Y,Y,L,04,0,1,0,0,0,0,1,0,0,- ,- ,,,VENTURA,VENTURA,-119.22447967529297,34.260929107666016
9591341,2023,2023-08-10,5608,2023-07-01,1049,539,,6,5,6,5608,0,0,0,,0,002,THOMPSON BL,CORONADO ST,0.00,,Y,B,-,N,,,,,,,,,,N,4,0,2,2,A,-,00,21605,1,N,D,G,A,A,H,-,A,D,0,,Y,,,Y,,L,04,0,0,2,0,0,0,1,0,0,- ,- ,,,VENTURA,VENTURA,-119.26808929443359,34.273918151855469
9591474,2023,2023-07-03,5606,2023-03-17,1421,1156,5606,5,5,4,5606,0,0,0,,0,001,HARVARD BL,4TH ST,0.00,,Y,A,-,N,,,,,,,,,,N,4,0,1,2,A,-,05,21650,1,N,A,G,A,A,H,-,A,D,0,,Y,,,Y,,L,04,0,0,1,0,0,0,1,0,0,- ,- ,,,VENTURA,SANTA PAULA,-119.06729125976562,34.347763061523438
9591690,2023,2023-07-24,5608,2023-06-22,1335,514,,4,5,6,5608,0,0,0,,0,004,TELEPHONE RD,TELEPHONE RD 4750,0.00,,N,A,-,N,,,,,,,,,,N,3,0,1,2,A,-,12,21453,A,N,D,G,A,A,H,-,A,A,0,,Y,,,Y,,L,04,0,1,0,0,0,0,1,0,0,- ,- ,34.260749816894531,-119.23384094238281,VENTURA,VENTURA,,
9592780,2023,2023-07-07,5608,2023-06-23,635 ,537,,5,5,6,5608,0,0,0,,0,004,TELEPHONE RD,S HILL RD,0.00,,Y,A,-,N,,,,,,,,,,N,3,0,1,2,A,-,10,21950,A,N,G,B,B,A,H,-,A,A,0,Y,,,,Y,,D,22,0,1,0,0,1,0,0,0,0,- ,- ,,,VENTURA,VENTURA,-119.20647430419922,34.266311645507812
9596238,2023,2023-07-21,5608,2023-06-27,1257,514,,2,5,6,5608,0,0,0,,0,004,VICTORIA AV,RT 126,7.00,S,N,A,-,Y,VEN,7,126,-,-,1.320,R,4,E,N,3,0,1,2,A,-,09,21800,A,N,D,G,A,A,H,-,A,A,0,,Y,,,Y,,L,04,0,1,0,0,0,0,1,0,0,- ,WF,,,VENTURA,VENTURA,-119.21578979492188,34.271034240722656
9600943,2023,2023-08-03,5604,2023-06-14,1438,5693,,3,5,6,5604,0,0,0,,0,022,N HOBSON WY,WEST 5TH ST,0.00,,Y,A,-,N,,,,,,,,,,N,3,0,1,2,A,-,06,21750,A,N,D,G,A,A,H,-,A,A,0,,Y,,,Y,,L,04,0,1,0,0,0,0,1,0,0,- ,- ,,,VENTURA,OXNARD,-119.18791961669922,34.197750091552734
9603420,2023,2023-08-14,5608,2023-07-21,2202,513,VENTU,5,5,6,5608,0,0,0,,0,001,SIMPSON ST,VENTURA AV,800.00,W,N,A,-,N,,,,,,,,,,N,3,0,1,2,A,-,08,22107,,N,G,B,E,A,H,-,C,D,0,Y,,,,Y,,A,01,0,1,0,0,1,0,0,0,0,- ,- ,,,VENTURA,VENTURA,-119.30121612548828,34.2890625
9605147,2023,2024-02-21,5608,2023-12-21,613 ,559,,4,5,6,5608,0,0,0,,0,002,HARBOR BL,MONMOUTH WY,0.00,,Y,C,-,N,,,,,,,,,,N,3,0,1,2,A,-,11,21950,B,N,G,B,-,B,H,-,C,A,0,Y,,,,Y,,N,60,0,1,0,0,1,0,0,0,0,- ,- ,34.267108917236328,-119.27259826660156,VENTURA,VENTURA,-119.27286529541016,34.267482757568359
9605377,2023,2023-08-03,5604,2023-07-23,1450,5018,,7,5,6,5604,0,0,0,,0,024,COACH C LN,C ST,100.00,E,N,A,-,N,,,,,,,,,,N,4,0,1,2,A,-,03,22350,,F,G,B,F,A,H,-,A,A,0,Y,,,,Y,,A,07,0,0,1,0,1,0,0,0,0,- ,- ,34.177391052246094,-119.18132019042969,VENTURA,OXNARD,,
9605431,2023,2023-10-20,5604,2023-05-24,1023,5693,,3,5,6,5604,0,0,0,,0,011,VICTORIA AV,GUM ST,1500.00,N,N,A,-,N,,,,,,,,,,N,4,0,1,2,A,-,06,21750,A,N,-,G,A,A,H,-,A,D,0,,Y,,,Y,,L,04,0,0,1,0,0,0,1,0,0,- ,- ,,,VENTURA,OXNARD,,
9605435,2023,2023-08-04,5604,2023-07-15,1116,5643,,6,5,6,5604,0,0,0,,0,022,N A ST,W FIRST ST,200.00,N,N,A,-,N,,,,,,,,,,N,4,0,1,2,A,-,03,22350,,F,G,B,A,A,H,-,A,D,0,,Y,,,Y,,A,01,0,0,1,0,0,0,1,0,0,- ,- ,34.203731536865234,-119.17870330810547,VENTURA,OXNARD,-119.17853546142578,34.203510284423828
9605517,2023,2023-08-23,5604,2023-05-26,1830,5858,,5,5,6,5604,0,0,0,,0,031,GITANO DR,JUEGO ST,141.00,S,N,A,-,N,,,,,,,,,,N,4,0,1,2,A,-,21,22106,,F,C,G,A,A,H,-,A,D,0,,Y,,,Y,,A,01,0,0,1,0,0,0,1,0,0,- ,- ,34.210659027099609,-119.17166900634766,VENTURA,OXNARD,-119.17194366455078,34.210624694824219
9616315,2023,2023-10-12,5608,2023-09-08,1014,544,,5,5,6,5608,0,0,0,,0,002,SEAWARD AV,E MAIN ST,0.00,,Y,A,-,N,,,,,,,,,,N,3,0,1,2,A,-,10,21950,A,N,G,B,B,A,H,-,A,A,0,Y,,,,Y,,D,22,0,1,0,0,1,0,0,0,0,- ,- ,34.276599884033203,-119.26535034179688,VENTURA,VENTURA,-119.26526641845703,34.276500701904297
9616585,2023,2023-10-16,5608,2023-09-18,1453,549,,1,5,6,5608,0,0,0,,0,003,TELEGRAPH RD,BRYN MAWR ST,0.00,,Y,A,-,N,,,,,,,,,,N,3,0,1,2,A,-,05,21650,,N,G,G,A,A,D,-,A,A,0,,Y,,,Y,,L,04,0,1,0,0,0,0,1,0,0,- ,- ,34.276088714599609,-119.22232055664062,VENTURA,VENTURA,-119.22217559814453,34.276939392089844
9616699,2023,2023-10-10,5608,2023-08-30,1633,409,,3,5,6,5608,0,0,0,,0,003,TELEGRAPH RD,CROCKER AV,150.00,W,N,A,-,N,,,,,,,,,,N,3,0,1,2,A,-,09,21804,,N,D,G,A,A,H,-,A,A,0,,Y,,,Y,,A,07,0,1,0,0,0,0,1,0,0,- ,- ,,,VENTURA,VENTURA,-119.19095611572266,34.281520843505859
9616817,2023,2023-10-13,5604,2023-09-02,1350,5642,,6,5,6,5604,0,0,0,,0,014,N OXNARD BL,W VINEYARD AV W,0.00,,Y,A,-,N,,,,,,,,,,,3,0,1,2,A,-,10,21950,A,N,G,B,A,-,H,-,A,A,0,,Y,,,Y,,A,01,0,1,0,0,0,0,1,0,0,- ,- ,34.226749420166016,-119.17800903320312,VENTURA,OXNARD,-119.17755126953125,34.226512908935547
9617667,2023,2023-09-14,5608,2023-05-18,750 ,532,,4,5,6,5608,0,0,0,,0,003,LOMA VISTA RD,PALOMARES AV,0.00,,Y,B,-,N,,,,,,,,,,N,3,0,1,2,A,-,10,21950,A,F,G,B,B,A,H,-,A,A,0,Y,,,,Y,,A,01,0,1,0,0,1,0,0,0,0,- ,- ,34.277191162109375,-119.24459075927734,VENTURA,VENTURA,-119.24459838867188,34.277301788330078
9618598,2023,2024-01-10,5604,2023-11-14,1549,5418,,2,5,6,5604,0,0,0,,0,011,W 7TH ST,S VENTURA RD,0.00,,Y,A,-,N,,,,,,,,,,N,4,0,1,2,A,-,09,21801,A,N,D,G,A,A,H,-,A,A,0,,Y,,,Y,,A,07,0,0,1,0,0,0,0,0,0,- ,- ,34.195140838623047,-119.19481658935547,VENTURA,OXNARD,-119.19490051269531,34.195140838623047