CASE_ID,ACCIDENT_YEAR,PROC_DATE,JURIS,COLLISION_DATE,COLLISION_TIME,OFFICER_ID,REPORTING_DISTRICT,DAY_OF_WEEK,CHP_SHIFT,POPULATION,CNTY_CITY_LOC,SPECIAL_COND,BEAT_TYPE,CHP_BEAT_TYPE,CITY_DIVISION_LAPD,CHP_BEAT_CLASS,BEAT_NUMBER,PRIMARY_RD,SECONDARY_RD,DISTANCE,DIRECTION,INTERSECTION,WEATHER_1,WEATHER_2,STATE_HWY_IND,CALTRANS_COUNTY,CALTRANS_DISTRICT,STATE_ROUTE,ROUTE_SUFFIX,POSTMILE_PREFIX,POSTMILE,LOCATION_TYPE,RAMP_INTERSECTION,SIDE_OF_HWY,TOW_AWAY,COLLISION_SEVERITY,NUMBER_KILLED,NUMBER_INJURED,PARTY_COUNT,PRIMARY_COLL_FACTOR,PCF_CODE_OF_VIOL,PCF_VIOL_CATEGORY,PCF_VIOLATION,PCF_VIOL_SUBSECTION,HIT_AND_RUN,TYPE_OF_COLLISION,MVIW,PED_ACTION,ROAD_SURFACE,ROAD_COND_1,ROAD_COND_2,LIGHTING,CONTROL_DEVICE,CHP_ROAD_TYPE,PEDESTRIAN_ACCIDENT,BICYCLE_ACCIDENT,MOTORCYCLE_ACCIDENT,TRUCK_ACCIDENT,NOT_PRIVATE_PROPERTY,ALCOHOL_INVOLVED,STWD_VEHTYPE_AT_FAULT,CHP_VEHTYPE_AT_FAULT,COUNT_SEVERE_INJ,COUNT_VISIBLE_INJ,COUNT_COMPLAINT_PAIN,COUNT_PED_KILLED,COUNT_PED_INJURED,COUNT_BICYCLIST_KILLED,COUNT_BICYCLIST_INJURED,COUNT_MC_KILLED,COUNT_MC_INJURED,PRIMARY_RAMP,SECONDARY_RAMP,LATITUDE,LONGITUDE,COUNTY,CITY,POINT_X,POINT_Y
9619909,2023,2023-12-26,5606,2023-07-11,1205,1157,5606,2,5,4,5606,0,0,0,,0,003,MAIN ST,MAIN ST 1445,0.00,,Y,A,-,N,,,,,,,,,,N,4,0,1,2,A,-,21,22106,,M,G,B,E,A,H,-,A,D,0,Y,,,,Y,,A,01,0,0,1,0,1,0,0,0,0,- ,- ,,,VENTURA,SANTA PAULA,-119.07234191894531,34.350055694580078
9619910,2023,2023-12-26,5606,2023-07-09,906 ,1129,5606,7,5,4,5606,0,0,0,,0,002,MAIN ST,OLIVE ST,8.00,S,N,B,-,N,,,,,,,,,,N,4,0,1,2,A,-,10,21950,A,N,G,B,C,A,H,-,A,D,0,Y,,,,Y,,A,01,0,0,1,0,1,0,0,0,0,- ,- ,,,VENTURA,SANTA PAULA,-119.07066345214844,34.350593566894531
9619917,2023,2024-01-03,5606,2023-02-08,904 ,1163,5606,3,5,4,5606,0,0,0,,0,002,10TH ST,PLEASANT ST,0.00,,Y,A,-,N,,,,,,,,,,N,4,0,1,2,A,-,11,21955,,N,G,B,B,A,H,-,A,D,0,Y,,,,Y,,N,60,0,0,1,0,1,0,0,0,0,- ,- ,,,VENTURA,SANTA PAULA,-119.06217193603516,34.358554840087891
9622565,2023,2023-11-29,5608,2023-10-07,1100,548,,6,5,6,5608,0,0,0,,0,003,FOOTHILL RD,VIA PLAZA,60.00,W,N,A,-,N,,,,,,,,,,N,3,0,1,2,A,-,08,22107,,N,B,G,A,A,H,-,A,D,0,,Y,,,Y,,L,04,0,1,0,0,0,0,1,0,0,- ,- ,,,VENTURA,VENTURA,-119.20846557617188,34.287025451660156
9622627,2023,2023-11-16,5608,2023-09-27,1408,560,,3,5,6,5608,0,0,0,,0,004,TELEPHONE RD,CHALMETTE AV,0.00,,Y,A,-,N,,,,,,,,,,N,3,0,1,2,A,-,05,21650,1,N,D,G,A,A,H,-,A,D,0,,Y,,,Y,,L,04,0,1,0,0,0,0,1,0,0,- ,- ,34.15496826171875,-119.13191223144531,VENTURA,VENTURA,-119.22201538085938,34.264060974121094
9623815,2023,2023-11-28,5608,2023-10-03,1647,556,,2,5,6,5608,0,0,0,,0,003,HOOVER AV,TAFT AV,60.00,S,N,A,-,N,,,,,,,,,,N,4,0,1,2,A,-,08,22107,,N,G,B,F,-,H,-,A,D,0,Y,,,,Y,,A,01,0,0,1,0,1,0,0,0,0,- ,- ,,,VENTURA,VENTURA,-119.19835662841797,34.279170989990234
9624968,2023,2023-09-26,5604,2023-08-21,726 ,4868,,1,5,6,5604,0,0,0,,0,022,W 1ST ST,MAGNOLIA AV,0.00,,Y,C,-,N,,,,,,,,,,N,3,0,1,2,A,-,05,21650,A,N,D,G,A,B,H,-,A,A,0,,Y,,,Y,,L,04,0,1,0,0,0,0,1,0,0,- ,- ,34.202949523925781,-119.17730712890625,VENTURA,OXNARD,-116.16339111328125,35.043937683105469
9626756,2023,2023-10-26,5604,2023-09-14,721 ,5701,,4,5,6,5604,0,0,0,,0,041,LA CANADA AV,FOURNIER ST,0.00,,Y,A,-,N,,,,,,,,,,N,4,0,1,2,A,-,12,22450,A,N,G,G,A,A,H,-,A,A,0,,Y,,,Y,,L,04,0,0,1,0,0,0,1,0,0,- ,- ,34.167728424072266,-119.17024230957031,VENTURA,OXNARD,-119.17024993896484,34.167762756347656
9626757,2023,2023-10-26,5604,2023-09-19,2017,5407,,2,5,6,5604,0,0,0,,0,022,N OXNARD BL,COLONIA RD,0.00,,Y,A,-,N,,,,,,,,,,N,2,0,2,3,A,-,10,21950,A,N,G,B,B,A,H,-,C,A,0,Y,,,,Y,,A,01,1,1,0,0,2,0,0,0,0,- ,- ,34.206439971923828,-119.17726898193359,VENTURA,OXNARD,-119.1773681640625,34.206462860107422
9626760,2023,2023-10-26,5604,2023-09-05,710 ,5714,,2,5,6,5604,0,0,0,,0,024,W CHANNEL ISLANDS BL,S M ST S,0.00,,Y,A,-,N,,,,,,,,,,N,3,0,1,2,A,-,06,21951,,N,G,B,B,A,H,-,A,A,0,Y,,,,Y,,A,01,0,1,0,0,1,0,0,0,0,- ,- ,34.175579071044922,-119.19126129150391,VENTURA,OXNARD,-119.19127655029297,34.175609588623047
9627430,2023,2023-10-13,5604,2023-09-04,2124,5514,,1,5,6,5604,0,0,0,,0,011,SPYGLASS TRAIL WEST,W BERMUDA DUNES DR W,0.00,,Y,A,-,N,,,,,,,,,,N,4,0,1,2,A,-,10,21950,A,N,G,B,D,A,H,-,C,D,0,Y,,,,Y,,A,01,0,0,1,0,1,0,0,0,0,- ,- ,34.223621368408203,-119.20683288574219,VENTURA,OXNARD,-119.20688629150391,34.223731994628906
9631018,2023,2023-11-30,5605,2023-10-15,1853,239,PATRO,7,5,3,5605,0,0,0,,0,002,VENTURA RD,SUNKIST ST,75.00,S,N,A,-,N,,,,,,,,,,N,3,0,1,2,A,-,17,21209,A,F,A,G,A,A,H,-,C,D,0,,Y,Y,,Y,,C,02,0,1,0,0,0,0,1,0,0,- ,- ,34.168498992919922,-119.19509887695312,VENTURA,PORT HUENEME,-119.19501495361328,34.168224334716797
9631163,2023,2023-12-09,5604,2023-10-07,1811,5592,,6,5,6,5604,0,0,0,,0,032,EL DORADO AV,SAN MATEO PL,200.00,S,N,A,-,N,,,,,,,,,,N,4,0,1,2,-,-,- ,,,N,G,B,E,A,H,-,A,D,0,Y,,,,Y,,-,- ,0,0,1,0,1,0,0,0,0,- ,- ,34.177108764648438,-119.14864349365234,VENTURA,OXNARD,-119.14894866943359,34.177242279052734
9631167,2023,2023-10-23,5604,2023-09-24,1540,5018,,7,5,6,5604,0,0,0,,0,024,SAVIERS RD,LAUREL ST,0.00,,Y,A,-,N,,,,,,,,,,N,3,0,1,2,A,-,10,21950,A,N,G,B,B,A,H,-,A,A,0,Y,,,,Y,,A,07,0,1,0,0,1,0,0,0,0,- ,- ,34.177330017089844,-119.17752075195312,VENTURA,OXNARD,-119.17759704589844,34.177345275878906
9631570,2023,2023-11-28,5608,2023-09-26,1542,409,,2,5,6,5608,0,0,0,,0,002,MARKET ST,WALTER ST,0.00,,Y,A,-,N,,,,,,,,,,N,3,0,1,2,A,-,09,21804,A,N,D,G,A,A,H,-,A,A,0,,Y,,,Y,,A,07,0,1,0,0,0,0,1,0,0,- ,- ,,,VENTURA,VENTURA,-119.23892211914062,34.259002685546875
9633601,2023,2023-11-08,5608,2023-07-31,1827,503,,1,5,6,5608,0,0,0,,0,004,SOUTH VICTORIA AV,RALSTON ST,0.00,,Y,A,-,N,,,,,,,,,,N,3,0,1,2,A,-,12,21453,,F,H,G,A,A,H,-,A,A,0,,Y,,,Y,Y,L,04,0,1,0,0,0,0,1,0,0,- ,- ,,,VENTURA,VENTURA,-119.21165466308594,34.261054992675781
9635729,2023,2024-01-05,5608,2023-11-10,2245,551,,5,5,6,5608,0,0,0,,0,004,VICTORIA AV,VALENTINE RD,409.00,S,N,A,-,N,,,,,,,,,,N,3,0,1,2,D,-,00,,,F,G,B,E,A,H,-,D,D,0,Y,,,,Y,,-,- ,0,1,0,0,1,0,0,0,0,- ,- ,34.249000549316406,-119.21299743652344,VENTURA,VENTURA,-119.21225738525391,34.250492095947266
9635730,2023,2024-01-08,5608,2023-11-12,1436,S48,,7,5,6,5608,0,0,0,,0,002,MAIN ST,SANTA CRUZ,133.00,W,N,A,-,N,,,,,,,,,,N,2,0,1,3,A,-,11,21954,A,N,G,B,E,A,H,-,A,A,0,Y,,,,Y,,N,60,1,0,0,0,1,0,0,0,0,- ,- ,,,VENTURA,VENTURA,-119.27159118652344,34.278392791748047
9635731,2023,2024-01-05,5608,2023-11-13,1409,498,,1,5,6,5608,0,0,0,,0,004,TELEPHONE RD,HILL RD,9.00,W,N,A,-,N,,,,,,,,,,N,3,0,1,2,A,-,05,21650,1,M,D,G,A,A,H,-,A,A,0,,Y,,,Y,,-,,0,1,0,0,0,0,1,0,0,- ,- ,,,VENTURA,VENTURA,-119.20649719238281,34.266304016113281
9635961,2023,2024-03-02,5608,2023-12-06,2155,556,,3,5,6,5608,0,0,0,,0,001,HARBOR BL,CALIFORNIA ST,0.00,,Y,A,-,N,,,,,,,,,,N,4,0,1,2,A,-,12,22450,A,F,H,G,A,A,H,-,C,D,0,,Y,,,Y,,A,01,0,0,1,0,0,0,1,0,0,- ,- ,,,VENTURA,VENTURA,-119.29302978515625,34.276878356933594
9642988,2023,2023-12-07,5604,2023-10-11,730 ,5390,,3,5,6,5604,0,0,0,,0,022,ESCALON DR,WOOLEY RD,0.00,,Y,A,-,N,,,,,,,,,,N,3,0,1,2,A,-,09,21802,A,N,D,G,A,A,H,-,A,A,0,,Y,,,Y,,D,22,0,1,0,0,0,0,1,0,0,- ,- ,34.190170288085938,-119.19982147216797,VENTURA,OXNARD,-119.1998291015625,34.190189361572266
9643377,2023,2023-12-04,5604,2023-10-22,720 ,5569,,7,5,6,5604,0,0,0,,0,021,W WOOLEY RD,S PATTERSON RD S,0.00,,Y,A,-,N,,,,,,,,,,N,3,0,1,2,A,-,10,21950,A,F,G,G,A,A,H,-,A,A,0,,Y,,,Y,,A,01,0,1,0,0,0,0,1,0,0,- ,- ,34.190288543701172,-119.2080078125,VENTURA,OXNARD,-119.20809936523438,34.19036865234375
9643698,2023,2024-01-18,5604,2023-11-12,1321,5648,,7,5,6,5604,0,0,0,,0,032,E WOOLEY RD,RICHMOND AV,0.00,,Y,A,-,N,,,,,,,,,,N,3,0,1,2,A,-,17,21208,,N,B,G,A,A,H,-,A,A,0,,Y,,,Y,,D,22,0,1,0,0,0,0,1,0,0,- ,- ,34.18994140625,-119.16842651367188,VENTURA,OXNARD,-119.16850280761719,34.189937591552734
9643805,2023,2023-12-06,5604,2023-10-27,1945,5658,,5,5,6,5604,0,0,0,,0,022,S C ST,7TH ST,2.00,S,N,A,-,N,,,,,,,,,,N,4,0,1,2,A,-,10,21950,A,N,G,B,B,A,H,-,C,A,0,Y,,,,Y,,D,23,0,0,1,0,1,0,0,0,0,- ,- ,34.195049285888672,-119.18112182617188,VENTURA,OXNARD,-119.18112182617188,34.195064544677734
9644469,2023,2023-12-20,5604,2023-11-16,1300,5514,,4,5,6,5604,0,0,0,,0,011,N OXNARD BLVD,GONZALES RD,100.00,S,N,A,-,N,,,,,,,,,,N,4,0,1,2,A,-,21,22106,,N,G,B,F,A,H,-,A,D,0,Y,,,,Y,Y,A,01,0,0,1,0,1,0,0,0,0,- ,- ,34.218769073486328,-119.17745971679688,VENTURA,OXNARD,-119.17726135253906,34.218715667724609
9644474,2023,2023-12-20,5604,2023-11-12,1400,5624,,7,5,6,5604,0,0,0,,0,041,SAVIERS RD,W BARD RD W,0.00,,Y,A,-,N,,,,,,,,,,N,2,0,1,2,A,-,10,21950,A,F,G,B,B,A,H,-,A,A,0,Y,,,,Y,,A,01,1,0,0,0,1,0,0,0,0,- ,- ,34.160999298095703,-119.17768859863281,VENTURA,OXNARD,-119.17778015136719,34.161003112792969
9646985,2023,2024-01-29,5608,2023-11-01,1701,415,,3,5,6,5608,0,0,0,,0,002,FOSTER AV,LINDA VISTA AV,0.00,,Y,A,-,N,,,,,,,,,,N,2,0,1,2,A,-,05,21650,,N,A,G,A,A,H,-,A,A,0,,Y,,,Y,,L,04,1,0,0,0,0,0,1,0,0,- ,- ,,,VENTURA,VENTURA,-119.27082824707031,34.281322479248047
9646986,2023,2024-01-29,5608,2023-11-01,2039,549,,3,5,6,5608,0,0,0,,0,004,VICTORIA AV,TELEPHONE RD,0.00,,Y,A,-,N,,,,,,,,,,N,3,0,1,2,A,-,08,22107,,N,G,B,B,A,H,-,C,A,0,Y,,,,Y,,A,07,0,1,0,0,1,0,0,0,0,- ,- ,34.265529632568359,-119.21257781982422,VENTURA,VENTURA,-119.21256256103516,34.265457153320312
9647558,2023,2023-12-18,5604,2023-10-31,1650,5675,,2,5,6,5604,0,0,0,,0,024,S VENTURA RD,FREDERICK LN,100.00,E,N,A,-,N,,,,,,,,,,N,3,0,1,2,A,-,09,21800,A,F,G,B,A,A,H,-,A,D,0,,Y,,,Y,,A,01,0,1,0,0,0,0,1,0,0,- ,- ,34.178501129150391,-119.19496917724609,VENTURA,OXNARD,,
9650073,2023,2024-02-27,5608,2023-12-02,2027,442,,6,5,6,5608,0,0,0,,0,001,E SANTA CLARA ST,PALM ST,0.00,W,N,A,-,N,,,,,,,,,,N,3,0,1,2,A,-,09,21801,A,N,D,G,A,A,H,-,C,A,0,,Y,,,Y,,A,01,0,1,0,0,0,0,1,0,0,- ,- ,,,VENTURA,VENTURA,-119.29618835449219,34.279533386230469
9653781,2023,2024-01-08,5604,2023-11-28,2026,5055,,2,5,6,5604,0,0,0,,0,024,S PATTERSON RD,W WOOLEY RD W,0.00,,Y,-,-,N,,,,,,,,,,N,3,0,1,2,A,-,12,21453,A,N,D,G,A,A,H,-,C,A,0,,Y,,,Y,,L,04,0,1,0,0,0,0,1,0,0,- ,- ,34.190288543701172,-119.2080078125,VENTURA,OXNARD,-119.20809936523438,34.19036865234375
9654011,2023,2024-01-24,5604,2023-11-29,24  ,5530,,3,5,6,5604,0,0,0,,0,032,WOOLEY RD,COMMERCIAL AV,30.00,W,N,A,-,N,,,,,,,,,,N,3,0,1,2,A,-,11,21954,A,N,E,B,E,A,H,-,C,A,0,Y,,,,Y,,N,60,0,1,0,0,1,0,0,0,0,- ,- ,34.189960479736328,-119.17105865478516,VENTURA,OXNARD,-119.17118072509766,34.189971923828125
9654049,2023,2024-02-02,5604,2023-11-20,1145,5527,,1,5,6,5604,0,0,0,,0,024,CHANNEL ISLAND BL,C ST,0.00,,Y,A,-,N,,,,,,,,,,N,4,0,1,2,A,-,10,21950,A,N,G,B,B,A,H,-,A,A,0,Y,,,,Y,,A,01,0,0,1,0,1,0,0,0,0,- ,- ,34.173679351806641,-119.18110656738281,VENTURA,OXNARD,-119.18112945556641,34.173702239990234
9657288,2024,2024-04-20,5604,2024-01-10,1246,5714,,3,5,6,5604,0,0,0,,0,041,ANCHORAGE ST,E BARD RD,0.00,,Y,A,-,N,,,,,,,,,,N,4,0,1,3,A,-,10,21950,A,N,G,B,B,A,H,-,A,A,0,Y,,,,Y,,D,22,0,0,1,0,1,0,0,0,0,- ,- ,34.161701202392578,-119.16224670410156,VENTURA,OXNARD,-119.16289520263672,34.162261962890625
9657303,2023,2024-02-08,5604,2023-12-08,1937,5673,,5,5,6,5604,0,0,0,,0,041,S B ST,TEAKWOOD ST,0.00,,Y,A,-,N,,,,,,,,,,N,4,0,1,2,A,-,09,21801,A,N,D,G,A,A,H,-,C,D,0,,Y,,,Y,,L,04,0,0,1,0,0,0,1,0,0,- ,- ,34.170520782470703,-119.18020629882812,VENTURA,OXNARD,-119.18024444580078,34.170562744140625
9657636,2024,2024-03-22,5604,2024-01-04,1416,5623,,4,5,6,5604,0,0,0,,0,021,PENINSULA RD,W CHANNEL ISLANDS BL W,0.00,,Y,A,-,N,,,,,,,,,,N,3,0,1,2,A,-,10,21950,C,N,G,B,B,A,H,-,A,A,0,Y,,,,Y,,A,01,0,1,0,0,1,0,0,0,0,- ,- ,,,VENTURA,OXNARD,-119.22525024414062,34.175708770751953
9667016,2024,2024-03-12,5604,2024-01-31,1700,575,,3,5,6,5604,0,0,0,,0,023,W SECOND ST,N B ST N,0.00,,Y,A,-,N,,,,,,,,,,N,3,0,1,2,A,-,05,21650,1,N,D,G,A,A,H,-,A,A,0,,Y,,Y,Y,,L,04,0,1,0,0,0,0,1,0,0,WO,- ,34.201648712158203,-119.17978668212891,VENTURA,OXNARD,-119.17979431152344,34.201648712158203
9667138,2024,2024-03-26,5608,2024-01-29,2028,441,,1,5,6,5608,0,0,0,,0,004,MOON DR,ALAMEDA AV,0.00,,Y,A,-,N,,,,,,,,,,N,3,0,1,2,A,-,12,22450,A,N,D,G,A,A,H,-,D,A,0,,Y,,,Y,,L,04,0,1,0,0,0,0,1,0,0,- ,- ,,,VENTURA,VENTURA,-119.2091064453125,34.25604248046875
9667145,2024,2024-03-25,5604,2024-01-29,1517,5354,,1,5,6,5604,0,0,0,,0,024,E HEMLOCK ST,S C ST S,0.00,,Y,A,-,N,,,,,,,,,,N,4,0,1,2,A,-,05,21650,1,N,D,G,A,A,H,-,A,D,0,,Y,,,Y,,A,01,0,0,1,0,0,0,1,0,0,- ,- ,,,VENTURA,OXNARD,-119.18128204345703,34.18115234375
9667148,2024,2024-03-25,5604,2024-01-01,1756,5712,42,1,5,6,5604,0,0,0,,0,,COURTLAND ST,CANTERBURY WY,50.00,S,N,A,-,N,,,,,,,,,,N,4,0,1,2,A,-,09,21804,B,N,D,G,A,A,H,-,C,D,0,,Y,,,Y,,L,04,0,0,1,0,0,0,1,0,0,- ,- ,34.153549194335938,-119.17996215820312,VENTURA,OXNARD,-119.17999267578125,34.153430938720703
9667149,2024,2024-03-25,5604,2024-01-26,1543,5723,,5,5,6,5604,0,0,0,,0,041,S ROSE AV,RAIDERS WY,0.00,,Y,A,-,N,,,,,,,,,,N,4,0,2,3,A,-,10,21950,A,N,A,B,B,A,H,-,A,A,0,Y,,,,Y,,A,01,0,0,2,0,2,0,0,0,0,- ,- ,,,VENTURA,OXNARD,-119.16017150878906,34.171669006347656
9668542,2024,2024-04-08,5604,2024-02-21,1710,5712,,3,5,6,5604,0,0,0,,0,042,E PLEASANT VALLEY RD,BRADFIELD PL,0.00,,Y,A,-,N,,,,,,,,,,N,2,0,1,2,A,-,12,22450,A,F,D,G,A,A,H,-,A,A,0,,Y,,,Y,,A,01,1,0,0,0,0,0,1,0,0,- ,- ,34.154689788818359,-119.17555236816406,VENTURA,OXNARD,-119.17557525634766,34.154720306396484
9668811,2024,2024-04-08,5604,2024-02-12,1615,4947,,1,5,6,5604,0,0,0,,0,022,HOBSON WY,W 5TH ST W,0.00,,Y,A,-,N,,,,,,,,,,N,4,0,1,2,A,-,10,21950,A,N,G,B,B,A,H,-,A,A,0,Y,,,,Y,,A,01,0,0,1,0,1,0,0,0,0,- ,- ,34.197738647460938,-119.18789672851562,VENTURA,OXNARD,-119.18791961669922,34.197750091552734
9668844,2024,2024-04-11,5604,2024-02-09,457 ,5586,,5,5,6,5604,0,0,0,,0,031,N OXNARD BLVD,GLENWOOD DR,500.00,N,N,A,-,N,,,,,,,,,,Y,3,0,1,2,A,-,14,21201,D,N,G,G,A,A,H,-,C,D,0,,Y,,,Y,,L,04,0,1,0,0,0,0,1,0,0,- ,- ,34.214321136474609,-119.17720031738281,VENTURA,OXNARD,-119.17740631103516,34.215709686279297
9672697,2024,2024-04-15,5604,2024-02-14,1231,5773,,3,5,6,5604,0,0,0,,0,022,DEODAR AVE,N OXNARD BLVD N,0.00,,Y,A,-,N,,,,,,,,,,N,4,0,1,2,A,-,05,21650,1,N,D,G,A,A,H,-,A,D,0,,Y,,,Y,,L,04,0,0,1,0,0,0,1,0,0,- ,- ,,,VENTURA,OXNARD,-119.17736053466797,34.207687377929688
9672708,2024,2024-04-10,5604,2024-02-02,1724,5697,,5,5,6,5604,0,0,0,,0,041,S C ST,GLACIER AV,0.00,,Y,A,-,N,,,,,,,,,,N,3,0,1,2,A,-,08,22107,,N,D,G,A,A,H,-,B,A,0,,Y,,,Y,,A,01,0,1,0,0,0,0,1,0,0,- ,- ,,,VENTURA,OXNARD,-119.18119812011719,34.165233612060547
9672711,2024,2024-07-25,5604,2024-02-02,1528,5434,,5,5,6,5604,0,0,0,,0,022,ISLETON PL,K STREET,20.00,W,N,A,-,N,,,,,,,,,,N,4,0,1,2,A,-,21,22106,,N,G,B,E,A,H,-,A,D,0,Y,,,,Y,,A,01,0,0,1,0,1,0,0,0,0,- ,- ,34.195919036865234,-119.19216918945312,VENTURA,OXNARD,-119.19176483154297,34.196041107177734
9672963,2024,2024-04-16,5608,2024-02-10,1730,506,,6,5,6,5608,0,0,0,,0,001,E SHOSHONE ST,SHAWNEE LN,50.00,W,N,A,-,N,,,,,,,,,,N,3,0,1,2,A,-,03,22350,A,N,B,G,A,A,H,-,A,A,0,,Y,,,Y,,L,04,0,1,0,0,0,0,1,0,0,- ,- ,,,VENTURA,VENTURA,-119.29041290283203,34.303062438964844
9673188,2024,2024-03-06,5604,2024-01-28,2213,5608,,7,5,6,5604,0,0,0,,0,021,S HARBOR BL,BEACHCOMBER ST,500.00,N,N,A,-,N,,,,,,,,,,N,3,0,1,2,A,-,03,22350,,F,G,B,D,A,H,-,C,D,0,Y,,,,Y,Y,-,99,0,1,0,0,1,0,0,0,0,- ,- ,34.197788238525391,-119.24246978759766,VENTURA,OXNARD,,
9673189,2024,2024-03-06,5604,2024-01-15,1947,5648,,1,5,6,5604,0,0,0,,0,014,W GONZALES RD,N VENTURA RD N,0.00,,Y,A,-,N,,,,,,,,,,N,4,0,1,2,A,-,08,21717,,F,B,G,A,A,H,-,C,A,0,,Y,,,Y,,L,04,0,0,1,0,0,0,1,0,0,- ,- ,34.219268798828125,-119.19454956054688,VENTURA,OXNARD,-119.19464111328125,34.219223022460938
9675225,2024,2024-04-11,5605,2024-02-28,903 ,230,PATRO,3,5,3,5605,0,0,0,,0,002,PORT HUENEME RD,SURFSIDE DR,10.00,W,N,A,-,N,,,,,,,,,,,3,0,1,2,A,-,17,21451,A,N,G,B,B,A,H,-,A,A,0,Y,,,,Y,,D,22,0,1,0,0,1,0,0,0,0,- ,- ,34.143550872802734,-119.19553375244141,VENTURA,PORT HUENEME,-119.19052124023438,34.147602081298828
9681253,2024,2024-04-03,5608,2024-02-17,2112,452,,6,5,6,5608,0,0,0,,0,002,ARCADE DR,THOMPSON BL,18.00,S,N,C,-,N,,,,,,,,,,N,4,0,1,2,A,-,05,21650,,N,D,G,A,B,H,-,C,D,0,,Y,,,Y,Y,L,04,0,0,1,0,0,0,1,0,0,- ,- ,,,VENTURA,VENTURA,-119.26517486572266,34.273303985595703
9684204,2024,2024-05-10,5608,2024-03-02,2130,552,,6,5,6,5608,0,0,0,,0,001,EAST SANTA CLARA ST,PALM ST,70.00,E,N,C,-,N,,,,,,,,,,N,4,0,1,2,A,-,08,22107,,F,B,G,A,B,H,-,C,D,0,,Y,,,Y,,-,,0,0,1,0,0,0,1,0,0,- ,- ,,,VENTURA,VENTURA,-119.29595947265625,34.279529571533203
9684286,2024,2024-06-19,5608,2024-04-03,1823,446,,3,5,6,5608,0,0,0,,0,003,TELEGRAPH RD,BRENT ST,93.00,E,N,A,-,N,,,,,,,,,,Y,4,0,1,2,A,-,08,22107,,N,B,B,A,A,H,-,A,D,0,,,,,Y,,A,01,0,0,1,0,0,0,0,0,0,- ,- ,,,VENTURA,VENTURA,-119.25637054443359,34.271881103515625
9685122,2024,2024-04-26,5604,2024-01-24,2006,5643,,3,5,6,5604,0,0,0,,0,014,LANTANA ST,CAMELLIA ST,0.00,,Y,B,-,N,,,,,,,,,,N,4,0,1,2,A,-,09,21801,A,N,G,B,B,A,H,-,C,D,0,Y,,,,Y,,A,01,0,0,1,0,1,0,0,0,0,- ,- ,34.222309112548828,-119.19020843505859,VENTURA,OXNARD,-119.19020843505859,34.222328186035156
9685732,2024,2024-06-25,5608,2024-04-10,2129,560,,3,5,6,5608,0,0,0,,0,001,HARBOR BL,CALIFORNIA ST,0.00,,Y,A,-,N,,,,,,,,,,N,3,0,1,2,A,-,17,21461,A,F,G,G,A,A,H,-,B,A,0,,Y,,,Y,Y,D,22,0,1,0,0,0,0,1,0,0,- ,- ,,,VENTURA,VENTURA,-119.29302978515625,34.276878356933594
9685911,2024,2024-06-27,5608,2024-04-15,1043,559,,1,5,6,5608,0,0,0,,0,004,TELEPHONE RD,PETIT AV,0.00,,Y,A,-,N,,,,,,,,,,N,3,0,1,2,A,-,10,21950,A,N,G,B,B,A,H,-,A,A,0,Y,,,,Y,,A,01,0,1,0,0,1,0,0,0,0,- ,- ,34.272178649902344,-119.1702880859375,VENTURA,VENTURA,-119.17057037353516,34.272243499755859
9685919,2024,2024-08-01,5608,2024-04-08,913 ,549,,1,5,6,5608,0,0,0,,0,001,HARBOR BL,SANSON RD,0.00,,Y,A,-,N,,,,,,,,,,N,3,0,1,2,A,-,10,21950,A,F,G,B,B,A,H,-,A,A,0,Y,,,,Y,Y,A,01,0,1,0,0,1,0,0,0,0,- ,- ,34.273300170898438,-119.28414916992188,VENTURA,VENTURA,-119.28482818603516,34.273117065429688
9688216,2024,2024-04-17,5604,2024-02-13,1400,5610,,2,5,6,5604,0,0,0,,0,014,TOWN CENTER DR,N OXNARD BL N,0.00,,Y,A,-,N,,,,,,,,,,N,4,0,1,2,A,-,10,21950,A,N,A,B,B,A,H,-,A,A,0,Y,,,,Y,,-,99,0,0,1,0,1,0,0,0,0,- ,- ,34.238319396972656,-119.17540740966797,VENTURA,OXNARD,-119.18025207519531,34.241527557373047
9689785,2024,2024-05-24,5608,2024-03-19,1842,503,,2,5,6,5608,0,0,0,,0,003,TELEGRAPH RD,MILLS RD,10.00,W,N,A,-,N,,,,,,,,,,N,4,0,2,2,A,-,11,21456,B,N,D,G,A,A,H,-,A,A,0,,Y,,,Y,,L,04,0,0,2,0,0,0,2,0,0,- ,- ,,,VENTURA,VENTURA,-119.24785614013672,34.273075103759766
9691462,2024,2024-05-15,5604,2024-03-31,1549,5514,,7,5,6,5604,0,0,0,,0,031,COLONIA RD,N ROOSEVELT AVE N,0.00,,Y,A,-,N,,,,,,,,,,N,4,0,1,2,A,-,10,21950,C,N,G,G,A,B,H,-,A,D,0,,Y,,,Y,,A,07,0,0,1,0,0,0,1,0,0,- ,- ,34.2064208984375,-119.17268371582031,VENTURA,OXNARD,-119.17269897460938,34.206417083740234