CASE_ID,ACCIDENT_YEAR,PROC_DATE,JURIS,COLLISION_DATE,COLLISION_TIME,OFFICER_ID,REPORTING_DISTRICT,DAY_OF_WEEK,CHP_SHIFT,POPULATION,CNTY_CITY_LOC,SPECIAL_COND,BEAT_TYPE,CHP_BEAT_TYPE,CITY_DIVISION_LAPD,CHP_BEAT_CLASS,BEAT_NUMBER,PRIMARY_RD,SECONDARY_RD,DISTANCE,DIRECTION,INTERSECTION,WEATHER_1,WEATHER_2,STATE_HWY_IND,CALTRANS_COUNTY,CALTRANS_DISTRICT,STATE_ROUTE,ROUTE_SUFFIX,POSTMILE_PREFIX,POSTMILE,LOCATION_TYPE,RAMP_INTERSECTION,SIDE_OF_HWY,TOW_AWAY,COLLISION_SEVERITY,NUMBER_KILLED,NUMBER_INJURED,PARTY_COUNT,PRIMARY_COLL_FACTOR,PCF_CODE_OF_VIOL,PCF_VIOL_CATEGORY,PCF_VIOLATION,PCF_VIOL_SUBSECTION,HIT_AND_RUN,TYPE_OF_COLLISION,MVIW,PED_ACTION,ROAD_SURFACE,ROAD_COND_1,ROAD_COND_2,LIGHTING,CONTROL_DEVICE,CHP_ROAD_TYPE,PEDESTRIAN_ACCIDENT,BICYCLE_ACCIDENT,MOTORCYCLE_ACCIDENT,TRUCK_ACCIDENT,NOT_PRIVATE_PROPERTY,ALCOHOL_INVOLVED,STWD_VEHTYPE_AT_FAULT,CHP_VEHTYPE_AT_FAULT,COUNT_SEVERE_INJ,COUNT_VISIBLE_INJ,COUNT_COMPLAINT_PAIN,COUNT_PED_KILLED,COUNT_PED_INJURED,COUNT_BICYCLIST_KILLED,COUNT_BICYCLIST_INJURED,COUNT_MC_KILLED,COUNT_MC_INJURED,PRIMARY_RAMP,SECONDARY_RAMP,LATITUDE,LONGITUDE,COUNTY,CITY,POINT_X,POINT_Y
9691468,2024,2024-07-02,5604,2024-03-17,2034,5670,2,7,5,6,5604,0,0,0,,0,024,LINDEN DR,MAYWOOD DR,500.00,W,N,A,-,N,,,,,,,,,,N,2,0,1,1,A,-,21,22106,,N,G,B,A,A,H,-,C,D,0,,,,,Y,,A,07,1,0,0,0,0,0,0,0,0,- ,- ,34.176651000976562,-119.18459320068359,VENTURA,OXNARD,-119.18458557128906,34.176433563232422
9691487,2024,2024-05-08,5604,2024-03-18,1234,5135,,1,5,6,5604,0,0,0,,0,031,N ROSE AVE,GONZALES RD,0.00,,Y,A,-,N,,,,,,,,,,N,3,0,1,2,A,-,10,21950,A,N,G,B,B,A,A,H,A,A,0,Y,,,,Y,,A,01,0,1,0,0,1,0,0,0,0,- ,- ,34.218898773193359,-119.15827941894531,VENTURA,OXNARD,-119.15843200683594,34.218990325927734
9697134,2024,2024-07-03,5608,2024-03-23,1749,446,,6,5,6,5608,0,0,0,,0,003,COLLEGE DR,DEAN DR,9.00,S,N,A,-,N,,,,,,,,,,N,3,0,2,5,A,-,08,22107,,F,C,B,D,A,H,-,A,A,0,Y,,,,Y,,A,07,0,2,0,0,2,0,0,0,0,- ,- ,,,VENTURA,VENTURA,-119.24161529541016,34.267265319824219
9700406,2024,2024-07-10,5608,2024-05-07,1540,503,,2,5,6,5608,0,0,0,,0,003,TELEGRAPH RD,COLLEGE DR,17.00,E,N,A,-,N,,,,,,,,,,N,2,0,2,2,A,-,07,21658,,N,A,G,A,A,H,-,A,A,0,,Y,,,Y,,M,91,1,1,0,0,0,0,1,0,0,- ,- ,,,VENTURA,VENTURA,-119.24299621582031,34.273807525634766
9700407,2024,2024-06-27,5608,2024-05-07,1541,564,5608,2,5,6,5608,0,0,0,,0,002,MILLS ST,MAIN ST,0.00,,Y,A,-,N,,,,,,,,,,N,3,0,1,2,A,-,11,21456,,N,B,G,A,A,H,-,A,A,0,,Y,,,Y,,L,04,0,1,0,0,0,0,1,0,0,- ,- ,,,VENTURA,VENTURA,-119.24604797363281,34.264926910400391
9701326,2024,2024-06-21,5608,2024-04-26,2500,523,,5,5,6,5608,0,0,0,,0,002,ARCADE DR,EAST MAIN ST,0.00,,Y,A,-,N,,,,,,,,,,N,3,0,1,2,D,-,00,,,N,D,G,A,A,H,-,A,A,0,,Y,,,Y,,-,- ,0,1,0,0,0,0,1,0,0,- ,- ,34.276050567626953,-119.26435089111328,VENTURA,VENTURA,-119.26436614990234,34.276058197021484
9706676,2024,2024-07-26,5608,2024-07-08,952 ,553,,1,5,6,5608,0,0,0,,0,001,OLIVE ST,MAIN ST,144.00,N,N,A,-,N,,,,,,,,,,N,3,0,1,2,A,-,00,21954,,N,D,B,E,A,H,-,A,D,0,Y,,,,Y,Y,N,60,0,1,0,0,1,0,0,0,0,- ,- ,,,VENTURA,VENTURA,,
9706993,2024,2024-07-25,5604,2024-05-26,916 ,5747,,7,5,6,5604,0,0,0,,0,023,S C ST,7TH ST,400.00,N,N,B,-,N,,,,,,,,,,N,3,0,1,2,A,-,11,21954,A,N,G,B,D,A,H,-,A,D,0,Y,,,,Y,,N,60,0,1,0,0,1,0,0,0,0,- ,- ,34.195049285888672,-119.18112182617188,VENTURA,OXNARD,-119.18110656738281,34.1961669921875
9706996,2024,2024-07-25,5604,2024-05-06,1905,5591,,1,5,6,5604,0,0,0,,0,031,COOPER RD,N GARFIELD AV N,0.00,,Y,A,-,N,,,,,,,,,,N,4,0,1,2,A,-,12,22450,A,F,G,B,B,A,A,H,A,A,0,Y,,,,Y,,-,99,0,0,1,0,1,0,0,0,0,- ,- ,34.20452880859375,-119.17375183105469,VENTURA,OXNARD,-119.17375946044922,34.204536437988281
9707093,2024,2024-06-25,5604,2024-04-24,803 ,4907,,3,5,6,5604,0,0,0,,0,022,OXNARD BL,DEODAR AV,0.00,,Y,A,-,N,,,,,,,,,,N,4,0,1,2,A,-,05,21650,1,F,D,G,A,A,H,-,A,A,0,,Y,,,Y,,L,04,0,0,1,0,0,0,1,0,0,- ,- ,34.208000183105469,-119.177001953125,VENTURA,OXNARD,-119.17736053466797,34.207687377929688
9707122,2024,2024-06-18,5604,2024-04-06,1526,5231,,6,5,6,5604,0,0,0,,0,011,OXNARD BL,RODERICK AV,380.00,S,N,A,-,N,,,,,,,,,,N,4,0,1,2,A,-,09,21804,A,F,D,G,A,A,H,-,A,D,0,,Y,,,Y,,A,01,0,0,1,0,0,0,1,0,0,- ,- ,34.214088439941406,-119.17768859863281,VENTURA,OXNARD,-119.17734527587891,34.208728790283203
9707123,2024,2024-06-18,5604,2024-04-05,1448,5529,,5,5,6,5604,0,0,0,,0,042,COURTLAND ST,HUENEME RD,50.00,N,N,A,-,N,,,,,,,,,,N,3,0,1,2,A,-,09,21804,A,N,A,G,A,A,H,-,A,D,0,,Y,,,Y,Y,L,04,0,1,0,0,0,0,1,0,0,- ,- ,34.147449493408203,-119.17948150634766,VENTURA,OXNARD,-119.17948150634766,34.147548675537109
9707138,2024,2024-06-20,5604,2024-04-24,828 ,4925,,3,5,6,5604,0,0,0,,0,041,S C ST,YUCCA ST,0.00,,Y,A,-,N,,,,,,,,,,N,3,0,1,2,A,-,10,21950,C,F,G,B,A,-,A,H,A,A,0,,,Y,,Y,,A,07,0,1,0,0,0,0,0,0,1,- ,- ,34.165950775146484,-119.18121337890625,VENTURA,OXNARD,-119.18122100830078,34.165962219238281
9707140,2024,2024-06-14,5604,2024-04-23,900 ,5401,,2,5,6,5604,0,0,0,,0,032,S OXNARD BLVD,WOOLEY RD,0.00,,Y,A,-,N,,,,,,,,,,N,3,0,1,2,A,-,10,21950,A,F,G,B,B,A,H,-,A,A,0,Y,,,,Y,,-,99,0,1,0,0,1,0,0,0,0,- ,- ,34.189781188964844,-119.17662048339844,VENTURA,OXNARD,-119.17754364013672,34.1900634765625
9707148,2024,2024-06-14,5604,2024-04-16,1014,5693,,2,5,6,5604,0,0,0,,0,042,PERKINS RD,CLARA ST,225.00,S,N,A,-,N,,,,,,,,,,N,3,0,1,2,A,-,21,22106,,N,G,B,E,A,H,-,A,D,0,Y,,,,Y,,A,01,0,1,0,0,1,0,0,0,0,- ,- ,,,VENTURA,OXNARD,-119.18390655517578,34.150482177734375
9707151,2024,2024-07-31,5604,2024-04-12,2200,5728,,5,5,6,5604,0,0,0,,0,031,ROSE AVE,CAMINO DELSOL,0.00,,Y,A,-,N,,,,,,,,,,N,3,0,1,2,D,-,00,,,F,C,G,A,A,H,-,C,A,0,,Y,,,Y,,-,- ,0,1,0,0,0,0,1,0,0,- ,- ,34.174530029296875,-119.15798950195312,VENTURA,OXNARD,-121.34745788574219,38.610054016113281
9707378,2024,2024-07-29,5608,2024-05-21,1221,411,,2,5,6,5608,0,0,0,,0,004,KIMBALL RD,TELEPHONE RD,0.00,,Y,A,-,N,,,,,,,,,,N,3,0,1,2,A,-,05,21650,1,F,D,G,A,A,H,-,A,A,0,,Y,,,Y,,L,04,0,1,0,0,0,0,1,0,0,- ,- ,,,VENTURA,VENTURA,-119.18865966796875,34.268867492675781
9708951,2024,2024-08-01,5608,2024-06-29,1435,503,,6,5,6,5608,0,0,0,,0,002,EAST THOMPSON BL,PACIFIC AV,11.00,N,-,A,-,N,,,,,,,,,,N,3,0,1,2,A,-,17,22517,,N,H,G,A,A,H,-,A,D,0,,Y,,,Y,,A,01,0,1,0,0,0,0,1,0,0,- ,- ,,,VENTURA,VENTURA,-119.27439880371094,34.275165557861328
9712985,2024,2024-10-23,5604,2024-05-25,2322,5454,,6,5,6,5604,0,0,0,,0,022,S OXNARD BLVD,4TH ST,30.00,N,N,A,-,N,,,,,,,,,,Y,3,0,1,3,A,-,03,22350,,N,G,B,F,A,H,-,C,D,0,Y,,,,Y,Y,A,01,0,1,0,0,1,0,0,0,0,- ,- ,34.1993408203125,-119.17701721191406,VENTURA,OXNARD,-119.17745971679688,34.199081420898438
9712994,2024,2024-07-10,5604,2024-05-07,1614,5697,,2,5,6,5604,0,0,0,,0,023,S OXNARD BLVD,5TH ST,170.00,S,N,A,-,N,,,,,,,,,,N,3,0,1,2,A,-,08,22107,,N,G,B,A,A,H,-,A,D,0,,Y,,,Y,,A,01,0,1,0,0,0,0,1,0,0,- ,- ,,,VENTURA,OXNARD,-119.17745208740234,34.197223663330078
9713004,2024,2024-08-14,5608,2024-06-15,1259,501,,6,5,6,5608,0,0,0,,0,001,NORTH VENTURA AV,E MAIN ST,0.00,,Y,A,-,N,,,,,,,,,,N,2,0,1,2,A,-,10,21954,B,N,G,B,B,A,H,-,A,A,0,Y,,,,Y,,A,07,1,0,0,0,1,0,0,0,0,- ,- ,,,VENTURA,VENTURA,-119.30075836181641,34.281070709228516
9713005,2024,2024-09-27,5608,2024-06-15,850 ,522,,6,5,6,5608,0,0,0,,0,002,HARBOR BL,SEAWARD AV,0.00,,Y,A,-,N,,,,,,,,,,N,3,0,1,2,A,-,08,22107,,N,B,G,A,A,H,-,A,D,0,,Y,,,Y,,L,04,0,1,0,0,0,0,1,0,0,- ,- ,34.263870239257812,-119.26879119873047,VENTURA,VENTURA,-119.27024078369141,34.264862060546875
9713016,2024,2024-08-14,5604,2024-05-19,1632,5678,,7,5,6,5604,0,0,0,,0,031,ANITA AV,COOPER RD,0.00,,Y,A,-,N,,,,,,,,,,Y,3,0,1,2,A,-,10,21950,A,F,G,B,D,A,H,-,A,D,0,Y,,,,Y,Y,A,07,0,1,0,0,1,0,0,0,0,- ,- ,34.204490661621094,-119.16957092285156,VENTURA,OXNARD,-119.16960144042969,34.204498291015625
9713496,2024,2024-07-11,5608,2024-05-24,1213,528,,5,5,6,5608,0,0,0,,0,004,JOHNSON DR,CAPRI AV,0.00,,Y,A,-,N,,,,,,,,,,N,3,0,1,2,A,-,05,21650,,N,D,G,A,A,H,-,A,D,0,,Y,,,Y,,L,04,0,1,0,0,0,0,1,0,0,- ,- ,,,VENTURA,VENTURA,-119.19638061523438,34.249473571777344
9713565,2024,2024-07-08,5608,2024-04-07,1   ,507,,7,5,6,5608,0,0,0,,0,001,E SANTA CLARA ST,S CHESTNUT ST,0.00,,Y,A,-,N,,,,,,,,,,N,3,0,1,2,A,-,12,21453,A,N,D,G,A,A,H,-,C,A,0,,Y,,,Y,,L,04,0,1,0,0,0,0,1,0,0,- ,- ,,,VENTURA,VENTURA,-119.29154968261719,34.279541015625
9716509,2024,2024-07-31,5604,2024-06-12,644 ,5730,,3,5,6,5604,0,0,0,,0,041,ROSE AV,OXNARD BL,0.00,,Y,A,-,N,,,,,,,,,,N,3,0,1,2,A,-,10,21950,A,N,H,G,A,A,H,-,A,A,0,,Y,,,Y,,A,01,0,1,0,0,0,0,1,0,0,- ,- ,34.174999237060547,-119.15989685058594,VENTURA,OXNARD,-119.16005706787109,34.175331115722656
9717845,2024,2024-08-27,5604,2024-07-03,622 ,5064,,3,5,6,5604,0,0,0,,0,012,AVILA PL,BAHIA DR,0.00,,Y,A,-,N,,,,,,,,,,N,3,0,1,2,A,-,03,22350,,N,G,B,B,A,H,-,A,A,0,Y,,,,Y,,A,01,0,1,0,0,1,0,0,0,0,- ,- ,34.221328735351562,-119.1756591796875,VENTURA,OXNARD,-119.17524719238281,34.221935272216797
9717891,2024,2024-08-14,5604,2024-06-22,2200,5730,,6,5,6,5604,0,0,0,,0,022,HOBSON WY,WEST 5TH ST,0.00,,Y,A,-,N,,,,,,,,,,N,3,0,1,2,A,-,12,21453,A,N,D,G,A,A,H,-,C,A,0,,Y,,,Y,,L,04,0,1,0,0,0,0,1,0,0,- ,- ,34.196998596191406,-119.18699645996094,VENTURA,OXNARD,-119.18791961669922,34.197750091552734
9720262,2024,2024-09-05,5604,2024-05-14,1430,5737,,2,5,6,5604,0,0,0,,0,014,STROUBE ST,RT 232,0.00,,Y,B,-,Y,VEN,7,232,-,-,0.876,I,6,S,N,2,0,1,2,A,-,03,22350,,F,A,G,A,A,H,-,A,D,0,,Y,,,Y,,-,99,1,0,0,0,0,0,1,0,0,- ,- ,34.237209320068359,-119.16925811767578,VENTURA,OXNARD,-119.16931915283203,34.237285614013672
9720588,2024,2024-08-27,5605,2024-07-06,2056,227,PATRO,6,5,3,5605,0,0,0,,0,002,PLEASANT VALLEY RD,VENTURA RD,230.00,E,N,E,-,N,,,,,,,,,,N,3,0,1,3,A,-,11,21955,,N,G,B,D,A,H,-,C,D,0,Y,,,,Y,,N,60,0,1,0,0,0,0,0,0,0,- ,- ,34.154861450195312,-119.19522857666016,VENTURA,PORT HUENEME,-119.19459533691406,34.154758453369141
9724383,2024,2024-09-09,5604,2024-07-06,2107,5673,,6,5,6,5604,0,0,0,,0,012,N ROSE AVE,LOCKWOOD ST,10.00,S,N,A,-,N,,,,,,,,,,Y,2,0,1,2,A,-,11,21954,A,N,G,B,B,A,H,-,C,A,0,Y,,,,Y,,N,60,1,0,0,0,1,0,0,0,0,- ,- ,34.222118377685547,-119.15824127197266,VENTURA,OXNARD,-119.15829467773438,34.222084045410156
9724384,2024,2024-09-09,5604,2024-07-10,2055,5615,,3,5,6,5604,0,0,0,,0,022,S VENTURA RD,WEST 5TH ST,100.00,N,N,A,-,N,,,,,,,,,,N,3,0,1,2,A,-,11,21954,A,N,G,B,D,A,H,-,C,A,0,Y,,,,Y,,N,60,0,1,0,0,1,0,0,0,0,- ,- ,,,VENTURA,OXNARD,-119.19487762451172,34.197853088378906
9725467,2024,2024-09-13,5608,2024-08-02,1558,547,,5,5,6,5608,0,0,0,,0,001,NORTH VENTURA AV,MAIN ST,620.00,N,N,A,-,N,,,,,,,,,,N,3,0,1,2,A,-,08,22107,,N,D,B,F,A,H,-,A,D,0,Y,,,,Y,,A,01,0,1,0,0,1,0,0,0,0,- ,- ,,,VENTURA,VENTURA,-119.30040740966797,34.282737731933594
9725473,2024,2024-09-13,5608,2024-08-07,1219,496,,3,5,6,5608,0,0,0,,0,001,POLI ST,KALORAMA ST,0.00,,Y,A,-,N,,,,,,,,,,N,3,0,1,2,A,-,10,21950,A,N,G,B,B,A,H,-,A,D,0,Y,,,,Y,,A,01,0,1,0,0,1,0,0,0,0,- ,- ,,,VENTURA,VENTURA,-119.28701019287109,34.282161712646484
9727931,2024,2024-08-29,5608,2024-08-14,814 ,536,,3,5,6,5608,0,0,0,,0,002,E MAIN ST,CATALINA ST,0.00,N,N,A,-,N,,,,,,,,,,N,4,0,1,2,A,-,17,22517,,N,B,G,A,A,H,-,A,D,0,,Y,,,Y,,D,22,0,0,1,0,0,0,1,0,0,- ,- ,34.277641296386719,-119.26812744140625,VENTURA,VENTURA,-119.26902008056641,34.277751922607422
9727990,2024,2024-09-03,5608,2024-08-14,947 ,561,,3,5,6,5608,0,0,0,,0,003,SOUTH VICTORIA AV,TELEGRAPH RD,277.00,S,N,A,-,N,,,,,,,,,,N,3,0,1,2,A,-,00,21955,A,N,D,B,D,A,H,-,A,A,0,Y,,,,Y,,N,60,0,1,0,0,1,0,0,0,0,- ,- ,,,VENTURA,VENTURA,-119.21448516845703,34.277259826660156
9732996,2024,2024-11-20,5604,2024-10-04,1711,5760,,5,5,6,5604,0,0,0,,0,031,JULIAN ST,SAN LUIS ST,0.00,,Y,A,-,N,,,,,,,,,,Y,3,0,1,2,D,-,00,,,N,G,B,E,A,H,-,A,A,0,Y,,,,Y,,-,- ,0,1,0,0,1,0,0,0,0,- ,- ,34.204021453857422,-119.1522216796875,VENTURA,OXNARD,-119.15200805664062,34.204032897949219
9733590,2024,2024-09-19,5608,2024-08-30,1808,446,,5,5,6,5608,0,0,0,,0,004,THILLE ST,BENNETT AV,5.00,E,N,A,-,N,,,,,,,,,,N,3,0,1,2,A,-,10,21950,A,N,D,B,B,A,H,-,B,D,0,Y,,,,Y,,A,01,0,1,0,0,1,0,0,0,0,- ,- ,,,VENTURA,VENTURA,-119.22182464599609,34.267101287841797
9733682,2024,2024-09-20,5604,2024-08-17,1723,5597,,6,5,6,5604,0,0,0,,0,042,S A ST,BARD RD,200.00,S,N,A,-,N,,,,,,,,,,N,2,0,1,2,A,-,03,22350,,N,G,B,E,A,H,-,A,D,0,Y,,,,Y,,A,01,1,0,0,0,1,0,0,0,0,- ,- ,34.160308837890625,-119.17848205566406,VENTURA,OXNARD,,
9733759,2024,2024-09-17,5604,2024-06-23,1950,4942,,7,5,6,5604,0,0,0,,0,031,COLONIA RD,HAYES AV,0.00,,Y,A,-,N,,,,,,,,,,N,3,0,1,2,A,-,10,21950,A,F,G,B,D,A,H,-,B,D,0,Y,,,,Y,,-,,0,1,0,0,1,0,0,0,0,- ,- ,,,VENTURA,OXNARD,-119.17539215087891,34.206443786621094
9734458,2024,2024-09-25,5605,2024-07-27,1346,230,PATRO,6,5,3,5605,0,0,0,,0,002,CHANNEL ISLAND BL,VICTORIA AV,735.00,E,N,A,-,N,,,,,,,,,,N,4,0,1,2,D,-,00,,,N,G,B,C,A,H,-,A,D,0,Y,,,,Y,,-,- ,0,0,1,0,1,0,0,0,0,- ,- ,34.176071166992188,-119.22116851806641,VENTURA,PORT HUENEME,-119.21914672851562,34.176067352294922
9736053,2024,2024-09-18,5604,2024-07-20,2049,5737,,6,5,6,5604,0,0,0,,0,014,W VINEYARD AVE,ELDELWEISS AVE,0.00,,Y,A,-,N,,,,,,,,,,Y,3,0,1,2,A,-,05,21650,,N,A,G,A,A,A,H,C,D,0,,Y,,,Y,,L,04,0,1,0,0,0,0,1,0,0,- ,- ,34.226558685302734,-119.18100738525391,VENTURA,OXNARD,-119.18105316162109,34.226531982421875
9738961,2024,2024-11-13,5604,2024-08-24,2211,5750,,6,5,6,5604,0,0,0,,0,012,VENTURA BL,VINEYARD AV,200.00,S,N,A,-,Y,VEN,7,232,-,-,0.585,I,5,S,N,4,0,1,2,A,-,05,21650,,N,G,G,A,A,H,-,C,D,0,,Y,,,Y,Y,L,04,0,0,1,0,0,0,1,0,0,- ,- ,34.233551025390625,-119.17198181152344,VENTURA,OXNARD,-119.17197418212891,34.23358154296875
9739346,2024,2024-10-01,5608,2024-09-16,959 ,535,,1,5,6,5608,0,0,0,,0,002,TELEGRAPH RD,FASHION PL,0.00,,Y,A,-,N,,,,,,,,,,N,4,0,1,2,A,-,12,21453,A,N,G,B,B,A,H,-,A,A,0,Y,Y,,,Y,,M,91,0,0,1,0,1,0,0,0,0,- ,- ,,,VENTURA,VENTURA,,
9740324,2024,2024-10-11,5608,2024-09-27,1847,446,,5,5,6,5608,0,0,0,,0,003,CROCKER AV,TELEGRAPH RD,115.00,S,N,A,-,N,,,,,,,,,,N,4,0,1,2,D,-,00,,,N,H,G,A,A,H,-,C,D,0,,Y,,,Y,,-,- ,0,0,1,0,0,0,1,0,0,- ,- ,,,VENTURA,VENTURA,-119.19041442871094,34.281276702880859
9744015,2024,2024-10-24,5604,2024-08-02,700 ,5648,,5,5,6,5604,0,0,0,,0,032,OXNARD BL,ASH ST,20.00,W,N,A,-,N,,,,,,,,,,N,4,0,1,2,A,-,11,23331,,N,G,B,D,A,H,-,A,A,0,Y,,,Y,Y,,N,60,0,0,1,0,1,0,0,0,0,- ,- ,34.186321258544922,-119.17343139648438,VENTURA,OXNARD,-119.17343139648438,34.186607360839844
9744063,2024,2024-10-17,5608,2024-10-06,901 ,535,,7,5,6,5608,0,0,0,,0,001,NORTH VENTURA AV,SIMPSON ST,83.00,S,N,E,-,N,,,,,,,,,,N,3,0,1,2,A,-,08,22107,,N,H,G,A,-,H,-,A,D,0,,Y,,,Y,,A,08,0,1,0,0,0,0,1,0,0,- ,- ,,,VENTURA,VENTURA,-119.29872131347656,34.288318634033203
9744582,2024,2024-10-17,5604,2024-09-04,1353,5773,,3,5,6,5604,0,0,0,,0,011,THURGOOD MARSHALL DR,N PATTERSON RD,150.00,W,N,A,-,N,,,,,,,,,,N,3,0,1,2,A,-,11,21954,A,N,A,B,D,A,H,-,A,D,0,Y,,,,Y,,N,60,0,1,0,0,1,0,0,0,0,- ,- ,34.221271514892578,-119.20844268798828,VENTURA,OXNARD,-119.20763397216797,34.222003936767578
9744616,2024,2024-10-23,5604,2024-08-26,2000,5732,,1,5,6,5604,0,0,0,,0,011,RODERICK AV,H ST,0.00,,Y,A,-,N,,,,,,,,,,N,4,0,1,2,D,-,00,,,F,H,G,A,A,C,H,C,D,0,,Y,,,Y,,-,- ,0,0,1,0,0,0,1,0,0,- ,- ,34.210071563720703,-119.18878936767578,VENTURA,OXNARD,-119.18801116943359,34.2098388671875
9744629,2024,2024-10-18,5604,2024-08-22,1905,5532,,4,5,6,5604,0,0,0,,0,012,E GONZALES DR,OUTLET CENTER DR,150.00,E,N,A,-,N,,,,,,,,,,Y,2,0,1,2,A,-,09,21804,A,N,C,G,A,A,H,-,A,A,0,,Y,,,Y,,L,04,1,0,0,0,0,0,1,0,0,- ,- ,34.218818664550781,-119.1492919921875,VENTURA,OXNARD,-119.14879608154297,34.218914031982422
9744636,2024,2024-10-18,5604,2024-08-26,1502,5697,,1,5,6,5604,0,0,0,,0,032,SAN MARINO ST,E IRIS ST,0.00,,Y,A,-,N,,,,,,,,,,N,3,0,1,2,A,-,05,21650,,N,A,G,A,A,H,-,A,D,0,,Y,,,Y,,L,04,0,1,0,0,0,0,1,0,0,- ,- ,,,VENTURA,OXNARD,-119.17629241943359,34.179569244384766
9744645,2024,2024-10-23,5604,2024-08-29,1313,5777,,4,5,6,5604,0,0,0,,0,023,N A ST,4TH ST,0.00,N,N,A,-,N,,,,,,,,,,N,4,0,2,2,A,-,08,22107,,N,B,G,A,A,H,-,A,D,0,,Y,,,Y,,A,08,0,0,2,0,0,0,1,0,0,- ,- ,34.199001312255859,-119.17855834960938,VENTURA,OXNARD,-119.17858123779297,34.199001312255859
9744666,2024,2024-10-23,5604,2024-07-24,1220,5390,,3,5,6,5604,0,0,0,,0,014,W GONZALES RD,LOBELIA DR,1000.00,E,N,A,-,N,,,,,,,,,,N,4,0,1,2,D,-,00,,,N,D,B,C,A,H,-,A,A,0,Y,,,,Y,,-,- ,0,0,1,0,1,0,0,0,0,- ,- ,34.219928741455078,-119.19170379638672,VENTURA,OXNARD,-119.18888854980469,34.2191162109375
9744750,2024,2024-10-21,5604,2024-09-06,809 ,5474,,5,5,6,5604,0,0,0,,0,012,N ROSE AV,AUTO CENTER DR,820.00,S,N,A,-,N,,,,,,,,,,N,3,0,1,2,A,-,08,22107,,N,B,G,A,A,H,-,A,D,0,,Y,,,Y,,D,22,0,1,0,0,0,0,1,0,0,- ,- ,34.225051879882812,-119.15875244140625,VENTURA,OXNARD,-119.15869140625,34.225910186767578
9744760,2024,2024-10-21,5604,2024-08-21,1701,5065,,3,5,6,5604,0,0,0,,0,014,KIAWAH RIVER DR,OWENS RIVER DR,40.00,E,N,A,-,N,,,,,,,,,,N,3,0,1,2,A,-,09,21801,B,N,D,G,A,A,H,-,A,D,0,,Y,,Y,Y,,L,04,0,1,0,0,0,0,1,0,0,- ,- ,34.24993896484375,-119.17698669433594,VENTURA,OXNARD,-119.17689514160156,34.249908447265625
9747147,2024,2024-11-01,5608,2024-10-11,728 ,561,,5,5,6,5608,0,0,0,,0,001,HARBOR BL,HARBOR BL 668,0.00,,N,A,-,N,,,,,,,,,,N,4,0,1,2,A,-,03,22350,,N,D,G,A,A,H,-,A,A,0,,Y,,,Y,,A,07,0,0,1,0,0,0,1,0,0,- ,- ,34.276229858398438,-119.29025268554688,VENTURA,VENTURA,-119.25660705566406,34.238140106201172
9749056,2024,2024-10-24,5604,2024-07-21,437 ,5731,,7,5,6,5604,0,0,0,,0,024,W HEMLOCK ST,S VENTURA RD,0.00,,Y,A,-,N,,,,,,,,,,N,3,0,1,2,A,-,09,21801,A,F,G,G,A,A,H,-,C,A,0,,Y,,,Y,Y,A,01,0,1,0,0,0,0,1,0,0,- ,- ,34.181110382080078,-119.1953125,VENTURA,OXNARD,-119.19532012939453,34.181118011474609
9751341,2024,2025-01-16,5604,2024-05-10,524 ,5609,,5,5,6,5604,0,0,0,,0,032,ROSE AV,OXNARD BL,0.00,,Y,A,-,N,,,,,,,,,,Y,1,1,0,3,D,-,00,,,N,G,B,B,A,H,-,B,A,0,Y,,,,Y,,-,- ,0,0,0,1,0,0,0,0,0,- ,- ,34.175228118896484,-119.15998077392578,VENTURA,OXNARD,-119.16005706787109,34.175331115722656
9751687,2024,2024-11-06,5604,2024-09-24,1712,5527,,2,5,6,5604,0,0,0,,0,024,S C ST,N HILL ST,0.00,,Y,A,-,N,,,,,,,,,,N,4,0,1,2,A,-,08,22107,,N,B,G,A,A,H,-,A,D,0,,Y,,,Y,,A,01,0,0,1,0,0,0,1,0,0,- ,- ,34.186649322509766,-119.18122863769531,VENTURA,OXNARD,-119.18122863769531,34.1866455078125
9751747,2024,2024-11-08,5604,2024-10-11,1043,5773,,5,5,6,5604,0,0,0,,0,023,META ST,6TH ST,100.00,S,N,A,-,N,,,,,,,,,,N,4,0,1,2,B,-,22,,,N,A,B,F,A,H,-,A,D,0,Y,,,,Y,,A,01,0,0,1,0,1,0,0,0,0,- ,- ,34.196060180664062,-119.17517852783203,VENTURA,OXNARD,-119.17597961425781,34.196075439453125
9751835,2024,2024-11-08,5604,2024-10-12,1635,5591,,6,5,6,5604,0,0,0,,0,032,SAN MARINO ST,E CHANNEL ISLANDS BL,0.00,,Y,A,-,N,,,,,,,,,,N,4,0,1,2,A,-,05,21650,,N,B,G,A,A,H,-,A,A,0,,Y,,,Y,,L,04,0,0,1,0,0,0,1,0,0,- ,- ,34.173370361328125,-119.17611694335938,VENTURA,OXNARD,-119.17610931396484,34.173423767089844