CASE_ID,ACCIDENT_YEAR,PROC_DATE,JURIS,COLLISION_DATE,COLLISION_TIME,OFFICER_ID,REPORTING_DISTRICT,DAY_OF_WEEK,CHP_SHIFT,POPULATION,CNTY_CITY_LOC,SPECIAL_COND,BEAT_TYPE,CHP_BEAT_TYPE,CITY_DIVISION_LAPD,CHP_BEAT_CLASS,BEAT_NUMBER,PRIMARY_RD,SECONDARY_RD,DISTANCE,DIRECTION,INTERSECTION,WEATHER_1,WEATHER_2,STATE_HWY_IND,CALTRANS_COUNTY,CALTRANS_DISTRICT,STATE_ROUTE,ROUTE_SUFFIX,POSTMILE_PREFIX,POSTMILE,LOCATION_TYPE,RAMP_INTERSECTION,SIDE_OF_HWY,TOW_AWAY,COLLISION_SEVERITY,NUMBER_KILLED,NUMBER_INJURED,PARTY_COUNT,PRIMARY_COLL_FACTOR,PCF_CODE_OF_VIOL,PCF_VIOL_CATEGORY,PCF_VIOLATION,PCF_VIOL_SUBSECTION,HIT_AND_RUN,TYPE_OF_COLLISION,MVIW,PED_ACTION,ROAD_SURFACE,ROAD_COND_1,ROAD_COND_2,LIGHTING,CONTROL_DEVICE,CHP_ROAD_TYPE,PEDESTRIAN_ACCIDENT,BICYCLE_ACCIDENT,MOTORCYCLE_ACCIDENT,TRUCK_ACCIDENT,NOT_PRIVATE_PROPERTY,ALCOHOL_INVOLVED,STWD_VEHTYPE_AT_FAULT,CHP_VEHTYPE_AT_FAULT,COUNT_SEVERE_INJ,COUNT_VISIBLE_INJ,COUNT_COMPLAINT_PAIN,COUNT_PED_KILLED,COUNT_PED_INJURED,COUNT_BICYCLIST_KILLED,COUNT_BICYCLIST_INJURED,COUNT_MC_KILLED,COUNT_MC_INJURED,PRIMARY_RAMP,SECONDARY_RAMP,LATITUDE,LONGITUDE,COUNTY,CITY,POINT_X,POINT_Y
9751837,2024,2024-11-08,5604,2024-10-12,1758,5181,,6,5,6,5604,0,0,0,,0,012,AUTO CENTER DR,VENTURA BL,0.00,,Y,A,-,N,,,,,,,,,,Y,3,0,1,2,A,-,12,21453,A,N,A,G,A,A,H,-,A,A,0,,Y,,,Y,,L,04,0,1,0,0,0,0,1,0,0,- ,- ,34.228050231933594,-119.15795135498047,VENTURA,OXNARD,-119.15654754638672,34.228115081787109
9752164,2024,2024-11-14,5608,2024-11-01,943 ,523,,5,5,6,5608,0,0,0,,0,004,JOHNSON DR,NORTH BANK DR,500.00,S,N,A,-,N,,,,,,,,,,N,3,0,1,2,A,-,05,21650,,N,A,G,A,A,H,-,A,A,0,,Y,,,Y,,L,04,0,1,0,0,0,0,1,0,0,- ,- ,34.244968414306641,-119.19280242919922,VENTURA,VENTURA,-119.193603515625,34.24609375
9752181,2024,2024-11-14,5608,2024-11-01,1727,566,,5,5,6,5608,0,0,0,,0,002,E MAIN ST,EMMA AV,517.00,W,N,A,-,N,,,,,,,,,,N,4,0,1,1,D,-,00,,,N,H,G,A,A,H,-,A,D,0,,Y,,,Y,Y,-,- ,0,0,1,0,0,0,1,0,0,- ,- ,34.270099639892578,-119.255126953125,VENTURA,VENTURA,-119.25498962402344,34.270133972167969
9753481,2024,2024-12-17,5604,2024-10-31,1857,5630,,4,5,6,5604,0,0,0,,0,042,PLEASANT VALLEY RD,ROSE AV,0.00,,Y,A,-,N,,,,,,,,,,N,4,0,1,2,A,-,09,21453,C,F,G,G,A,A,H,-,C,A,0,,Y,,,Y,,A,01,0,0,1,0,0,0,1,0,0,- ,- ,,,VENTURA,OXNARD,-119.15953063964844,34.157852172851562
9754648,2024,2024-12-04,5604,2024-10-29,1534,5773,,2,5,6,5604,0,0,0,,0,031,N ROSE AV,E GONZALES RD E,0.00,,Y,A,-,N,,,,,,,,,,N,4,0,1,2,A,-,10,21950,A,N,D,B,B,A,H,-,A,A,0,Y,,,,Y,,A,01,0,0,1,0,1,0,0,0,0,- ,- ,34.218898773193359,-119.15827941894531,VENTURA,OXNARD,-119.15843200683594,34.218990325927734
9754652,2024,2024-12-04,5604,2024-10-23,1323,5749,,3,5,6,5604,0,0,0,,0,024,S VENTURA RD,CHANNEL ISLANDS BL,518.00,N,N,A,-,N,,,,,,,,,,N,3,0,1,2,A,-,09,21801,A,N,A,B,F,A,H,-,A,D,0,Y,Y,,,Y,,L,04,0,1,0,0,1,0,0,0,0,- ,- ,34.177101135253906,-119.19471740722656,VENTURA,OXNARD,-119.19498443603516,34.177120208740234
9754701,2024,2024-12-05,5604,2024-10-17,1040,5064,,4,5,6,5604,0,0,0,,0,021,WEST 5TH ST,VENTURA RD,600.00,W,N,B,-,N,,,,,,,,,,N,4,0,1,2,A,-,05,21650,,F,D,G,A,A,H,-,A,D,0,,Y,,,Y,,L,04,0,0,1,0,0,0,1,0,0,- ,- ,34.197940826416016,-119.19661712646484,VENTURA,OXNARD,-119.19683074951172,34.197494506835938
9754713,2024,2024-12-02,5604,2024-10-21,1829,4919,,1,5,6,5604,0,0,0,,0,012,W CHANNEL ISLANDS BL,S C ST,0.00,,Y,A,-,N,,,,,,,,,,N,2,0,1,2,A,-,09,21801,A,N,D,G,A,A,H,-,A,A,0,,Y,,,Y,,A,01,1,0,0,0,0,0,1,0,0,- ,- ,,,VENTURA,OXNARD,-119.18112945556641,34.173702239990234
9754718,2024,2024-12-05,5604,2024-10-28,1021,5354,,1,5,6,5604,0,0,0,,0,022,N A ST,MAGNOLIA AV,0.00,,Y,A,-,N,,,,,,,,,,N,4,0,1,2,A,-,10,21950,A,N,G,B,B,A,H,-,A,D,0,Y,,,,Y,,A,01,0,0,1,0,1,0,0,0,0,- ,- ,,,VENTURA,OXNARD,-119.17852783203125,34.203994750976562
9756322,2024,2024-12-20,5608,2024-11-13,1750,422,VENTU,3,5,6,5608,0,0,0,,0,003,DARLING RD,POINSETTA GARDENS DR,0.00,,Y,A,-,N,,,,,,,,,,N,2,0,1,2,A,-,03,22350,,F,A,B,C,A,H,-,C,A,0,Y,,,,Y,,A,01,1,0,0,0,1,0,0,0,0,- ,- ,,,VENTURA,VENTURA,-119.14879608154297,34.289485931396484
9756420,2024,2024-12-03,5608,2024-11-18,1301,552,,1,5,6,5608,0,0,0,,0,001,ANN ST,SANTA CLARA ST,0.00,,Y,A,-,N,,,,,,,,,,N,4,0,1,2,A,-,10,21950,A,N,A,B,B,-,H,-,A,D,0,Y,,,,Y,,A,01,0,0,1,0,1,0,0,0,0,- ,- ,,,VENTURA,VENTURA,-119.28395843505859,34.279560089111328
9760219,2025,2025-01-29,5608,2025-01-04,1722,506,,6,5,6,5608,0,0,0,,0,004,SOUTH VICTORIA AV,AVOCET DR,0.00,,Y,A,-,N,,,,,,,,,,N,3,0,1,2,A,-,10,21950,A,N,G,B,B,A,H,-,C,A,0,Y,,,,Y,,A,01,0,1,0,0,1,0,0,0,0,- ,- ,,,VENTURA,VENTURA,-119.21108245849609,34.258411407470703
9760220,2025,2025-01-29,5608,2025-01-06,1442,514,,1,5,6,5608,0,0,0,,0,004,TELEPHONE RD,MARKET ST,200.00,N,N,A,-,N,,,,,,,,,,N,4,0,1,2,A,-,10,21950,A,N,G,B,E,A,H,-,A,A,0,Y,,,,Y,,A,01,0,0,1,0,1,0,0,0,0,- ,- ,,,VENTURA,VENTURA,-119.23507690429688,34.257709503173828
9760957,2024,2024-12-23,5608,2024-12-05,1721,397,VENTU,4,5,6,5608,0,0,0,,0,001,MAIN ST,LAUREL AV,0.00,,Y,A,-,N,,,,,,,,,,N,4,0,1,2,A,-,14,21201,D,N,D,G,A,A,H,-,C,D,0,,Y,,,Y,,L,04,0,0,1,0,0,0,1,0,0,- ,- ,,,VENTURA,VENTURA,-119.28547668457031,34.280845642089844
9761632,2024,2024-12-27,5604,2024-07-18,1730,5563,,4,5,6,5604,0,0,0,,0,014,W ESPLANADE DR,OXNARD BL,250.00,W,N,A,-,N,,,,,,,,,,N,4,0,1,2,D,-,00,,,N,G,B,E,A,H,-,A,D,0,Y,,,,Y,,-,- ,0,0,1,0,1,0,0,0,0,- ,- ,34.236660003662109,-119.17854309082031,VENTURA,OXNARD,,
9763223,2024,2025-01-13,5608,2024-12-28,1458,514,,6,5,6,5608,0,0,0,,0,001,SANJON RD,THOMPSON BL,0.00,,Y,B,-,N,,,,,,,,,,N,4,0,1,2,A,-,09,21800,A,N,G,G,A,A,H,-,A,A,0,,Y,,,Y,,D,22,0,0,1,0,0,0,1,0,0,- ,- ,,,VENTURA,VENTURA,-119.28115844726562,34.276508331298828
9763415,2024,2025-01-17,5608,2024-12-28,1248,477,,6,5,6,5608,0,0,0,,0,003,MAIN ST,LEMON GROVE AV,278.00,E,N,A,-,N,,,,,,,,,,N,2,0,1,2,A,-,03,22350,,N,-,G,A,A,H,-,A,A,0,,Y,,,Y,,M,91,1,0,0,0,0,0,1,0,0,- ,- ,,,VENTURA,VENTURA,-119.24831390380859,34.26568603515625
9763420,2024,2025-01-17,5608,2024-12-31,1801,446,,2,5,6,5608,0,0,0,,0,003,THILLE ST,HENDERSON RD,0.00,,Y,A,-,N,,,,,,,,,,N,2,0,1,2,A,-,10,21950,A,N,D,B,B,A,H,-,D,D,0,Y,,,,Y,,A,07,1,0,0,0,1,0,0,0,0,- ,- ,,,VENTURA,VENTURA,-119.18736267089844,34.271278381347656
9763428,2024,2025-01-21,5604,2024-12-21,1022,5806,,6,5,6,5604,0,0,0,,0,022,VENTURA RD,5TH ST,0.00,,Y,B,-,N,,,,,,,,,,N,3,0,1,2,A,-,12,21453,A,N,G,G,A,A,H,-,A,A,0,,Y,,,Y,,L,04,0,1,0,0,0,0,1,0,0,- ,- ,34.197669982910156,-119.19473266601562,VENTURA,OXNARD,-119.19487762451172,34.197578430175781
9763429,2024,2025-01-21,5604,2024-12-19,1543,5669,,4,5,6,5604,0,0,0,,0,041,BARD RD,ANCHORAGE ST,0.00,,N,A,-,N,,,,,,,,,,N,4,0,1,2,A,-,09,21801,A,N,G,B,A,A,H,-,A,D,0,,Y,,,Y,,L,04,0,0,1,0,0,0,1,0,0,- ,- ,34.162250518798828,-119.16288757324219,VENTURA,OXNARD,-119.16289520263672,34.162261962890625
9763472,2024,2025-01-14,5604,2024-12-09,825 ,5787,,1,5,6,5604,0,0,0,,0,022,7TH ST,M ST,210.00,E,N,A,-,N,,,,,,,,,,N,4,0,1,2,B,-,22,,,N,G,B,E,A,H,-,A,A,0,Y,,,,Y,,A,01,0,0,1,0,1,0,0,0,0,- ,- ,34.195919036865234,-119.1923828125,VENTURA,OXNARD,-119.19264984130859,34.195232391357422
9763478,2024,2025-01-15,5604,2024-12-13,1625,5658,,5,5,6,5604,0,0,0,,0,041,YUCCA ST,SAVIERS RD,0.00,,Y,A,-,N,,,,,,,,,,N,4,0,1,2,A,-,10,21950,A,N,A,B,B,A,H,-,A,A,0,Y,,,,Y,,A,01,0,0,1,0,1,0,0,0,0,- ,- ,34.167160034179688,-119.17652130126953,VENTURA,OXNARD,-119.17772674560547,34.165943145751953
9763479,2024,2025-01-14,5604,2024-12-12,1530,5760,,4,5,6,5604,0,0,0,,0,024,COACH C LN,SAVIERS RD,0.00,,Y,A,-,N,,,,,,,,,,N,4,0,1,2,A,-,05,21650,,N,D,G,A,A,H,-,A,A,0,,Y,,,Y,,L,04,0,0,1,0,0,0,1,0,0,- ,- ,34.176769256591797,-119.1793212890625,VENTURA,OXNARD,,
9763625,2024,2025-01-29,5604,2024-11-12,821 ,5563,,2,5,6,5604,0,0,0,,0,011,W GONZALES RD,OXNARD BL,100.00,W,N,A,-,N,,,,,,,,,,N,4,0,1,2,A,-,08,22107,,N,D,G,A,A,H,-,A,D,0,,Y,,,Y,,A,01,0,0,1,0,0,0,1,0,0,- ,- ,34.218769073486328,-119.17745971679688,VENTURA,OXNARD,-119.17758941650391,34.219017028808594
9764545,2025,2025-02-20,5608,2025-01-01,1458,538,,3,5,6,5608,0,0,0,,0,004,TANAGER ST,CROSSBILL ST,0.00,,Y,A,-,N,,,,,,,,,,N,3,0,1,2,A,-,10,21950,A,N,G,B,B,A,H,-,A,D,0,Y,,,,Y,,A,01,0,1,0,0,1,0,0,0,0,- ,- ,34.25933837890625,-119.20713043212891,VENTURA,VENTURA,-119.20705413818359,34.259300231933594
9765164,2025,2025-02-12,5604,2025-01-09,2004,5567,,4,5,6,5604,0,0,0,,0,011,RODERICK AV,C ST,0.00,,Y,A,-,N,,,,,,,,,,N,4,0,1,2,A,-,10,21950,A,N,A,B,E,A,H,-,C,A,0,Y,,,Y,Y,,F,26,0,0,1,0,1,0,0,0,0,- ,- ,34.208999633789062,-119.18090057373047,VENTURA,OXNARD,-119.18096160888672,34.209793090820312
9765373,2025,2025-02-13,5604,2025-01-16,1226,5006,,4,5,6,5604,0,0,0,,0,032,S ROSE AV,W CHANNEL ISLAND BL,0.00,,Y,A,-,N,,,,,,,,,,Y,4,0,1,2,A,-,12,21453,A,F,G,B,B,A,H,-,A,A,0,Y,,,,Y,,-,,0,0,1,0,1,0,0,0,0,- ,- ,34.17327880859375,-119.16002655029297,VENTURA,OXNARD,-119.16017150878906,34.1732177734375
9765582,2025,2025-02-24,5604,2025-02-06,1830,5454,,4,5,6,5604,0,0,0,,0,022,S A ST,W 9TH ST W,0.00,,Y,B,-,N,,,,,,,,,,N,3,0,1,2,A,-,10,21950,A,N,A,B,B,B,H,-,B,D,0,Y,,,,Y,,D,22,0,1,0,0,1,0,0,0,0,- ,- ,34.216350555419922,-119.15589904785156,VENTURA,OXNARD,-119.17864227294922,34.192405700683594
9765694,2025,2025-03-06,5608,2025-02-04,1102,570,,2,5,6,5608,0,0,0,,0,002,SANJON RD,HARBOR BL,180.00,N,N,A,-,N,,,,,,,,,,N,3,0,1,2,A,-,17,22517,,N,H,G,A,A,H,-,A,D,0,,Y,,,Y,,A,01,0,1,0,0,0,0,1,0,0,- ,- ,,,VENTURA,VENTURA,-119.28447723388672,34.273517608642578
9765886,2025,2025-02-27,5608,2025-02-17,1351,514,,1,5,6,5608,0,0,0,,0,004,SOUTH VICTORIA AV,AVOCET DR,50.00,N,N,A,-,N,,,,,,,,,,N,3,0,1,2,A,-,11,21954,A,N,G,B,E,A,H,-,A,A,0,Y,,,,Y,Y,N,60,0,1,0,0,1,0,0,0,0,- ,- ,,,VENTURA,VENTURA,-119.21109771728516,34.258544921875
9765889,2025,2025-02-27,5608,2025-02-16,1243,559,,7,5,6,5608,0,0,0,,0,002,PIERPONT BL,SEAWARD AV,10.00,E,N,A,-,N,,,,,,,,,,N,3,0,1,2,A,-,03,22350,,N,D,G,A,A,H,-,A,A,0,,Y,,,Y,,L,04,0,1,0,0,0,0,1,0,0,- ,- ,34.264091491699219,-119.27187347412109,VENTURA,VENTURA,-119.27204895019531,34.264186859130859
9765979,2025,2025-02-21,5604,2025-02-04,530 ,5637,,2,5,6,5604,0,0,0,,0,024,S C ST,W CAHNNEL ISLANDS BL,0.00,,Y,A,-,N,,,,,,,,,,N,4,0,1,2,A,-,10,21950,A,F,G,B,B,A,H,-,C,A,0,Y,,,,Y,,-,99,0,0,1,0,1,0,0,0,0,- ,- ,34.173679351806641,-119.18110656738281,VENTURA,OXNARD,-119.18112945556641,34.173702239990234
9765985,2025,2025-02-21,5604,2025-02-10,730 ,5512,,1,5,6,5604,0,0,0,,0,042,W PLEASANT VALLEY RD,S J ST,0.00,,Y,A,-,N,,,,,,,,,,N,3,0,1,2,D,-,00,,,N,D,G,A,A,H,-,B,A,0,,Y,,,Y,,-,- ,0,1,0,0,0,0,0,0,0,- ,- ,34.154758453369141,-119.18611145019531,VENTURA,OXNARD,-119.18584442138672,34.15478515625
9766670,2025,2025-04-04,5608,2025-03-17,526 ,559,,1,5,6,5608,0,0,0,,0,003,HENDERSON RD,SATICOY AV,0.00,,N,A,-,N,,,,,,,,,,N,3,0,1,2,A,-,11,21954,A,N,B,B,E,A,H,-,C,A,0,Y,,,,Y,Y,N,60,0,1,0,0,1,0,0,0,0,- ,- ,34.285598754882812,-119.16249084472656,VENTURA,VENTURA,-119.16323852539062,34.285167694091797
9766882,2025,2025-04-03,5608,2025-03-14,1130,537,,5,5,6,5608,0,0,0,,0,001,NORTH VENTURA AV,W PARK ROW AV,154.00,N,N,C,-,N,,,,,,,,,,N,4,0,1,2,A,-,09,21801,A,N,D,G,A,B,H,-,A,D,0,,Y,,,Y,,A,07,0,0,1,0,0,0,1,0,0,- ,- ,,,VENTURA,VENTURA,-119.29972839355469,34.284999847412109
9766883,2025,2025-04-03,5608,2025-03-11,1440,409,,2,5,6,5608,0,0,0,,0,001,RAMONA ST,SHERIDAN WY,244.00,E,N,B,-,N,,,,,,,,,,N,4,0,1,2,A,-,11,21950,B,N,G,B,D,A,H,-,A,A,0,Y,,,,Y,Y,N,60,0,0,1,0,1,0,0,0,0,- ,- ,,,VENTURA,VENTURA,-119.30308532714844,34.290653228759766
9767216,2025,2025-04-15,5605,2025-03-12,2002,236,PATRO,3,5,3,5605,0,0,0,,0,002,VENTURA RD,CHANNEL ISLAND BL,310.00,S,N,B,C,N,,,,,,,,,,N,2,0,1,2,A,-,01,23152,A,N,C,G,A,B,H,-,C,D,0,,Y,,,Y,Y,A,07,1,0,0,0,0,0,1,0,0,- ,- ,34.175350189208984,-119.19480895996094,VENTURA,PORT HUENEME,-119.19509887695312,34.174808502197266
9769327,2025,2025-02-13,5608,2025-01-15,1852,521,,3,5,6,5608,0,0,0,,0,004,JOHNSON DR,BRISTOL RD,0.00,,Y,A,-,N,,,,,,,,,,N,3,0,1,2,A,-,10,21950,A,N,G,B,B,A,H,-,C,A,0,Y,,,,Y,,A,01,0,1,0,0,1,0,0,0,0,- ,- ,34.254520416259766,-119.19744873046875,VENTURA,VENTURA,-119.19760894775391,34.254604339599609
9769335,2025,2025-02-13,5608,2025-01-25,1439,466,,6,5,6,5608,0,0,0,,0,003,DARLING RD,CACHUMA AV,345.00,E,N,A,-,N,,,,,,,,,,Y,3,0,1,3,A,-,01,23153,,N,B,B,E,A,H,-,A,D,0,Y,,,,Y,,A,01,0,1,0,0,1,0,0,0,0,- ,- ,,,VENTURA,VENTURA,-119.16389465332031,34.280464172363281
9770887,2024,2025-01-30,5608,2024-12-19,945 ,526,,4,5,6,5608,0,0,0,,0,001,E SANTA CLARA ST,SOUTH FIR ST,165.00,W,N,A,-,N,,,,,,,,,,N,3,0,1,2,A,-,17,22517,,N,B,G,A,A,H,-,A,D,0,,Y,,,Y,,A,01,0,1,0,0,0,0,1,0,0,- ,- ,,,VENTURA,VENTURA,-119.29057312011719,34.279548645019531
9771785,2024,2025-03-06,5608,2024-12-11,520 ,491,,3,5,6,5608,0,0,0,,0,002,RT 101,MAIN ST,0.00,,Y,A,-,Y,VEN,7,101,-,-,26.677,R,4,N,N,4,0,1,2,A,-,12,21453,A,N,D,G,A,A,H,-,C,A,0,,Y,,,Y,Y,-,,0,0,1,0,0,0,1,0,0,- ,- ,,,VENTURA,VENTURA,-119.24236297607422,34.264705657958984
9771791,2024,2025-01-06,5608,2024-02-06,1004,423,,2,5,6,5608,0,0,0,,0,,FIR ST,SANTA CLARA ST,0.00,,Y,A,-,N,,,,,,,,,,N,3,0,1,2,A,-,12,22450,A,N,D,G,A,A,H,-,A,D,0,,Y,,,Y,,L,04,0,1,0,0,0,0,1,0,0,- ,- ,,,VENTURA,VENTURA,-119.29003143310547,34.279552459716797
9772072,2024,2025-01-16,5604,2024-11-25,543 ,5790,,1,5,6,5604,0,0,0,,0,022,N A ST,PALM ST,0.00,,Y,B,-,N,,,,,,,,,,N,4,0,1,2,A,-,08,22107,,N,G,B,D,A,H,-,C,D,0,Y,,,,Y,,A,01,0,0,1,0,1,0,0,0,0,- ,- ,34.204788208007812,-119.17822265625,VENTURA,OXNARD,-119.17850494384766,34.205039978027344
9774202,2024,2025-01-17,5604,2024-12-25,1531,5760,,3,5,6,5604,0,0,0,,0,041,SAVIERS RD,HUGHES DR,0.00,,Y,A,-,N,,,,,,,,,,N,3,0,1,2,A,-,05,21650,,N,D,G,A,A,H,-,A,A,0,,Y,,,Y,,L,04,0,1,0,0,0,0,1,0,0,- ,- ,34.171119689941406,-119.17707824707031,VENTURA,OXNARD,-119.17768096923828,34.170505523681641
9777721,2025,2025-03-19,5608,2025-02-26,1707,422,VENTU,3,5,6,5608,0,0,0,,0,002,HARBOR BL,SEAWARD AV,500.00,S,N,A,-,N,,,,,,,,,,N,3,0,1,1,A,-,08,22107,,N,H,G,A,A,H,-,A,D,0,,Y,,,Y,,L,04,0,1,0,0,0,0,1,0,0,- ,- ,,,VENTURA,VENTURA,-119.26912689208984,34.263931274414062
9781626,2025,2025-02-14,5604,2025-01-31,1605,5773,,5,5,6,5604,0,0,0,,0,012,LATIGO AV,GRAVES AV,0.00,,Y,A,-,N,,,,,,,,,,N,4,0,2,3,A,-,10,21950,A,N,A,B,B,A,H,-,A,D,0,Y,,,,Y,,A,01,0,0,2,0,2,0,0,0,0,- ,- ,34.210990905761719,-119.14646911621094,VENTURA,OXNARD,-119.14649963378906,34.21099853515625
9781632,2025,2025-02-21,5604,2025-01-05,2337,5748,,7,5,6,5604,0,0,0,,0,023,OXNARD BL,4TH ST,0.00,,Y,A,-,N,,,,,,,,,,N,2,0,4,4,A,-,12,21453,A,N,A,B,F,A,H,-,C,A,0,Y,,,,Y,,A,01,1,1,2,0,3,0,0,0,0,- ,- ,34.198970794677734,-119.17735290527344,VENTURA,OXNARD,-119.17745971679688,34.199001312255859
9781703,2024,2025-02-12,5604,2024-12-02,1924,5643,,1,5,6,5604,0,0,0,,0,024,W GUAVA ST,D ST,5.00,W,N,A,-,N,,,,,,,,,,N,4,0,1,2,A,-,12,22450,A,N,A,G,A,A,H,-,C,A,0,,Y,,,Y,,L,04,0,0,1,0,0,0,1,0,0,- ,- ,34.181930541992188,-119.18276977539062,VENTURA,OXNARD,-119.18282318115234,34.181961059570312
9782428,2024,2025-02-26,5604,2024-12-27,2150,5001,,5,5,6,5604,0,0,0,,0,011,N OXNARD BL,GLENWOOD DR,40.00,N,N,A,-,N,,,,,,,,,,N,3,0,1,2,A,-,03,22350,,N,B,G,A,A,H,-,C,D,0,,Y,,,Y,,-,- ,0,1,0,0,0,0,1,0,0,- ,- ,,,VENTURA,OXNARD,-119.17746734619141,34.214450836181641
9782430,2024,2025-02-27,5604,2024-12-24,2300,5560,,2,5,6,5604,0,0,0,,0,022,AMBROSE AV,ALTUS WY,0.00,,Y,A,-,N,,,,,,,,,,N,3,0,1,2,A,-,21,22106,,N,G,B,E,A,H,-,C,D,0,Y,,,,Y,,A,01,0,1,0,0,1,0,0,0,0,- ,- ,34.184329986572266,-119.20719909667969,VENTURA,OXNARD,-119.20748901367188,34.185367584228516
9784191,2024,2025-02-19,5604,2024-12-13,1650,4577,,5,5,6,5604,0,0,0,,0,012,GONZALES RD,OXFORD DR,268.00,W,N,A,-,N,,,,,,,,,,N,3,0,1,2,A,-,05,21650,,N,B,G,A,A,H,-,A,D,0,,Y,,,Y,,L,04,0,1,0,0,0,0,1,0,0,- ,- ,,,VENTURA,OXNARD,,
9784335,2025,2025-02-21,5604,2025-01-30,2114,5405,,4,5,6,5604,0,0,0,,0,041,W BARD RD,S C ST S,0.00,,Y,A,-,N,,,,,,,,,,N,4,0,1,2,A,-,10,21950,A,F,A,B,B,A,H,-,C,D,0,Y,,,,Y,Y,A,01,0,0,1,0,1,0,0,0,0,- ,- ,34.160499572753906,-119.18179321289062,VENTURA,OXNARD,-119.18052673339844,34.161037445068359
9786001,2024,2025-03-03,5604,2024-05-13,531 ,5501,,1,5,6,5604,0,0,0,,0,031,COOPER RD,GRANT AV,2.00,E,N,B,-,N,,,,,,,,,,N,1,1,0,2,A,-,10,21950,,N,G,B,E,B,H,-,C,D,0,Y,,,,Y,Y,A,01,0,0,0,1,0,0,0,0,0,- ,- ,,,VENTURA,OXNARD,-119.17436218261719,34.204540252685547
9786011,2024,2025-03-03,5604,2024-03-04,1816,5051,3,1,5,6,5604,0,0,0,,0,031,S ROSE AV,EASTMAN AV,195.00,S,N,A,-,N,,,,,,,,,,Y,1,1,0,2,A,-,11,21954,A,N,G,B,D,A,H,-,C,A,0,Y,,,,Y,Y,N,60,0,0,0,1,0,0,0,0,0,- ,- ,,,VENTURA,OXNARD,-119.15988922119141,34.197765350341797
9786031,2023,2025-03-05,5604,2023-11-19,2252,5609,,7,5,6,5604,0,0,0,,0,042,PERKINS RD,HUENEME RD,0.00,,Y,A,-,N,,,,,,,,,,N,1,1,0,2,D,-,00,,,F,G,B,D,A,H,-,D,A,0,Y,,,,Y,Y,-,- ,0,0,0,1,0,0,0,0,0,- ,- ,34.147480010986328,-119.18392944335938,VENTURA,OXNARD,-119.18393707275391,34.147441864013672
9786146,2023,2025-04-23,5606,2023-08-16,1322,1131,5606,3,5,4,5606,0,0,0,,0,001,S STECKEL DR,W HARVARD BLVD,0.00,,Y,A,-,N,,,,,,,,,,Y,1,1,0,2,A,-,10,21950,A,F,G,B,B,A,D,H,A,A,0,Y,,,,Y,Y,D,22,0,0,0,1,0,0,0,0,0,- ,- ,,,VENTURA,SANTA PAULA,-119.07801818847656,34.344440460205078
9786361,2023,2025-06-20,5604,2023-02-14,2141,5609,,2,5,6,5604,0,0,0,,0,022,W FIFTH ST,S G ST,0.00,,Y,B,-,N,,,,,,,,,,Y,1,1,0,2,A,-,10,21950,A,N,G,B,D,A,H,-,C,D,0,Y,,,,Y,,N,60,0,0,0,1,0,0,0,0,0,- ,- ,34.197731018066406,-119.18666076660156,VENTURA,OXNARD,-119.1866455078125,34.197750091552734
9787459,2025,2025-05-28,5608,2025-04-01,1650,472,,2,5,6,5608,0,0,0,,0,002,PORTER LN,EVA ST,0.00,,N,B,-,N,,,,,,,,,,N,3,0,1,2,A,-,03,22350,,N,C,G,A,A,H,-,A,D,0,,Y,,,Y,,M,91,0,1,0,0,0,0,1,0,0,- ,- ,34.270980834960938,-119.25718688964844,VENTURA,VENTURA,-119.25746917724609,34.271110534667969
9790804,2024,2025-04-17,5606,2024-08-29,1420,1182,5606,4,5,4,5606,0,0,0,,0,002,PAULA ST,10TH ST,15.00,E,N,A,-,Y,VEN,7,150,-,-,33.851,I,6,E,N,3,0,1,2,A,-,08,22107,,N,B,G,A,A,H,-,A,A,0,,Y,,,Y,,A,01,0,1,0,0,0,0,1,0,0,- ,- ,,,VENTURA,SANTA PAULA,-119.06156921386719,34.357376098632812
9792672,2025,2025-04-03,5608,2025-03-04,309 ,530,,2,5,6,5608,0,0,0,,0,003,TELEPHONE RD,KIMBALL RD,250.00,E,N,A,-,N,,,,,,,,,,N,2,0,1,1,D,-,00,,,N,H,G,A,A,H,-,C,D,0,,Y,,,Y,,-,- ,1,0,0,0,0,0,1,0,0,- ,- ,37.268909454345703,-119.18740081787109,VENTURA,VENTURA,-119.18784332275391,34.26898193359375
9792704,2025,2025-03-17,5608,2025-02-28,1444,472,,5,5,6,5608,0,0,0,,0,003,SOUTH VICTORIA AV,THILLE ST,0.00,,Y,B,-,N,,,,,,,,,,N,3,0,1,2,A,-,06,21755,A,N,D,G,A,A,H,-,A,A,0,,Y,,,Y,,L,04,0,1,0,0,0,0,1,0,0,- ,- ,34.268119812011719,-119.21305847167969,VENTURA,VENTURA,-119.21304321289062,34.268104553222656
9797484,2023,2025-04-22,5606,2023-12-15,1750,1154,5606,5,5,4,5606,0,0,0,,0,002,10TH ST,SANTA BARBARA ST,38.00,W,N,A,-,N,,,,,,,,,,N,4,0,1,2,A,-,10,21950,A,N,G,B,B,A,H,-,C,A,0,Y,,,,Y,,A,01,0,0,1,0,1,0,0,0,0,- ,- ,,,VENTURA,SANTA PAULA,-119.060791015625,34.355735778808594