CASE_ID,ACCIDENT_YEAR,PROC_DATE,JURIS,COLLISION_DATE,COLLISION_TIME,OFFICER_ID,REPORTING_DISTRICT,DAY_OF_WEEK,CHP_SHIFT,POPULATION,CNTY_CITY_LOC,SPECIAL_COND,BEAT_TYPE,CHP_BEAT_TYPE,CITY_DIVISION_LAPD,CHP_BEAT_CLASS,BEAT_NUMBER,PRIMARY_RD,SECONDARY_RD,DISTANCE,DIRECTION,INTERSECTION,WEATHER_1,WEATHER_2,STATE_HWY_IND,CALTRANS_COUNTY,CALTRANS_DISTRICT,STATE_ROUTE,ROUTE_SUFFIX,POSTMILE_PREFIX,POSTMILE,LOCATION_TYPE,RAMP_INTERSECTION,SIDE_OF_HWY,TOW_AWAY,COLLISION_SEVERITY,NUMBER_KILLED,NUMBER_INJURED,PARTY_COUNT,PRIMARY_COLL_FACTOR,PCF_CODE_OF_VIOL,PCF_VIOL_CATEGORY,PCF_VIOLATION,PCF_VIOL_SUBSECTION,HIT_AND_RUN,TYPE_OF_COLLISION,MVIW,PED_ACTION,ROAD_SURFACE,ROAD_COND_1,ROAD_COND_2,LIGHTING,CONTROL_DEVICE,CHP_ROAD_TYPE,PEDESTRIAN_ACCIDENT,BICYCLE_ACCIDENT,MOTORCYCLE_ACCIDENT,TRUCK_ACCIDENT,NOT_PRIVATE_PROPERTY,ALCOHOL_INVOLVED,STWD_VEHTYPE_AT_FAULT,CHP_VEHTYPE_AT_FAULT,COUNT_SEVERE_INJ,COUNT_VISIBLE_INJ,COUNT_COMPLAINT_PAIN,COUNT_PED_KILLED,COUNT_PED_INJURED,COUNT_BICYCLIST_KILLED,COUNT_BICYCLIST_INJURED,COUNT_MC_KILLED,COUNT_MC_INJURED,PRIMARY_RAMP,SECONDARY_RAMP,LATITUDE,LONGITUDE,COUNTY,CITY,POINT_X,POINT_Y
9797496,2023,2025-04-22,5606,2023-12-24,1734,1154,5606,7,5,4,5606,0,0,0,,0,002,SANTA PAULA ST,10TH ST,13.00,E,N,A,-,N,,,,,,,,,,N,3,0,1,2,A,-,11,21456,B,N,G,B,B,A,H,-,C,A,0,Y,,,,Y,,N,60,0,1,0,0,1,0,0,0,0,- ,- ,,,VENTURA,SANTA PAULA,-119.06147003173828,34.357353210449219
9797636,2025,2025-05-15,5608,2025-04-26,707 ,574,,6,5,6,5608,0,0,0,,0,004,NIELSEN ST,DONIZETTI AV,250.00,W,N,B,C,N,,,,,,,,,,N,4,0,1,2,A,-,08,22107,,N,D,G,A,B,H,-,A,D,0,,Y,,,Y,,J,48,0,0,1,0,0,0,1,0,0,- ,- ,34.268119812011719,-119.22870635986328,VENTURA,VENTURA,-119.22869873046875,34.268173217773438
9800278,2024,2025-04-23,5606,2024-01-13,1211,1163,5606,6,5,4,5606,0,0,0,,0,002,RT 150,SANTA PAULA ST,0.00,,Y,A,-,Y,VEN,7,150,-,-,33.851,I,5,E,N,4,0,1,2,A,-,09,21801,A,N,G,G,A,A,H,-,A,A,0,,Y,,,Y,,D,22,0,0,1,0,0,0,1,0,0,- ,- ,,,VENTURA,SANTA PAULA,-119.06156921386719,34.357376098632812
9800282,2024,2025-04-23,5606,2024-11-05,1721,1183,5606,2,5,4,5606,0,0,0,,0,001,MAIN W ST,STECKEL S DR,10.00,E,N,A,-,N,,,,,,,,,,N,4,0,1,2,A,-,10,21950,A,N,G,B,B,A,H,-,C,A,0,Y,,,,Y,,I,11,0,0,1,0,1,0,0,0,0,- ,- ,,,VENTURA,SANTA PAULA,-119.08058929443359,34.347400665283203
9802382,2024,2025-04-17,5606,2024-10-10,1806,1177,5606,4,5,4,5606,0,0,0,,0,002,10TH S ST,SANTA MARIA E ST,42.00,N,N,A,-,N,,,,,,,,,,N,3,0,1,2,A,-,05,21650,,N,D,G,A,A,H,-,A,D,0,,Y,,,Y,,L,04,0,1,0,0,0,0,1,0,0,- ,- ,,,VENTURA,SANTA PAULA,,
9802501,2024,2025-04-24,5606,2024-06-13,1836,1154,35606,4,5,4,5606,0,0,0,,0,003,PAULA CIR,14TH ST,20.00,W,N,A,-,N,,,,,,,,,,N,2,0,1,2,A,-,12,22450,A,N,D,G,A,A,H,-,A,A,0,,Y,,,Y,,L,04,1,0,0,0,0,0,1,0,0,- ,- ,,,VENTURA,SANTA PAULA,,
9802561,2024,2025-04-18,5606,2024-02-05,1750,1169,5606,1,5,4,5606,0,0,0,,0,001,EAST MAIN ST,S 4TH ST,6.00,E,N,C,-,N,,,,,,,,,,N,3,0,1,2,A,-,08,22107,,N,G,B,B,B,H,-,C,D,0,Y,,,,Y,,A,01,0,1,0,0,1,0,0,0,0,- ,- ,,,VENTURA,SANTA PAULA,-119.0689697265625,34.351127624511719
9802569,2024,2025-04-18,5606,2024-03-28,1207,1168,5606,4,5,4,5606,0,0,0,,0,002,N 7TH ST,N 7TH ST 227,0.00,,N,A,-,N,,,,,,,,,,N,3,0,1,2,A,-,09,21804,B,N,D,B,F,A,H,-,A,D,0,Y,,,,Y,,N,60,0,1,0,0,1,0,0,0,0,- ,- ,,,VENTURA,SANTA PAULA,-119.06599426269531,34.352043151855469
9804788,2025,2025-04-25,5608,2025-04-09,1837,469,,3,5,6,5608,0,0,0,,0,,MAIN ST,LAUREL ST,4.00,E,N,A,F,N,,,,,,,,,,Y,3,0,1,2,A,-,10,21950,A,N,G,B,B,A,H,-,B,A,0,Y,,,,Y,,A,01,0,1,0,0,1,0,0,0,0,- ,- ,,,VENTURA,VENTURA,-119.28546905517578,34.280849456787109
9804791,2025,2025-05-06,5608,2025-04-11,820 ,477,,5,5,6,5608,0,0,0,,0,003,TELEGRAPH RD,VENTURA TOWNHOUSE ACCESS RD,0.00,,Y,A,-,N,,,,,,,,,,N,4,0,1,2,A,-,03,22350,,N,D,G,A,A,H,-,A,D,0,,Y,,,Y,,A,07,0,0,1,0,0,0,1,0,0,- ,- ,34.275791168212891,-119.22879028320312,VENTURA,VENTURA,-118.95525360107422,34.392662048339844
9805760,2025,2025-05-22,5604,2025-04-23,1345,5715,,3,5,6,5604,0,0,0,,0,014,IRONBARK DR,INDIGO PL,0.00,,Y,B,-,N,,,,,,,,,,N,4,0,1,2,A,-,10,21950,A,N,G,B,B,A,H,-,A,D,0,Y,,,,Y,,D,22,0,0,1,0,1,0,0,0,0,- ,- ,,,VENTURA,OXNARD,-119.18709564208984,34.227352142333984
9806384,2025,2025-05-01,5604,2025-02-27,1630,5285,,4,5,6,5604,0,0,0,,0,042,COURTLAND ST,HUENEME RD,10.00,N,N,A,-,N,,,,,,,,,,N,3,0,1,2,A,-,00,21760,C,N,B,G,A,A,H,-,A,A,0,,Y,,,Y,,A,01,0,1,0,0,0,0,1,0,0,- ,- ,34.147449493408203,-119.17948150634766,VENTURA,OXNARD,-119.17948150634766,34.147438049316406
9807081,2025,2025-06-19,5608,2025-04-29,1852,530,,2,5,6,5608,0,0,0,,0,004,VENTURA AV,SEAHAWK ST,99.00,E,N,A,-,N,,,,,,,,,,N,3,0,1,2,A,-,09,21804,A,N,D,G,A,A,H,-,A,D,0,,Y,,,Y,,L,04,0,1,0,0,0,0,1,0,0,- ,- ,34.251708984375,-119.20876312255859,VENTURA,VENTURA,-119.20894622802734,34.251781463623047
9807238,2025,2025-05-20,5604,2025-03-24,911 ,5802,,1,5,6,5604,0,0,0,,0,042,S COURTLAND ST,W HUENEME RD,0.00,,Y,A,-,N,,,,,,,,,,N,4,0,1,2,A,-,05,21650,1,N,D,G,A,A,H,-,A,A,0,,Y,,,Y,,L,04,0,0,1,0,0,0,1,0,0,- ,- ,,,VENTURA,OXNARD,-119.17948150634766,34.147411346435547
9807243,2025,2025-05-20,5604,2025-03-30,2318,5502,,7,5,6,5604,0,0,0,,0,041,FONTANA DR,RAINBOW DR,200.00,S,N,-,-,N,,,,,,,,,,N,3,0,1,2,B,-,22,,,N,A,B,E,A,H,-,C,D,0,Y,,,,Y,,A,01,0,1,0,0,1,0,0,0,0,- ,- ,34.164039611816406,-119.13799285888672,VENTURA,OXNARD,-119.13772583007812,34.163745880126953
9809910,2025,2025-05-27,5604,2025-04-30,1623,5715,,3,5,6,5604,0,0,0,,0,022,5TH ST,H ST,170.00,E,N,B,-,N,,,,,,,,,,N,4,0,1,2,D,-,00,,,N,D,G,A,A,H,-,A,D,0,,Y,,,Y,,-,- ,0,0,1,0,0,0,1,0,0,- ,- ,,,VENTURA,OXNARD,-119.18735504150391,34.197750091552734
9810131,2025,2025-09-15,5604,2025-05-02,1415,5824,,5,5,6,5604,0,0,0,,0,012,E GONZALES RD,WILLIAMS DR,170.00,W,N,A,B,N,,,,,,,,,,N,3,0,1,2,A,-,08,22107,,N,G,B,A,A,H,-,A,D,0,,Y,,,Y,,L,04,0,1,0,0,0,0,1,0,0,- ,- ,,,VENTURA,OXNARD,-119.15447998046875,34.218944549560547
9810147,2025,2025-06-05,5604,2025-04-25,1918,5789,,5,5,6,5604,0,0,0,,0,032,S OXNARD BL,E WOOLEY RD,0.00,,Y,A,-,N,,,,,,,,,,N,4,0,1,2,D,-,00,,,N,G,B,B,-,H,-,A,A,0,Y,,,,Y,,-,- ,0,0,1,0,1,0,0,0,0,- ,- ,34.189781188964844,-119.17662048339844,VENTURA,OXNARD,-119.17742919921875,34.190010070800781
9810251,2025,2025-06-16,5608,2025-05-12,1954,574,,1,5,6,5608,0,0,0,,0,002,EUGENIA DR,LOMA VISTA RD,114.00,N,N,B,-,N,,,,,,,,,,N,3,0,2,2,A,-,12,22450,A,N,D,G,A,A,H,-,B,A,0,,Y,,,Y,,M,91,0,2,0,0,0,0,1,0,0,- ,- ,,,VENTURA,VENTURA,-119.26058197021484,34.275245666503906
9812699,2025,2025-11-14,5604,2025-09-21,1113,5808,,7,5,6,5604,0,0,0,,0,012,RT 232,OLIVE ST,0.00,,Y,A,-,Y,VEN,7,232,-,-,0.690,H,-,N,N,4,0,1,2,A,-,10,21950,,N,G,G,A,A,-,-,A,D,0,,Y,,,Y,,A,01,0,0,1,0,0,0,1,0,0,- ,- ,34.234321594238281,-119.17089080810547,VENTURA,OXNARD,-119.17102813720703,34.23492431640625
9813429,2025,2025-05-23,5604,2025-04-20,2039,5459,,7,5,6,5604,0,0,0,,0,024,S J ST,HILL ST,0.00,,Y,A,-,N,,,,,,,,,,N,4,0,1,2,A,-,12,22450,A,F,D,G,A,A,H,-,C,D,0,,Y,,,Y,,-,99,0,0,1,0,0,0,1,0,0,- ,- ,34.186389923095703,-119.18950653076172,VENTURA,OXNARD,-119.18949890136719,34.186355590820312
9814246,2025,2025-06-25,5608,2025-05-23,1420,539,,5,5,6,5608,0,0,0,,0,001,NORTH VENTURA AV,PLEASANT PL,33.00,S,N,A,-,N,,,,,,,,,,N,2,0,2,3,A,-,03,22350,,F,G,B,F,A,H,-,A,D,0,Y,Y,,,Y,Y,L,04,1,1,0,0,2,0,0,0,0,- ,- ,,,VENTURA,VENTURA,-119.29622650146484,34.296562194824219
9814254,2025,2025-06-26,5608,2025-06-11,1623,518,,3,5,6,5608,0,0,0,,0,004,TELEPHONE RD,JOHNSON DR,0.00,,Y,A,-,N,,,,,,,,,,N,3,0,1,2,A,-,09,21800,A,N,D,G,A,A,H,-,A,A,0,,Y,,,Y,,A,01,0,1,0,0,0,0,1,0,0,- ,- ,34.266979217529297,-118.20070648193359,VENTURA,VENTURA,-119.20079040527344,34.267131805419922
9814259,2025,2025-06-26,5608,2025-06-08,2051,579,,7,5,6,5608,0,0,0,,0,001,N VENTURA AVE,MISSION AV,0.00,,Y,A,-,N,,,,,,,,,,N,4,0,1,2,A,-,10,21950,A,N,D,G,A,A,H,-,C,D,0,,Y,,,Y,,A,01,0,0,1,0,0,0,1,0,0,- ,- ,34.285301208496094,-119.29959869384766,VENTURA,VENTURA,-119.29962158203125,34.285346984863281
9815149,2025,2025-06-03,5604,2025-02-11,808 ,5678,,2,5,6,5604,0,0,0,,0,024,COACH C LN,SAVIERS RD,150.00,W,N,A,-,N,,,,,,,,,,N,4,0,1,2,A,-,05,21650,1,N,D,G,A,A,H,-,A,D,0,,Y,,,Y,,L,04,0,0,1,0,0,0,1,0,0,- ,- ,34.176769256591797,-119.1793212890625,VENTURA,OXNARD,,
9815155,2025,2025-06-03,5604,2025-02-05,1314,5779,,3,5,6,5604,0,0,0,,0,022,WEST 5TH ST,HOBSON WY,0.00,,Y,B,-,N,,,,,,,,,,N,4,0,1,2,A,-,05,21650,1,N,G,G,A,B,H,-,A,A,0,,Y,,,Y,,L,04,0,0,1,0,0,0,1,0,0,- ,- ,,,VENTURA,OXNARD,-119.18791961669922,34.197750091552734
9815274,2025,2025-06-11,5604,2025-05-07,553 ,5797,3,3,5,6,5604,0,0,0,,0,031,COOPER RD,N BONITA AV N,0.00,,Y,A,-,N,,,,,,,,,,N,3,0,1,2,A,-,12,22450,A,N,D,G,A,A,H,-,A,A,0,,Y,,,Y,,-,- ,0,1,0,0,0,0,1,0,0,- ,- ,34.204498291015625,-119.17062377929688,VENTURA,OXNARD,-119.170654296875,34.204509735107422
9816958,2025,2025-06-10,5604,2025-03-18,742 ,5773,,2,5,6,5604,0,0,0,,0,041,W BARD RD,S C ST S,0.00,,Y,A,-,N,,,,,,,,,,N,4,0,1,3,A,-,10,21950,A,N,G,B,B,A,H,-,A,D,0,Y,,,,Y,,A,01,0,0,1,0,1,0,0,0,0,- ,- ,34.161018371582031,-119.18051147460938,VENTURA,OXNARD,-119.18052673339844,34.161037445068359
9816995,2024,2025-06-11,5604,2024-11-23,2002,5683,,6,5,6,5604,0,0,0,,0,022,9TH ST,S OXNARD BLVD S,0.00,,Y,C,-,N,,,,,,,,,,N,3,0,1,2,A,-,03,22350,,F,A,B,D,B,H,-,C,A,0,Y,,,,Y,,A,01,0,1,0,0,1,0,0,0,0,- ,- ,34.192329406738281,-119.17742919921875,VENTURA,OXNARD,-119.17751312255859,34.192367553710938
9817994,2025,2025-06-19,5604,2025-05-27,651 ,5812,,2,5,6,5604,0,0,0,,0,014,WILLIAMS DR,E GONZALES RD E,0.00,,Y,A,-,N,,,,,,,,,,N,4,0,1,2,A,-,05,21650,,N,G,G,A,A,H,-,A,A,0,,Y,,,Y,,L,04,0,0,1,0,0,0,1,0,0,- ,- ,34.218860626220703,-119.1539306640625,VENTURA,OXNARD,-119.15392303466797,34.218936920166016
9817995,2025,2025-06-19,5604,2025-05-28,920 ,5823,,3,5,6,5604,0,0,0,,0,014,W ESPLANADE DR,OXNARD BL,0.00,,Y,B,-,N,,,,,,,,,,Y,3,0,2,2,A,-,12,21453,A,N,G,B,F,A,H,-,A,A,0,Y,,,,Y,,A,01,0,1,1,0,1,0,0,0,0,- ,- ,34.234729766845703,-119.17989349365234,VENTURA,OXNARD,-119.18045806884766,34.236858367919922
9817997,2025,2025-06-19,5604,2025-05-31,2030,5814,,6,5,6,5604,0,0,0,,0,022,S E ST,W 7TH ST,0.00,,Y,A,-,N,,,,,,,,,,N,4,0,1,2,A,-,12,22450,,F,D,B,B,A,H,-,C,A,0,Y,,,,Y,,A,01,0,0,1,0,1,0,0,0,0,- ,- ,34.193260192871094,-119.18225860595703,VENTURA,OXNARD,-119.18363952636719,34.195102691650391
9818215,2025,2025-08-28,5608,2025-07-10,2112,536,,4,5,6,5608,0,0,0,,0,901,NORTH VENTURA AV,W PROSPECT ST,0.00,,Y,A,-,N,,,,,,,,,,N,3,0,1,2,A,-,05,21650,1,N,D,G,A,A,H,-,C,D,0,,Y,,,Y,,L,04,0,1,0,0,0,0,1,0,0,- ,- ,34.286991119384766,-119.29921722412109,VENTURA,VENTURA,-119.29912567138672,34.287002563476562
9819188,2025,2025-08-22,5608,2025-07-14,1000,545,,1,5,6,5608,0,0,0,,0,005,TELEPHONE RD,COSMOS AV,0.00,,Y,A,-,N,,,,,,,,,,N,3,0,1,2,D,-,00,,,F,D,G,A,A,H,-,A,D,0,,Y,,,Y,,-,- ,0,1,0,0,0,0,1,0,0,- ,- ,,,VENTURA,VENTURA,-119.15431976318359,34.281810760498047
9820228,2025,2025-10-01,5608,2025-08-18,2500,540,,1,5,6,5608,0,0,0,,0,001,THOMPSON BLVD,CALIFORNIA ST,0.00,,Y,F,-,N,,,,,,,,,,N,3,0,1,2,D,-,00,,,F,D,B,B,A,H,-,B,A,0,Y,,,,Y,,-,- ,0,1,0,0,1,0,0,0,0,- ,- ,34.278171539306641,-119.29316711425781,VENTURA,VENTURA,-119.29306030273438,34.278247833251953
9820802,2025,2025-08-13,5608,2025-07-10,738 ,574,,4,5,6,5608,0,0,0,,0,003,HARTE AV,LARKIN ST,0.00,,Y,A,-,N,,,,,,,,,,N,4,0,1,2,A,-,12,22450,A,N,D,G,A,A,H,-,A,D,0,,Y,,,Y,,M,91,0,0,1,0,0,0,1,0,0,- ,- ,34.274051666259766,-119.2188720703125,VENTURA,VENTURA,-119.21890258789062,34.274078369140625
9820812,2025,2025-10-01,5608,2025-07-08,1122,521,,2,5,6,5608,0,0,0,,0,004,TELEPHONE RD,KIMBALL RD,0.00,,Y,A,-,N,,,,,,,,,,Y,3,0,1,2,A,-,08,22107,,F,D,G,A,A,H,-,A,A,0,,Y,,,Y,,D,22,0,1,0,0,0,0,1,0,0,- ,- ,34.26885986328125,-119.18876647949219,VENTURA,VENTURA,-119.18865966796875,34.268867492675781
9824215,2025,2025-10-09,5608,2025-09-06,1840,573,,6,5,6,5608,0,0,0,,0,001,THOMPSON BL,ASH ST,5.00,E,N,A,-,N,,,,,,,,,,N,3,0,1,2,A,-,10,21950,A,N,G,B,B,A,H,-,B,A,0,Y,,,,Y,,A,07,0,1,0,0,1,0,0,0,0,- ,- ,,,VENTURA,VENTURA,-119.28847503662109,34.278278350830078
9825463,2025,2025-09-04,5608,2025-08-13,1513,518,,3,5,6,5608,0,0,0,,0,002,THOMPSON BL,SANTA CRUZ ST,0.00,,Y,A,-,N,,,,,,,,,,N,3,0,1,2,A,-,09,21802,A,N,A,G,A,A,H,-,A,D,0,,Y,,,Y,,A,01,0,1,0,0,0,0,1,0,0,- ,- ,,,VENTURA,VENTURA,-119.27218627929688,34.274726867675781
9828930,2025,2025-06-16,5604,2025-05-29,1720,5790,,4,5,6,5604,0,0,0,,0,011,RODERICK AV,H ST,0.00,,Y,A,-,N,,,,,,,,,,N,3,0,1,2,A,-,- ,,,N,D,B,D,A,H,-,A,D,0,Y,,,,Y,,A,01,0,1,0,0,1,0,0,0,0,- ,- ,34.208999633789062,-119.18800354003906,VENTURA,OXNARD,-119.18801116943359,34.2098388671875
9829674,2025,2025-07-09,5605,2025-06-02,1253,230,PATRO,1,5,3,5605,0,0,0,,0,002,VENTURA RD,PEARSON RD,0.00,,Y,A,-,N,,,,,,,,,,N,3,0,1,2,A,-,05,21650,1,N,H,G,A,A,H,-,A,A,0,,Y,,,Y,,L,04,0,1,0,0,0,0,1,0,0,- ,- ,34.165390014648438,-119.19502258300781,VENTURA,PORT HUENEME,-119.1951904296875,34.165683746337891
9830037,2025,2025-07-10,5605,2025-05-09,1812,244,PATRO,5,5,3,5605,0,0,0,,0,003,CHANNEL ISLANDS BL,VICTORIA AV,1100.00,E,N,A,-,N,,,,,,,,,,,4,0,1,2,A,-,09,21802,A,N,H,G,A,A,H,-,A,D,0,,Y,,,Y,,A,01,0,0,1,0,0,0,1,0,0,- ,- ,34.176071166992188,-119.22116851806641,VENTURA,PORT HUENEME,-119.21794128417969,34.176059722900391
9832816,2025,2025-07-24,5604,2025-06-26,1904,5715,,4,5,6,5604,0,0,0,,0,042,SAVIERS RD,W DOLLIE ST,0.00,,Y,A,-,N,,,,,,,,,,N,3,0,1,2,A,-,09,21802,A,N,D,G,A,A,H,-,B,A,0,,,Y,,Y,,O,05,0,1,0,0,0,0,0,0,0,- ,- ,,,VENTURA,OXNARD,-119.17781829833984,34.1573486328125
9832841,2025,2025-08-21,5608,2025-07-02,1600,560,,3,5,6,5608,0,0,0,,0,004,SOUTH VICTORIA AV,AVOCET DR,0.00,,Y,A,-,N,,,,,,,,,,N,3,0,1,2,A,-,03,22350,,N,A,B,B,A,H,-,A,A,0,Y,,,,Y,,A,07,0,1,0,0,1,0,0,0,0,- ,- ,34.153091430664062,-119.12400817871094,VENTURA,VENTURA,-119.21108245849609,34.258411407470703
9832872,2025,2025-07-23,5604,2025-06-14,1705,5799,,6,5,6,5604,0,0,0,,0,031,ANITA AV,COOPER RD,0.00,,Y,A,-,N,,,,,,,,,,N,3,0,1,2,A,-,05,21651,B,N,D,G,A,A,H,-,A,A,0,,Y,,,Y,,L,04,0,1,0,0,0,0,1,0,0,- ,- ,34.204490661621094,-119.16957092285156,VENTURA,OXNARD,-119.16960144042969,34.204498291015625
9833408,2025,2025-07-21,5604,2025-06-01,2031,5777,,7,5,6,5604,0,0,0,,0,022,WEST 5TH ST,S VENTURA RD S,0.00,,Y,A,-,N,,,,,,,,,,N,3,0,2,3,A,-,03,22350,,F,G,B,B,A,H,-,C,A,0,Y,,,,Y,Y,A,01,0,1,1,0,2,0,0,0,0,- ,- ,34.197669982910156,-119.19473266601562,VENTURA,OXNARD,-119.19487762451172,34.197578430175781
9833409,2025,2025-07-29,5604,2025-05-25,2145,5778,,7,5,6,5604,0,0,0,,0,032,E WOOLEY RD,S ROSE AVE,0.00,,Y,A,-,N,,,,,,,,,,N,4,0,1,2,A,-,09,21800,B,F,D,G,A,A,H,-,C,A,0,,Y,,,Y,,A,01,0,0,1,0,0,0,1,0,0,- ,- ,34.189838409423828,-119.15985870361328,VENTURA,OXNARD,-119.15996551513672,34.189849853515625
9868439,2025,2025-08-20,5608,2025-07-30,1239,519,,3,5,6,5608,0,0,0,,0,004,AUTO CENTER DR,PERKIN AV,0.00,,N,A,-,N,,,,,,,,,,N,3,0,1,2,A,-,08,22107,,N,D,G,A,A,H,-,A,D,0,,Y,,,Y,,A,07,0,1,0,0,0,0,1,0,0,- ,- ,34.245750427246094,-119.19989013671875,VENTURA,VENTURA,-119.19992828369141,34.245864868164062
9871558,2025,2025-08-15,5604,2025-07-11,2047,5760,,5,5,6,5604,0,0,0,,0,011,E GONZALES RD,N OXNARD BL N,0.00,,Y,E,-,N,,,,,,,,,,N,3,0,1,2,A,-,10,21950,A,F,G,B,B,A,H,-,C,A,0,Y,,,,Y,,A,01,0,1,0,0,1,0,0,0,0,- ,- ,34.219058990478516,-119.17717742919922,VENTURA,OXNARD,-119.17702484130859,34.218997955322266
9871568,2025,2025-08-18,5604,2025-07-20,920 ,5790,,7,5,6,5604,0,0,0,,0,032,SAVIERS RD,CHANNEL ISLANDS BL,0.00,,Y,A,-,N,,,,,,,,,,N,3,0,1,2,A,-,05,21650,1,F,D,G,A,A,H,-,A,A,0,,Y,,,Y,,L,04,0,1,0,0,0,0,1,0,0,- ,- ,34.173999786376953,-119.17600250244141,VENTURA,OXNARD,-119.17765808105469,34.173442840576172
9871582,2025,2025-08-20,5608,2025-07-17,1926,451,,4,5,6,5608,0,0,0,,0,002,MAIN ST,SANTA CRUZ ST,100.00,E,N,A,-,N,,,,,,,,,,N,3,0,1,2,A,-,17,22517,,N,B,G,A,A,H,-,A,D,0,,Y,,,Y,,A,01,0,1,0,0,0,0,1,0,0,- ,- ,,,VENTURA,VENTURA,-119.27086639404297,34.278190612792969
9871612,2025,2025-08-20,5608,2025-07-23,1657,519,,3,5,6,5608,0,0,0,,0,004,TELEPHONE RD,CACHUMA AV,0.00,,Y,A,-,N,,,,,,,,,,N,3,0,1,2,A,-,08,22107,,N,B,G,A,A,H,-,A,D,0,,Y,,,Y,,L,04,0,1,0,0,0,0,1,0,0,- ,- ,34.276538848876953,-119.16309356689453,VENTURA,VENTURA,-119.16242218017578,34.277103424072266
9871624,2025,2025-08-21,5608,2025-07-24,1107,539,,4,5,6,5608,0,0,0,,0,001,VENTURA AV,SANTA CLARA ST,33.00,N,N,A,-,N,,,,,,,,,,N,4,0,1,2,A,-,08,22107,,N,B,G,A,A,H,-,A,A,0,,Y,,,Y,,L,04,0,0,1,0,0,0,1,0,0,- ,- ,,,VENTURA,VENTURA,-119.30077362060547,34.279609680175781
9873044,2025,2025-09-03,5605,2025-07-12,1015,246,PATRO,6,5,3,5605,0,0,0,,0,003,SURFSIDE DR,BEACH HAVEN WY,160.00,N,N,B,-,N,,,,,,,,,,N,3,0,1,2,A,-,11,21966,,N,G,B,E,A,H,-,A,D,0,Y,,,,Y,,N,60,0,1,0,0,1,0,0,0,0,- ,- ,34.140140533447266,-119.19538879394531,VENTURA,PORT HUENEME,-119.19026184082031,34.144599914550781
9873859,2025,2025-10-16,5608,2025-08-25,824 ,499,,1,5,6,5608,0,0,0,,0,003,VICTORIA AV,RT 126,0.00,,Y,A,-,Y,VEN,7,126,-,-,1.564,R,1,W,N,3,0,1,2,A,-,03,22350,,N,D,G,A,A,H,-,A,D,0,,Y,,,Y,,L,04,0,1,0,0,0,0,1,0,0,- ,- ,34.27239990234375,-119.21405792236328,VENTURA,VENTURA,-119.21176910400391,34.271678924560547
9873893,2025,2025-09-24,5608,2025-08-24,1337,514,,7,5,6,5608,0,0,0,,0,001,MISSION AV,OLIVE ST,200.00,E,N,A,-,N,,,,,,,,,,N,3,0,1,2,A,-,03,22350,,F,A,G,A,A,H,-,A,D,0,,Y,,,Y,,A,01,0,1,0,0,0,0,1,0,0,- ,- ,,,VENTURA,VENTURA,-119.30205535888672,34.285858154296875
9873897,2025,2025-09-24,5608,2025-08-27,652 ,537,,3,5,6,5608,0,0,0,,0,001,W STANLEY AV,RT 23,200.00,E,N,A,-,N,,,,,,,,,,Y,2,0,1,2,A,-,10,21950,A,N,D,G,A,A,H,-,A,D,0,,Y,,,Y,,A,01,1,0,0,0,0,0,1,0,0,- ,NO,,,VENTURA,VENTURA,,
9875401,2025,2025-10-22,5608,2025-09-05,814 ,563,,5,5,6,5608,0,0,0,,0,003,WOODLAND ST,VICTORIA AV,0.00,,N,A,-,N,,,,,,,,,,N,3,0,1,2,A,-,- ,,,N,B,G,A,A,H,-,A,D,0,,Y,,,Y,,-,- ,0,1,0,0,0,0,1,0,0,- ,- ,34.275859832763672,-119.21307373046875,VENTURA,VENTURA,-119.21461486816406,34.27557373046875
9882109,2025,2025-10-13,5608,2025-08-29,1640,528,,5,5,6,5608,0,0,0,,0,003,AURORA DR,PRINCETON AV,0.00,,N,A,-,N,,,,,,,,,,N,3,0,1,2,A,-,08,22107,,N,H,G,A,A,H,-,A,D,0,,Y,,,Y,,A,01,0,1,0,0,0,0,1,0,0,- ,- ,34.273078918457031,-119.22737121582031,VENTURA,VENTURA,-119.22793579101562,34.272792816162109
9882217,2025,2025-10-21,5604,2025-09-03,729 ,5189,,3,5,6,5604,0,0,0,,0,041,S J ST,GLACER AV,0.00,,Y,B,-,N,,,,,,,,,,N,3,0,1,2,A,-,- ,,,N,D,G,A,A,-,-,A,A,0,,Y,,,Y,,A,01,0,1,0,0,0,0,1,0,0,- ,- ,34.165180206298828,-119.18598175048828,VENTURA,OXNARD,-119.18598175048828,34.165195465087891
9882232,2025,2025-10-16,5604,2025-09-08,2045,5672,,1,5,6,5604,0,0,0,,0,041,GARY DR,S ROSE AV,0.00,,Y,A,-,N,,,,,,,,,,N,4,0,1,2,A,-,12,21453,A,F,D,G,A,A,A,-,A,A,0,,Y,,,Y,,-,,0,0,1,0,0,0,1,0,0,- ,- ,34.167919158935547,-119.15956115722656,VENTURA,OXNARD,-119.15963745117188,34.16796875