CASE_ID,ACCIDENT_YEAR,PROC_DATE,JURIS,COLLISION_DATE,COLLISION_TIME,OFFICER_ID,REPORTING_DISTRICT,DAY_OF_WEEK,CHP_SHIFT,POPULATION,CNTY_CITY_LOC,SPECIAL_COND,BEAT_TYPE,CHP_BEAT_TYPE,CITY_DIVISION_LAPD,CHP_BEAT_CLASS,BEAT_NUMBER,PRIMARY_RD,SECONDARY_RD,DISTANCE,DIRECTION,INTERSECTION,WEATHER_1,WEATHER_2,STATE_HWY_IND,CALTRANS_COUNTY,CALTRANS_DISTRICT,STATE_ROUTE,ROUTE_SUFFIX,POSTMILE_PREFIX,POSTMILE,LOCATION_TYPE,RAMP_INTERSECTION,SIDE_OF_HWY,TOW_AWAY,COLLISION_SEVERITY,NUMBER_KILLED,NUMBER_INJURED,PARTY_COUNT,PRIMARY_COLL_FACTOR,PCF_CODE_OF_VIOL,PCF_VIOL_CATEGORY,PCF_VIOLATION,PCF_VIOL_SUBSECTION,HIT_AND_RUN,TYPE_OF_COLLISION,MVIW,PED_ACTION,ROAD_SURFACE,ROAD_COND_1,ROAD_COND_2,LIGHTING,CONTROL_DEVICE,CHP_ROAD_TYPE,PEDESTRIAN_ACCIDENT,BICYCLE_ACCIDENT,MOTORCYCLE_ACCIDENT,TRUCK_ACCIDENT,NOT_PRIVATE_PROPERTY,ALCOHOL_INVOLVED,STWD_VEHTYPE_AT_FAULT,CHP_VEHTYPE_AT_FAULT,COUNT_SEVERE_INJ,COUNT_VISIBLE_INJ,COUNT_COMPLAINT_PAIN,COUNT_PED_KILLED,COUNT_PED_INJURED,COUNT_BICYCLIST_KILLED,COUNT_BICYCLIST_INJURED,COUNT_MC_KILLED,COUNT_MC_INJURED,PRIMARY_RAMP,SECONDARY_RAMP,LATITUDE,LONGITUDE,COUNTY,CITY,POINT_X,POINT_Y
9882344,2025,2025-10-15,5604,2025-08-27,2114,5799,,3,5,6,5604,0,0,0,,0,022,S PATTERSON RD,5TH ST,0.00,,Y,A,-,N,,,,,,,,,,N,3,0,1,2,A,-,09,21802,A,N,C,G,A,A,H,-,C,A,0,,Y,,,Y,,A,01,0,1,0,0,0,0,1,0,0,- ,- ,34.197540283203125,-119.20793151855469,VENTURA,OXNARD,-119.20800018310547,34.197425842285156
9882423,2025,2025-10-21,5604,2025-09-06,2304,5826,,6,5,6,5604,0,0,0,,0,031,S ROSE AV,E 3RD ST,0.00,,Y,A,-,N,,,,,,,,,,N,3,0,1,2,A,-,03,22350,,F,G,B,B,A,H,-,C,A,0,Y,,,,Y,,-,99,0,1,0,0,1,0,0,0,0,- ,- ,34.200439453125,-119.15973663330078,VENTURA,OXNARD,-119.15985107421875,34.200450897216797
9883527,2025,2026-01-13,5608,2025-10-07,1610,469,2,2,5,6,5608,0,0,0,,0,,MAIN ST,CALLENS RD,500.00,W,N,A,-,Y,VEN,7,126,-,-,0.000,R,4,E,N,3,0,1,2,A,-,- ,,,N,D,G,A,A,H,-,A,D,0,,Y,,,Y,,L,04,0,1,0,0,0,0,1,0,0,- ,- ,,,VENTURA,VENTURA,-119.23735046386719,34.264900207519531
9883710,2025,2025-11-24,5608,2025-10-13,805 ,574,,1,5,6,5608,0,0,0,,0,003,TELEGRAPH RD,PALOMARES AV,0.00,,Y,A,-,N,,,,,,,,,,N,4,0,1,2,A,-,12,22450,A,N,D,G,A,A,H,-,A,D,0,,Y,,,Y,,D,22,0,0,1,0,0,0,1,0,0,- ,- ,34.273799896240234,-119.24397277832031,VENTURA,VENTURA,-119.24385070800781,34.273674011230469
9884958,2025,2025-10-28,5604,2025-09-26,1223,5405,,5,5,6,5604,0,0,0,,0,022,5TH ST,E ST,100.00,W,N,A,-,N,,,,,,,,,,N,4,0,1,2,A,-,09,21804,B,N,D,G,A,A,H,-,A,D,0,,Y,,,Y,,L,04,0,0,1,0,0,0,1,0,0,- ,- ,34.196998596191406,-119.18299865722656,VENTURA,OXNARD,-119.18395233154297,34.197723388671875
9885403,2025,2025-11-07,5604,2025-02-14,606 ,5512,,5,5,6,5604,0,0,0,,0,042,E HUENEME RD,SALVADOR DR,0.00,,Y,A,-,N,,,,,,,,,,Y,3,0,1,2,A,-,11,21954,A,N,G,B,E,A,H,-,D,D,0,Y,,,,Y,,N,60,0,1,0,0,1,0,0,0,0,- ,- ,34.147411346435547,-119.17488861083984,VENTURA,OXNARD,-119.17517852783203,34.147403717041016
9885567,2025,2025-11-05,5604,2025-10-15,1734,5799,,3,5,6,5604,0,0,0,,0,031,E GONZALES RD,ROSE AV,500.00,W,N,A,-,N,,,,,,,,,,N,4,0,1,2,A,-,09,21801,B,N,D,B,F,A,H,-,A,A,0,Y,,,,Y,,A,01,0,0,1,0,1,0,0,0,0,- ,- ,34.218578338623047,-119.16034698486328,VENTURA,OXNARD,-119.16007995605469,34.219009399414062
9885569,2025,2025-11-05,5604,2025-10-16,1027,5773,,4,5,6,5604,0,0,0,,0,031,CESAR CHAVEZ DR,N JUANITA AV N,0.00,,Y,A,-,N,,,,,,,,,,N,4,0,1,2,A,-,10,21950,A,N,G,B,B,A,H,-,A,A,0,Y,,,,Y,,A,01,0,0,1,0,1,0,0,0,0,- ,- ,34.213211059570312,-119.16842651367188,VENTURA,OXNARD,-119.16845703125,34.213211059570312
9888827,2025,2025-11-17,5608,2025-10-06,1707,544,,1,5,6,5608,0,0,0,,0,001,OLIVE ST,FORBES LN,0.00,,Y,A,-,N,,,,,,,,,,N,3,0,1,2,A,-,08,22107,,F,G,B,D,A,H,-,A,A,0,Y,,,,Y,,A,07,0,1,0,0,1,0,0,0,0,- ,- ,34.296360015869141,-119.29933166503906,VENTURA,VENTURA,-119.29930114746094,34.296443939208984
9888849,2025,2025-11-17,5608,2025-10-09,822 ,566,,4,5,6,5608,0,0,0,,0,003,S SATICOY AV,SAUSALITO RD,0.00,,Y,A,-,N,,,,,,,,,,N,3,0,1,2,A,-,05,21650,1,N,D,G,A,A,H,-,A,D,0,,Y,,,Y,,L,04,0,1,0,0,0,0,1,0,0,- ,- ,34.288478851318359,-119.16600036621094,VENTURA,VENTURA,-119.16602325439453,34.288398742675781
9888854,2025,2025-11-20,5608,2025-10-15,1419,491,,3,5,6,5608,0,0,0,,0,003,CALLENS RD,MAIN ST,600.00,S,N,A,-,N,,,,,,,,,,N,2,0,1,2,A,-,08,22107,,N,D,G,A,A,H,-,A,D,0,,Y,,,Y,,A,07,1,0,0,0,0,0,1,0,0,- ,- ,34.260971069335938,-119.24028778076172,VENTURA,VENTURA,-119.23997497558594,34.261844635009766
9888855,2025,2025-11-17,5608,2025-10-08,822 ,537,,3,5,6,5608,0,0,0,,0,001,NORTH VENTURA AV,DAKOTA DR,195.00,S,N,A,-,N,,,,,,,,,,N,3,0,1,2,A,-,17,21209,,N,D,G,A,A,H,-,A,D,0,,Y,,,Y,,A,07,0,1,0,0,0,0,1,0,0,- ,- ,,,VENTURA,VENTURA,-119.29253387451172,34.308670043945312
9888856,2025,2025-11-17,5608,2025-10-08,2012,553,,3,5,6,5608,0,0,0,,0,002,MAIN ST,DONLON ST,0.00,,Y,A,-,N,,,,,,,,,,N,2,0,2,2,A,-,11,21954,A,N,G,B,D,A,H,-,C,D,0,Y,Y,,,Y,,N,60,1,0,1,0,1,0,1,0,0,- ,- ,,,VENTURA,VENTURA,-119.23545837402344,34.262722015380859
9891537,2025,2025-11-20,5604,2025-10-27,1300,5769,,1,5,6,5604,0,0,0,,0,012,VENTURA BL,PASEO MERCADO,500.00,E,N,A,-,N,,,,,,,,,,N,4,0,1,2,A,-,21,22106,,N,G,B,D,A,H,-,A,D,0,Y,,,,Y,,A,01,0,0,1,0,1,0,0,0,0,- ,- ,34.225399017333984,-119.14820861816406,VENTURA,OXNARD,,
9891561,2025,2025-12-04,5604,2025-10-21,845 ,5390,,2,5,6,5604,0,0,0,,0,042,J ST,BARD RD,0.00,,Y,A,-,N,,,,,,,,,,N,4,0,1,2,A,-,10,21950,A,N,G,B,B,A,H,-,A,A,0,Y,,,,Y,,A,01,0,0,1,0,1,0,0,0,0,- ,- ,34.16107177734375,-119.18602752685547,VENTURA,OXNARD,-119.18602752685547,34.161083221435547
9891564,2025,2025-12-04,5604,2025-10-24,1535,5841,,5,5,6,5604,0,0,0,,0,032,ROSE AV,CAMINO DEL SOL,0.00,,Y,A,-,N,,,,,,,,,,N,4,0,1,2,A,-,10,21950,A,N,G,G,A,A,F,H,A,A,0,,Y,,,Y,,A,01,0,0,1,0,0,0,1,0,0,- ,- ,,,VENTURA,OXNARD,-119.15969085693359,34.206352233886719
9892773,2025,2025-12-30,5608,2025-11-03,1249,579,,1,5,6,5608,0,0,0,,0,001,NORTH VENTURA AV,FIX WY,0.00,,Y,A,-,N,,,,,,,,,,N,3,0,1,2,A,-,17,22517,,N,B,G,A,A,H,-,A,D,0,,Y,,,Y,,D,22,0,1,0,0,0,0,1,0,0,- ,- ,34.283100128173828,-119.30020141601562,VENTURA,VENTURA,-119.30026245117188,34.283260345458984
9892774,2025,2025-12-24,5608,2025-11-03,1115,559,,1,5,6,5608,0,0,0,,0,004,TELEPHONE RD,VICTORIA AV,0.00,,Y,A,-,N,,,,,,,,,,N,4,0,1,2,A,-,12,21453,A,N,D,G,A,A,H,-,A,A,0,,Y,,,Y,,L,04,0,0,1,0,0,0,1,0,0,- ,- ,34.265560150146484,-119.21254730224609,VENTURA,VENTURA,-119.21256256103516,34.265457153320312
9892781,2025,2025-12-30,5608,2025-11-04,1552,491,,2,5,6,5608,0,0,0,,0,002,OCEAN AV,SEAWARD AV,0.00,,Y,A,-,N,,,,,,,,,,N,3,0,1,2,A,-,10,21950,A,N,G,B,B,A,H,-,A,A,0,Y,,,Y,Y,,F,26,0,1,0,0,1,0,0,0,0,- ,- ,,,VENTURA,VENTURA,-119.26699829101562,34.271541595458984
9892850,2025,2025-12-08,5608,2025-10-29,2130,573,,3,5,6,5608,0,0,0,,0,001,THOMPSON,FIGUEROA ST,5.00,W,N,A,-,N,,,,,,,,,,N,4,0,1,2,A,-,10,21950,A,N,G,B,B,A,H,-,C,A,0,Y,,,,Y,Y,A,07,0,0,1,0,1,0,0,0,0,- ,- ,,,VENTURA,VENTURA,-119.29774475097656,34.27825927734375
9892852,2025,2025-12-10,5608,2025-06-24,847 ,549,,2,5,6,5608,0,0,0,,0,002,PIERPONT BL,SOUTH SEAWARD AV,5.00,W,N,A,-,N,,,,,,,,,,N,4,0,1,2,A,-,05,21650,1,N,-,G,A,A,H,-,A,D,0,,Y,,,Y,,L,04,0,0,1,0,0,0,1,0,0,- ,- ,34.264350891113281,-119.27207183837891,VENTURA,VENTURA,-119.27207946777344,34.26422119140625
9893417,2025,2025-12-17,5608,2025-11-09,1823,520,,7,5,6,5608,0,0,0,,0,001,W WARNER ST,W WARNER ST 166,0.00,,N,A,-,N,,,,,,,,,,N,4,0,1,2,A,-,08,22107,,F,G,B,E,A,H,-,C,D,0,Y,,,,Y,,A,07,0,0,1,0,1,0,0,0,0,- ,- ,34.292991638183594,-119.28996276855469,VENTURA,VENTURA,-119.29747009277344,34.292484283447266
9895715,2025,2026-01-12,5604,2025-12-15,1331,5354,,1,5,6,5604,0,0,0,,0,024,W WOOLEY RD,H ST,50.00,W,N,A,-,N,,,,,,,,,,N,4,0,1,2,A,-,08,22107,,N,D,G,A,A,H,-,A,D,0,,Y,,,Y,,D,22,0,0,1,0,0,0,1,0,0,- ,- ,,,VENTURA,OXNARD,-119.18748474121094,34.190021514892578
9896254,2025,2026-01-21,5608,2025-12-29,1015,584,,1,5,6,5608,0,0,0,,0,003,TELEGRAPH RD,BAYLOR DR,130.00,W,N,A,-,N,,,,,,,,,,N,3,0,1,2,A,-,10,21950,A,N,G,B,D,A,H,-,A,D,0,Y,,,,Y,,A,01,0,1,0,0,1,0,0,0,0,- ,- ,,,VENTURA,VENTURA,-119.23744201660156,34.274623870849609
9896259,2025,2026-01-21,5608,2025-12-24,1854,571,,3,5,6,5608,0,0,0,,0,003,TELEGRAPH RD,AHSWOOD AV,0.00,,Y,B,-,N,,,,,,,,,,N,2,0,1,2,A,-,10,21950,A,N,G,B,B,B,H,-,C,A,0,Y,,,,Y,Y,A,01,1,0,0,0,1,0,0,0,0,- ,- ,34.274360656738281,-119.23899841308594,VENTURA,VENTURA,-119.23915863037109,34.274368286132812
9896944,2025,2026-01-08,5608,2025-11-18,1544,587,,2,5,6,5608,0,0,0,,0,004,VICTORIA AV,RALSTON ST,697.00,S,N,A,-,N,,,,,,,,,,N,4,0,1,2,A,-,10,21952,,N,G,B,E,A,H,-,A,A,0,Y,,,,Y,,A,01,0,0,1,0,1,0,0,0,0,- ,- ,34.259101867675781,-119.21125030517578,VENTURA,VENTURA,-119.21121215820312,34.259181976318359
9896945,2025,2026-01-08,5608,2025-11-20,1717,573,,4,5,6,5608,0,0,0,,0,001,CAMERON ST,LEIGHTON DR,8.00,N,N,C,-,N,,,,,,,,,,N,4,0,1,2,A,-,10,21950,,N,G,B,B,B,H,-,D,A,0,Y,,,,Y,,-,,0,0,1,0,1,0,0,0,0,- ,- ,,,VENTURA,VENTURA,-119.29412078857422,34.296012878417969
9896947,2025,2026-01-08,5608,2025-11-21,1546,537,,5,5,6,5608,0,0,0,,0,001,EAST SANTA CLARA ST,SOUTH OAK ST,0.00,,Y,B,-,N,,,,,,,,,,N,3,0,1,2,A,-,12,21453,A,N,D,G,A,A,H,-,A,A,0,,Y,Y,,Y,,L,04,0,1,0,0,0,0,1,0,0,- ,- ,,,VENTURA,VENTURA,-119.29467010498047,34.279533386230469
9897912,2026,2026-01-30,5608,2026-01-14,815 ,582,,3,5,6,5608,0,0,0,,0,002,E THOMPSON BLVD,TELEGRAPH RD,0.00,,Y,A,-,N,,,,,,,,,,Y,2,0,2,2,A,-,11,21950,B,N,G,B,B,A,H,-,A,A,0,Y,,,,Y,,N,60,1,1,0,0,1,0,0,0,0,- ,- ,,,VENTURA,VENTURA,-119.25702667236328,34.271713256835938
9898035,2024,2026-03-11,5604,2024-12-22,1728,5609,,7,5,6,5604,0,0,0,,0,012,GONZALES RD,ROSE AV,570.00,E,N,A,-,N,,,,,,,,,,Y,1,1,0,2,D,-,00,,,N,G,B,D,A,H,-,C,D,0,Y,,,,Y,,-,- ,0,0,0,1,0,0,0,0,0,- ,- ,34.21923828125,-119.15776824951172,VENTURA,OXNARD,-119.15654754638672,34.218963623046875
9898091,2024,2026-04-15,5604,2024-05-03,1804,5609,,5,5,6,5604,0,0,0,,0,042,SAVIERS RD,PLEASANT VALLEY RD,111.00,N,N,A,-,N,,,,,,,,,,N,1,1,0,2,A,-,05,21650,1,F,D,G,A,A,H,-,A,A,0,,Y,,,Y,,L,04,0,0,0,0,0,1,0,0,0,- ,- ,34.154708862304688,-119.17774963378906,VENTURA,OXNARD,-119.17784881591797,34.155033111572266
9898229,2025,2026-04-16,5608,2025-05-21,2055,533,,3,5,6,5608,0,0,0,,0,004,OLIVAS PARK DR,SEABORG AV,103.00,W,N,A,-,N,,,,,,,,,,Y,1,1,1,3,A,-,09,21802,A,N,G,B,E,A,H,-,C,D,0,Y,,,,Y,,A,01,0,1,0,1,0,0,0,0,0,- ,- ,,,VENTURA,VENTURA,-119.21219635009766,34.243392944335938
9898430,2025,2026-06-04,5604,2025-09-05,1838,5615,,5,5,6,5604,0,0,0,,0,023,WEST 5TH ST,D ST,6.63,W,N,A,-,N,,,,,,,,,,Y,1,1,0,2,A,-,10,21950,A,N,G,B,B,A,H,-,A,D,0,Y,,,,Y,,A,07,0,0,0,1,0,0,0,0,0,- ,- ,,,VENTURA,OXNARD,-119.18238067626953,34.197708129882812
9900243,2025,2025-12-22,5604,2025-11-18,1633,5823,,2,5,6,5604,0,0,0,,0,042,S J ST,E PLEASANT VALLEY RD,295.00,S,N,B,-,N,,,,,,,,,,N,3,0,1,2,A,-,05,21650,1,N,D,G,A,A,H,-,A,A,0,,,Y,,Y,,O,05,0,1,0,0,0,0,0,0,1,- ,- ,34.152950286865234,-119.18631744384766,VENTURA,OXNARD,-119.18612670898438,34.153968811035156
9900245,2025,2025-12-22,5604,2025-11-16,1444,5739,,7,5,6,5604,0,0,0,,0,023,S C ST,W 3RD ST,0.00,,Y,B,-,N,,,,,,,,,,N,4,0,1,2,A,-,10,21950,A,N,G,B,B,B,H,-,A,A,0,Y,,,,Y,,A,01,0,0,1,0,0,0,0,0,0,- ,- ,,,VENTURA,OXNARD,-119.18106842041016,34.200340270996094
9900252,2025,2025-12-22,5604,2025-11-13,1619,5608,,4,5,6,5604,0,0,0,,0,014,N C ST,GONZALES RD,50.00,N,N,A,-,N,,,,,,,,,,N,3,0,1,2,A,-,05,21202,A,N,D,G,A,-,H,-,B,A,0,,Y,,,Y,Y,L,04,0,1,0,0,0,0,1,0,0,- ,- ,34.220680236816406,-119.18129730224609,VENTURA,OXNARD,-119.18083953857422,34.219226837158203
9900327,2025,2025-12-24,5604,2025-11-25,1714,5846,,2,5,6,5604,0,0,0,,0,012,E GONZALES RD,SOLAR DR,450.00,E,N,A,-,N,,,,,,,,,,N,4,0,1,2,A,-,05,21650,,N,D,G,A,A,-,-,C,D,0,,Y,,,Y,,L,04,0,0,1,0,0,0,1,0,0,- ,- ,,,VENTURA,OXNARD,-119.14344024658203,34.218730926513672
9900328,2025,2025-12-24,5604,2025-11-26,1758,5846,,3,5,6,5604,0,0,0,,0,022,N F ST,BEVERLY DR,0.00,,Y,A,-,N,,,,,,,,,,Y,4,0,1,3,A,-,08,22107,,N,G,B,B,A,H,-,C,D,0,Y,,,,Y,,A,01,0,0,1,0,1,0,0,0,0,- ,- ,,,VENTURA,OXNARD,-119.18503570556641,34.206039428710938
9900332,2025,2026-01-06,5604,2025-11-25,854 ,4925,,2,5,6,5604,0,0,0,,0,031,E GONZALES RD,ENTRADA DR,100.00,E,N,A,-,N,,,,,,,,,,N,4,0,1,2,A,-,08,22107,,N,C,G,A,A,H,-,A,D,0,,Y,,,Y,,L,04,0,0,1,0,0,0,1,0,0,- ,- ,34.218280792236328,-119.17030334472656,VENTURA,OXNARD,-119.17194366455078,34.218959808349609
9901388,2025,2026-01-08,5604,2025-12-06,1536,5747,,6,5,6,5604,0,0,0,,0,023,4TH ST,C ST,100.00,E,N,A,-,N,,,,,,,,,,N,3,0,1,2,A,-,05,21650,1,N,D,G,A,A,H,-,A,D,0,,Y,,,Y,,L,04,0,1,0,0,0,0,1,0,0,- ,- ,34.199008941650391,-119.18108367919922,VENTURA,OXNARD,-119.18077087402344,34.198997497558594
9902064,2025,2026-01-12,5608,2025-12-19,750 ,583,,5,5,6,5608,0,0,0,,0,004,SOUTH VICTORIA AV,VALENTINE RD,0.00,,Y,A,-,N,,,,,,,,,,N,3,0,1,2,A,-,05,21650,1,N,D,G,A,A,H,-,A,A,0,,Y,,,Y,,L,04,0,1,0,0,0,0,1,0,0,- ,- ,34.251419067382812,-119.21192169189453,VENTURA,VENTURA,-119.21178436279297,34.251541137695312
9902071,2025,2026-01-14,5608,2025-12-17,2115,503,,3,5,6,5608,0,0,0,,0,002,JORDAN AV,E MAIN ST,12.00,S,N,A,-,N,,,,,,,,,,N,3,0,1,2,A,-,00,21201,,N,H,G,A,A,H,-,C,D,0,,Y,,,Y,,L,04,0,1,0,0,0,0,1,0,0,- ,- ,,,VENTURA,VENTURA,-119.26609039306641,34.276821136474609
9902116,2025,2026-01-21,5608,2025-11-29,1608,518,,6,5,6,5608,0,0,0,,0,002,HARBOR BL,MONMOUTH WY,232.00,W,N,A,-,N,,,,,,,,,,N,3,0,1,2,A,-,09,21804,A,N,D,G,A,A,H,-,A,D,0,,Y,,,Y,,M,91,0,1,0,0,0,0,1,0,0,- ,- ,,,VENTURA,VENTURA,-119.27313232421875,34.268077850341797
9902202,2025,2026-01-16,5608,2025-12-06,1750,514,,6,5,6,5608,0,0,0,,0,002,HARBOR,OLIVAS PARK DR,650.00,S,N,A,-,N,,,,,,,,,,N,3,0,1,2,A,-,11,21954,A,N,G,B,E,A,H,-,D,D,0,Y,,,,Y,,N,60,0,1,0,0,1,0,0,0,0,- ,- ,,,VENTURA,VENTURA,-119.25672149658203,34.242507934570312
9903806,2026,2026-02-05,5604,2026-01-01,1324,5512,,4,5,6,5604,0,0,0,,0,022,W 2ND ST,S E ST,0.00,,Y,A,-,N,,,,,,,,,,N,3,0,1,2,A,-,09,21802,A,N,D,G,A,A,H,-,A,A,0,,Y,,,Y,,M,91,0,1,0,0,0,0,1,0,0,- ,- ,34.201679229736328,-119.18357086181641,VENTURA,OXNARD,-119.18357849121094,34.201683044433594
9903833,2026,2026-02-17,5604,2026-01-16,1527,5837,,5,5,6,5604,0,0,0,,0,024,S C ST,W KAMALA ST W,0.00,,Y,A,-,N,,,,,,,,,,N,4,0,1,2,A,-,08,22107,,F,D,G,A,A,H,-,A,D,0,,Y,,,Y,,A,01,0,0,1,0,0,0,1,0,0,- ,- ,34.178680419921875,-119.18129730224609,VENTURA,OXNARD,-119.18131256103516,34.178733825683594
9905921,2026,2026-03-11,5608,2026-02-14,1245,577,,6,5,6,5608,0,0,0,,0,001,NORTH OLIVE ST,WEST SIMPSON ST,62.00,S,N,B,-,N,,,,,,,,,,N,4,0,1,2,A,-,21,22106,,N,G,B,E,A,H,-,A,D,0,Y,,,,Y,,D,22,0,0,1,0,1,0,0,0,0,- ,- ,34.288951873779297,-119.30185699462891,VENTURA,VENTURA,-119.30176544189453,34.289005279541016
9906034,2025,2026-01-29,5604,2025-12-31,1751,5824,,3,5,6,5604,0,0,0,,0,031,E SANTA LUCIA AV,N DRISKILL ST,0.00,,Y,B,-,N,,,,,,,,,,N,4,0,1,2,A,-,03,22350,,N,G,B,B,B,H,-,C,D,0,Y,,,,Y,,A,01,0,0,1,0,1,0,0,0,0,- ,- ,,,VENTURA,OXNARD,-119.15656280517578,34.202014923095703
9906294,2025,2026-03-18,5604,2025-10-17,1619,5796,,5,5,6,5604,0,0,0,,0,022,W 7TH ST,LIGHTHOUSE LN,0.00,,Y,A,-,N,,,,,,,,,,N,4,0,1,2,A,-,- ,,,F,B,G,A,A,B,H,A,D,0,,Y,,,Y,Y,A,01,0,0,1,0,0,0,1,0,0,- ,- ,34.195518493652344,-119.19338226318359,VENTURA,OXNARD,-119.19171142578125,34.195240020751953
9907195,2026,2026-02-19,5604,2026-01-06,2000,5730,,2,5,6,5604,0,0,0,,0,031,N ROSE AV,E CAMINO DEL SOL RD E,0.00,,Y,A,-,N,,,,,,,,,,N,3,0,1,2,A,-,17,21451,A,N,A,G,A,A,H,-,A,A,0,,Y,,Y,Y,Y,F,25,0,1,0,0,0,0,1,0,0,- ,- ,34.213138580322266,-119.15959167480469,VENTURA,OXNARD,-119.15969085693359,34.206352233886719
9907558,2026,2026-02-25,5604,2026-01-29,300 ,5835,,4,5,6,5604,0,0,0,,0,014,N OXNARD BL,GONZALES RD,0.00,,Y,A,-,N,,,,,,,,,,N,4,0,1,2,D,-,00,,,F,G,B,B,A,H,-,C,D,0,Y,,,,Y,,-,- ,0,0,1,0,1,0,0,0,0,- ,- ,34.206401824951172,-119.17059326171875,VENTURA,OXNARD,-119.17726135253906,34.218990325927734
9908372,2026,2026-02-10,5604,2026-01-03,1820,,,6,5,6,5604,0,0,0,,0,031,E 2ND ST,CAMPTON DR,400.00,E,N,A,-,N,,,,,,,,,,N,4,0,1,2,D,-,00,,,N,D,G,A,A,H,-,C,D,0,,Y,,,Y,,-,- ,0,0,1,0,0,0,1,0,0,- ,- ,34.201278686523438,-119.16336822509766,VENTURA,OXNARD,-119.16311645507812,34.201465606689453
9908985,2025,2026-02-13,5604,2025-01-02,2219,5799,,4,5,6,5604,0,0,0,,0,021,SOUTH VICTORIA AV,WEST 5TH ST,0.00,,Y,C,-,N,,,,,,,,,,Y,3,0,1,3,A,-,03,22350,,N,G,B,E,B,H,-,C,A,0,Y,,,,Y,,A,01,0,1,0,0,1,0,0,0,0,- ,- ,34.197639465332031,-119.22116088867188,VENTURA,OXNARD,-119.22127532958984,34.197578430175781
9910201,2026,2026-04-14,5604,2026-02-01,2135,5643,,7,5,6,5604,0,0,0,,0,041,DE ANZA WY,CLOYNE ST,0.00,,Y,A,-,N,,,,,,,,,,Y,4,0,1,2,A,-,21,22106,,N,A,B,E,A,H,-,C,D,0,Y,,,,Y,Y,A,01,0,0,1,0,1,0,0,0,0,- ,- ,,,VENTURA,OXNARD,-119.17279052734375,34.167049407958984
9910676,2026,2026-03-05,5608,2026-02-21,1124,586,,6,5,6,5608,0,0,0,,0,001,VENTURA AV,MAIN ST,275.00,N,N,A,-,N,,,,,,,,,,N,3,0,1,2,A,-,09,21804,A,N,D,G,A,A,H,-,A,D,0,,Y,,,Y,,A,01,0,1,0,0,0,0,1,0,0,- ,- ,34.280998229980469,-119.30079650878906,VENTURA,VENTURA,,
9911293,2026,2026-04-14,5608,2026-03-11,1402,372,,3,5,6,5608,0,0,0,,0,002,HARBOR BL,OYSTER ST,2640.00,S,N,A,-,N,,,,,,,,,,N,4,0,1,2,A,-,07,21658,A,N,D,G,A,A,H,-,A,D,0,,Y,,,Y,,L,04,0,0,1,0,0,0,1,0,0,- ,- ,34.2552490234375,-119.26006317138672,VENTURA,VENTURA,-119.25858306884766,34.251811981201172
9912264,2026,2026-05-13,5608,2026-03-26,857 ,456,,4,5,6,5608,0,0,0,,0,002,MAIN ST,ARUNDELL AV,0.00,,Y,A,-,N,,,,,,,,,,N,4,0,1,2,A,-,03,22350,,N,C,G,A,A,H,-,A,D,0,,Y,,,Y,,L,04,0,0,1,0,0,0,1,0,0,- ,- ,,,VENTURA,VENTURA,-119.24278259277344,34.264026641845703
9912432,2026,2026-02-26,5608,2026-02-03,837 ,553,,2,5,6,5608,0,0,0,,0,001,SANTA CLARA ST,OAK ST,3.00,E,N,A,-,N,,,,,,,,,,N,3,0,1,2,A,-,10,21950,A,N,G,B,B,A,H,-,A,A,0,Y,,,,Y,,A,07,0,1,0,0,1,0,0,0,0,- ,- ,,,VENTURA,VENTURA,-119.29466247558594,34.279529571533203
9912436,2026,2026-02-26,5608,2026-02-03,1644,299,,2,5,6,5608,0,0,0,,0,004,TELEPHONE RD,MARKET ST,0.00,,Y,A,-,N,,,,,,,,,,N,3,0,1,2,A,-,12,21453,A,N,D,G,A,A,H,-,A,A,0,,Y,,,Y,,L,04,0,1,0,0,0,0,1,0,0,- ,- ,,,VENTURA,VENTURA,-119.23505401611328,34.257160186767578
9912441,2026,2026-02-26,5608,2026-02-09,1547,483,VENTU,1,5,6,5608,0,0,0,,0,004,VICTORIA,AVOCET DR,15.00,N,N,A,-,N,,,,,,,,,,N,3,0,1,2,A,-,12,21453,A,N,D,G,A,A,H,-,A,A,0,,Y,,,Y,,L,04,0,1,0,0,0,0,1,0,0,- ,- ,,,VENTURA,VENTURA,-119.21108245849609,34.258449554443359
9912482,2026,2026-02-19,5608,2026-01-24,1841,519,,6,5,6,5608,0,0,0,,0,004,VICTORIA AV,TELEPHONE RD,556.00,S,N,A,-,N,,,,,,,,,,N,3,0,1,2,A,-,09,21804,A,N,D,G,A,A,H,-,C,A,0,,Y,,,Y,,A,01,0,1,0,0,0,0,1,0,0,- ,- ,,,VENTURA,VENTURA,-119.21224975585938,34.263954162597656
9912486,2026,2026-02-19,5608,2026-01-30,1511,511,,5,5,6,5608,0,0,0,,0,002,SANTA CRUZ ST,SAN NICHOLAS ST,0.00,,Y,A,-,N,,,,,,,,,,N,3,0,1,2,A,-,09,21802,A,N,D,G,A,A,H,-,A,A,0,,Y,,,Y,,A,01,0,1,0,0,0,0,1,0,0,- ,- ,,,VENTURA,VENTURA,-119.271728515625,34.276462554931641