CASE_ID,ACCIDENT_YEAR,PROC_DATE,JURIS,COLLISION_DATE,COLLISION_TIME,OFFICER_ID,REPORTING_DISTRICT,DAY_OF_WEEK,CHP_SHIFT,POPULATION,CNTY_CITY_LOC,SPECIAL_COND,BEAT_TYPE,CHP_BEAT_TYPE,CITY_DIVISION_LAPD,CHP_BEAT_CLASS,BEAT_NUMBER,PRIMARY_RD,SECONDARY_RD,DISTANCE,DIRECTION,INTERSECTION,WEATHER_1,WEATHER_2,STATE_HWY_IND,CALTRANS_COUNTY,CALTRANS_DISTRICT,STATE_ROUTE,ROUTE_SUFFIX,POSTMILE_PREFIX,POSTMILE,LOCATION_TYPE,RAMP_INTERSECTION,SIDE_OF_HWY,TOW_AWAY,COLLISION_SEVERITY,NUMBER_KILLED,NUMBER_INJURED,PARTY_COUNT,PRIMARY_COLL_FACTOR,PCF_CODE_OF_VIOL,PCF_VIOL_CATEGORY,PCF_VIOLATION,PCF_VIOL_SUBSECTION,HIT_AND_RUN,TYPE_OF_COLLISION,MVIW,PED_ACTION,ROAD_SURFACE,ROAD_COND_1,ROAD_COND_2,LIGHTING,CONTROL_DEVICE,CHP_ROAD_TYPE,PEDESTRIAN_ACCIDENT,BICYCLE_ACCIDENT,MOTORCYCLE_ACCIDENT,TRUCK_ACCIDENT,NOT_PRIVATE_PROPERTY,ALCOHOL_INVOLVED,STWD_VEHTYPE_AT_FAULT,CHP_VEHTYPE_AT_FAULT,COUNT_SEVERE_INJ,COUNT_VISIBLE_INJ,COUNT_COMPLAINT_PAIN,COUNT_PED_KILLED,COUNT_PED_INJURED,COUNT_BICYCLIST_KILLED,COUNT_BICYCLIST_INJURED,COUNT_MC_KILLED,COUNT_MC_INJURED,PRIMARY_RAMP,SECONDARY_RAMP,LATITUDE,LONGITUDE,COUNTY,CITY,POINT_X,POINT_Y
9912491,2026,2026-02-20,5608,2026-01-27,1806,557,,2,5,6,5608,0,0,0,,0,002,LEMON GROVE AV,PREBLE AV,0.00,,Y,A,-,N,,,,,,,,,,N,3,0,1,2,A,-,03,22350,,F,G,B,B,A,H,-,C,A,0,Y,,,,Y,,A,01,0,1,0,0,1,0,0,0,0,- ,- ,34.263999938964844,-119.24900054931641,VENTURA,VENTURA,-119.24985504150391,34.26416015625
9912562,2026,2026-03-02,5608,2026-02-10,1910,539,,2,5,6,5608,0,0,0,,0,003,WOODLAND ST,S BROOKSHIRE AV,0.00,,Y,C,-,N,,,,,,,,,,N,3,0,1,2,A,-,10,21950,A,N,G,B,B,B,H,-,C,D,0,Y,,,,Y,,D,22,0,1,0,0,1,0,0,0,0,- ,- ,34.27593994140625,-119.21193695068359,VENTURA,VENTURA,-119.21183776855469,34.275959014892578
9912718,2026,2026-02-23,5608,2026-01-21,1114,549,,3,5,6,5608,0,0,0,,0,004,SOUTH VICTORIA AV,TELEPHONE RD,0.00,,Y,A,-,N,,,,,,,,,,N,3,0,1,2,A,-,09,21800,A,N,D,G,A,A,H,-,A,A,0,,Y,,,Y,Y,A,01,0,1,0,0,0,0,1,0,0,- ,- ,34.265480041503906,-119.21263885498047,VENTURA,VENTURA,-119.21256256103516,34.265457153320312
9913721,2026,2026-03-05,5604,2026-02-11,1653,5796\,,3,5,6,5604,0,0,0,,0,024,SAVIERS RD,E ELM ST E,0.00,,Y,A,-,N,,,,,,,,,,N,2,0,2,3,A,-,10,21950,A,N,G,B,B,-,H,-,A,A,0,Y,,,,Y,Y,A,01,1,0,1,0,2,0,0,0,0,- ,- ,34.182758331298828,-119.17746734619141,VENTURA,OXNARD,-119.17742156982422,34.18280029296875
9924309,2026,2026-04-16,5604,2026-02-08,1609,5538,,7,5,6,5604,0,0,0,,0,021,PATTERSON RD,HEMLOCK RD,0.00,,Y,A,-,N,,,,,,,,,,N,3,0,1,2,A,-,12,21453,A,N,D,G,A,A,H,-,A,A,0,,Y,,,Y,,L,04,0,1,0,0,0,0,1,0,0,- ,- ,34.181228637695312,-119.20832061767578,VENTURA,OXNARD,-119.20838165283203,34.181243896484375
6328144,2014,2014-06-02,5600,2014-01-05,1904,3754,8006,7,5,5,5601,0,0,0,,0,08A,PONDEROSA DR,LAS POSAS RD,10.00,E,N,A,-,N,,,,,,,,,,N,3,0,1,2,A,-,10,21950,A,F,G,B,B,A,H,-,C,A,0,Y,,,,Y,,A,01,0,1,0,0,1,0,0,0,0,- ,- ,34.22363,-119.06959999999999,VENTURA,CAMARILLO,-119.06973704000001,34.223708119999998
6341011,2014,2016-01-21,5608,2014-01-06,1008,374,,1,5,6,5608,0,0,0,,0,003,VICTORIA AV,RT 126,0.00,,Y,A,-,Y,VEN,7,126,-,-,1.564,R,1,W,N,3,0,1,2,A,-,10,21950,A,N,D,B,B,A,H,-,A,D,0,Y,,,,Y,,-,,0,1,0,0,1,0,0,0,0,- ,WF,,,VENTURA,VENTURA,-119.21165693,34.271690390000003
6367379,2014,2014-06-10,5608,2014-01-22,1332,282,,3,5,6,5608,0,0,0,,0,003,TELEGRAPH RD,KIMBALL AVE,0.00,,Y,A,-,N,,,,,,,,,,N,3,0,1,2,A,-,10,21950,A,N,G,B,B,A,H,-,A,A,0,Y,,,,Y,,D,22,0,1,0,0,1,0,0,0,0,- ,- ,,,VENTURA,VENTURA,-119.19278,34.281270079999999
6378289,2014,2014-06-09,5600,2014-01-31,1207,3960,9080,5,5,6,5607,0,0,0,,0,09H,WILBUR RD,MOORPARK RD,80.00,E,N,A,-,N,,,,,,,,,,N,3,0,1,2,A,-,11,21954,A,N,G,B,D,A,H,-,A,A,0,Y,,,,Y,,N,60,0,1,0,0,1,0,0,0,0,- ,- ,,,VENTURA,THOUSAND OAKS,,
6417150,2014,2014-06-24,5609,2014-03-11,0757,312,,2,5,6,5609,0,0,0,,0,,LEMON DR,ALAMO ST,0.00,,Y,A,-,N,,,,,,,,,,N,4,0,1,2,A,-,11,21456,B,N,F,B,B,A,H,-,A,A,0,Y,,,,Y,,N,60,0,0,1,0,1,0,0,0,0,- ,- ,,,VENTURA,SIMI VALLEY,-118.72652004,34.286440089999999
6420813,2014,2014-06-24,5609,2014-03-02,1241,310,316,7,5,6,5609,0,0,0,,0,003,HEYWOOD ST,ERRINGER RD,9.00,E,N,B,C,N,,,,,,,,,,N,4,0,1,2,A,-,09,21804,A,N,D,G,A,B,H,-,A,A,0,,Y,,,Y,,L,04,0,0,1,0,0,0,1,0,0,- ,- ,,,VENTURA,SIMI VALLEY,-118.76138026,34.268430000000002
6426562,2014,2014-07-02,5608,2014-02-20,1440,452,,4,5,6,5608,0,0,0,,0,004,MARKET ST,TELEPHONE RD,0.00,,Y,A,-,N,,,,,,,,,,N,3,0,1,2,A,-,08,22107,,N,B,G,A,A,H,-,A,A,0,,Y,,,Y,,L,04,0,1,0,0,0,0,1,0,0,- ,- ,,,VENTURA,VENTURA,-119.23504993,34.257160079999998
6426686,2014,2014-06-26,5608,2014-03-01,1630,450,VENTU,6,5,6,5608,0,0,0,,0,001,HARBOR BL,FIGUEROA ST,752.00,W,N,C,-,N,,,,,,,,,,N,4,0,1,2,A,-,09,21804,A,N,D,G,A,B,H,-,A,D,0,,Y,,,Y,Y,L,04,0,0,1,0,0,0,1,0,0,- ,- ,,,VENTURA,VENTURA,-119.30018656999999,34.276890000000002
6426970,2014,2014-06-26,5600,2014-03-04,0726,2979,5103,2,5,4,5690,0,0,0,,0,02B,SPRING RD,CHARLES ST,0.00,,Y,A,-,N,,,,,,,,,,N,4,0,1,2,A,-,10,21950,A,N,G,B,B,A,H,-,A,A,0,Y,,,,Y,,A,01,0,0,1,0,1,0,0,0,0,- ,- ,,,VENTURA,MOORPARK,-118.87486001000001,34.28644001
6430377,2014,2014-06-23,5600,2014-03-21,0837,3754,8021,5,5,5,5601,0,0,0,,0,08B,CALLE LA RODA,PONDEROSA DR,3.00,N,N,A,-,N,,,,,,,,,,N,3,0,1,2,A,-,11,21950,B,N,G,B,B,A,H,-,A,A,0,Y,,,,Y,,N,60,0,1,0,0,1,0,0,0,0,- ,- ,34.223840000000003,-119.06652,VENTURA,CAMARILLO,-119.06646000000001,34.22379823
6455106,2014,2014-07-18,5608,2014-04-17,1554,451,,4,5,6,5608,0,0,0,,0,003,TELEPHONE RD,VICTORIA AV,282.00,W,N,B,-,N,,,,,,,,,,N,3,0,1,2,A,-,11,21954,A,N,-,G,A,A,H,-,A,D,0,,Y,,,Y,,L,04,0,1,0,0,0,0,1,0,0,- ,- ,,,VENTURA,VENTURA,-119.21347403999999,34.265307659999998
6456642,2014,2014-07-10,5600,2014-04-15,2121,3364,9032,2,5,6,5607,0,0,0,,0,09A,AVENIDA DE LAS FLORES,AVENIDA DE LAS PLANTAS,0.00,,Y,A,-,N,,,,,,,,,,N,3,0,1,2,A,-,- ,,,N,H,G,A,A,H,-,D,A,0,,Y,,,Y,,L,04,0,1,0,0,0,0,1,0,0,- ,- ,,,VENTURA,THOUSAND OAKS,-118.85902009,34.207260069999997
6459018,2014,2015-12-03,5600,2014-04-26,0155,1929,9052,6,5,6,5607,0,0,0,,0,09B,AVENIDA DE LAS FLORES,MOSS CT,1290.00,W,N,A,-,N,,,,,,,,,,Y,2,0,1,2,D,-,00,,,N,G,B,E,A,H,-,D,D,0,Y,,,,Y,Y,-,- ,1,0,0,0,1,0,0,0,0,- ,- ,,,VENTURA,THOUSAND OAKS,-118.85054421,34.205752940000004
6471800,2014,2014-07-22,5600,2014-04-18,1730,3754,8133,5,5,5,5601,0,0,0,,0,08C,ALMENDRO WY,JOSE AV,200.00,W,N,A,-,N,,,,,,,,,,N,4,0,1,2,A,-,09,21801,A,N,D,G,A,A,H,-,A,D,0,,Y,,,Y,,A,01,0,0,1,0,0,0,1,0,0,- ,- ,34.233559999999997,-119.01942,VENTURA,CAMARILLO,-119.01934083,34.233499999999999
6489989,2014,2014-08-04,5605,2014-05-26,1730,126,PATRO,1,5,3,5605,0,0,0,,0,001,EAST ALLEY TILLER AV,CROSSJACK ST,149.00,N,N,A,-,N,,,,,,,,,,N,3,0,1,2,D,-,00,,,N,H,G,A,A,H,-,A,D,0,,Y,,,Y,,-,- ,0,1,0,0,0,0,1,0,0,- ,- ,,,VENTURA,PORT HUENEME,-119.21727598,34.178985750000002
6505683,2014,2014-07-29,5608,2014-05-23,1135,429,BEAT3,5,5,6,5608,0,0,0,,0,003,TELEPHONE RD,MAIN ST,1075.00,E,N,A,-,N,,,,,,,,,,Y,3,0,1,2,A,-,11,21954,A,N,A,B,E,A,H,-,A,A,0,Y,,,,Y,,N,60,0,1,0,0,1,0,0,0,0,- ,- ,,,VENTURA,VENTURA,-119.22863185999999,34.263098569999997
6511392,2014,2014-08-18,9765,2014-06-04,1250,020302,,3,1,9,5600,0,3,5,,2,002,GRAND AV,FORDYCE RD,0.00,,Y,A,-,N,,,,,,,,,,N,3,0,1,2,A,-,08,22107,,N,H,G,A,A,H,-,A,D,0,,Y,,,Y,,L,04,0,1,0,0,0,0,1,0,0,- ,- ,34.455539999999999,-119.21499,VENTURA,UNINCORPORATED,-119.21503991,34.455540059999997
6512076,2014,2016-04-26,9765,2014-06-08,1245,015117,,7,1,9,5600,0,1,3,,1,062,RT 1,LA JOLLA CYN,4752.00,S,N,B,-,Y,VEN,7,1,-,-,5.180,H,-,N,N,3,0,1,2,A,-,08,22107,,N,H,G,A,A,H,-,A,D,0,,Y,,,Y,,A,07,0,1,0,0,0,0,1,0,0,- ,- ,34.071469999999998,-119.01675,VENTURA,UNINCORPORATED,-119.02368005,34.076526659999999
6519430,2014,2014-07-29,5609,2014-05-27,2024,388,,2,5,6,5609,0,0,0,,0,003,SYCAMORE DR,LOS ANGELES AV,46.00,S,N,A,-,N,,,,,,,,,,N,3,0,1,2,A,-,03,22350,,N,D,G,A,A,H,-,C,D,0,,Y,,,Y,,L,04,0,1,0,0,0,0,1,0,0,- ,- ,,,VENTURA,SIMI VALLEY,-118.74377972000001,34.271523799999997
6520221,2014,2014-08-08,5600,2014-06-08,1028,5041,9032,7,5,6,5607,0,0,0,,0,09A,AVENIDA DE LAS FLORES,AVENIDA DE LAS PLANTAS,0.00,,Y,A,-,N,,,,,,,,,,N,3,0,1,2,A,-,09,21801,A,N,H,G,A,A,H,-,A,D,0,,Y,,,Y,,A,01,0,1,0,0,0,0,1,0,0,- ,- ,,,VENTURA,THOUSAND OAKS,-118.85902009,34.207260069999997
6541559,2014,2016-05-17,5600,2014-07-26,1535,3364,9108,6,5,6,5607,0,0,0,,0,09C,WENDY DR,OLD CONEJO RD,10.00,S,N,A,-,Y,VEN,7,101,-,-,7.701,R,4,S,N,4,0,1,2,A,-,10,21950,A,F,G,B,B,A,H,-,A,A,0,Y,,,,Y,,D,22,0,0,1,0,1,0,0,0,0,- ,- ,,,VENTURA,THOUSAND OAKS,-118.93653089,34.188504039999998
6541985,2014,2016-04-20,9770,2014-06-24,1655,20721,,2,2,6,5609,0,1,3,,2,082,RT 118,TAPO CANYON RD,5.00,E,N,A,-,Y,VEN,7,118,-,R,27.522,R,1,W,N,4,0,1,2,A,-,09,21804,A,N,D,G,A,A,H,-,A,A,1,,Y,,,Y,,L,04,0,0,1,0,0,0,1,0,0,- ,- ,34.282809999999998,-118.71768,VENTURA,SIMI VALLEY,-118.71423117000001,34.281823629999998
6542225,2014,2014-08-26,5608,2014-06-22,1145,417,,7,5,6,5608,0,0,0,,0,002,MAIN ST,ANACAPA ST,0.00,,Y,A,-,N,,,,,,,,,,N,3,0,1,2,A,-,09,21801,A,N,D,G,A,A,H,-,A,A,0,,Y,,,Y,,-,,0,1,0,0,0,0,1,0,0,- ,- ,,,VENTURA,VENTURA,-119.27019995000001,34.278020009999999
6558803,2014,2016-06-04,5600,2014-07-10,0932,4537,9006,4,5,6,5607,0,0,0,,0,09A,OLSEN RD,RT 23,290.00,W,N,A,-,Y,VEN,7,23,-,R,8.303,R,4,N,Y,2,0,1,2,A,-,- ,,,N,C,G,A,A,H,-,A,A,0,,Y,,,Y,,A,01,1,0,0,0,0,0,1,0,0,- ,NF,,,VENTURA,THOUSAND OAKS,-118.83956809,34.242781440000002
6566607,2014,2014-08-26,5609,2014-07-03,0828,374,,4,5,6,5609,0,0,0,,0,,COCHRAN ST,SEQUOIA AV,18.00,W,N,A,-,N,,,,,,,,,,N,4,0,1,2,A,-,10,21950,A,N,G,B,B,A,H,-,A,A,0,Y,,,,Y,,-,,0,0,1,0,1,0,0,0,0,- ,- ,,,VENTURA,SIMI VALLEY,-118.73057949,34.27901
6573580,2014,2016-06-18,9765,2014-07-16,2025,015696,,3,2,5,5601,0,1,2,,2,504,RT 101,DAILY DR,328.00,S,N,A,-,Y,VEN,7,101,-,-,14.871,R,3,N,N,2,0,1,2,A,-,11,21954,A,N,G,B,D,A,H,-,C,A,1,Y,,,,Y,,N,60,1,0,0,0,1,0,0,0,0,- ,- ,34.218310000000002,-119.05114,VENTURA,CAMARILLO,-119.05180178000001,34.217833650000003
6600977,2014,2014-09-08,5600,2014-08-05,0700,4501,5103,2,5,4,5690,0,0,0,,0,02B,CHARLES ST,BONNIE VIEW ST,36.00,W,N,A,-,N,,,,,,,,,,N,4,0,1,2,A,-,10,21952,,N,G,B,D,A,H,-,A,D,0,Y,,,,Y,,A,01,0,0,1,0,1,0,0,0,0,- ,- ,,,VENTURA,MOORPARK,-118.87806901,34.286439999999999
6611121,2014,2014-09-18,5600,2014-08-18,0947,3292,9020,1,5,6,5607,0,0,0,,0,09A,CALLE AVELLANO,CALLE OLIVO,175.00,E,N,A,-,N,,,,,,,,,,N,3,0,2,3,A,-,17,21710,,N,G,B,E,A,H,-,A,D,0,Y,,,,Y,,I,11,0,2,0,0,2,0,0,0,0,- ,- ,,,VENTURA,THOUSAND OAKS,-118.85576931999999,34.216646859999997
6616676,2014,2014-09-24,5608,2014-08-29,1515,374,,5,5,6,5608,0,0,0,,0,003,CLOVERLY ST,VICTORIA AV,0.00,,Y,A,-,N,,,,,,,,,,N,4,0,1,2,A,-,09,21802,B,N,D,G,A,A,H,-,A,A,0,,Y,,,Y,,L,04,0,0,1,0,0,0,1,0,0,- ,- ,,,VENTURA,VENTURA,-119.21429996000001,34.274910069999997
6619636,2014,2014-10-02,5608,2014-09-03,1928,446,,3,5,6,5608,0,0,0,,0,002,TELEPHONE RD,MAIN ST,10.00,S,N,A,-,N,,,,,,,,,,Y,2,0,1,2,A,-,11,21955,,N,G,B,D,A,H,-,B,A,0,Y,,,,Y,,N,60,1,0,0,0,1,0,0,0,0,- ,- ,,,VENTURA,VENTURA,-119.23187832000001,34.261905839999997
6640642,2014,2016-05-17,9770,2014-08-29,2115,018885,,5,2,6,5607,0,1,2,,2,070,RT 101,WENDY DR,125.00,N,N,A,-,Y,VEN,7,101,-,-,8.067,R,3,N,Y,4,0,1,2,A,-,12,21453,A,N,H,G,A,A,H,-,C,A,1,,Y,,,Y,,A,07,0,0,1,0,0,0,1,0,0,FR,- ,34.190570000000001,-118.93893,VENTURA,THOUSAND OAKS,-118.94205503000001,34.191095760000003
6659698,2014,2014-10-20,5600,2014-09-13,0840,4615,8128,6,5,5,5601,0,0,0,,0,08C,PONDEROSA DR,SHEPARD DR,0.00,,Y,A,-,N,,,,,,,,,,N,3,0,1,2,D,-,00,,,N,D,G,A,A,H,-,A,A,0,,Y,,,Y,,-,- ,0,1,0,0,0,0,1,0,0,- ,- ,34.232520000000001,-119.02694,VENTURA,CAMARILLO,-119.02688006,34.232500039999998
6691078,2014,2016-02-18,9765,2014-10-22,1740,019900,,3,2,9,5600,0,2,4,,2,064,CASPER RD,HUENEME RD,15.00,S,N,A,-,N,,,,,,,,,,N,3,0,1,3,A,-,09,21801,A,N,H,G,A,A,H,-,A,D,0,,Y,,,Y,,D,22,0,1,0,0,0,0,1,0,0,- ,- ,34.147199999999998,-119.14449999999999,VENTURA,UNINCORPORATED,-119.14456015,34.147198830000001
6705481,2014,2015-01-23,5609,2014-11-05,1928,388,,3,5,6,5609,0,0,0,,0,004,COCHRAN ST,BOALT AV,0.00,,Y,A,-,N,,,,,,,,,,N,4,0,1,2,A,-,09,21804,A,N,D,G,A,A,H,-,C,A,0,,Y,,,Y,,L,04,0,0,1,0,0,0,1,0,0,- ,- ,,,VENTURA,SIMI VALLEY,-118.72055004000001,34.279040080000001
6705630,2014,2014-11-21,5609,2014-10-06,0855,433,412,1,5,6,5609,0,0,0,,0,004,ALAMO ST,SEQUOIA AV,597.00,W,N,A,-,N,,,,,,,,,,N,4,0,1,2,A,-,05,21650,1,N,D,G,A,A,H,-,A,D,0,,Y,,,Y,,L,04,0,0,1,0,0,0,1,0,0,- ,- ,,,VENTURA,SIMI VALLEY,-118.73285334000001,34.286440020000001
6708121,2014,2015-01-07,5608,2014-11-10,1515,450,VENTU,1,5,6,5608,0,0,0,,0,001,RAMONA ST,SHERIDAN WY,0.00,,Y,A,-,N,,,,,,,,,,N,3,0,1,2,A,-,09,21804,A,N,D,G,A,A,H,-,A,D,0,,Y,,,Y,,A,01,0,1,0,0,0,0,1,0,0,- ,- ,,,VENTURA,VENTURA,-119.30384993,34.290810039999997
6720777,2014,2015-01-13,5600,2014-11-18,1521,4221,9080,2,5,6,5607,0,0,0,,0,9401,GAINSBORROUGH RD,SHADOW LAKE DR,0.00,,Y,A,-,N,,,,,,,,,,N,4,0,1,2,A,-,05,21650,1,N,H,G,A,A,H,-,A,D,0,,Y,,,Y,,L,04,0,0,1,0,0,0,1,0,0,- ,- ,,,VENTURA,THOUSAND OAKS,-118.89230008,34.192270030000003
6744300,2014,2015-01-20,5600,2014-11-21,0753,2833,5188,5,5,4,5690,0,0,0,,0,02A,MOUNTAIN TRAIL ST,WILLOW SPRINGS DR,288.00,N,N,A,-,N,,,,,,,,,,N,3,0,1,2,A,-,11,21954,A,N,G,B,D,A,H,-,A,D,0,Y,,,,Y,,N,60,0,1,0,0,1,0,0,0,0,- ,- ,,,VENTURA,MOORPARK,-118.89650571999999,34.269589170000003
6747130,2014,2015-02-11,9765,2014-12-10,0935,16234,,3,1,5,5601,0,1,2,,2,501,RT 101,LAS POSAS RD,470.00,N,N,A,-,Y,,,101,,,,,,,N,3,0,1,2,A,-,08,22107,,N,G,B,E,A,H,-,A,D,0,Y,,,Y,Y,,G,27,0,1,0,0,1,0,0,0,0,- ,- ,34.219110000000001,-119.07154,VENTURA,CAMARILLO,-119.07153672,34.219161159999999
6748370,2014,2015-02-02,9765,2014-12-11,0540,015117,,4,3,9,5600,0,2,4,,2,064,LAS POSAS RD,HUENEME RD,0.00,,Y,B,-,N,,,,,,,,,,N,2,0,1,2,A,-,09,21801,A,N,H,G,A,A,H,-,C,A,0,,Y,,,Y,,A,07,1,0,0,0,0,0,1,0,0,- ,- ,34.157359999999997,-119.07666,VENTURA,UNINCORPORATED,-119.07669005,34.157370100000001
6754220,2014,2015-02-05,5600,2014-12-27,1132,4938,9094,6,5,6,5607,0,0,0,,0,09G,WILBUR RD,SAINT CHARLES DR,350.00,S,N,A,-,N,,,,,,,,,,N,4,0,1,2,A,-,10,21950,A,F,G,B,C,A,H,-,A,A,0,Y,,,,Y,,-,99,0,0,1,0,1,0,0,0,0,- ,- ,,,VENTURA,THOUSAND OAKS,-118.8783085,34.184498259999998
6754655,2014,2015-02-10,5608,2014-12-09,1430,397,VENTU,2,5,6,5608,0,0,0,,0,001,CHRISMAN AV,THOMPSON BL,0.00,,Y,A,-,N,,,,,,,,,,N,4,0,1,2,A,-,- ,,,N,D,G,A,A,H,-,A,D,0,,Y,,,Y,,-,,0,0,1,0,0,0,1,0,0,- ,- ,,,VENTURA,VENTURA,-119.27859992,34.276000019999998
6755825,2014,2015-02-04,5609,2014-12-11,1755,437,,4,5,6,5609,0,0,0,,0,005,FIG ST,COCHRAN ST,48.00,S,N,A,-,N,,,,,,,,,,N,3,0,1,2,A,-,11,21954,A,N,G,B,D,A,H,-,C,D,0,Y,,,,Y,,N,60,0,1,0,0,1,0,0,0,0,- ,- ,,,VENTURA,SIMI VALLEY,-118.70279494,34.278878380000002
6772117,2014,2015-02-05,9770,2014-12-22,1550,18942,,1,2,6,5609,0,1,3,,2,083,RT 118,TAPO CANYON RD,2.00,W,N,A,-,Y,,,,,,,,,,N,4,0,1,2,A,-,09,21804,A,N,H,G,A,A,H,-,A,A,0,,Y,,,Y,,L,04,0,0,1,0,0,0,1,0,0,TO,- ,34.280540000000002,-118.7179,VENTURA,SIMI VALLEY,-118.71785654,34.281570809999998
6773459,2014,2015-02-24,5608,2014-12-24,1120,470,,3,5,6,5608,0,0,0,,0,003,E MAIN ST,ARUNDELL CIR,120.00,,N,A,-,N,,,,,,,,,,Y,3,0,1,2,A,-,05,21650,1,N,A,G,A,A,H,-,A,D,0,,Y,,,Y,,L,04,0,1,0,0,0,0,1,0,0,- ,- ,,,VENTURA,VENTURA,,
6789033,2015,2016-09-20,5600,2015-01-19,1734,4669,1002,1,5,2,5603,0,0,0,,0,1A1,RT 33,RT 150,0.00,,Y,A,-,Y,VEN,7,33,-,-,11.210,I,5,N,N,4,0,1,2,A,-,05,21650,1,N,D,G,A,A,H,-,C,A,0,,Y,,,Y,,L,04,0,0,1,0,0,0,1,0,0,- ,- ,,,VENTURA,OJAI,-119.26089439,34.441455840000003
6791899,2015,2015-02-18,5600,2015-01-10,1858,4589,8150,6,5,5,5601,0,0,0,,0,08B,CARMEN DR,VENTURA BL,11.00,S,N,C,-,N,,,,,,,,,,N,4,0,1,2,-,-,- ,,,F,G,B,B,B,H,-,C,A,0,Y,,,,Y,,-,- ,0,0,1,0,1,0,0,0,0,- ,- ,34.21678,-119.05036,VENTURA,CAMARILLO,-119.05027515,34.216920080000001
6808375,2015,2015-03-05,5608,2015-01-22,0830,390,5608,4,5,6,5608,0,0,0,,0,001,W MAIN ST,GARDEN ST,0.00,,Y,A,-,N,,,,,,,,,,N,4,0,1,2,A,-,10,21950,A,N,G,B,B,A,H,-,A,A,0,Y,,,,Y,,-,- ,0,0,1,0,1,0,0,0,0,- ,- ,,,VENTURA,VENTURA,-119.30228989,34.281240109999999
6825621,2015,2015-03-30,9770,2015-01-21,0815,012133,,3,1,9,5600,0,2,4,,2,079,HAWTHORNE DR,ROCKFIELD ST,3.00,E,N,A,-,N,,,,,,,,,,N,3,0,1,2,A,-,00,28150,,F,G,B,D,A,H,-,A,A,0,Y,,,,Y,,A,01,0,1,0,0,1,0,0,0,0,- ,- ,34.178849999999997,-118.78104999999999,VENTURA,UNINCORPORATED,-118.78105096,34.178676639999999
6828982,2015,2015-03-12,5606,2015-01-06,0000,1010,5606,2,5,4,5606,0,0,0,,0,002,SANTA PAULA ST,MILL ST,3.00,W,N,A,-,N,,,,,,,,,,N,2,0,1,2,A,-,10,21950,A,N,G,B,B,A,H,-,B,A,0,Y,,,,Y,,D,22,1,0,0,0,1,0,0,0,0,- ,- ,,,VENTURA,SANTA PAULA,-119.06263927000001,34.356967060000002
6841534,2015,2015-04-08,5609,2015-02-10,1500,356,,2,5,6,5609,0,0,0,,0,002,ROYAL AV,BLAZE AV,109.00,E,N,A,-,N,,,,,,,,,,N,3,0,1,2,C,-,18,,,N,G,B,F,A,H,-,A,D,0,Y,,,,Y,,-,- ,0,1,0,0,1,0,0,0,0,- ,- ,,,VENTURA,SIMI VALLEY,-118.77022979,34.264470000000003
6854019,2014,2015-03-20,5606,2014-12-09,1620,1101,5606,2,5,4,5606,0,0,0,,0,001,HARVARD BL,LAURIE LN,0.00,,Y,A,-,N,,,,,,,,,,Y,1,1,0,2,A,-,03,22350,,N,G,B,B,A,H,-,A,-,0,Y,,,,Y,,A,01,0,0,0,1,0,0,0,0,0,- ,- ,,,VENTURA,SANTA PAULA,-119.08135002,34.342510109999999
6854389,2014,2015-04-27,9765,2014-09-04,2132,18001,,4,2,9,5600,0,1,3,,1,020,RT 33,WOODLAND AV,265.00,N,N,A,-,Y,VEN,7,33,-,-,10.770,H,-,N,N,1,1,0,2,A,-,11,21954,A,N,G,B,D,A,H,-,D,D,0,Y,,,,Y,,N,60,0,0,0,1,0,0,0,0,0,- ,- ,34.422899999999998,-119.28958,VENTURA,UNINCORPORATED,-119.28942273,34.423510489999998
6857126,2015,2015-04-02,9765,2015-03-14,1131,020912,,6,1,9,5600,0,1,3,,1,012,MOBIL PIER RD,BICYCLE PATH PCH,50.00,S,N,A,-,N,,,,,,,,,,N,3,0,3,5,A,-,12,22450,A,N,D,G,A,A,H,-,A,A,0,,Y,,,Y,,L,04,0,3,0,0,0,0,3,0,0,- ,- ,34.3373,-119.4103,VENTURA,UNINCORPORATED,,
6882488,2015,2015-04-23,5600,2015-02-18,0733,4637,6011,3,5,3,5602,0,0,0,,0,6A01,A ST,3RD ST,0.00,,Y,A,-,N,,,,,,,,,,N,4,0,1,2,A,-,03,22350,,N,G,B,B,A,H,-,A,A,0,Y,,,,Y,,A,01,0,0,1,0,1,0,0,0,0,- ,- ,,,VENTURA,FILLMORE,-118.9196401,34.40566003
6883358,2015,2015-06-17,5608,2015-04-07,1000,441,,2,5,6,5608,0,0,0,,0,001,PENINSULA ST,CLEARVIEW AV,11.00,N,N,B,-,N,,,,,,,,,,N,3,0,1,2,A,-,08,22107,,N,D,G,A,A,H,-,A,D,0,,Y,,,Y,,-,,0,1,0,0,0,0,1,0,0,- ,- ,,,VENTURA,VENTURA,-119.26781708,34.260572830000001
6900997,2015,2015-05-13,5608,2015-04-24,1305,390,5608,5,5,6,5608,0,0,0,,0,001,THOMPSON BL,CALIFORNIA ST,0.00,,Y,A,-,N,,,,,,,,,,N,3,0,1,2,A,-,09,21801,A,M,D,G,A,A,H,-,A,A,0,,Y,,,Y,,A,01,0,1,0,0,0,0,1,0,0,- ,- ,,,VENTURA,VENTURA,-119.29305992,34.278250079999999
6920807,2015,2015-09-26,5605,2015-04-21,1401,100,PATRO,2,5,3,5605,0,0,0,,0,010,HUENEME RD,VENTURA RD,0.00,,Y,A,-,N,,,,,,,,,,N,4,0,1,2,A,-,10,21950,A,N,G,B,B,A,H,-,A,A,0,Y,,,,Y,,A,01,0,0,1,0,1,0,0,0,0,- ,- ,,,VENTURA,PORT HUENEME,-119.19554472,34.147737069999998