CASE_ID,ACCIDENT_YEAR,PROC_DATE,JURIS,COLLISION_DATE,COLLISION_TIME,OFFICER_ID,REPORTING_DISTRICT,DAY_OF_WEEK,CHP_SHIFT,POPULATION,CNTY_CITY_LOC,SPECIAL_COND,BEAT_TYPE,CHP_BEAT_TYPE,CITY_DIVISION_LAPD,CHP_BEAT_CLASS,BEAT_NUMBER,PRIMARY_RD,SECONDARY_RD,DISTANCE,DIRECTION,INTERSECTION,WEATHER_1,WEATHER_2,STATE_HWY_IND,CALTRANS_COUNTY,CALTRANS_DISTRICT,STATE_ROUTE,ROUTE_SUFFIX,POSTMILE_PREFIX,POSTMILE,LOCATION_TYPE,RAMP_INTERSECTION,SIDE_OF_HWY,TOW_AWAY,COLLISION_SEVERITY,NUMBER_KILLED,NUMBER_INJURED,PARTY_COUNT,PRIMARY_COLL_FACTOR,PCF_CODE_OF_VIOL,PCF_VIOL_CATEGORY,PCF_VIOLATION,PCF_VIOL_SUBSECTION,HIT_AND_RUN,TYPE_OF_COLLISION,MVIW,PED_ACTION,ROAD_SURFACE,ROAD_COND_1,ROAD_COND_2,LIGHTING,CONTROL_DEVICE,CHP_ROAD_TYPE,PEDESTRIAN_ACCIDENT,BICYCLE_ACCIDENT,MOTORCYCLE_ACCIDENT,TRUCK_ACCIDENT,NOT_PRIVATE_PROPERTY,ALCOHOL_INVOLVED,STWD_VEHTYPE_AT_FAULT,CHP_VEHTYPE_AT_FAULT,COUNT_SEVERE_INJ,COUNT_VISIBLE_INJ,COUNT_COMPLAINT_PAIN,COUNT_PED_KILLED,COUNT_PED_INJURED,COUNT_BICYCLIST_KILLED,COUNT_BICYCLIST_INJURED,COUNT_MC_KILLED,COUNT_MC_INJURED,PRIMARY_RAMP,SECONDARY_RAMP,LATITUDE,LONGITUDE,COUNTY,CITY,POINT_X,POINT_Y
6925647,2015,2016-11-30,9770,2015-04-25,1223,19930,,6,1,9,5600,0,1,3,,1,046,RT 126,MAIN ST,1426.00,E,N,B,-,Y,VEN,7,126,-,R,28.610,H,-,W,N,3,0,1,2,A,-,03,22350,,N,H,G,A,A,H,-,A,D,5,,Y,,,Y,,L,04,0,1,0,0,0,0,1,0,0,- ,- ,34.407400000000003,-118.79045000000001,VENTURA,UNINCORPORATED,-118.79068985000001,34.407367450000002
6992294,2015,2015-07-29,5608,2015-07-14,1313,342,,2,5,6,5608,0,0,0,,0,001,VENTURA AV,MISSION AV,39.00,N,N,A,-,N,,,,,,,,,,N,4,0,1,2,A,-,17,22517,,N,B,G,A,A,H,-,A,D,0,,Y,,,Y,,-,,0,0,1,0,0,0,1,0,0,- ,- ,,,VENTURA,VENTURA,-119.29959024,34.28545416
6994252,2015,2015-07-30,5606,2015-06-30,1605,1117,,2,5,4,5606,0,0,0,,0,001,ACACIA RD,ACACIA WY,72.00,N,N,A,-,N,,,,,,,,,,N,4,0,1,2,A,-,03,22350,,N,G,B,D,A,H,-,A,D,0,Y,,,,Y,,A,01,0,0,1,0,1,0,0,0,0,- ,- ,,,VENTURA,SANTA PAULA,,
7000901,2015,2015-08-04,5608,2015-07-02,1239,456,,4,5,6,5608,0,0,0,,0,003,VICTORIA AV,CLOVERLY ST,1.00,N,N,A,-,N,,,,,,,,,,N,4,0,1,2,A,-,05,21650,1,N,D,G,A,A,H,-,A,A,0,,Y,,,Y,,L,04,0,0,1,0,0,0,1,0,0,- ,- ,,,VENTURA,VENTURA,-119.21430055,34.274912710000002
7006234,2015,2017-04-03,5600,2015-08-23,1947,2277,8102,7,5,5,5601,0,0,0,,0,08B,PONDEROSA DR,MOBIL AV,14.00,W,N,A,-,N,,,,,,,,,,Y,1,1,0,2,A,-,01,23152,A,N,G,B,B,A,H,-,C,A,0,Y,,,,Y,Y,A,01,0,0,0,1,0,0,0,0,0,- ,- ,34.223849999999999,-119.04292,VENTURA,CAMARILLO,-119.04284625,34.223610000000001
7006715,2016,2016-04-12,5604,2016-01-22,0628,4591,,5,5,6,5604,0,0,0,,0,024,J ST,JUNIPER ST,113.00,N,N,A,-,N,,,,,,,,,,Y,1,1,0,2,A,-,11,21954,A,N,G,B,D,-,H,-,B,D,0,Y,,,,Y,,N,60,0,0,0,1,0,0,0,0,0,- ,- ,,,VENTURA,OXNARD,-119.18622999999999,34.179910149999998
7028193,2015,2015-10-12,5608,2015-09-29,0949,440,5608,2,5,6,5608,0,0,0,,0,002,MAIN ST,DONLON ST,0.00,,Y,A,-,N,,,,,,,,,,N,4,0,1,2,A,-,09,21802,A,N,D,G,A,A,H,-,A,A,0,,Y,,,Y,,L,04,0,0,1,0,0,0,1,0,0,- ,- ,,,VENTURA,VENTURA,-119.23554987,34.262950050000001
7036156,2015,2015-08-28,9765,2015-08-04,0935,014823,,2,1,9,5600,0,3,5,,2,005,CITRUS ST,SIMON WY,7.00,N,N,A,-,N,,,,,,,,,,N,4,0,1,2,A,-,11,21950,B,N,G,B,D,A,H,-,A,D,0,Y,,,,Y,,N,60,0,0,1,0,1,0,0,0,0,- ,- ,,,VENTURA,UNINCORPORATED,-119.16207731,34.242826059999999
7045594,2015,2015-09-11,5608,2015-08-24,0726,386,,1,5,6,5608,0,0,0,,0,003,MILLS RD,LOMA VISTA RD,12.00,S,N,B,-,N,,,,,,,,,,N,4,0,1,2,A,-,11,21456,1,N,G,B,B,A,H,-,A,A,0,Y,,,,Y,,N,60,0,0,1,0,1,0,0,0,0,- ,- ,,,VENTURA,VENTURA,-119.24854363,34.276677489999997
7060810,2015,2015-10-13,5608,2015-09-19,0902,450,,6,5,6,5608,0,0,0,,0,001,W SIMPSON ST,NORTH VENTURA AV,0.00,,Y,A,-,N,,,,,,,,,,N,4,0,1,2,D,-,00,,,N,-,G,A,A,H,-,A,D,0,,Y,,,Y,,-,- ,0,0,1,0,0,0,1,0,0,- ,- ,,,VENTURA,VENTURA,-119.29864990999999,34.288540070000003
7093425,2015,2015-10-30,5609,2015-09-30,0716,374,,3,5,6,5609,0,0,0,,0,,LEEDS ST,STEARNS ST,356.00,W,N,A,-,N,,,,,,,,,,N,2,0,1,2,A,-,03,22350,,N,-,B,-,A,-,-,A,-,0,Y,,,,Y,,A,01,1,0,0,0,1,0,0,0,0,- ,- ,34.27552,-118.69131,VENTURA,SIMI VALLEY,-118.69254653,34.275427739999998
7110614,2015,2015-11-13,5600,2015-10-31,2025,4001,6009,6,5,3,5602,0,0,0,,0,6A01,MEADOWLARK DR,C ST,365.00,E,N,A,-,N,,,,,,,,,,N,3,0,1,2,A,-,11,21954,A,N,D,B,D,A,H,-,B,D,0,Y,,,,Y,,N,60,0,1,0,0,1,0,0,0,0,- ,- ,,,VENTURA,FILLMORE,,
7112521,2015,2015-11-18,5608,2015-10-10,1659,417,,6,5,6,5608,0,0,0,,0,002,1215 ANCHORS WY,ANCHORS WY,0.00,,Y,A,-,N,,,,,,,,,,N,3,0,1,2,A,-,- ,,,N,D,B,E,A,H,-,A,D,0,Y,,,,Y,,-,,0,1,0,0,1,0,0,0,0,- ,- ,,,VENTURA,VENTURA,-119.26108718,34.24936383
7112858,2015,2015-11-13,5608,2015-10-16,0816,447,,5,5,6,5608,0,0,0,,0,002,CATALINA ST,EVANS ST,0.00,,Y,A,-,N,,,,,,,,,,N,4,0,1,2,A,-,09,21802,A,N,H,G,A,A,H,-,A,A,0,,Y,,,Y,,L,04,0,0,1,0,0,0,1,0,0,- ,- ,,,VENTURA,VENTURA,-119.26876987999999,34.278750000000002
7138016,2015,2017-02-03,5600,2015-11-30,1813,5128,9008,1,5,6,5607,0,0,0,,0,09A,SUNSET HILLS BL,RT 23,69.00,W,N,A,-,Y,VEN,7,23,-,R,7.005,R,4,S,N,4,0,1,2,A,-,08,22107,,N,G,B,E,A,H,-,C,A,0,Y,,,,Y,,A,01,0,0,1,0,1,0,0,0,0,- ,SO,,,VENTURA,THOUSAND OAKS,-118.84824635,34.225441340000003
7139233,2015,2016-01-07,5608,2015-12-22,2254,476,,2,5,6,5608,0,0,0,,0,001,MAIN ST,CALIFORNIA ST,136.00,E,N,A,-,N,,,,,,,,,,N,4,0,1,2,A,-,08,22107,,N,B,G,A,A,H,-,C,A,0,,Y,,,Y,,-,,0,0,1,0,0,0,1,0,0,- ,- ,,,VENTURA,VENTURA,-119.29265030000001,34.280822899999997
7139265,2015,2016-01-11,5608,2015-12-18,1653,401,,5,5,6,5608,0,0,0,,0,001,W MAIN ST,GARDEN ST,0.00,,Y,A,-,N,,,,,,,,,,N,4,0,1,2,A,-,05,21650,,F,G,G,A,A,H,-,C,A,0,,Y,,,Y,,L,04,0,0,1,0,0,0,1,0,0,- ,- ,,,VENTURA,VENTURA,-119.30228989,34.281240109999999
7158605,2015,2016-01-28,5606,2015-11-18,1632,1025,5606,3,5,4,5606,0,0,0,,0,002,MAIN ST,7TH ST,105.00,E,N,A,-,N,,,,,,,,,,N,2,0,1,2,A,-,03,22350,,N,G,B,D,A,H,-,A,D,0,Y,,,,Y,,A,01,1,0,0,0,1,0,0,0,0,- ,- ,,,VENTURA,SANTA PAULA,-119.06569371000001,34.352128759999999
7197203,2016,2016-03-02,5600,2016-02-18,1302,2110,9080,4,5,6,5607,0,0,0,,0,09H,HILLCREST DR,MCCLOUD AV,14.00,W,N,A,-,N,,,,,,,,,,N,3,0,1,2,A,-,06,21951,,N,G,B,B,A,H,-,A,A,0,Y,,,,Y,,A,01,0,1,0,0,1,0,0,0,0,- ,- ,,,VENTURA,THOUSAND OAKS,-118.88739760999999,34.187002329999999
7207320,2016,2016-03-24,5600,2016-02-24,0804,4863,9300,3,5,6,5607,0,0,0,,0,09C,VIA FELICIA,VIA LAS BRISAS,1.00,N,N,A,-,N,,,,,,,,,,N,3,0,1,2,A,-,05,21650,1,N,H,G,A,A,H,-,A,A,0,,Y,,,Y,,L,04,0,1,0,0,0,0,1,0,0,- ,- ,,,VENTURA,THOUSAND OAKS,-118.97900804,34.173202209999999
8000172,2016,2016-03-25,5608,2016-03-09,1540,462,VTA,3,5,6,5608,0,0,0,,0,003,WELLS RD,TELEPHONE RD,200.00,N,N,A,-,N,,,,,,,,,,N,3,0,1,2,A,-,08,22107,,N,G,G,A,A,H,-,A,D,0,,Y,,,Y,,-,,0,1,0,0,0,0,1,0,0,- ,- ,,,VENTURA,VENTURA,-119.15165494,34.284142070000001
8000241,2016,2016-03-25,5608,2016-02-15,1918,429,,1,5,6,5608,0,0,0,,0,004,VICTORIA AV,RALSTON ST,0.00,,Y,A,-,N,,,,,,,,,,Y,2,0,1,2,A,-,11,21456,B,N,G,B,B,A,H,-,C,A,0,Y,,,,Y,Y,N,60,1,0,0,0,1,0,0,0,0,- ,- ,,,VENTURA,VENTURA,-119.21164992,34.261060069999999
8001538,2016,2016-04-04,5600,2016-03-15,0816,4397,8211,2,5,5,5601,0,0,0,,0,08D,PASEO DEL CAMPO,WOODCREEK RD,0.00,,Y,A,-,N,,,,,,,,,,N,3,0,1,2,A,-,09,21804,A,N,D,G,A,A,H,-,A,A,0,,Y,,,Y,,L,04,0,1,0,0,0,0,1,0,0,- ,- ,34.231340000000003,-118.99881999999999,VENTURA,CAMARILLO,-118.99872000000001,34.231390050000002
8003149,2016,2016-04-05,5609,2016-02-21,1516,388,,7,5,6,5609,0,0,0,,0,004,SYCAMORE DR,LARCH ST,216.00,N,N,A,-,N,,,,,,,,,,Y,2,0,1,2,A,-,09,21804,A,N,A,G,A,A,H,-,A,D,0,,Y,,,Y,,L,04,1,0,0,0,0,0,1,0,0,- ,- ,34.275939999999999,-118.74383,VENTURA,SIMI VALLEY,-118.74384000000001,34.276472630000001
8003191,2016,2016-03-28,5609,2016-03-08,0952,310,200,2,5,6,5609,0,0,0,,0,002,LOS ANGELES AV,MADERA RD,551.00,E,N,A,-,N,,,,,,,,,,N,4,0,1,2,A,-,08,22107,,N,C,G,A,A,H,-,A,D,0,,Y,,,Y,,L,04,0,0,1,0,0,0,1,0,0,- ,- ,34.271799999999999,-118.79437,VENTURA,SIMI VALLEY,-118.79447897999999,34.271747640000001
8006061,2016,2016-03-24,5606,2016-01-28,1420,1114,5606,4,5,4,5606,0,0,0,,0,001,MAIN ST,STECKEL N DR,0.00,,Y,A,-,N,,,,,,,,,,N,4,0,1,2,A,-,10,21950,A,N,G,B,B,A,H,-,A,A,0,Y,,,,Y,,-,99,0,0,1,0,1,0,0,0,0,- ,- ,,,VENTURA,SANTA PAULA,-119.08062003000001,34.347390040000001
8015748,2016,2016-04-14,5600,2016-03-17,1513,4218,5107,4,5,4,5690,0,0,0,,0,02A,TIERRA REJADA RD,COURTNEY LN,0.00,,Y,A,-,N,,,,,,,,,,N,3,0,1,2,A,-,09,21801,A,N,H,G,A,A,H,-,A,D,0,,Y,,,Y,,A,01,0,1,0,0,0,0,1,0,0,- ,- ,,,VENTURA,MOORPARK,-118.90087,34.277160029999997
8038324,2016,2016-05-19,5608,2016-05-06,2350,466,,5,5,6,5608,0,0,0,,0,004,PETIT AV,TELEPHONE RD,0.00,,Y,A,-,N,,,,,,,,,,N,4,0,1,2,A,-,03,22350,,N,D,G,A,A,H,-,C,A,0,,Y,,,Y,,-,,0,0,1,0,0,0,1,0,0,- ,- ,,,VENTURA,VENTURA,-119.17057008,34.27224004
8048233,2016,2016-05-26,5600,2016-04-28,1452,4045,9128,4,5,6,5607,0,0,0,,0,1452,VENTU PARK RD,LAWRENCE DR,255.00,E,N,A,-,N,,,,,,,,,,N,3,0,1,2,A,-,05,21650,1,N,H,G,A,A,H,-,A,D,0,,Y,,,Y,,L,04,0,1,0,0,0,0,1,0,0,- ,- ,,,VENTURA,THOUSAND OAKS,-118.91293395,34.19144103
8055411,2016,2016-06-03,5609,2016-05-15,1913,437,,7,5,6,5609,0,0,0,,0,005,WINIFRED ST,COCHRAN ST,9.00,S,N,A,-,N,,,,,,,,,,N,3,0,1,2,A,-,12,21453,A,N,H,G,A,A,H,-,A,A,0,,Y,,,Y,Y,A,07,0,1,0,0,0,0,1,0,0,- ,- ,34.279069999999997,-118.71122,VENTURA,SIMI VALLEY,-118.71110047000001,34.279045310000001
8058966,2016,2016-06-14,5609,2016-05-19,2136,437,,4,5,6,5609,0,0,0,,0,002,ROYAL AV,4TH ST,0.00,,Y,A,-,N,,,,,,,,,,N,4,0,1,2,A,-,05,21650,,N,H,G,A,A,H,-,A,A,0,,Y,,,Y,,L,04,0,0,1,0,0,0,1,0,0,- ,- ,34.264339999999997,-118.7824,VENTURA,SIMI VALLEY,-118.78232,34.264450070000002
8061160,2016,2016-07-27,5600,2016-07-04,1818,4816,8205,1,5,5,5601,0,0,0,,0,8D01,MISSION OAKS BL,CAMARILLO RANCH RD,432.00,E,N,A,-,N,,,,,,,,,,N,2,0,1,2,A,-,09,21804,A,N,D,G,A,A,H,-,A,D,0,,Y,,,Y,,L,04,1,0,0,0,0,0,1,0,0,- ,- ,34.216270000000002,-119.01742,VENTURA,CAMARILLO,-119.01727295000001,34.216381159999997
8064731,2016,2016-06-16,5608,2016-06-05,1350,284,,7,5,6,5608,0,0,0,,0,002,MAIN ST,TELEGRAPH RD,100.00,W,N,A,-,N,,,,,,,,,,N,3,0,1,2,A,-,08,22100,A,N,D,G,A,A,H,-,A,D,0,,Y,,,Y,,-,,0,1,0,0,0,0,1,0,0,- ,- ,,,VENTURA,VENTURA,-119.25736132,34.271958359999999
8085597,2016,2016-07-21,5608,2016-07-05,0851,487,,2,5,6,5608,0,0,0,,0,001,W MAIN ST,PEKING ST,0.00,,Y,A,-,N,,,,,,,,,,N,4,0,1,2,A,-,11,21950,B,N,-,G,A,A,H,-,A,D,0,,Y,,,Y,,L,04,0,0,1,0,0,0,1,0,0,- ,- ,,,VENTURA,VENTURA,-119.30600993,34.281690070000003
8093785,2016,2016-07-26,5609,2016-06-19,1829,437,,7,5,6,5609,0,0,0,,0,001,1ST ST,EASY ST,6.00,N,N,A,-,N,,,,,,,,,,Y,3,0,1,2,A,-,17,21451,A,N,H,G,A,A,H,-,A,A,0,,Y,,,Y,,A,01,0,1,0,0,0,0,1,0,0,- ,- ,34.273539999999997,-118.77887,VENTURA,SIMI VALLEY,-118.77898,34.27368646
8094450,2016,2016-08-02,5600,2016-07-09,1330,4896,8125,6,5,5,5601,0,0,0,,0,8C01,DAILY DR,ARNEILL RD,14.00,E,N,A,-,N,,,,,,,,,,,4,0,1,2,A,-,11,21950,B,N,G,B,B,A,H,-,A,A,0,Y,,,,Y,,N,60,0,0,1,0,1,0,0,0,0,- ,- ,34.217889999999997,-119.03886,VENTURA,CAMARILLO,-119.03896374999999,34.217820000000003
8105436,2016,2016-08-26,5600,2016-08-02,1653,5151,9115,2,5,6,5607,0,0,0,,0,09C,WENDY DR,KIMBER DR,25.00,S,N,A,-,N,,,,,,,,,,N,3,0,1,2,A,-,12,22450,A,N,H,G,A,A,H,-,A,A,0,,Y,,,Y,,L,04,0,1,0,0,0,0,1,0,0,- ,- ,,,VENTURA,THOUSAND OAKS,-118.94536026999999,34.175991869999997
8109592,2016,2016-10-11,5608,2016-08-15,1907,471,,1,5,6,5608,0,0,0,,0,003,MILLS RD,MAIN ST,0.00,,Y,A,-,N,,,,,,,,,,N,4,0,1,2,A,-,10,21950,A,N,G,B,B,A,H,-,A,A,0,Y,,,,Y,,-,,0,0,1,0,1,0,0,0,0,- ,- ,,,VENTURA,VENTURA,-119.24604991,34.265060069999997
8122995,2016,2016-09-20,5609,2016-08-18,1901,539,,4,5,6,5609,0,0,0,,0,004,GALENA AV,COCHRAN ST,0.00,,Y,A,-,N,,,,,,,,,,N,4,0,1,2,A,-,05,21650,1,N,D,G,A,A,H,-,B,A,0,,Y,,,Y,,L,04,0,0,1,0,0,0,1,0,0,- ,- ,34.279029999999999,-118.73563,VENTURA,SIMI VALLEY,-118.73564005999999,34.279010049999997
8123007,2016,2016-09-20,5609,2016-08-14,1903,467,,7,5,6,5609,0,0,0,,0,002,SYCAMORE AV,COCRAN ST,0.00,,Y,A,-,N,,,,,,,,,,N,3,0,1,2,A,-,05,21650,1,N,D,G,A,A,H,-,A,A,0,,Y,,,Y,Y,L,04,0,1,0,0,0,0,1,0,0,- ,- ,,,VENTURA,SIMI VALLEY,-118.74391006,34.279000089999997
8130959,2016,2016-09-27,5608,2016-08-30,0745,377,,2,5,6,5608,0,0,0,,0,003,WOODLAND ST,BROOKSHIRE AV,15.00,E,N,A,-,N,,,,,,,,,,N,4,0,1,2,A,-,00,20001,A,F,G,B,B,A,H,-,A,D,0,Y,,,,Y,,-,,0,0,1,0,1,0,0,0,0,- ,- ,,,VENTURA,VENTURA,-119.21179102000001,34.275966449999999
8131775,2016,2016-10-03,5606,2016-06-28,2000,1114,5606,2,5,4,5606,0,0,0,,0,002,OAK ST,MAIN ST,0.00,N,N,A,-,N,,,,,,,,,,N,3,0,1,2,D,-,00,,,N,B,G,A,A,H,-,B,D,0,,Y,,,Y,,-,- ,0,1,0,0,0,0,1,0,0,- ,- ,,,VENTURA,SANTA PAULA,-119.05690008000001,34.354920100000001
8134191,2016,2016-10-04,5605,2016-08-18,1721,158,PATRO,4,5,3,5605,0,0,0,,0,002,CHANNEL ISLANDS BL,LIDO BL,132.00,W,N,A,-,N,,,,,,,,,,N,4,0,1,2,A,-,08,22107,,N,B,G,A,A,H,-,A,D,0,,Y,,,Y,,A,01,0,0,1,0,0,0,1,0,0,- ,- ,,,VENTURA,PORT HUENEME,-119.20280581,34.175947999999998
81382157,2020,2021-01-06,5609,2020-09-15,1313,452,125,2,5,6,5609,0,0,0,,0,001,LOS ANGELES AVE,DONVILLE AVE,1.00,W,N,A,-,N,,,,,,,,,,N,4,0,1,2,A,-,10,21950,A,N,G,B,B,A,H,-,A,A,0,Y,,,,Y,,A,01,0,0,1,0,1,0,0,0,0,- ,- ,34.271438598632812,-118.76835632324219,VENTURA,SIMI VALLEY,-118.76854705810547,34.271800994873047
81382276,2020,2021-01-06,5609,2020-11-05,0420,478,,4,5,6,5609,0,0,0,,0,005,ALAMO ST,STEARNS ST,996.00,W,N,A,-,N,,,,,,,,,,N,3,0,1,2,A,-,08,22107,,F,C,G,A,A,H,-,C,D,0,,Y,,,Y,,-,99,0,1,0,0,0,0,1,0,0,- ,- ,34.285488128662109,-118.69110870361328,VENTURA,SIMI VALLEY,-118.69473266601562,34.286270141601562
81382334,2020,2021-01-06,5609,2020-11-23,1809,389,615,1,5,6,5609,0,0,0,,0,006,YOSEMITE AVE,LOS ANGELES AVE,7.00,S,N,A,-,N,,,,,,,,,,N,2,0,1,3,A,-,10,21950,A,N,G,B,B,A,H,-,C,A,0,Y,,,,Y,,A,07,1,0,0,0,1,0,0,0,0,- ,- ,34.270919799804688,-118.67822265625,VENTURA,SIMI VALLEY,-118.67839813232422,34.271720886230469
81382399,2020,2021-01-06,5609,2020-12-14,1543,443,120,1,5,6,5609,0,0,0,,0,001,FIRST ST,AGNEW ST,8.00,S,N,A,-,N,,,,,,,,,,N,2,0,2,3,A,-,10,21950,A,N,G,B,B,A,H,-,A,A,0,Y,,,,Y,,D,22,1,0,1,0,2,0,0,0,0,- ,- ,34.27655029296875,-118.7786865234375,VENTURA,SIMI VALLEY,-118.77896881103516,34.276779174804688
8145181,2016,2016-11-28,5608,2016-09-29,1359,471,,4,5,6,5608,0,0,0,,0,004,PARTRIDGE DR,JOHNSON DR,0.00,,Y,A,-,N,,,,,,,,,,N,4,0,1,2,A,-,11,21950,B,N,G,B,-,A,H,-,A,D,0,Y,,,,Y,,N,60,0,0,1,0,1,0,0,0,0,- ,- ,,,VENTURA,VENTURA,-119.19935001,34.261760080000002
8145900,2016,2016-10-20,5609,2016-10-03,1019,310,400,1,5,6,5609,0,0,0,,0,004,LOST CANYONS DR,ERRINGER RD,18.00,E,N,A,-,N,,,,,,,,,,N,3,0,1,2,A,-,07,21658,A,N,B,G,A,A,H,-,A,A,0,,Y,,,Y,,L,04,0,1,0,0,0,0,1,0,0,- ,- ,34.298290000000001,-118.76322,VENTURA,SIMI VALLEY,-118.76335478,34.298158409999999
81477003,2021,2021-05-19,5609,2021-04-12,1125,435,,1,5,6,5609,0,0,0,,0,006,KUEHNER DR,KATHERINE RD,0.00,,Y,A,-,N,,,,,,,,,,N,2,0,1,2,A,-,10,21950,A,N,G,B,B,A,H,-,A,A,0,Y,,,,Y,,A,01,1,0,0,0,1,0,0,0,0,- ,- ,34.265171051025391,-118.662109375,VENTURA,SIMI VALLEY,-118.66207122802734,34.265266418457031
81540589,2021,2021-08-09,5600,2021-08-03,0849,5653,9090,2,5,6,5607,0,0,0,,0,9G01,MOORPARK RD,THOUSAND OAKS BL,12.00,N,N,A,-,N,,,,,,,,,,N,4,0,1,2,A,-,11,21950,B,N,G,B,B,A,H,-,A,A,0,Y,,,,Y,,N,60,0,0,1,0,1,0,0,0,0,- ,- ,34.175918579101562,-118.88037109375,VENTURA,THOUSAND OAKS,-118.87651824951172,34.178962707519531
81616810,2020,2021-11-05,5600,2020-12-05,2020,4550,9156,6,5,6,5607,0,0,0,,0,9G01,THOUSAND OAKS BL,LIVE OAK ST,212.00,E,N,A,-,N,,,,,,,,,,Y,1,1,0,2,A,-,11,21954,A,N,G,B,D,A,H,-,C,D,0,Y,,,,Y,Y,N,60,0,0,0,1,0,0,0,0,0,- ,- ,34.172531127929688,-118.84043121337891,VENTURA,THOUSAND OAKS,-118.83995819091797,34.172138214111328
81625387,2021,2021-11-16,5600,2021-10-22,0934,5481,9144,5,5,6,5607,0,0,0,,0,9D01,VALLEY SPRING DRIVE,CLUB VIEW DRIVE,0.00,,Y,A,-,N,,,,,,,,,,N,2,0,1,2,A,-,09,21801,A,N,H,G,A,A,H,-,A,D,0,,Y,,,Y,,A,01,1,0,0,0,0,0,1,0,0,- ,- ,,,VENTURA,THOUSAND OAKS,-118.81069183349609,34.190845489501953
81641646,2021,2021-12-03,5600,2021-12-01,0840,2913,9000,3,5,6,5607,0,0,0,,0,9A01,AVENIDA DE LOS ARBOLES,LA PALOMA CI,0.00,,Y,A,-,N,,,,,,,,,,N,3,0,1,2,A,-,10,21950,A,N,G,B,B,A,H,-,A,A,0,Y,,,,Y,,A,01,0,1,0,0,1,0,0,0,0,- ,- ,34.213161468505859,-118.89370727539062,VENTURA,THOUSAND OAKS,-118.89031219482422,34.216228485107422
81670592,2021,2022-01-05,5600,2021-12-17,1603,4964,9173,5,5,6,5607,0,0,0,,0,9D01,LAKEVIEW CANYON RD,TOWNSGATE RD,10.00,S,N,A,-,N,,,,,,,,,,N,3,0,1,2,A,-,10,21950,A,N,G,B,B,A,H,-,A,A,0,Y,,,,Y,,A,01,0,1,0,0,1,0,0,0,0,- ,- ,34.146820068359375,-118.82302856445312,VENTURA,THOUSAND OAKS,-118.81864929199219,34.150264739990234
8167102,2017,2018-03-22,5608,2017-04-25,0803,322,,2,5,6,5608,0,0,0,,0,003,JOHN F JOHNSTON DR,VICTORIA AV,349.00,E,N,A,-,N,,,,,,,,,,N,1,1,0,2,A,-,08,22107,,F,G,B,F,A,H,-,A,D,0,Y,,,,Y,,A,07,0,0,0,1,0,0,0,0,0,- ,- ,,,VENTURA,VENTURA,-119.21235681,34.268690319999997
81672355,2021,2022-01-06,5609,2021-08-02,1233,383,,1,5,6,5609,0,0,0,,0,001,LOS ANGELES AVE,HUBBARD ST,6.00,W,N,A,-,N,,,,,,,,,,N,3,0,1,2,A,-,11,21950,B,N,G,B,B,A,H,-,A,A,0,Y,,,,Y,,N,60,0,1,0,0,1,0,0,0,0,- ,- ,34.271778106689453,-118.77004241943359,VENTURA,SIMI VALLEY,-118.77015686035156,34.271659851074219
81672489,2021,2022-01-06,5609,2021-10-11,1715,443,,1,5,6,5609,0,0,0,,0,004,ERRINGER RD,COCHRAN ST,8.00,S,N,A,-,N,,,,,,,,,,N,3,0,1,2,A,-,12,21453,A,N,D,G,A,A,H,-,A,A,0,,Y,,,Y,,L,04,0,1,0,0,0,0,1,0,0,- ,- ,34.278678894042969,-118.76113128662109,VENTURA,SIMI VALLEY,-118.76139831542969,34.278987884521484
81673947,2021,2022-01-10,5600,2021-12-24,1553,5365,1002,5,5,2,5603,0,0,0,,0,1A01,WEST OJAI AVENUE / SR 150,MARICOPA HWY / SR 33,0.00,,Y,A,-,Y,,,,,,,,,,N,3,0,1,2,A,-,12,21453,A,N,D,G,A,A,H,-,A,A,0,,Y,,,Y,,L,04,0,1,0,0,0,0,1,0,0,- ,- ,,,VENTURA,OJAI,-119.260941,34.441420000000001
81691262,2022,2022-02-02,5600,2022-01-24,1757,3147,9154,1,5,6,5607,0,0,0,,0,9G01,HILLCREST DR,CONEJO SCHOOL RD,12.00,S,N,A,-,N,,,,,,,,,,N,3,0,1,2,A,-,05,21650,1,N,H,G,A,A,H,-,C,A,0,,Y,,,Y,,L,04,0,1,0,0,0,0,1,0,0,- ,- ,34.179389953613281,-118.84110260009766,VENTURA,THOUSAND OAKS,-118.84114074707031,34.179378509521484
8170642,2016,2016-11-18,5606,2016-07-10,0936,1017,5606,7,5,4,5606,0,0,0,,0,001,FELKINS RD,TELEGRAPH RD,0.00,,Y,A,-,N,,,,,,,,,,N,3,0,1,2,A,-,09,21804,A,N,D,G,A,A,H,-,A,D,0,,Y,,,Y,,L,04,0,1,0,0,0,0,1,0,0,- ,- ,,,VENTURA,SANTA PAULA,-119.08543007,34.340070079999997
8172225,2016,2016-11-23,5600,2016-11-08,1758,2877,8014,2,5,5,5601,0,0,0,,0,8A01,CALLE LA RODA,DAILY DR,0.00,,Y,A,-,N,,,,,,,,,,N,3,0,1,2,A,-,10,21950,A,N,H,B,B,A,H,-,B,A,0,Y,,,,Y,,A,07,0,1,0,0,1,0,0,0,0,- ,- ,34.221580000000003,-119.06759,VENTURA,CAMARILLO,-119.06749014,34.221550010000001