CASE_ID,ACCIDENT_YEAR,PROC_DATE,JURIS,COLLISION_DATE,COLLISION_TIME,OFFICER_ID,REPORTING_DISTRICT,DAY_OF_WEEK,CHP_SHIFT,POPULATION,CNTY_CITY_LOC,SPECIAL_COND,BEAT_TYPE,CHP_BEAT_TYPE,CITY_DIVISION_LAPD,CHP_BEAT_CLASS,BEAT_NUMBER,PRIMARY_RD,SECONDARY_RD,DISTANCE,DIRECTION,INTERSECTION,WEATHER_1,WEATHER_2,STATE_HWY_IND,CALTRANS_COUNTY,CALTRANS_DISTRICT,STATE_ROUTE,ROUTE_SUFFIX,POSTMILE_PREFIX,POSTMILE,LOCATION_TYPE,RAMP_INTERSECTION,SIDE_OF_HWY,TOW_AWAY,COLLISION_SEVERITY,NUMBER_KILLED,NUMBER_INJURED,PARTY_COUNT,PRIMARY_COLL_FACTOR,PCF_CODE_OF_VIOL,PCF_VIOL_CATEGORY,PCF_VIOLATION,PCF_VIOL_SUBSECTION,HIT_AND_RUN,TYPE_OF_COLLISION,MVIW,PED_ACTION,ROAD_SURFACE,ROAD_COND_1,ROAD_COND_2,LIGHTING,CONTROL_DEVICE,CHP_ROAD_TYPE,PEDESTRIAN_ACCIDENT,BICYCLE_ACCIDENT,MOTORCYCLE_ACCIDENT,TRUCK_ACCIDENT,NOT_PRIVATE_PROPERTY,ALCOHOL_INVOLVED,STWD_VEHTYPE_AT_FAULT,CHP_VEHTYPE_AT_FAULT,COUNT_SEVERE_INJ,COUNT_VISIBLE_INJ,COUNT_COMPLAINT_PAIN,COUNT_PED_KILLED,COUNT_PED_INJURED,COUNT_BICYCLIST_KILLED,COUNT_BICYCLIST_INJURED,COUNT_MC_KILLED,COUNT_MC_INJURED,PRIMARY_RAMP,SECONDARY_RAMP,LATITUDE,LONGITUDE,COUNTY,CITY,POINT_X,POINT_Y
81728574,2022,2022-03-22,5600,2022-02-25,1603,5007,9176,5,5,6,5607,0,0,0,,0,9D01,WESTLAKE BL,BAY DR,0.00,,Y,A,-,N,,,,,,,,,,N,2,0,1,2,A,-,10,21950,A,N,G,B,B,A,H,-,A,D,0,Y,,,,Y,,A,01,1,0,0,0,1,0,0,0,0,- ,- ,34.149890899658203,-118.83651733398438,VENTURA,THOUSAND OAKS,-118.83657836914062,34.149940490722656
81800569,2022,2022-06-22,5600,2022-05-09,1834,4501,8023,1,5,5,5601,0,0,0,,0,8A01,PASEO CAMARILLO,LANTANA ST,940.00,W,N,A,-,N,,,,,,,,,,Y,2,0,1,2,A,-,08,22107,,F,G,B,F,A,H,-,A,D,0,Y,,,,Y,,A,07,1,0,0,0,1,0,0,0,0,- ,- ,34.21923828125,-119.05843353271484,VENTURA,CAMARILLO,-119.05747985839844,34.220722198486328
81835886,2022,2022-08-09,5600,2022-07-26,1259,4704,8151,2,5,5,5601,0,0,0,,0,8B01,VENTURA BL,FIR ST,404.00,E,N,A,-,N,,,,,,,,,,N,4,0,1,2,A,-,11,21950,B,N,G,B,C,A,H,-,A,A,0,Y,,,,Y,,N,60,0,0,1,0,1,0,0,0,0,- ,- ,34.216720581054688,-119.04212951660156,VENTURA,CAMARILLO,-119.04212188720703,34.217361450195312
81842014,2022,2022-08-17,5609,2022-08-03,0509,478,,3,5,6,5609,0,0,0,,0,005,STEARNS ST,LOS ANGELES AVE,0.00,,Y,A,-,N,,,,,,,,,,N,4,0,1,2,A,-,12,21453,A,N,D,G,A,A,H,-,B,A,0,,Y,,,Y,,A,01,0,0,1,0,0,0,1,0,0,- ,- ,34.270988464355469,-118.69122314453125,VENTURA,SIMI VALLEY,-118.69141387939453,34.271739959716797
81856682,2022,2022-09-05,5600,2022-08-24,1345,5150,9160,3,5,6,5607,0,0,0,,0,9D01,AUTO MALL DR,MARMON AV,160.00,W,N,A,-,N,,,,,,,,,,N,2,0,1,2,A,-,06,21750,,N,H,G,A,A,H,-,A,D,0,,Y,,,Y,,L,04,1,0,0,0,0,0,1,0,0,- ,- ,34.158611297607422,-118.83499145507812,VENTURA,THOUSAND OAKS,-118.83113098144531,34.162281036376953
81887988,2022,2022-10-12,5600,2022-09-19,1543,5196,9030,1,5,6,5607,0,0,0,,0,9A01,AVENIDA DE LOS ARBOLES,ARCTURUS ST,135.00,E,N,A,-,N,,,,,,,,,,N,3,0,1,2,A,-,09,21804,A,F,D,G,A,A,H,-,A,D,0,,Y,,,Y,Y,L,04,0,1,0,0,0,0,1,0,0,- ,- ,34.217758178710938,-118.87013244628906,VENTURA,THOUSAND OAKS,-118.86962127685547,34.217868804931641
81893508,2022,2022-10-19,5600,2022-09-14,1847,5443,9126,3,5,6,5607,0,0,0,,0,9H01,US-101 FREEWAY N/B ON-RAMP,WEST ELONGATION OF ACADEMY DRIVE,220.00,W,N,A,-,N,,,,,,,,,,N,3,0,1,2,A,-,12,21453,A,N,H,G,A,A,H,-,B,A,0,,Y,,,Y,,A,01,0,1,0,0,0,0,1,0,0,- ,- ,,,VENTURA,THOUSAND OAKS,,
81899388,2022,2022-10-26,5600,2022-10-19,2045,5458,8205,3,5,5,5601,0,0,0,,0,8D01,MISSION OAKS BL,SCHOOL ST (E),6.00,W,N,A,-,Y,,,,,,,,,,N,3,0,1,2,A,-,10,21950,A,N,G,B,B,A,H,-,C,A,0,Y,,,,Y,,A,01,0,1,0,0,1,0,0,0,0,- ,- ,34.219158172607422,-119.00874328613281,VENTURA,CAMARILLO,,
81941595,2022,2022-12-14,5609,2022-10-31,2230,472,,1,5,6,5609,0,0,0,,0,004,BAYSIDE ST,BOALT AVE,41.00,E,N,A,-,N,,,,,,,,,,N,4,0,1,2,A,-,11,21954,A,F,G,B,E,A,H,-,C,D,0,Y,,,,Y,,N,60,0,0,1,0,1,0,0,0,0,- ,- ,34.276779174804688,-118.71985626220703,VENTURA,SIMI VALLEY,-118.719970703125,34.277370452880859
81941614,2022,2022-12-14,5609,2022-12-07,1715,472,,3,5,6,5609,0,0,0,,0,005,COCHRAN ST,TAPO ST,123.00,W,N,B,-,N,,,,,,,,,,N,4,0,1,2,A,-,10,21952,,N,D,G,A,A,H,-,C,D,0,,Y,,,Y,,A,01,0,0,1,0,0,0,1,0,0,- ,- ,34.278350830078125,-118.70870971679688,VENTURA,SIMI VALLEY,-118.70936584472656,34.279018402099609
81964006,2022,2023-01-10,5600,2022-12-06,0639,4973,8127,2,5,5,5601,0,0,0,,0,8C01,LEWIS RD,TEMPLE AV,0.00,,Y,A,-,Y,VEN,,34,,,14.043,H,,R,N,4,0,1,2,A,-,05,21650,1,N,D,G,A,A,H,-,A,A,0,,Y,,,Y,,L,04,0,0,1,0,0,0,1,0,0,- ,- ,34.2216796875,-119.02938079833984,VENTURA,CAMARILLO,-119.02928161621094,34.221614837646484
8197104,2016,2017-01-06,5600,2016-12-09,0946,4646,5171,5,5,4,5690,0,0,0,,0,02A,TIERRA REJADA RD,HARVESTER ST,715.00,S,N,A,-,N,,,,,,,,,,N,2,0,1,2,A,-,01,23152,E,F,H,G,A,A,H,-,A,D,0,,Y,,,Y,,A,01,1,0,0,0,0,0,1,0,0,- ,- ,,,VENTURA,MOORPARK,-118.90085736,34.273618140000004
81992450,2023,2023-02-13,5600,2023-01-24,1529,5500,8122,2,5,5,5601,0,0,0,,0,8C01,ARNEILL RD,DUNNIGAN ST,0.00,,Y,A,-,N,,,,,,,,,,Y,3,0,1,2,A,-,10,21950,A,N,G,B,B,A,H,-,A,A,0,Y,,,,Y,,A,01,0,1,0,0,1,0,0,0,0,- ,- ,34.227371215820312,-119.04219055175781,VENTURA,CAMARILLO,-119.03907012939453,34.22918701171875
81999529,2023,2023-02-22,5600,2023-02-01,1757,5016,6012,3,5,3,5602,0,0,0,,0,6A01,FIFTH ST,B ST,640.00,E,N,A,-,N,,,,,,,,,,N,3,0,1,2,A,-,21,22106,,N,G,B,F,A,H,-,C,D,0,Y,,,,Y,,A,01,0,1,0,0,1,0,0,0,0,- ,- ,34.408779144287109,-118.92511749267578,VENTURA,FILLMORE,-118.92301177978516,34.409049987792969
82016873,2023,2023-03-14,5600,2023-02-13,802 ,5507,8131,1,5,5,5601,0,0,0,,0,8C01,ADOLFO RD,PONDEROSA DR,0.00,,Y,A,-,N,,,,,,,,,,N,3,0,1,2,A,-,12,22450,A,N,D,G,A,A,H,-,A,A,0,,Y,,,Y,,L,04,0,1,0,0,0,0,1,0,0,- ,- ,34.234859466552734,-119.02374267578125,VENTURA,CAMARILLO,-119.02371215820312,34.234828948974609
82016914,2023,2023-03-14,5600,2023-03-06,1400,4637,,1,5,4,5690,0,0,0,,0,,MOUNTAIN TRAIL ST,COUNTRYHILL RD,0.00,,Y,A,-,N,,,,,,,,,,N,4,0,1,2,A,-,21,22106,,N,G,B,B,A,H,-,A,A,0,Y,,,,Y,,A,01,0,0,1,0,1,0,0,0,0,- ,- ,34.26483154296875,-118.90348052978516,VENTURA,MOORPARK,-118.90346527099609,34.264801025390625
82027570,2023,2023-03-24,5609,2023-03-08,833 ,5021,310,3,5,6,5609,0,0,0,,0,003,CROSBY AVE,FITZGERALD RD,11.00,S,N,A,-,N,,,,,,,,,,N,4,0,1,2,A,-,09,21802,B,N,D,G,A,A,H,-,A,A,0,,Y,,,Y,,L,04,0,0,1,0,0,0,1,0,0,- ,- ,34.256828308105469,-118.74999237060547,VENTURA,SIMI VALLEY,-118.75,34.257198333740234
82027579,2023,2023-03-24,5609,2023-03-09,1353,5023,,4,5,6,5609,0,0,0,,0,004,ROSALIE ST,HURLES AVE,0.00,,Y,A,-,N,,,,,,,,,,N,3,0,1,2,A,-,09,21800,B,N,D,G,A,A,H,-,A,D,0,,Y,,,Y,,D,22,0,1,0,0,0,0,1,0,0,- ,- ,34.272430419921875,-118.72635650634766,VENTURA,SIMI VALLEY,-118.726318359375,34.272449493408203
8205130,2016,2017-01-12,5600,2016-12-20,2103,3852,9124,2,5,6,5607,0,0,0,,0,9C01,BORCHARD RD,MICHAEL DR,55.00,N,N,A,-,N,,,,,,,,,,N,4,0,1,2,A,-,05,21650,1,N,H,G,A,A,H,-,C,D,0,,Y,,,Y,,L,04,0,0,1,0,0,0,1,0,0,- ,- ,,,VENTURA,THOUSAND OAKS,-118.92726747,34.182021390000003
8206449,2016,2017-01-27,5608,2016-12-07,1715,424,,3,5,6,5608,0,0,0,,0,001,MAIN ST,FIR ST,0.00,,Y,B,-,N,,,,,,,,,,N,4,0,1,2,A,-,10,21950,A,N,G,B,B,A,-,-,C,D,0,Y,,,,Y,,-,,0,0,1,0,1,0,0,0,0,- ,- ,,,VENTURA,VENTURA,-119.2900199,34.280840069999996
82081932,2023,2023-05-31,5609,2023-05-20,932 ,472,505,6,5,6,5609,0,0,0,,0,005,WALNUT ST,GALVESTON AVE,0.00,,Y,A,-,N,,,,,,,,,,N,2,0,2,2,A,-,09,21802,A,N,D,G,A,A,H,-,A,A,0,,Y,,,Y,,L,04,2,0,0,0,0,0,2,0,0,- ,- ,34.296108245849609,-118.70536804199219,VENTURA,SIMI VALLEY,-118.70537567138672,34.296146392822266
82126093,2023,2023-07-27,5600,2023-07-12,2127,5244,9126,3,5,6,5607,0,0,0,,0,9H01,CAMINO DOS RIOS,ACADEMY DR,18.00,E,N,A,-,Y,,,,,,,,,,N,2,0,1,2,A,-,10,21950,A,N,G,B,B,A,H,-,C,A,0,Y,,,,Y,,D,22,1,0,0,0,1,0,0,0,0,- ,- ,34.190868377685547,-118.93804931640625,VENTURA,THOUSAND OAKS,-118.93799591064453,34.190784454345703
82130191,2023,2023-07-28,5609,2023-07-20,2045,5023,,4,5,6,5609,0,0,0,,0,002,FOURTH ST,AYHENS ST,21.00,N,N,A,-,N,,,,,,,,,,N,3,0,1,2,A,-,11,21954,A,N,G,B,D,A,H,-,C,D,0,Y,,,,Y,,N,60,0,1,0,0,1,0,0,0,0,- ,- ,34.266708374023438,-118.78224945068359,VENTURA,SIMI VALLEY,-118.78236389160156,34.2669677734375
82148138,2023,2023-08-23,5600,2023-08-01,1106,4973,8131,2,5,5,5601,0,0,0,,0,8C01,LAS POSAS RD,PONDEROSA DR (E),0.00,,Y,A,-,N,,,,,,,,,,N,3,0,1,2,A,-,09,21801,A,N,H,G,A,A,H,-,A,A,0,,Y,,,Y,,M,91,0,1,0,0,0,0,1,0,0,- ,- ,34.240581512451172,-119.02236938476562,VENTURA,CAMARILLO,-119.06977081298828,34.223705291748047
82150763,2023,2023-08-23,5600,2023-08-13,1555,3147,9128,7,5,6,5607,0,0,0,,0,9H01,CALLE ZAFIRO,AVENIDA DEL PLATINO,365.00,E,N,A,-,N,,,,,,,,,,N,3,0,1,2,A,-,11,21954,A,N,G,B,D,A,H,-,A,D,0,Y,,,,Y,,N,60,0,1,0,0,1,0,0,0,0,- ,- ,34.185108184814453,-118.91397094726562,VENTURA,THOUSAND OAKS,,
82153924,2023,2023-08-25,5609,2023-08-17,1811,5066,,4,5,6,5609,0,0,0,,0,002,FIRST ST,PACIFIC AVE,46.00,N,N,A,-,N,,,,,,,,,,N,2,0,1,2,A,-,09,21804,A,N,H,G,A,A,H,-,A,D,0,,Y,,,Y,,L,04,1,0,0,0,0,0,1,0,0,- ,- ,34.26947021484375,-118.77867126464844,VENTURA,SIMI VALLEY,-118.77888488769531,34.269817352294922
82171610,2023,2023-09-18,5609,2023-09-09,2024,5004,,6,5,6,5609,0,0,0,,0,006,NELDA ST,SUEDE AVE,10.00,E,N,A,-,N,,,,,,,,,,N,3,0,1,2,A,-,21,22106,,N,D,B,F,A,H,-,C,D,0,Y,,,,Y,,A,07,0,1,0,0,1,0,0,0,0,- ,- ,34.27362060546875,-118.67247772216797,VENTURA,SIMI VALLEY,-118.67244720458984,34.273658752441406
82191553,2023,2023-10-05,5600,2023-09-08,800 ,5196,9020,5,5,6,5607,0,0,0,,0,9A01,AVENIDA DE LOS ARBOLES,CALLE QUEBRACHO,8.00,W,N,A,-,N,,,,,,,,,,N,3,0,1,2,A,-,05,21650,1,N,D,G,A,A,H,-,A,D,0,,Y,,,Y,,L,04,0,1,0,0,0,0,1,0,0,- ,- ,34.218070983886719,-118.86772155761719,VENTURA,THOUSAND OAKS,-118.86767578125,34.218070983886719
82232908,2023,2023-11-13,5600,2023-10-22,1905,5368,9086,7,5,6,5607,0,0,0,,0,9H01,HILLCREST DR,WILBUR RD,10.00,W,N,A,-,N,,,,,,,,,,N,3,0,1,2,A,-,10,21950,A,F,G,B,B,A,H,-,C,A,0,Y,,,,Y,,A,07,0,1,0,0,1,0,0,0,0,- ,- ,34.181209564208984,-118.88182067871094,VENTURA,THOUSAND OAKS,-118.88190460205078,34.181179046630859
82238572,2023,2023-11-17,5600,2023-10-31,1119,5372,1006,2,5,2,5603,0,0,0,,0,1B01,EAST OJAI AVE / SR 150,N. MONTGOMERY STREET,175.00,W,N,A,-,Y,VEN,,150, , ,18.094,H,,R,N,3,0,1,2,A,-,10,21952,,N,G,B,F,A,H,-,A,D,0,Y,,,,Y,,A,01,0,1,0,0,1,0,0,0,0,- ,- ,34.448440551757812,-119.23642730712891,VENTURA,OJAI,-119.23642730712891,34.448390960693359
82266752,2023,2023-12-20,5609,2023-12-09,1940,5084,,6,5,6,5609,0,0,0,,0,005,COCHRAN ST,WINIFRED ST,11.00,W,N,A,G,Y,,,,,,,,,,N,3,0,1,2,A,-,10,21950,A,N,D,B,B,A,H,-,C,A,0,Y,,,,Y,,A,01,0,1,0,0,1,0,0,0,0,- ,- ,34.278949737548828,-118.71109008789062,VENTURA,SIMI VALLEY,-118.71113586425781,34.279071807861328
82288651,2024,2024-01-17,5609,2024-01-08,1720,5023,,1,5,6,5609,0,0,0,,0,001,ERRINGER RD,LARCH ST,11.00,S,N,A,-,N,,,,,,,,,,N,2,0,1,2,A,-,10,21950,A,N,G,B,B,A,H,-,B,A,0,Y,,,,Y,,D,22,1,0,0,0,1,0,0,0,0,- ,- ,34.275039672851562,-118.76116943359375,VENTURA,SIMI VALLEY,-118.76139831542969,34.275360107421875
82289907,2024,2024-01-18,5600,2024-01-13,1405,5039,,6,5,6,5607,0,0,0,,0,9G01,TAYLOR CT,THOUSAND OAKS BL,0.00,,Y,A,-,N,,,,,,,,,,N,4,0,1,2,A,-,10,21950,A,N,G,B,D,A,H,-,A,D,0,Y,,,,Y,,A,07,0,0,1,0,1,0,0,0,0,- ,- ,34.176361083984375,-118.86640930175781,VENTURA,THOUSAND OAKS,-118.8624267578125,34.179595947265625
82298557,2023,2024-03-08,5600,2023-12-15,944 ,4637,5110,5,5,4,5690,0,0,0,,0,2A01,TIERRA REJADA RD,SUNSET VALLEY RD,0.00,,Y,A,-,N,,,,,,,,,,Y,2,0,1,2,A,-,12,21453,A,N,D,G,A,A,H,-,A,A,0,,Y,,,Y,,L,04,1,0,0,0,0,0,1,0,0,- ,- ,34.264190673828125,-118.85494995117188,VENTURA,MOORPARK,-118.85514068603516,34.264205932617188
82330804,2024,2024-03-21,5600,2024-02-16,1715,5455,9092,5,5,6,5607,0,0,0,,0,9G01,HILLCREST DR,MARIN ST,0.00,,Y,A,-,N,,,,,,,,,,N,4,0,1,2,A,-,08,22107,,F,G,B,B,A,H,-,A,A,0,Y,,,,Y,,A,07,0,0,1,0,1,0,0,0,0,- ,- ,34.182838439941406,-118.88381195068359,VENTURA,THOUSAND OAKS,-118.88382720947266,34.182746887207031
82337327,2023,2024-03-13,5608,2023-10-12,802 ,520,,4,5,6,5608,0,0,0,,0,004,JOHNSON DR,HUMMINGBIRD ST.,129.00,N,N,A,-,N,,,,,,,,,,N,2,0,1,2,D,-,00,,,N,B,G,A,A,H,-,A,D,0,,Y,,Y,Y,,-,- ,1,0,0,0,0,0,1,0,0,- ,- ,,,VENTURA,VENTURA,-119.197509765625,34.253879547119141
82376456,2024,2024-04-29,5609,2024-04-18,855 ,399,,4,5,6,5609,0,0,0,,0,006,COCHRAN ST,PICASO LN,0.00,,Y,A,-,N,,,,,,,,,,N,3,0,1,2,A,-,11,21954,A,N,G,B,E,A,H,-,A,D,0,Y,,,,Y,,N,60,0,1,0,0,1,0,0,0,0,- ,- ,34.278968811035156,-118.67386627197266,VENTURA,SIMI VALLEY,-118.6739501953125,34.279010772705078
82407318,2024,2024-06-06,5609,2024-06-02,1902,5004,,7,5,6,5609,0,0,0,,0,,YUKON AVE,KODIAK CIR,0.00,,Y,A,-,N,,,,,,,,,,N,3,0,1,2,A,-,12,22450,A,N,D,G,A,A,H,-,A,A,0,,Y,,,Y,,A,01,0,1,0,0,0,0,1,0,0,- ,- ,34.288459777832031,-118.71002197265625,VENTURA,SIMI VALLEY,-118.71012115478516,34.287685394287109
82433571,2024,2024-07-09,5600,2024-07-01,1849,2877,,1,5,4,5690,0,0,0,,0,2B01,MILLARD STREET,SECOND STREET,94.00,N,N,A,-,N,,,,,,,,,,N,4,0,1,2,D,-,00,,,F,G,B,D,A,H,-,A,D,0,Y,,,,Y,,-,- ,0,0,1,0,1,0,0,0,0,- ,- ,,,VENTURA,MOORPARK,-118.87850189208984,34.283069610595703
82434702,2024,2024-07-11,5600,2024-06-27,1518,5578,,4,5,6,5607,0,0,0,,0,9G01,HILLCREST DR,CONEJO BL,0.00,,Y,A,-,N,,,,,,,,,,N,3,0,1,2,A,-,07,21658,A,F,B,G,A,A,H,-,A,A,0,,Y,,,Y,,L,04,0,1,0,0,0,0,1,0,0,- ,- ,34.180721282958984,-118.87811279296875,VENTURA,THOUSAND OAKS,-118.87805938720703,34.180633544921875
8282071,2017,2017-02-28,5600,2017-01-06,1517,3942,6020,5,5,3,5602,0,0,0,,0,06B,MAIN ST,MOUNTAIN VIEW ST,0.00,,Y,A,-,N,,,,,,,,,,N,2,0,1,2,A,-,10,21950,A,N,G,B,B,A,H,-,A,D,0,Y,,,,Y,,A,01,1,0,0,0,1,0,0,0,0,- ,- ,,,VENTURA,FILLMORE,-118.90869013,34.399770070000002
8289414,2017,2017-01-26,5608,2017-01-15,1453,395,,7,5,6,5608,0,0,0,,0,004,VALENTINE RD,VICTORIA AV,200.00,E,N,A,-,N,,,,,,,,,,N,4,0,1,2,D,-,00,,,N,A,G,A,A,H,-,A,D,0,,Y,,,Y,,-,- ,0,0,1,0,0,0,1,0,0,- ,- ,,,VENTURA,VENTURA,-119.21115283,34.25138587
8300299,2017,2017-02-06,5608,2017-01-20,1757,491,,5,5,6,5608,0,0,0,,0,003,CITRUS DR,PAJARO AV,81.00,E,N,A,-,N,,,,,,,,,,N,2,0,1,2,A,-,11,21954,A,N,G,B,D,B,H,-,C,D,0,Y,,,,Y,,N,60,1,0,0,0,1,0,0,0,0,- ,- ,,,VENTURA,VENTURA,-119.15420938,34.292646070000004
8334727,2017,2017-03-30,5600,2017-03-15,1552,3147,9072,3,5,6,5607,0,0,0,,0,9G01,THOUSAND OAKS BL,MAEGAN PL,169.00,E,N,A,-,N,,,,,,,,,,N,4,0,1,2,A,-,05,21650,1,N,H,G,A,A,H,-,A,A,0,,Y,,,Y,,L,04,0,0,1,0,0,0,1,0,0,- ,- ,,,VENTURA,THOUSAND OAKS,-118.85246653999999,34.178179999999998
8373430,2017,2017-06-05,5608,2017-05-15,1744,401,,1,5,6,5608,0,0,0,,0,002,EAST THOMPSON BL,FRANCES ST,0.00,,Y,A,-,N,,,,,,,,,,N,4,0,1,2,A,-,17,21658,,N,-,G,A,A,H,-,A,D,0,,Y,,,Y,,L,04,0,0,1,0,0,0,1,0,0,- ,- ,,,VENTURA,VENTURA,-119.25858993999999,34.272030049999998
8374620,2017,2017-06-02,5609,2017-05-04,0719,374,,4,5,6,5609,0,0,0,,0,,ROYAL AV,ELMONTE,343.00,E,N,A,-,N,,,,,,,,,,N,4,0,1,2,A,-,09,21801,A,N,A,G,A,A,H,-,A,D,0,,Y,,,Y,,A,01,0,0,1,0,0,0,1,0,0,- ,- ,,,VENTURA,SIMI VALLEY,-118.78399648,34.264429999999997
83768970,2024,2024-08-08,5609,2024-07-26,1   ,5021,,5,5,6,5609,0,0,0,,0,006,LOS ANGELES AVE,STEARNS ST,400.00,E,N,A,-,N,,,,,,,,,,N,3,0,1,2,A,-,09,21804,A,N,D,G,A,A,H,-,C,D,0,,Y,,,Y,,A,01,0,1,0,0,0,0,1,0,0,- ,- ,34.271831512451172,-118.69138336181641,VENTURA,SIMI VALLEY,-118.69008636474609,34.271739959716797
8383577,2017,2017-06-08,5608,2017-05-23,2009,459,5608,2,5,6,5608,0,0,0,,0,001,E SANTA CLARA ST,KALORAMA ST,0.00,,Y,A,-,N,,,,,,,,,,N,3,0,1,2,A,-,10,21950,A,N,G,B,B,A,H,-,B,A,0,Y,,,,Y,,-,,0,1,0,0,1,0,0,0,0,- ,- ,,,VENTURA,VENTURA,-119.28699989,34.279560080000003
8401168,2016,2018-04-27,5604,2016-01-18,0630,4737,,1,5,6,5604,0,0,0,,0,031,RT 34,DEL NORTE BL,300.00,W,N,B,-,Y,VEN,7,34,-,-,7.120,H,-,E,Y,4,0,1,3,A,-,03,22350,,M,B,B,A,A,H,-,A,A,0,,,,,Y,,A,01,0,0,1,0,0,0,0,0,0,- ,- ,34.196779999999997,-119.12737,VENTURA,OXNARD,-119.1283787,34.196797889999999
84019871,2024,2024-08-12,5600,2024-07-26,1338,5924,,5,5,6,5607,0,0,0,,0,9G01,BRAZIL ST,MOORPARK RD,5.00,W,N,A,-,N,,,,,,,,,,N,4,0,1,2,A,-,05,21650,1,N,D,G,A,A,H,-,A,D,0,,Y,,,Y,,L,04,0,0,1,0,0,0,1,0,0,- ,- ,34.184089660644531,-118.87544250488281,VENTURA,THOUSAND OAKS,,
8415833,2016,2018-04-24,5604,2016-10-10,2110,5005,,1,5,6,5604,0,0,0,,0,031,GONZALES RD,BAHIA ST,40.00,E,N,A,-,N,,,,,,,,,,N,4,0,1,2,A,-,11,21954,A,N,G,B,D,A,H,-,C,D,0,Y,,,,Y,,N,60,0,0,1,0,1,0,0,0,0,- ,- ,34.21904,-119.17505,VENTURA,OXNARD,-119.17491791,34.219146330000001
8422378,2017,2017-08-14,5608,2017-07-18,1018,439,,2,5,6,5608,0,0,0,,0,003,TELEPHONE RD,KIMBALL RD,0.00,,Y,A,-,N,,,,,,,,,,N,3,0,1,2,A,-,08,22107,,N,H,G,A,A,H,-,A,A,0,,Y,,,Y,,-,,0,1,0,0,0,0,1,0,0,- ,- ,,,VENTURA,VENTURA,-119.18866009,34.26887009
8426421,2017,2017-08-15,5606,2017-04-19,1208,1025,5606,3,5,4,5606,0,0,0,,0,001,HARVARD BL,OLIVE ST,0.00,,Y,A,-,N,,,,,,,,,,N,3,0,1,2,A,-,10,21950,A,N,G,B,B,A,H,-,A,A,0,Y,,,,Y,,D,22,0,1,0,0,1,0,0,0,0,- ,- ,,,VENTURA,SANTA PAULA,-119.06825008,34.347470029999997
84368377,2024,2024-08-26,5600,2024-08-22,2043,5495,,4,5,2,5603,0,0,0,,0,1B01,LION ST,OAK ST,54.00,S,N,A,-,N,,,,,,,,,,N,3,0,1,3,A,-,08,22107,,F,G,B,E,A,H,-,D,A,0,Y,,,,Y,,A,01,0,1,0,0,1,0,0,0,0,- ,- ,34.450298309326172,-119.24430847167969,VENTURA,OJAI,-119.24432373046875,34.450641632080078
84411661,2024,2024-09-30,5600,2024-08-26,1721,4973,,1,5,5,5601,0,0,0,,0,8A01,PONDEROSA DR,LAS POSAS RD (W),4.00,E,N,A,-,N,,,,,,,,,,N,4,0,1,2,A,-,05,21650,1,N,D,G,A,A,H,-,A,A,0,,Y,,,Y,,L,04,0,0,1,0,0,0,1,0,0,- ,- ,34.223670959472656,-119.06980133056641,VENTURA,CAMARILLO,,
84423896,2024,2024-10-09,5609,2024-10-04,1623,447,,5,5,6,5609,0,0,0,,0,004,SAMSON AVE,ROSALIE ST,309.00,N,N,A,-,N,,,,,,,,,,N,3,0,1,2,A,-,21,22106,,N,D,G,A,A,H,-,A,D,0,,Y,,,Y,,A,01,0,1,0,0,0,0,1,0,0,- ,- ,34.272441864013672,-118.72720336914062,VENTURA,SIMI VALLEY,-118.72706604003906,34.273292541503906
84439709,2024,2024-10-22,5600,2024-10-20,1437,5293,,7,5,5,5601,0,0,0,,0,8C01,CAMARILLO RANCH RD,MISSION OAKS BL,0.00,,Y,A,-,N,,,,,,,,,,N,4,0,1,2,A,-,05,21650,1,N,D,G,A,A,A,-,A,D,0,,Y,,,Y,,L,04,0,0,1,0,0,0,1,0,0,- ,- ,34.214260101318359,-119.02210235595703,VENTURA,CAMARILLO,-119.01869964599609,34.216262817382812
84451875,2024,2024-10-31,5600,2024-10-15,1335,5456,,2,5,2,5603,0,0,0,,0,1B01,E. OJAI AVE. / SR 150,WHISPERING OAKS DRIVE,15.00,E,N,A,-,Y,VEN,,150, , ,18.189,H,,R,N,4,0,1,2,A,-,09,21804,A,N,D,G,A,A,H,-,A,A,0,,Y,,,Y,,L,04,0,0,1,0,0,0,1,0,0,- ,- ,34.448520660400391,-119.23477935791016,VENTURA,OJAI,-119.23477935791016,34.448482513427734
84474590,2024,2024-11-25,5600,2024-09-06,1406,4973,,5,5,5,5601,0,0,0,,0,8D01,SANTA ROSA RD,ADOLFO RD,0.00,,Y,A,-,N,,,,,,,,,,Y,1,1,0,2,A,-,09,21453,C,N,H,G,A,A,H,-,A,A,0,,Y,,,Y,,M,91,0,0,0,0,0,1,0,0,0,- ,- ,34.216159820556641,-119.00840759277344,VENTURA,CAMARILLO,-119.00514984130859,34.218280792236328