CASE_ID,ACCIDENT_YEAR,PROC_DATE,JURIS,COLLISION_DATE,COLLISION_TIME,OFFICER_ID,REPORTING_DISTRICT,DAY_OF_WEEK,CHP_SHIFT,POPULATION,CNTY_CITY_LOC,SPECIAL_COND,BEAT_TYPE,CHP_BEAT_TYPE,CITY_DIVISION_LAPD,CHP_BEAT_CLASS,BEAT_NUMBER,PRIMARY_RD,SECONDARY_RD,DISTANCE,DIRECTION,INTERSECTION,WEATHER_1,WEATHER_2,STATE_HWY_IND,CALTRANS_COUNTY,CALTRANS_DISTRICT,STATE_ROUTE,ROUTE_SUFFIX,POSTMILE_PREFIX,POSTMILE,LOCATION_TYPE,RAMP_INTERSECTION,SIDE_OF_HWY,TOW_AWAY,COLLISION_SEVERITY,NUMBER_KILLED,NUMBER_INJURED,PARTY_COUNT,PRIMARY_COLL_FACTOR,PCF_CODE_OF_VIOL,PCF_VIOL_CATEGORY,PCF_VIOLATION,PCF_VIOL_SUBSECTION,HIT_AND_RUN,TYPE_OF_COLLISION,MVIW,PED_ACTION,ROAD_SURFACE,ROAD_COND_1,ROAD_COND_2,LIGHTING,CONTROL_DEVICE,CHP_ROAD_TYPE,PEDESTRIAN_ACCIDENT,BICYCLE_ACCIDENT,MOTORCYCLE_ACCIDENT,TRUCK_ACCIDENT,NOT_PRIVATE_PROPERTY,ALCOHOL_INVOLVED,STWD_VEHTYPE_AT_FAULT,CHP_VEHTYPE_AT_FAULT,COUNT_SEVERE_INJ,COUNT_VISIBLE_INJ,COUNT_COMPLAINT_PAIN,COUNT_PED_KILLED,COUNT_PED_INJURED,COUNT_BICYCLIST_KILLED,COUNT_BICYCLIST_INJURED,COUNT_MC_KILLED,COUNT_MC_INJURED,PRIMARY_RAMP,SECONDARY_RAMP,LATITUDE,LONGITUDE,COUNTY,CITY,POINT_X,POINT_Y
84483445,2024,2024-11-27,5600,2024-10-28,1849,4965,,1,5,5,5601,0,0,0,,0,8C01,LAS POSAS RD,TEMPLE AV,0.00,,Y,-,-,N,,,,,,,,,,Y,2,0,1,2,A,-,14,21201,D,N,H,G,A,A,H,-,C,A,0,,Y,,,Y,,L,04,1,0,0,0,0,0,1,0,0,- ,- ,34.237758636474609,-119.03370666503906,VENTURA,CAMARILLO,-119.03379821777344,34.23785400390625
84487763,2024,2024-12-02,5600,2024-11-13,1452,5568,,3,5,2,5603,0,0,0,,0,1A01,WEST OJAI AVE/ SR 150,S. VENTURA ST,135.00,W,N,A,-,Y,VEN,,150, , ,17.486,H,,R,N,3,0,1,2,A,-,09,21801,A,N,D,G,A,A,H,-,A,D,0,,Y,,,Y,,M,96,0,1,0,0,0,0,1,0,0,- ,- ,34.447700500488281,-119.24710083007812,VENTURA,OJAI,-119.24709320068359,34.447650909423828
84540907,2025,2025-01-17,5600,2025-01-15,1504,4527,,3,5,6,5607,0,0,0,,0,9G01,ZUNIGA RIDGE WY,THOUSAND OAKS BL,50.00,S,N,A,-,N,,,,,,,,,,N,3,0,1,2,A,-,11,21954,A,N,G,B,D,A,H,-,A,A,0,Y,,,,Y,,N,60,0,1,0,0,1,0,0,0,0,- ,- ,34.177299499511719,-118.85067749023438,VENTURA,THOUSAND OAKS,-118.85079193115234,34.177120208740234
84549423,2024,2025-01-27,5600,2024-11-15,1300,5635,,5,5,3,5602,0,0,0,,0,6B01,A ST,SANTA CLARA ST,0.00,,Y,F,-,N,,,,,,,,,,N,2,0,1,2,A,-,10,21950,A,N,G,B,B,A,H,-,A,D,0,Y,,,,Y,,D,22,1,0,0,0,1,0,0,0,0,- ,- ,34.397598266601562,-118.91802978515625,VENTURA,FILLMORE,-118.91806030273438,34.397586822509766
84551735,2025,2025-01-28,5600,2025-01-09,1848,5780,,4,5,6,5607,0,0,0,,0,9G01,THOUSAND OAKS BL,CLAY CT,114.00,W,N,A,-,N,,,,,,,,,,N,2,0,1,2,A,-,10,21950,C,N,G,B,B,A,H,-,C,D,0,Y,,,,Y,,A,07,1,0,0,0,1,0,0,0,0,- ,- ,34.180728912353516,-118.85353088378906,VENTURA,THOUSAND OAKS,-118.86493682861328,34.179340362548828
84586790,2025,2025-02-24,5600,2025-02-08,1428,5705,,6,5,2,5603,0,0,0,,0,1A01,N VENTURA AVE / SR-33,E VILLANOVA RD,626.00,N,N,A,-,Y,VEN,,232, , ,2.395,H,,L,N,3,0,1,2,A,-,08,22107,,N,B,G,A,A,H,-,A,D,0,,Y,,,Y,,A,07,0,1,0,0,0,0,1,0,0,- ,- ,34.255901336669922,-119.15519714355469,VENTURA,OJAI,-119.15512084960938,34.255859375
84587112,2025,2025-02-24,5600,2025-02-07,1245,5385,,5,5,2,5603,0,0,0,,0,1A01,MARICOPA HWY / SR33,VALLERIO AV,265.00,N,N,B,-,Y,VEN,,33, , ,11.420,H,,R,N,3,0,1,2,A,-,05,21650,1,N,D,G,A,A,H,-,A,D,0,,Y,,,Y,,L,04,0,1,0,0,0,0,1,0,0,- ,- ,34.442230224609375,-119.26422882080078,VENTURA,OJAI,-119.26422882080078,34.442241668701172
8461210,2017,2017-11-22,5609,2017-09-20,0545,452,,3,5,6,5609,0,0,0,,0,001,COCHRAN ST,CALLAHAN AV,622.00,E,N,A,-,N,,,,,,,,,,N,2,0,1,2,A,-,09,21804,A,N,D,G,A,A,H,-,C,D,0,,Y,,,Y,,D,22,1,0,0,0,0,0,1,0,0,- ,- ,34.279040000000002,-118.76776,VENTURA,SIMI VALLEY,-118.76585414,34.279020000000003
8463229,2017,2017-11-22,5600,2017-09-19,0738,2994,5112,2,5,4,5690,0,0,0,,0,02A,ROLLING KNOLL LN,PEACH HILL RD,16.00,S,N,B,-,N,,,,,,,,,,N,3,0,1,2,A,-,10,21950,A,N,G,B,D,A,H,-,-,A,0,Y,,,,Y,,A,01,0,1,0,0,1,0,0,0,0,- ,- ,,,VENTURA,MOORPARK,-118.87333058999999,34.271656100000001
84645563,2025,2025-04-11,5609,2025-03-12,603 ,482,,3,5,6,5609,0,0,0,,0,003,ERRINGER RD,ROYAL AVE,0.00,,Y,A,-,N,,,,,,,,,,N,4,0,1,2,A,-,09,21801,A,N,D,G,A,A,H,-,C,A,0,,Y,,,Y,,D,22,0,0,1,0,0,0,1,0,0,- ,- ,34.263648986816406,-118.76136779785156,VENTURA,SIMI VALLEY,-118.76138305664062,34.263637542724609
84655607,2025,2025-04-21,5600,2025-04-02,609 ,4973,,3,5,5,5601,0,0,0,,0,8D01,SANTA ROSA RD,ADOLFO RD,11.00,W,N,A,-,N,,,,,,,,,,N,3,0,1,2,D,-,00,,,N,G,B,B,A,H,-,C,A,0,Y,,,,Y,,-,- ,0,1,0,0,1,0,0,0,0,- ,- ,34.218238830566406,-119.00505828857422,VENTURA,CAMARILLO,-119.00517272949219,34.218254089355469
84657725,2025,2025-04-22,5600,2025-04-10,1617,5280,,4,5,5,5601,0,0,0,,0,8B01,CARMEN DR,DAILY DR,110.00,S,N,A,-,N,,,,,,,,,,N,4,0,1,2,A,-,05,21650,1,N,D,G,A,A,H,-,A,D,0,,Y,,,Y,,L,04,0,0,1,0,0,0,1,0,0,- ,- ,34.21923828125,-119.05075073242188,VENTURA,CAMARILLO,-119.05078887939453,34.218959808349609
84679707,2025,2025-05-08,5609,2025-04-22,1846,447,,2,5,6,5609,0,0,0,,0,006,LOS ANGELES AVE,EMORY AVE,0.00,,Y,A,-,N,,,,,,,,,,N,3,0,1,2,A,-,09,21802,A,N,D,G,A,A,H,-,A,D,0,,Y,,,Y,,A,01,0,1,0,0,0,0,1,0,0,- ,- ,34.270961761474609,-118.68683624267578,VENTURA,SIMI VALLEY,-118.68701171875,34.271747589111328
84686412,2025,2025-05-14,5600,2025-05-02,1906,5576,,5,5,3,5602,0,0,0,,0,6A01,B ST,BLAINE AV,0.00,,Y,A,-,N,,,,,,,,,,N,3,0,1,2,A,-,12,22450,A,F,D,G,A,A,H,-,B,A,0,,Y,,,Y,,-,- ,0,1,0,0,0,0,1,0,0,- ,- ,34.405929565429688,-118.92458343505859,VENTURA,FILLMORE,-118.92454528808594,34.405948638916016
8469514,2016,2018-04-27,5604,2016-01-24,1726,5412,,7,5,6,5604,0,0,0,,0,024,SAVIERS RD,HILL ST,50.00,S,N,A,-,N,,,,,,,,,,N,4,0,1,2,A,-,05,21650,1,N,D,G,A,A,A,H,A,D,0,,Y,,,Y,Y,L,04,0,0,1,0,0,0,1,0,0,- ,- ,34.186619999999998,-119.17748,VENTURA,OXNARD,-119.17756608000001,34.186472809999998
8470686,2017,2017-11-03,5608,2017-10-11,1740,491,,3,5,6,5608,0,0,0,,0,003,TELEGRAPH RD,DAY RD,25.00,E,N,A,-,N,,,,,,,,,,N,3,0,1,2,A,-,09,21804,A,N,D,G,A,A,H,-,A,D,0,,Y,,,Y,,-,,0,1,0,0,0,0,1,0,0,- ,- ,,,VENTURA,VENTURA,-119.22645854,34.276311640000003
84794597,2025,2025-08-12,5600,2025-08-03,1300,5807,,7,5,6,5607,0,0,0,,0,9C01,RANCHO DOS VIENTOS,VIA ANDREA,0.00,,Y,A,-,N,,,,,,,,,,N,2,0,1,2,A,-,09,21802,A,N,D,G,A,A,H,-,A,A,0,,Y,,,Y,,A,01,1,0,0,0,0,0,1,0,0,- ,- ,34.157501220703125,-118.98455047607422,VENTURA,THOUSAND OAKS,-118.98453521728516,34.157341003417969
84802047,2025,2025-08-14,5600,2025-05-17,1418,5627,,6,5,2,5603,0,0,0,,0,1B01,E. OJAI AVE / SR 150,MONTGOMERY ST,0.00,,Y,B,-,Y,VEN,,150, , ,17.734,H,,R,N,4,0,1,3,A,-,12,22450,A,N,D,G,A,A,H,-,A,D,0,,Y,,,Y,,L,04,0,0,1,0,0,0,1,0,0,- ,- ,34.448051452636719,-119.24281311035156,VENTURA,OJAI,-119.2427978515625,34.447952270507812
84819405,2025,2025-08-27,5600,2025-08-18,1037,5763,,1,5,5,5601,0,0,0,,0,8B01,CARMEN DR,PONDEROSA DR,12.00,S,N,A,-,N,,,,,,,,,,N,4,0,1,2,A,-,05,21650,1,N,D,G,A,A,H,-,A,A,0,,Y,,,Y,,-,- ,0,0,1,0,0,0,1,0,0,- ,- ,34.221900939941406,-119.05400085449219,VENTURA,CAMARILLO,-119.05076599121094,34.223613739013672
84833549,2025,2025-09-08,5600,2025-09-02,825 ,6095,,2,5,6,5607,0,0,0,,0,9A01,MOORPARK RD,AVENIDA DE LAS FLORES,6.00,S,N,A,-,N,,,,,,,,,,N,3,0,1,2,A,-,08,22107,,N,D,G,A,A,H,-,A,A,0,,Y,,,Y,,A,01,0,1,0,0,0,0,1,0,0,- ,- ,34.205570220947266,-118.87181854248047,VENTURA,THOUSAND OAKS,-118.86837005615234,34.208724975585938
84833550,2025,2025-09-08,5600,2025-09-05,749 ,5007,,5,5,6,5607,0,0,0,,0,9C01,CAROB DR,BORCHARD RD,12.00,S,N,A,-,N,,,,,,,,,,N,3,0,1,2,A,-,05,21650,1,N,A,G,A,A,H,-,A,A,0,,Y,,,Y,,L,04,0,1,0,0,0,0,1,0,0,- ,- ,34.180629730224609,-118.92942047119141,VENTURA,THOUSAND OAKS,-118.92927551269531,34.180538177490234
8484003,2017,2017-11-15,5600,2017-10-24,0816,4045,9020,2,5,6,5607,0,0,0,,0,9A01,AVENIDA DE LOS ARBOLES,CALLE QUEBRACHO,18.00,E,N,A,-,N,,,,,,,,,,N,3,0,1,2,A,-,10,21950,A,N,G,B,B,A,H,-,A,D,0,Y,,,,Y,,A,01,0,1,0,0,1,0,0,0,0,- ,- ,,,VENTURA,THOUSAND OAKS,-118.86759084000001,34.218065070000002
84912698,2025,2025-11-05,5600,2025-10-20,1206,5011,,1,5,3,5602,0,0,0,,0,6B01,MAX PINA WY,SESPE AV,0.00,,Y,A,-,N,,,,,,,,,,N,3,0,1,2,A,-,12,22450,A,N,D,G,A,A,H,-,A,A,0,,Y,,,Y,,A,01,0,1,0,0,0,0,1,0,0,- ,- ,,,VENTURA,FILLMORE,,
84918422,2025,2025-11-10,5609,2025-11-02,1759,5004,,7,5,6,5609,0,0,0,,0,003,ROYAL AVE,PRIDE ST,209.00,E,N,A,-,N,,,,,,,,,,N,3,0,1,2,A,-,11,21954,A,N,D,B,D,A,H,-,C,D,0,Y,,,,Y,,N,60,0,1,0,0,1,0,0,0,0,- ,- ,34.264549255371094,-118.77503967285156,VENTURA,SIMI VALLEY,-118.77433776855469,34.264469146728516
84920370,2025,2025-11-11,5600,2025-10-18,848 ,5689,,6,5,4,5690,0,0,0,,0,2A01,MOUNTAIN TRAIL ST,CEDAR SPRINGS ST,0.00,,Y,A,F,Y,,,,,,,,,,N,3,0,1,2,A,-,10,21950,A,N,G,B,B,A,H,-,A,D,0,Y,,,,Y,,A,01,0,1,0,0,1,0,0,0,0,- ,- ,34.269138336181641,-118.89244079589844,VENTURA,MOORPARK,-118.89832305908203,34.266860961914062
8492336,2017,2017-12-11,5608,2017-11-07,1000,443,VENTU,2,5,6,5608,0,0,0,,0,001,POLI ST,KALORAMA ST,0.00,,Y,A,-,N,,,,,,,,,,N,3,0,1,2,A,-,11,21950,B,N,G,B,B,A,H,-,A,A,0,Y,,,,Y,,N,60,0,1,0,0,1,0,0,0,0,- ,- ,,,VENTURA,VENTURA,-119.28700997999999,34.28216003
84936810,2025,2025-11-19,5609,2025-10-25,1208,5120,,6,5,6,5609,0,0,0,,0,,SEQUOIA AVE,DARBY ST,61.00,S,N,A,-,N,,,,,,,,,,N,1,1,0,2,A,-,08,22107,,N,B,G,A,A,H,-,A,D,0,,Y,,,Y,,L,04,0,0,0,0,0,1,0,0,0,- ,- ,34.280738830566406,-118.73050689697266,VENTURA,SIMI VALLEY,-118.73054504394531,34.280570983886719
8493840,2017,2017-12-13,5600,2017-11-10,1933,4918,9080,5,5,6,5607,0,0,0,,0,9H11,HILLCREST DR,MARIN ST,0.00,,Y,A,-,N,,,,,,,,,,N,3,0,1,2,A,-,17,21451,A,N,H,G,A,A,H,-,C,A,0,,Y,,,Y,,A,01,0,1,0,0,0,0,1,0,0,- ,- ,,,VENTURA,THOUSAND OAKS,-118.88383001,34.182750040000002
84948192,2025,2025-11-26,5600,2025-11-21,1758,5567,,5,5,6,5607,0,0,0,,0,9G01,MOORPARK RD,HILLCREST DR,606.00,N,N,A,-,N,,,,,,,,,,N,4,0,1,2,A,-,11,21954,A,N,G,B,D,A,H,-,C,A,0,Y,,,,Y,,N,60,0,0,1,0,1,0,0,0,0,- ,- ,34.181221008300781,-118.87602996826172,VENTURA,THOUSAND OAKS,-118.87577056884766,34.182804107666016
84984838,2025,2025-12-24,5600,2025-11-28,1457,5744,,5,5,3,5602,0,0,0,,0,6B01,VENTURA STREET,MOUNTAIN VIEW STREET,22.00,W,N,A,-,N,,,,,,,,,,N,3,0,1,2,A,-,10,21950,A,N,G,B,B,A,H,-,A,A,0,Y,,,,Y,,A,01,0,1,0,0,1,0,0,0,0,- ,- ,,,VENTURA,FILLMORE,-118.90839385986328,34.397735595703125
85044738,2026,2026-02-09,5600,2026-01-19,1850,6164,,1,5,5,5601,0,0,0,,0,8B01,BURNLEY ST,CARMEN DR,0.00,,Y,A,-,N,,,,,,,,,,N,3,0,1,2,A,-,09,21802,A,N,D,G,A,A,H,-,C,A,0,,Y,,,Y,,A,07,0,1,0,0,0,0,1,0,0,- ,- ,34.225421905517578,-119.05069732666016,VENTURA,CAMARILLO,-119.05078125,34.225444793701172
85055400,2025,2026-02-13,5600,2025-10-18,1820,5343,,6,5,2,5603,0,0,0,,0,1A01,WEST OJAI AVE / SR-150,SOUTH VENTURA STREET,24.00,N,N,A,-,Y,,,,,,,,,,N,3,0,1,2,A,-,09,21802,A,N,D,G,A,A,G,-,A,A,0,,Y,,,Y,,A,07,0,1,0,0,0,0,1,0,0,- ,- ,,,VENTURA,OJAI,,
85068523,2026,2026-02-24,5600,2026-01-28,804 ,5280,,3,5,5,5601,0,0,0,,0,8B01,PONDEROSA DR,ARNEILL RD,0.00,,Y,A,-,N,,,,,,,,,,N,3,0,1,2,A,-,08,22107,,N,H,G,A,A,H,-,A,A,0,,Y,,,Y,,-,99,0,1,0,0,0,0,1,0,0,- ,- ,34.223560333251953,-119.03898620605469,VENTURA,CAMARILLO,-119.03903961181641,34.223526000976562
85076924,2026,2026-03-02,5609,2026-02-25,715 ,443,,3,5,6,5609,0,0,0,,0,006,SANTA SUSANA PASS RD,ROCKY PEAK RD,280.00,E,-,A,-,N,,,,,,,,,,N,2,0,1,2,A,-,08,22107,,F,G,B,E,A,H,-,A,D,0,Y,,,,Y,,D,22,1,0,0,0,1,0,0,0,0,- ,- ,,,VENTURA,SIMI VALLEY,-118.63430023193359,34.267856597900391
85111070,2026,2026-03-25,5600,2026-03-22,2000,5770,,7,5,6,5607,0,0,0,,0,9C01,VENTU PARK RD,NEWBURY RD,0.00,,Y,A,-,N,,,,,,,,,,N,2,0,1,2,A,-,10,21950,A,F,G,B,B,A,H,-,C,D,0,Y,,,,Y,,A,01,1,0,0,0,1,0,0,0,0,- ,- ,34.182270050048828,-118.91114044189453,VENTURA,THOUSAND OAKS,-118.91123962402344,34.182277679443359
85112844,2026,2026-03-26,5609,2026-03-13,1002,492,,5,5,6,5609,0,0,0,,0,004,SYCAMORE DR,BROWER ST,200.00,N,-,A,-,N,,,,,,,,,,N,3,0,1,2,A,-,05,21650,1,N,D,G,A,A,H,-,A,D,0,,Y,,,Y,,L,04,0,1,0,0,0,0,1,0,0,- ,- ,,,VENTURA,SIMI VALLEY,-118.74385070800781,34.273258209228516
85129322,2026,2026-04-15,5609,2026-03-13,920 ,5120,,5,5,6,5609,0,0,0,,0,005,LOS ANGELES AVE,HIDDEN RANCH DR,11.00,E,-,A,-,N,,,,,,,,,,N,1,1,0,2,A,-,10,21950,A,N,G,B,B,A,H,-,A,A,0,Y,,,,Y,,A,01,0,0,0,1,0,0,0,0,0,- ,- ,,,VENTURA,SIMI VALLEY,-118.69452667236328,34.271739959716797
8513493,2018,2018-02-15,5608,2018-01-01,1801,492,,1,5,6,5608,0,0,0,,0,001,E MAIN ST,RAEMERE ST,0.00,,-,B,-,N,,,,,,,,,,Y,2,0,1,2,A,-,10,21950,,N,G,B,B,A,H,-,C,A,0,Y,,,,Y,,-,,1,0,0,0,1,0,0,0,0,- ,- ,34.280899047851562,-119.285400390625,VENTURA,VENTURA,,
85144367,2026,2026-04-24,5604,2026-03-24,1543,5830,,2,5,6,5604,0,0,0,,0,041,CONCORD DR,E CHANNEL ISLANDS BLVD,500.00,S,-,A,-,N,,,,,,,,,,N,2,0,1,2,A,-,11,21954,A,N,G,B,D,A,H,-,A,D,0,Y,,,,Y,,N,60,1,0,0,0,1,0,0,0,0,- ,- ,,,VENTURA,OXNARD,-119.16500854492188,34.171943664550781
8518302,2017,2017-12-19,5608,2017-12-01,1844,439,,5,5,6,5608,0,0,0,,0,004,TELEPHONE RD,HILL RD,26.00,E,N,A,-,N,,,,,,,,,,Y,4,0,1,2,A,-,10,21950,A,N,G,B,B,A,H,-,C,A,0,Y,,,,Y,,-,,0,0,1,0,1,0,0,0,0,- ,- ,,,VENTURA,VENTURA,-119.20638533,34.266322289999998
8520932,2017,2017-12-28,5609,2017-12-05,1911,437,,2,5,6,5609,0,0,0,,0,001,1ST ST,LOS ANGELES AV,21.00,N,N,A,-,N,,,,,,,,,,N,3,0,1,2,A,-,05,21650,1,N,D,G,A,A,H,-,C,A,0,,Y,,,Y,,L,04,0,1,0,0,0,0,1,0,0,- ,- ,34.271599999999999,-118.77885999999999,VENTURA,SIMI VALLEY,-118.77897861,34.271867610000001
8526773,2017,2018-01-09,5606,2017-10-23,1315,1117,5606,1,5,4,5606,0,0,0,,0,001,MAIN ST,4TH ST,0.00,,Y,A,-,N,,,,,,,,,,N,3,0,1,2,A,-,10,21950,A,N,G,B,E,A,H,-,A,D,0,Y,,,,Y,,A,01,0,1,0,0,1,0,0,0,0,- ,- ,,,VENTURA,SANTA PAULA,-119.06893001,34.351140020000003
8531317,2016,2018-04-23,5604,2016-11-06,0148,5473,,7,5,6,5604,0,0,0,,0,041,THOMAS AV,SAVIERS RD,50.00,E,N,A,-,N,,,,,,,,,,N,4,0,1,2,A,-,08,22107,,N,H,G,A,A,H,-,C,A,0,,Y,,,Y,,-,,0,0,1,0,0,0,1,0,0,- ,- ,34.169789999999999,-119.17758000000001,VENTURA,OXNARD,-119.17738496,34.169773880000001
8531333,2016,2018-04-24,5604,2016-10-28,2349,5392,,5,5,6,5604,0,0,0,,0,032,OXNARD BL,DATE ST,390.00,S,N,A,-,N,,,,,,,,,,N,2,0,1,2,A,-,11,21954,A,N,A,B,D,A,H,-,C,D,0,Y,,,,Y,Y,N,60,1,0,0,0,1,0,0,0,0,- ,- ,34.189230000000002,-119.1696,VENTURA,OXNARD,-119.16953423,34.183556179999997
8537991,2018,2018-02-01,5600,2018-01-11,1454,2994,5100,4,5,4,5690,0,0,0,,0,02B,HIGH ST,SPRING RD,175.00,W,N,A,-,N,,,,,,,,,,N,4,0,1,2,A,-,09,21801,A,N,D,G,A,A,H,-,A,D,0,,Y,,,Y,,D,22,0,0,1,0,0,0,1,0,0,- ,- ,,,VENTURA,MOORPARK,-118.87530517578125,34.285438537597656
8548496,2018,2018-02-09,5608,2018-01-29,1233,476,,1,5,6,5608,0,0,0,,0,002,MAIN ST,DONLON ST,0.00,,Y,A,-,N,,,,,,,,,,N,4,0,1,2,A,-,05,21650,1,N,D,G,A,A,H,-,A,A,0,,Y,,,Y,,L,04,0,0,1,0,0,0,1,0,0,- ,- ,,,VENTURA,VENTURA,-119.23554992675781,34.262950897216797
8553649,2018,2018-02-21,5608,2018-02-04,1636,501,,7,5,6,5608,0,0,0,,0,004,RAMELLI AV,WALLABY CT,100.00,S,N,A,-,N,,,,,,,,,,N,4,0,1,2,A,-,08,22107,,N,H,G,A,A,H,-,A,D,0,,Y,,,Y,,L,04,0,0,1,0,0,0,1,0,0,- ,- ,,,VENTURA,VENTURA,-119.19189453125,34.260799407958984
8554420,2018,2018-06-20,5600,2018-01-25,0842,3342,1005,4,5,2,5603,0,0,0,,0,1B01,BALD ST,PEARL ST,120.00,N,N,A,-,N,,,,,,,,,,N,4,0,1,2,A,-,21,22106,,N,G,B,E,A,H,-,A,D,0,Y,,,,Y,,A,07,0,0,1,0,1,0,0,0,0,- ,- ,,,VENTURA,OJAI,-119.24036407470703,34.446147918701172
8554957,2016,2018-04-25,5604,2016-11-10,1603,5176,,4,5,6,5604,0,0,0,,0,014,GONZALES RD,C ST,0.00,,Y,A,-,N,,,,,,,,,,N,4,0,1,2,A,-,06,21755,A,N,B,G,A,A,H,-,A,A,0,,Y,,,Y,,L,04,0,0,1,0,0,0,1,0,0,- ,- ,34.219090000000001,-119.18084,VENTURA,OXNARD,-119.18084013000001,34.219190009999998
8554986,2016,2018-05-02,5604,2016-10-03,0803,5341,,1,5,6,5604,0,0,0,,0,031,GARFIELD AV,COOPER RD,10.00,S,N,A,-,N,,,,,,,,,,N,3,0,1,3,A,-,12,22450,A,N,G,B,B,A,H,-,A,D,0,Y,,,,Y,,A,01,0,1,0,0,1,0,0,0,0,- ,- ,34.204529999999998,-119.17375,VENTURA,OXNARD,-119.17376,34.204512549999997
8555007,2016,2018-05-02,5604,2016-12-29,1322,5486,,4,5,6,5604,0,0,0,,0,024,CHANNEL ISLANDS BL,MANZANITA DR,300.00,W,N,A,-,N,,,,,,,,,,N,4,0,1,2,A,-,- ,,,N,G,B,D,A,H,-,A,D,0,Y,,,,Y,,A,01,0,0,1,0,1,0,0,0,0,- ,- ,,,VENTURA,OXNARD,-119.19324057,34.175653920000002
8555035,2016,2018-04-25,5604,2016-03-30,2000,5471,,3,5,6,5604,0,0,0,,0,041,SAVIERS RD,BRYCE CANYON AV,0.00,,Y,A,-,N,,,,,,,,,,N,3,0,1,2,A,-,12,21453,A,F,D,G,A,A,H,-,C,A,0,,Y,,,Y,Y,A,01,0,1,0,0,0,0,1,0,0,- ,- ,34.169750000000001,-119.17758000000001,VENTURA,OXNARD,-119.17769002,34.169780090000003
8555081,2016,2018-04-30,5604,2016-04-04,0954,5317,,1,5,6,5604,0,0,0,,0,014,OXNARD BL,FOREST PARK,0.00,,Y,A,-,N,,,,,,,,,,N,4,0,1,2,A,-,09,21800,A,N,B,G,A,A,H,-,-,D,0,,Y,,,Y,,A,07,0,0,1,0,0,0,1,0,0,- ,- ,34.244689999999999,-119.17726999999999,VENTURA,OXNARD,-119.17693,34.244720999999998
8557497,2016,2018-05-09,5604,2016-09-20,2056,4531,,2,5,6,5604,0,0,0,,0,012,N ROSE AV,GONZALES RD,75.00,W,N,A,-,N,,,,,,,,,,N,3,0,1,2,A,-,10,21950,A,N,G,B,D,A,H,-,C,D,0,Y,,,,Y,,A,01,0,1,0,0,1,0,0,0,0,- ,- ,34.219520000000003,-119.15884,VENTURA,OXNARD,,
8571147,2016,2018-05-01,5604,2016-04-10,1700,5160,,7,5,6,5604,0,0,0,,0,021,OARFISH LN,TAFFRAIL CT,300.00,E,N,A,-,N,,,,,,,,,,N,4,0,1,2,A,-,03,22350,,F,G,B,D,A,H,-,A,A,0,Y,,,,Y,,A,01,0,0,1,0,1,0,0,0,0,- ,- ,34.192239999999998,-119.22002999999999,VENTURA,OXNARD,-119.21955457999999,34.19296817
8589463,2018,2018-04-09,5608,2018-03-28,1500,299,,3,5,6,5608,0,0,0,,0,002,HARBOR BL,SEAWARD AV,500.00,W,N,A,-,N,,,,,,,,,,N,3,0,1,2,A,-,05,21650,1,N,-,G,A,A,H,-,A,D,0,,Y,,,Y,,L,04,0,1,0,0,0,0,1,0,0,- ,- ,,,VENTURA,VENTURA,-119.27094268798828,34.266078948974609
8597192,2017,2018-04-20,5604,2017-03-09,1500,5486,,4,5,6,5604,0,0,0,,0,012,N ROSE AV,LOCKWOOD ST,10.00,S,N,A,-,N,,,,,,,,,,N,4,0,2,3,B,-,22,,,N,G,B,C,A,H,-,A,D,0,Y,,,,Y,,A,01,0,0,2,0,2,0,0,0,0,- ,- ,,,VENTURA,OXNARD,-119.15829622,34.222083040000001
8598189,2017,2018-04-23,5604,2017-01-21,0919,4959,,6,5,6,5604,0,0,0,,0,042,C ST,PLEASANT VALLEY RD,0.00,,Y,A,-,N,,,,,,,,,,N,4,0,1,2,A,-,09,21801,A,N,D,G,A,A,H,-,A,A,0,,Y,,,Y,,A,01,0,0,1,0,0,0,1,0,0,- ,- ,34.155160000000002,-119.18033,VENTURA,OXNARD,-119.1806,34.15472012
8598219,2017,2018-04-19,5604,2017-01-04,1858,4578,4,3,5,6,5604,0,0,0,,0,042,SAVIERS RD,BARD RD,0.00,,Y,C,-,N,,,,,,,,,,N,3,0,1,2,A,-,10,21950,A,F,G,B,B,A,H,-,C,A,0,Y,,,,Y,,-,99,0,1,0,0,1,0,0,0,0,- ,- ,,,VENTURA,OXNARD,-119.17778011,34.161000020000003
8598369,2017,2018-04-18,5604,2017-02-10,1835,5471,,5,5,6,5604,0,0,0,,0,022,5TH ST,VENTURA RD,26.00,W,N,B,C,N,,,,,,,,,,N,2,0,1,2,A,-,10,21950,A,F,G,B,B,B,H,-,C,A,0,Y,,,,Y,,-,99,1,0,0,0,1,0,0,0,0,- ,- ,34.197670000000002,-119.19473000000001,VENTURA,OXNARD,-119.19496409999999,34.197695549999999
8598443,2018,2018-04-19,5604,2018-03-17,2121,4531,,6,5,6,5604,0,0,0,,0,024,HILL ST,C ST,0.00,,Y,A,-,N,,,,,,,,,,N,4,0,1,2,A,-,11,21456,B,N,G,B,B,A,H,-,C,A,0,Y,,,,Y,,N,60,0,0,1,0,1,0,0,0,0,- ,- ,34.186649322509766,-119.18122863769531,VENTURA,OXNARD,-119.18122863769531,34.186641693115234