CASE_ID,ACCIDENT_YEAR,PROC_DATE,JURIS,COLLISION_DATE,COLLISION_TIME,OFFICER_ID,REPORTING_DISTRICT,DAY_OF_WEEK,CHP_SHIFT,POPULATION,CNTY_CITY_LOC,SPECIAL_COND,BEAT_TYPE,CHP_BEAT_TYPE,CITY_DIVISION_LAPD,CHP_BEAT_CLASS,BEAT_NUMBER,PRIMARY_RD,SECONDARY_RD,DISTANCE,DIRECTION,INTERSECTION,WEATHER_1,WEATHER_2,STATE_HWY_IND,CALTRANS_COUNTY,CALTRANS_DISTRICT,STATE_ROUTE,ROUTE_SUFFIX,POSTMILE_PREFIX,POSTMILE,LOCATION_TYPE,RAMP_INTERSECTION,SIDE_OF_HWY,TOW_AWAY,COLLISION_SEVERITY,NUMBER_KILLED,NUMBER_INJURED,PARTY_COUNT,PRIMARY_COLL_FACTOR,PCF_CODE_OF_VIOL,PCF_VIOL_CATEGORY,PCF_VIOLATION,PCF_VIOL_SUBSECTION,HIT_AND_RUN,TYPE_OF_COLLISION,MVIW,PED_ACTION,ROAD_SURFACE,ROAD_COND_1,ROAD_COND_2,LIGHTING,CONTROL_DEVICE,CHP_ROAD_TYPE,PEDESTRIAN_ACCIDENT,BICYCLE_ACCIDENT,MOTORCYCLE_ACCIDENT,TRUCK_ACCIDENT,NOT_PRIVATE_PROPERTY,ALCOHOL_INVOLVED,STWD_VEHTYPE_AT_FAULT,CHP_VEHTYPE_AT_FAULT,COUNT_SEVERE_INJ,COUNT_VISIBLE_INJ,COUNT_COMPLAINT_PAIN,COUNT_PED_KILLED,COUNT_PED_INJURED,COUNT_BICYCLIST_KILLED,COUNT_BICYCLIST_INJURED,COUNT_MC_KILLED,COUNT_MC_INJURED,PRIMARY_RAMP,SECONDARY_RAMP,LATITUDE,LONGITUDE,COUNTY,CITY,POINT_X,POINT_Y
8598503,2018,2018-04-20,5600,2018-04-01,1242,4961,9074,7,5,6,5607,0,0,0,,0,09G,THOUSAND OAKS BL,OAK LN,0.00,,Y,A,-,N,,,,,,,,,,N,4,0,1,2,A,-,09,21804,A,N,H,G,A,A,H,-,A,D,0,,Y,,,Y,,L,04,0,0,1,0,0,0,1,0,0,- ,- ,,,VENTURA,THOUSAND OAKS,-118.85440826416016,34.178001403808594
8598791,2017,2018-04-19,5604,2017-03-17,0823,5341,,5,5,6,5604,0,0,0,,0,032,CHANNEL ISLANDS BL,SAVIERS RD,30.00,E,N,B,-,N,,,,,,,,,,N,3,0,1,2,A,-,11,21954,A,F,G,B,E,A,H,-,A,A,0,Y,,,,Y,,N,60,0,1,0,0,1,0,0,0,0,- ,- ,34.173400000000001,-119.17755,VENTURA,OXNARD,,
8598813,2018,2018-04-23,5604,2018-04-08,1959,5485,,7,5,6,5604,0,0,0,,0,042,PLEASANT VALLEY RD,CHARLES ST,0.00,,Y,A,-,N,,,,,,,,,,N,4,0,1,2,A,-,11,21955,,N,G,B,D,A,H,-,C,A,0,Y,,,,Y,Y,N,60,0,0,1,0,1,0,0,0,0,- ,- ,34.154708862304688,-119.17871856689453,VENTURA,OXNARD,-119.17873382568359,34.154731750488281
8598833,2018,2018-04-23,5604,2018-04-11,0934,5417,,3,5,6,5604,0,0,0,,0,023,SOUTH OXNARD BL,4TH ST,400.00,N,N,A,-,N,,,,,,,,,,N,4,0,1,2,B,-,22,,,N,H,B,F,A,H,-,A,A,0,Y,Y,,,Y,,L,04,0,0,1,0,1,0,0,0,0,- ,- ,34.19921875,-119.17626953125,VENTURA,OXNARD,-119.17744445800781,34.200096130371094
8599186,2018,2018-04-26,5604,2018-02-21,1829,4514,,3,5,6,5604,0,0,0,,0,041,SAVIERS RD,YUCCA ST,0.00,,Y,A,-,N,,,,,,,,,,N,3,0,1,2,A,-,10,21950,A,N,G,B,B,A,H,-,C,A,0,Y,,,,Y,,A,01,0,1,0,0,1,0,0,0,0,- ,- ,34.165931701660156,-119.17761993408203,VENTURA,OXNARD,-119.17772674560547,34.165939331054688
8599928,2017,2018-04-20,5604,2017-06-02,1124,5433,,5,5,6,5604,0,0,0,,0,014,J ST,WOOLEY RD,150.00,N,N,B,-,N,,,,,,,,,,N,4,0,1,2,A,-,21,22106,,F,G,B,E,A,H,-,A,D,0,Y,,,,Y,,A,01,0,0,1,0,1,0,0,0,0,- ,- ,34.189999999999998,-119.18951,VENTURA,OXNARD,-119.18950497,34.190451379999999
8600010,2017,2018-04-24,5604,2017-04-28,0535,5306,,5,5,6,5604,0,0,0,,0,021,VENTURA RD,IVYWOOD DR,0.00,,Y,-,-,N,,,,,,,,,,N,4,0,1,2,A,-,12,21453,A,N,G,G,A,A,H,-,A,A,0,,Y,,,Y,,L,04,0,0,1,0,0,0,1,0,0,- ,- ,34.216050000000003,-119.19459000000001,VENTURA,OXNARD,-119.19472,34.216050099999997
8600046,2017,2018-04-20,5604,2017-04-23,1935,5115,,7,5,6,5604,0,0,0,,0,021,CHANNEL ISLANDS BL,VICTORIA AV,0.00,,Y,A,-,N,,,,,,,,,,N,3,0,1,2,A,-,12,21453,A,F,G,G,A,A,H,-,B,A,0,,Y,,,Y,Y,A,01,0,1,0,0,0,0,1,0,0,- ,- ,34.175980000000003,-119.2216,VENTURA,OXNARD,-119.22154989000001,34.175890000000003
8600060,2017,2018-04-23,5604,2017-04-30,1815,5430,,7,5,6,5604,0,0,0,,0,042,FONTANA DR,RAINBOW DR,0.00,,Y,A,-,N,,,,,,,,,,N,4,0,1,2,B,-,22,,,N,G,B,D,A,H,-,A,A,0,Y,,,,Y,,A,01,0,0,1,0,1,0,0,0,0,- ,- ,34.163629999999998,-119.13768,VENTURA,OXNARD,-119.13784013999999,34.164270029999997
8600208,2017,2018-04-25,5604,2017-02-08,1502,4925,,3,5,6,5604,0,0,0,,0,022,7TH ST,F ST,50.00,W,N,A,-,N,,,,,,,,,,N,4,0,1,2,A,-,05,21650,1,F,B,G,A,A,H,-,A,A,0,,Y,,,Y,Y,L,04,0,0,1,0,0,0,1,0,0,- ,- ,34.195079999999997,-119.18613999999999,VENTURA,OXNARD,-119.18506515999999,34.195099999999996
8600407,2017,2018-05-02,5604,2017-10-05,0957,4954,,4,5,6,5604,0,0,0,,0,031,ROSE AV,3RD ST,0.00,,Y,A,-,N,,,,,,,,,,N,2,0,1,2,A,-,12,21453,A,F,D,G,A,A,H,-,A,A,0,,Y,,,Y,,A,01,1,0,0,0,0,0,1,0,0,- ,- ,,,VENTURA,OXNARD,-119.1598515,34.200449999999996
8600445,2017,2018-05-02,5604,2017-10-11,1715,4531,,3,5,6,5604,0,0,0,,0,031,SAN GORGONIO AV,ROSE AV,400.00,E,N,A,-,N,,,,,,,,,,N,3,0,1,2,A,-,11,21954,A,N,G,B,D,A,H,-,A,D,0,Y,,,,Y,,N,60,0,1,0,0,1,0,0,0,0,- ,- ,34.216349999999998,-119.1559,VENTURA,OXNARD,-119.15845897,34.204823349999998
8600507,2017,2018-05-07,5604,2017-09-29,1059,5135,,5,5,6,5604,0,0,0,,0,021,GREENCASTLE WY,HEMLOCK ST,150.00,S,N,A,-,N,,,,,,,,,,N,4,0,1,2,B,-,22,,,F,G,B,F,A,H,-,A,D,0,Y,,,,Y,,A,01,0,0,1,0,1,0,0,0,0,- ,- ,34.180430000000001,-119.2268,VENTURA,OXNARD,-119.22746039,34.180997580000003
8600558,2017,2018-05-01,5604,2017-08-11,2200,5474,,5,5,6,5604,0,0,0,,0,031,5TH ST,RICHMOND AV,0.00,,Y,A,-,N,,,,,,,,,,N,3,0,1,2,A,-,09,21802,A,N,D,G,A,A,H,-,C,D,0,,Y,,,Y,,A,07,0,1,0,0,0,0,1,0,0,- ,- ,34.196890000000003,-119.16952000000001,VENTURA,OXNARD,-119.16956005,34.196890089999997
8600652,2017,2018-04-24,5604,2017-03-28,1551,5405,,2,5,6,5604,0,0,0,,0,014,W ESPLANADE DR,OXNARD BL,345.00,E,N,A,-,N,,,,,,,,,,N,4,0,1,2,B,-,22,,,N,G,B,C,A,H,-,A,D,0,Y,,,,Y,,A,01,0,0,1,0,1,0,0,0,0,- ,- ,,,VENTURA,OXNARD,,
8600655,2017,2018-04-24,5604,2017-03-25,1941,5472,,6,5,6,5604,0,0,0,,0,042,HUENEME RD,ARCTURUS AV,0.00,,Y,A,-,N,,,,,,,,,,N,4,0,1,2,A,-,09,21801,A,N,D,G,A,A,H,-,C,A,0,,Y,,,Y,,A,01,0,0,1,0,0,0,1,0,0,- ,- ,34.147390000000001,-119.17224,VENTURA,OXNARD,-119.17226006,34.147460029999998
8600666,2017,2018-04-23,5604,2017-06-03,1622,5359,,6,5,6,5604,0,0,0,,0,032,OXNARD BL,WOOLEY RD,50.00,S,N,A,-,N,,,1,,,,,,,N,3,0,1,2,A,-,05,21650,1,N,D,G,A,A,H,-,A,A,0,,Y,,,Y,,L,04,0,1,0,0,0,0,1,0,0,- ,- ,34.189239999999998,-119.17631,VENTURA,OXNARD,-119.17646755,34.189044819999999
8600704,2017,2018-05-02,5604,2017-08-04,2315,5360,,5,5,6,5604,0,0,0,,0,032,S OXNARD BL,DATE ST,200.00,S,N,A,-,N,,,,,,,,,,N,3,0,1,2,B,-,22,,,F,G,B,E,A,H,-,C,A,0,Y,,,,Y,,A,01,0,1,0,0,1,0,0,0,0,- ,- ,34.183840000000004,-119.17036,VENTURA,OXNARD,-119.16998658,34.183917260000001
8600728,2017,2018-05-07,5604,2017-10-28,1022,5403,,6,5,6,5604,0,0,0,,0,024,N BIRCH ST,RIALTO ST,15.00,E,N,A,-,N,,,,,,,,,,N,4,0,1,2,A,-,11,21954,A,N,G,B,A,A,H,-,A,D,0,,,Y,,Y,,C,03,0,0,1,0,0,0,0,0,1,- ,- ,,,VENTURA,OXNARD,-119.19768046,34.185300580000003
8600761,2017,2018-05-02,5604,2017-02-02,1430,5297,,4,5,6,5604,0,0,0,,0,011,BROOKWOOD LN,ARDMORE LN,80.00,W,N,A,-,N,,,,,,,,,,N,4,0,1,2,A,-,11,21954,A,F,G,B,E,A,H,-,A,D,0,Y,,,,Y,,N,60,0,0,1,0,1,0,0,0,0,- ,- ,34.220649999999999,-119.21019,VENTURA,OXNARD,-119.21031431,34.220912939999998
8600803,2017,2018-05-04,5604,2017-06-05,1705,5469,,1,5,6,5604,0,0,0,,0,022,VENTURA RD,5TH ST,500.00,N,N,B,-,N,,,,,,,,,,N,3,0,1,2,A,-,03,22350,,N,G,B,B,A,H,-,A,D,0,Y,,,,Y,,D,22,0,1,0,0,1,0,0,0,0,- ,- ,34.197670000000002,-119.19473000000001,VENTURA,OXNARD,-119.19485063,34.199082140000002
8600933,2017,2018-04-24,5604,2017-12-19,1142,4919,,2,5,6,5604,0,0,0,,0,024,SAVIERS RD,ELM ST,0.00,,Y,A,-,N,,,,,,,,,,N,3,0,1,2,A,-,08,22107,,N,D,G,A,A,H,-,A,A,0,,Y,,,Y,,D,82,0,1,0,0,0,0,1,0,0,- ,- ,,,VENTURA,OXNARD,-119.17755006,34.182800010000001
8601327,2017,2018-04-26,5604,2017-04-09,2215,5005,,7,5,6,5604,0,0,0,,0,032,7TH ST,META ST,0.00,E,N,A,-,N,,,,,,,,,,,2,0,1,2,A,-,10,21950,A,N,G,B,D,A,H,-,C,D,0,Y,,,,Y,,A,01,1,0,0,0,1,0,0,0,0,- ,- ,34.195010000000003,-119.17597000000001,VENTURA,OXNARD,-119.17598009,34.195030029999998
8601335,2017,2018-04-26,5604,2017-04-01,1847,5472,,6,5,6,5604,0,0,0,,0,041,BRYCE CANYON AV,F ST,25.00,E,N,A,-,N,,,,,,,,,,N,2,0,1,2,A,-,03,22350,,N,G,B,D,A,H,-,B,D,0,Y,,,,Y,,A,01,1,0,0,0,1,0,0,0,0,- ,- ,34.170009999999998,-119.18364,VENTURA,OXNARD,-119.18395744999999,34.169809999999998
8601538,2017,2018-05-01,5604,2017-05-18,2310,5065,,4,5,6,5604,0,0,0,,0,014,VINEYARD BL,OXNARD AV,30.00,N,N,A,-,N,,,,,,,,,,N,3,0,1,2,A,-,03,22350,,F,C,G,A,A,H,-,C,A,0,,Y,,,Y,,-,99,0,1,0,0,0,0,1,0,0,- ,- ,34.225850000000001,-119.17769,VENTURA,OXNARD,,
8601548,2017,2018-05-09,5604,2017-09-20,0700,5263,,3,5,6,5604,0,0,0,,0,022,C ST,WOOLEY RD,30.00,N,N,A,-,N,,,,,,,,,,N,4,0,1,2,A,-,00,21760,C,N,B,G,A,A,A,-,A,A,0,,Y,,,Y,,A,07,0,0,1,0,0,0,1,0,0,- ,- ,34.19014,-119.18115,VENTURA,OXNARD,-119.18118928,34.190232340000001
8601561,2017,2018-04-30,5604,2017-06-24,1823,5473,,6,5,6,5604,0,0,0,,0,041,SAVIERS RD,YUCCA ST,0.00,,Y,A,-,N,,,,,,,,,,N,4,0,1,2,A,-,12,21453,A,F,G,B,B,A,A,H,A,A,0,Y,,,,Y,,A,01,0,0,1,0,1,0,0,0,0,- ,- ,34.171210000000002,-119.17128,VENTURA,OXNARD,-119.17773010000001,34.1659401
8601586,2017,2018-04-20,5604,2017-10-10,0715,5496,,2,5,6,5604,0,0,0,,0,012,SONATA DR,GONZALES RD,0.00,,Y,A,-,N,,,,,,,,,,N,4,0,1,2,A,-,05,21650,1,N,D,G,A,A,H,-,A,D,0,,Y,,,Y,,L,04,0,0,1,0,0,0,1,0,0,- ,- ,34.21866,-119.16209000000001,VENTURA,OXNARD,-119.16211002,34.219010009999998
8603706,2018,2018-05-08,5608,2018-04-23,1354,422,VENTU,1,5,6,5608,0,0,0,,0,004,JOHNSON DR,NORTHBANK DR,300.00,N,N,A,-,N,,,,,,,,,,N,3,0,1,2,A,-,09,21804,A,N,-,G,A,A,H,-,A,D,0,,Y,,,Y,,-,,0,1,0,0,0,0,1,0,0,- ,- ,,,VENTURA,VENTURA,-119.19455718994141,34.247127532958984
8605057,2018,2018-05-14,5609,2018-03-29,0732,374,,4,5,6,5609,0,0,0,,0,,ROYAL AV,TAPO CANYON RD,352.00,W,N,A,-,N,,,,,,,,,,N,2,0,1,2,A,-,17,21208,B,N,C,G,A,A,H,-,A,D,0,,Y,,,Y,,L,04,1,0,0,0,0,0,1,0,0,- ,- ,34.267978668212891,-118.71662902832031,VENTURA,SIMI VALLEY,-118.71772003173828,34.267978668212891
8608180,2018,2018-04-30,5604,2018-01-11,0806,5135,,4,5,6,5604,0,0,0,,0,022,DORIS AV,VENTURA RD,0.00,,Y,A,-,N,,,,,,,,,,N,3,0,1,2,A,-,10,21950,A,N,G,B,-,A,H,-,A,A,0,Y,,,,Y,,E,22,0,1,0,0,1,0,0,0,0,- ,- ,34.208328247070312,-119.19467163085938,VENTURA,OXNARD,-119.19464111328125,34.208358764648438
8608277,2018,2018-04-30,5604,2018-01-18,1624,5417,,4,5,6,5604,0,0,0,,0,041,BARD RD,JUSTIN WY,0.00,,Y,A,-,N,,,,,,,,,,N,2,0,1,2,A,-,09,21802,A,N,D,G,A,A,H,-,A,A,0,,Y,,,Y,,L,04,1,0,0,0,0,0,1,0,0,- ,- ,34.161170959472656,-119.17302703857422,VENTURA,OXNARD,-119.17313385009766,34.161209106445312
8615779,2018,2018-06-20,5604,2018-01-20,1152,5407,,6,5,6,5604,0,0,0,,0,021,W WOOLEY RD,KELP LN,450.00,W,N,A,G,N,,,,,,,,,,N,3,0,1,2,A,-,07,21658,A,N,A,G,A,A,H,-,A,D,0,,Y,,,Y,,L,04,0,1,0,0,0,0,1,0,0,- ,- ,34.190280914306641,-119.21118927001953,VENTURA,OXNARD,-119.21270751953125,34.19036865234375
8616460,2018,2018-05-24,5605,2018-05-03,0825,100,PATRO,4,5,3,5605,0,0,0,,0,002,CHANNEL ISLANDS BL,UKIAH ST,0.00,,Y,A,-,N,,,,,,,,,,N,4,0,1,2,A,-,05,21650,,N,D,G,A,A,H,-,A,D,0,,Y,,,Y,,L,04,0,0,1,0,0,0,1,0,0,- ,- ,34.175750732421875,-119.20005798339844,VENTURA,PORT HUENEME,-119.20036315917969,34.175918579101562
8625126,2018,2018-05-31,5604,2018-05-11,1253,5450,,5,5,6,5604,0,0,0,,0,024,C ST,MAYWOOD WY,0.00,,Y,A,-,N,,,,,,,,,,N,4,0,1,2,A,-,05,21650,,N,D,G,A,A,H,-,A,D,0,,Y,,,Y,,L,04,0,0,1,0,0,0,1,0,0,- ,- ,34.174629211425781,-119.18110656738281,VENTURA,OXNARD,-119.18125915527344,34.175991058349609
8632473,2018,2018-06-11,5608,2018-05-31,1655,403,,4,5,6,5608,0,0,0,,0,002,MAIN ST,MILLS RD,35.00,S,N,A,-,N,,,,,,,,,,N,4,0,1,2,A,-,12,21453,A,N,-,G,A,A,H,-,A,A,0,,Y,,,Y,,L,04,0,0,1,0,0,0,1,0,0,- ,- ,,,VENTURA,VENTURA,-119.24594116210938,34.265029907226562
8634903,2018,2018-06-18,5600,2018-05-09,1501,5234,9060,3,5,6,5607,0,0,0,,0,09B,JANSS RD,EL MONTE DR,14.00,E,N,A,-,N,,,,,,,,,,N,3,0,1,2,D,-,00,,,N,G,B,B,A,H,-,A,D,0,Y,,,,Y,,-,- ,0,1,0,0,1,0,0,0,0,- ,- ,,,VENTURA,THOUSAND OAKS,-118.85057067871094,34.19903564453125
8639361,2018,2018-08-20,5600,2018-04-28,1138,4568,2A01,6,5,4,5690,0,0,0,,0,5116,RT 118,EDENBRIDGE RD,0.00,,Y,A,-,Y,VEN,7,118,-,R,17.790,H,-,W,N,4,0,1,2,A,-,11,21950,B,N,G,B,D,A,H,-,A,D,0,Y,,,,Y,,N,60,0,0,1,0,1,0,0,0,0,- ,- ,,,VENTURA,MOORPARK,-118.8773193359375,34.27899169921875
8652826,2018,2018-07-09,5609,2018-05-22,0757,310,503,2,5,6,5609,0,0,0,,0,005,TOWNSHIP AV,TAPO ST,0.00,,Y,B,-,N,,,,,,,,,,N,3,0,1,2,A,-,10,21950,A,N,G,B,B,A,H,-,A,A,0,Y,,,,Y,,A,01,0,1,0,0,1,0,0,0,0,- ,- ,,,VENTURA,SIMI VALLEY,-118.70894622802734,34.293521881103516
8654680,2018,2018-07-17,5608,2018-07-05,1851,474,,4,5,6,5608,0,0,0,,0,002,FOOTHILL,GROVE,0.00,,N,A,-,N,,,,,,,,,,N,2,0,1,2,A,-,12,22450,A,N,D,G,A,A,H,-,A,D,0,,Y,,,Y,,-,- ,1,0,0,0,0,0,1,0,0,- ,- ,34.279300689697266,-119.25740051269531,VENTURA,VENTURA,-119.25730895996094,34.279541015625
8657012,2018,2018-08-14,5600,2018-06-01,1037,4978,1005,5,5,2,5603,0,0,0,,0,1B01,FULTON ST,OJAI VALLEY BIKE TRAIL,26.00,N,N,A,-,N,,,,,,,,,,N,3,0,1,2,A,-,11,21950,B,N,G,B,D,A,H,-,A,A,0,Y,,,,Y,,N,60,0,1,0,0,1,0,0,0,0,- ,- ,,,VENTURA,OJAI,,
8661050,2018,2018-07-16,5604,2018-06-23,2106,5514,,6,5,6,5604,0,0,0,,0,041,BARD RD,ROSE AV,0.00,,Y,A,-,N,,,,,,,,,,N,3,0,1,2,A,-,10,21950,A,N,G,B,B,A,H,-,C,A,0,Y,,,,Y,,A,07,0,1,0,0,1,0,0,0,0,- ,- ,34.162220001220703,-119.15943145751953,VENTURA,OXNARD,-119.15950012207031,34.1622314453125
8669902,2018,2018-08-27,5608,2018-07-23,1600,440,5608,1,5,6,5608,0,0,0,,0,004,VALENTINE RD,VICTORIA AV,0.00,,Y,A,-,N,,,,,,,,,,N,4,0,1,2,A,-,11,21950,B,N,G,B,B,A,H,-,A,A,0,Y,,,,Y,,N,60,0,0,1,0,1,0,0,0,0,- ,- ,,,VENTURA,VENTURA,-119.21177673339844,34.251541137695312
8674185,2018,2018-08-14,5600,2018-05-26,0642,4967,5100,6,5,4,5690,0,0,0,,0,02A,TIERRA REJADA RD,RT 23,40.00,W,N,A,-,Y,VEN,7,23,-,R,9.924,R,4,S,N,2,0,1,2,A,-,05,21650,,N,C,G,A,A,H,-,A,D,0,,Y,,,Y,,A,01,1,0,0,0,0,0,1,0,0,- ,- ,,,VENTURA,MOORPARK,-118.84883117675781,34.263591766357422
8684998,2018,2018-08-22,5604,2018-07-17,2500,5508,,2,5,6,5604,0,0,0,,0,031,ALPINE ST,SANTA LUCIA,300.00,N,N,A,-,N,,,,,,,,,,N,3,0,1,2,A,-,11,21954,A,N,G,B,D,A,H,-,A,D,0,Y,,,,Y,,N,60,0,1,0,0,1,0,0,0,0,- ,- ,34.216350555419922,-119.15589904785156,VENTURA,OXNARD,-119.15872955322266,34.202861785888672
8686080,2018,2018-10-08,5600,2018-08-10,1455,1936,9080,5,5,6,5607,0,0,0,,0,09H,LYNN RD,GAINSBOROUGH RD,55.00,S,N,A,-,N,,,,,,,,,,N,4,0,1,2,D,-,00,,,N,H,G,A,A,D,E,A,D,0,,Y,,,Y,,-,- ,0,0,1,0,0,0,1,0,0,- ,- ,,,VENTURA,THOUSAND OAKS,-118.89389038085938,34.192981719970703
8688498,2018,2018-09-12,5604,2018-08-12,1300,5435,,7,5,6,5604,0,0,0,,0,031,N OXNARD BL,COLONIA RD,0.00,,Y,A,-,N,,,,,,,,,,N,2,0,1,2,A,-,05,21650,1,N,A,B,B,A,H,-,A,A,0,Y,Y,,,Y,,L,04,1,0,0,0,1,0,0,0,0,- ,- ,34.216350555419922,-119.15589904785156,VENTURA,OXNARD,-119.1773681640625,34.206459045410156
8691233,2018,2018-09-18,5600,2018-08-11,2228,2941,9000,6,5,6,5607,0,0,0,,0,9A01,MOONDANCE ST,SUNDANCE ST,154.00,S,N,A,-,N,,,,,,,,,,N,4,0,1,3,A,-,08,22107,,F,B,B,E,A,H,-,C,D,0,Y,,,,Y,,A,07,0,0,1,0,0,0,0,0,0,- ,- ,,,VENTURA,THOUSAND OAKS,-118.88819122314453,34.223060607910156
8693956,2018,2018-10-18,5604,2018-07-23,1133,5454,,1,5,6,5604,0,0,0,,0,041,ROSE AV,RAIDERS WY,0.00,,Y,A,-,N,,,,,,,,,,N,3,0,1,2,A,-,12,21453,A,F,D,G,A,A,H,-,A,A,0,,Y,,,Y,,A,08,0,1,0,0,0,0,1,0,0,- ,- ,34.172458648681641,-119.15995788574219,VENTURA,OXNARD,-119.16017150878906,34.171669006347656
8714228,2018,2018-10-24,5609,2018-09-14,0757,452,,5,5,6,5609,0,0,0,,0,,ROYAL AV,BUCKSIN AV,270.00,E,N,A,-,N,,,,,,,,,,N,4,0,1,2,A,-,05,21650,1,N,D,G,A,A,H,-,A,D,0,,Y,,,Y,,L,04,0,0,1,0,0,0,1,0,0,- ,- ,34.264541625976562,-118.77294921875,VENTURA,SIMI VALLEY,-118.77206420898438,34.264480590820312
8716457,2018,2019-01-17,5608,2018-10-12,0725,471,,5,5,6,5608,0,0,0,,0,004,VICTORIA AV,RT 126,0.00,,Y,A,-,Y,VEN,7,126,-,-,1.448,R,1,E,N,4,0,1,2,A,-,05,21650,1,N,D,G,A,A,H,-,A,D,0,,Y,,,Y,,L,04,0,0,1,0,0,0,1,0,0,- ,- ,,,VENTURA,VENTURA,-119.21365356445312,34.271331787109375
8718002,2018,2018-10-17,5604,2018-09-17,0555,5561,,1,5,6,5604,0,0,0,,0,031,ROSE AV,CAMINO DEL SOL RD,0.00,,Y,A,-,N,,,,,,,,,,N,3,0,1,2,A,-,09,21801,A,N,D,G,A,A,H,-,C,A,0,,Y,,,Y,,A,01,0,1,0,0,0,0,1,0,0,- ,- ,34.206329345703125,-119.15966796875,VENTURA,OXNARD,-119.15969085693359,34.206348419189453
8725075,2018,2018-10-24,5609,2018-10-05,1605,435,,5,5,6,5609,0,0,0,,0,,TAPO CANYON RD,BECKY ST,225.00,N,N,A,-,N,,,,,,,,,,N,3,0,1,2,A,-,08,22107,,N,H,G,A,A,H,-,A,D,0,,Y,,,Y,Y,L,04,0,1,0,0,0,0,1,0,0,- ,- ,34.274909973144531,-118.71775817871094,VENTURA,SIMI VALLEY,-118.71784973144531,34.275588989257812
8729906,2018,2018-11-19,5604,2018-10-12,1535,5536,,5,5,6,5604,0,0,0,,0,041,PLEASANT VALLEY,OXNARD BL,200.00,W,N,A,-,N,,,,,,,,,,N,3,0,1,2,A,-,11,21954,A,N,G,B,D,A,H,-,A,D,0,Y,,,,Y,,A,01,0,1,0,0,1,0,0,0,0,- ,- ,,,VENTURA,OXNARD,-119.14447784423828,34.165279388427734
8731535,2018,2018-11-13,5604,2018-10-24,1144,5519,,3,5,6,5604,0,0,0,,0,012,ROSE AV,GONZALES RD,50.00,N,N,A,-,N,,,,,,,,,,N,4,0,1,2,B,-,22,,,N,H,B,F,A,H,-,A,D,0,Y,,,,Y,,A,08,0,0,1,0,1,0,0,0,0,- ,- ,,,VENTURA,OXNARD,-119.15842437744141,34.219127655029297
8734106,2018,2018-12-07,5604,2018-10-19,1115,5208,,5,5,6,5604,0,0,0,,0,032,DATE ST,CALIFORNIA ST,0.00,,Y,A,-,N,,,,,,,,,,N,3,0,1,3,A,-,03,22350,,N,G,B,F,A,H,-,A,A,0,Y,,,Y,Y,,G,27,0,1,0,0,1,0,0,0,0,- ,- ,,,VENTURA,OXNARD,-119.17131805419922,34.183551788330078
8746260,2018,2019-01-24,5608,2018-11-13,1626,499,,2,5,6,5608,0,0,0,,0,001,KELLOGG ST,CAMERON ST,63.00,W,N,A,-,N,,,,,,,,,,N,3,0,1,2,A,-,11,21954,A,N,G,B,D,A,H,-,B,D,0,Y,,,,Y,,N,60,0,1,0,0,1,0,0,0,0,- ,- ,,,VENTURA,VENTURA,-119.29608917236328,34.290252685546875
8746264,2018,2019-01-24,5608,2018-11-14,1608,501,,3,5,6,5608,0,0,0,,0,002,BESSEMER ST,WALTER ST,0.00,,Y,A,-,N,,,,,,,,,,N,4,0,1,2,A,-,08,22107,,N,G,B,E,A,H,-,A,D,0,Y,,,,Y,,D,22,0,0,1,0,1,0,0,0,0,- ,- ,,,VENTURA,VENTURA,-119.23809814453125,34.260730743408203
8747637,2018,2018-12-19,5604,2018-10-19,2240,5360,,5,5,6,5604,0,0,0,,0,041,SAVIERS RD,BARD RD,0.00,,Y,A,-,N,,,,,,,,,,N,4,0,1,2,A,-,09,21802,A,F,D,G,A,A,H,-,C,A,0,,Y,,,Y,,L,04,0,0,1,0,0,0,1,0,0,- ,- ,34.160999298095703,-119.17768859863281,VENTURA,OXNARD,-119.17778015136719,34.160999298095703
8747873,2018,2019-02-19,5604,2018-11-16,1834,5570,3,5,5,6,5604,0,0,0,,0,031,COOPER RD,MCKINLEY AV,0.00,,Y,A,-,N,,,,,,,,,,N,4,0,1,2,A,-,10,21950,A,N,G,B,B,A,H,-,C,D,0,Y,,,,Y,,A,01,0,0,1,0,1,0,0,0,0,- ,- ,34.204509735107422,-119.17166900634766,VENTURA,OXNARD,-119.17167663574219,34.204521179199219
8751742,2018,2018-12-12,5608,2018-11-24,1502,430,,6,5,6,5608,0,0,0,,0,,SEAWARD AV,ZEPHYR CT,225.00,N,N,A,-,N,,,,,,,,,,N,3,0,1,2,A,-,11,21954,A,N,G,B,E,A,H,-,A,D,0,Y,,,,Y,,N,60,0,1,0,0,1,0,0,0,0,- ,- ,,,VENTURA,VENTURA,-119.27324676513672,34.263511657714844
8752050,2018,2019-01-25,5600,2018-11-05,2054,2740,9154,1,5,6,5607,0,0,0,,0,09G,THOUSAND OAKS BL,OAK VIEW DR,12.00,E,N,A,-,N,,,,,,,,,,N,4,0,1,2,A,-,10,21950,A,N,G,B,B,A,H,-,C,D,0,Y,,,,Y,,A,01,0,0,1,0,1,0,0,0,0,- ,- ,,,VENTURA,THOUSAND OAKS,-118.84169769287109,34.173458099365234