CASE_ID,ACCIDENT_YEAR,PROC_DATE,JURIS,COLLISION_DATE,COLLISION_TIME,OFFICER_ID,REPORTING_DISTRICT,DAY_OF_WEEK,CHP_SHIFT,POPULATION,CNTY_CITY_LOC,SPECIAL_COND,BEAT_TYPE,CHP_BEAT_TYPE,CITY_DIVISION_LAPD,CHP_BEAT_CLASS,BEAT_NUMBER,PRIMARY_RD,SECONDARY_RD,DISTANCE,DIRECTION,INTERSECTION,WEATHER_1,WEATHER_2,STATE_HWY_IND,CALTRANS_COUNTY,CALTRANS_DISTRICT,STATE_ROUTE,ROUTE_SUFFIX,POSTMILE_PREFIX,POSTMILE,LOCATION_TYPE,RAMP_INTERSECTION,SIDE_OF_HWY,TOW_AWAY,COLLISION_SEVERITY,NUMBER_KILLED,NUMBER_INJURED,PARTY_COUNT,PRIMARY_COLL_FACTOR,PCF_CODE_OF_VIOL,PCF_VIOL_CATEGORY,PCF_VIOLATION,PCF_VIOL_SUBSECTION,HIT_AND_RUN,TYPE_OF_COLLISION,MVIW,PED_ACTION,ROAD_SURFACE,ROAD_COND_1,ROAD_COND_2,LIGHTING,CONTROL_DEVICE,CHP_ROAD_TYPE,PEDESTRIAN_ACCIDENT,BICYCLE_ACCIDENT,MOTORCYCLE_ACCIDENT,TRUCK_ACCIDENT,NOT_PRIVATE_PROPERTY,ALCOHOL_INVOLVED,STWD_VEHTYPE_AT_FAULT,CHP_VEHTYPE_AT_FAULT,COUNT_SEVERE_INJ,COUNT_VISIBLE_INJ,COUNT_COMPLAINT_PAIN,COUNT_PED_KILLED,COUNT_PED_INJURED,COUNT_BICYCLIST_KILLED,COUNT_BICYCLIST_INJURED,COUNT_MC_KILLED,COUNT_MC_INJURED,PRIMARY_RAMP,SECONDARY_RAMP,LATITUDE,LONGITUDE,COUNTY,CITY,POINT_X,POINT_Y
8753665,2018,2019-01-04,5600,2018-11-25,0916,5166,9060,7,5,6,5607,0,0,0,,0,9B01,LA GRANADA DR,LA CRESTA DR,0.00,,Y,A,-,N,,,,,,,,,,N,4,0,1,2,A,-,21,22106,,N,G,B,B,A,H,-,A,A,0,Y,,,,Y,,D,22,0,0,1,0,1,0,0,0,0,- ,- ,,,VENTURA,THOUSAND OAKS,-118.85659027099609,34.191829681396484
8759111,2018,2018-12-19,5609,2018-11-23,1851,437,,5,5,6,5609,0,0,0,,0,001,LOS ANGELES AV,WILLIAMS ST,74.00,W,N,A,-,N,,,,,,,,,,N,2,0,1,2,A,-,11,21954,A,N,G,B,D,A,H,-,C,D,0,Y,,,,Y,,N,60,1,0,0,0,1,0,0,0,0,- ,- ,34.270999908447266,-118.77300262451172,VENTURA,SIMI VALLEY,-118.77419281005859,34.27178955078125
8761596,2018,2019-01-12,5609,2018-12-24,1808,389,,1,5,6,5609,0,0,0,,0,003,ROYAL AV,HARTLEY AV,90.00,W,N,B,-,N,,,,,,,,,,N,3,0,1,2,A,-,11,21954,A,N,G,B,D,A,H,-,D,D,0,Y,,,,Y,,N,60,0,1,0,0,1,0,0,0,0,- ,- ,34.261390686035156,-118.74147033691406,VENTURA,SIMI VALLEY,-118.74171447753906,34.261386871337891
8770199,2018,2019-01-10,5604,2018-12-13,1542,5354,,4,5,6,5604,0,0,0,,0,011,G ST,DEVONSHIRE DR,180.00,N,N,A,-,N,,,,,,,,,,N,2,0,1,2,A,-,11,21954,A,N,G,B,D,A,H,-,A,D,0,Y,,,,Y,,N,60,1,0,0,0,1,0,0,0,0,- ,- ,,,VENTURA,OXNARD,-119.18692016601562,34.212112426757812
8770203,2018,2019-01-10,5604,2018-12-12,2154,5569,,3,5,6,5604,0,0,0,,0,014,VINEYARD AV,ESPLANADE DR,50.00,S,N,A,-,N,,,,,,,,,,N,3,0,1,2,A,-,09,21804,A,N,C,G,A,A,H,-,C,D,0,,Y,,,Y,,A,01,0,1,0,0,0,0,1,0,0,- ,- ,34.229999542236328,-119.17465209960938,VENTURA,OXNARD,-119.17481231689453,34.229942321777344
8773055,2018,2019-01-10,5609,2018-11-23,1514,435,,5,5,6,5609,0,0,0,,0,,TAPO CANYON RD,ALAMO ST,0.00,,Y,A,-,N,,,,,,,,,,N,3,0,1,2,A,-,08,22107,,N,H,G,A,A,H,-,A,A,0,,Y,,,Y,,D,22,0,1,0,0,0,0,1,0,0,- ,- ,,,VENTURA,SIMI VALLEY,-118.71784210205078,34.286380767822266
8773091,2018,2019-01-11,5609,2018-11-30,1435,452,211,5,5,6,5609,0,0,0,,0,002,FITZGERALD RD,ERRINGER RD,21.00,E,N,A,-,N,,,,,,,,,,N,3,0,1,2,D,-,00,,,N,D,G,A,A,H,-,A,A,0,,Y,,,Y,,-,- ,0,1,0,0,0,0,1,0,0,- ,- ,34.256000518798828,-118.76100158691406,VENTURA,SIMI VALLEY,-118.76126861572266,34.256866455078125
8776107,2018,2019-01-16,5604,2018-12-26,1739,4925,,3,5,6,5604,0,0,0,,0,023,4TH ST,A ST SOUTH,0.00,,Y,A,-,N,,,,,,,,,,N,2,0,1,2,A,-,10,21950,A,N,G,B,B,A,H,-,C,A,0,Y,,,,Y,,D,22,1,0,0,0,1,0,0,0,0,- ,- ,34.199001312255859,-119.17855834960938,VENTURA,OXNARD,-119.17858123779297,34.199001312255859
8783233,2018,2019-01-25,5604,2018-12-16,2357,5472,,7,5,6,5604,0,0,0,,0,032,DIAZ AV,EAST 5TH ST,400.00,S,N,A,-,N,,,,,,,,,,N,4,0,1,1,B,-,22,,,N,G,B,A,A,H,-,C,D,0,,,,,Y,,A,07,0,0,1,0,0,0,0,0,0,- ,- ,34.194511413574219,-119.16883087158203,VENTURA,OXNARD,,
8786897,2018,2019-03-29,5608,2018-12-30,1740,402,,7,5,6,5608,0,0,0,,0,002,E MAIN ST,CALLENS RD,0.00,,Y,A,-,N,,,,,,,,,,N,3,0,1,2,A,-,05,21650,1,F,D,G,A,A,H,-,B,A,0,,Y,,,Y,,L,04,0,1,0,0,0,0,1,0,0,- ,- ,34.263328552246094,-119.23943328857422,VENTURA,VENTURA,-119.23947906494141,34.263309478759766
8789825,2019,2019-02-07,5604,2019-01-22,0740,5570,4,2,5,6,5604,0,0,0,,0,042,C ST,W PLEASANT VALLEY RD W,0.00,,Y,A,-,N,,,,,,,,,,N,3,0,1,2,A,-,10,21950,A,N,G,B,B,A,H,-,A,A,0,Y,,,,Y,,A,01,0,1,0,0,1,0,0,0,0,- ,- ,34.154720306396484,-119.18058776855469,VENTURA,OXNARD,-119.18060302734375,34.154720306396484
8794562,2019,2019-02-21,5609,2019-01-25,1504,435,,5,5,6,5609,0,0,0,,0,,MADERA RD,COUNTRY CLUB DR,0.00,,Y,A,-,N,,,,,,,,,,N,3,0,1,2,A,-,17,21451,A,N,D,G,A,A,H,-,A,A,0,,Y,,,Y,,A,01,0,1,0,0,0,0,1,0,0,- ,- ,,,VENTURA,SIMI VALLEY,-118.82228851318359,34.251670837402344
8795784,2019,2019-02-13,5604,2019-01-17,1905,5521,,4,5,6,5604,0,0,0,,0,014,OXNARD BL,ORCHARD PL,50.00,N,N,A,-,N,,,1,,,,,,,N,3,0,1,2,A,-,03,22350,,N,G,G,A,A,H,-,B,D,0,,Y,,,Y,,A,01,0,1,0,0,0,0,1,0,0,- ,- ,34.230598449707031,-119.17877197265625,VENTURA,OXNARD,-119.17877960205078,34.230594635009766
8796226,2019,2019-02-11,5609,2019-01-20,1749,443,509,7,5,6,5609,0,0,0,,0,005,TAPO ST,ADAM RD,0.00,,Y,A,-,N,,,,,,,,,,N,3,0,1,2,A,-,11,21954,A,N,G,B,D,A,H,-,C,D,0,Y,,,,Y,,N,60,0,1,0,0,1,0,0,0,0,- ,- ,34.284431457519531,-118.70902252197266,VENTURA,SIMI VALLEY,-118.70896911621094,34.284461975097656
8796510,2019,2019-04-24,5600,2019-01-16,0607,4501,8111,3,5,5,5601,0,0,0,,0,08B,LAS POSAS RD,ARNEILL RD,0.00,,Y,B,-,N,,,,,,,,,,Y,3,0,1,2,A,-,10,21950,A,N,G,B,B,B,H,-,B,A,0,Y,,,,Y,,A,07,0,1,0,0,1,0,0,0,0,- ,- ,34.141101837158203,-119.22000122070312,VENTURA,CAMARILLO,-119.03907775878906,34.236579895019531
8796926,2019,2019-04-15,5609,2019-03-18,1514,310,300,1,5,6,5609,0,0,0,,0,003,SYCAMORE DR,LAWSON AV,0.00,,Y,A,-,N,,,,,,,,,,N,3,0,1,2,A,-,09,21804,A,N,D,G,A,A,H,-,A,A,0,,Y,,,Y,,L,04,0,1,0,0,0,0,1,0,0,- ,- ,,,VENTURA,SIMI VALLEY,-118.7459716796875,34.268611907958984
8800598,2019,2019-02-20,5604,2019-01-15,1755,5502,,2,5,6,5604,0,0,0,,0,024,SAVIERS RD,COACH C LN,250.00,S,N,C,-,N,,,,,,,,,,,4,0,1,2,D,-,00,,,N,G,B,D,B,H,-,C,D,0,Y,,,,Y,,-,- ,0,0,1,0,1,0,0,0,0,- ,- ,34.176769256591797,-119.1793212890625,VENTURA,OXNARD,-119.17756652832031,34.175678253173828
8808015,2018,2019-03-19,5604,2018-12-26,1754,5231,,3,5,6,5604,0,0,0,,0,011,H ST,JANETWOOD DR,0.00,,Y,A,-,N,,,,,,,,,,N,1,1,0,2,A,-,10,21950,A,N,G,B,D,A,H,-,C,D,0,Y,,,,Y,,-,,0,0,0,1,0,0,0,0,0,- ,- ,,,VENTURA,OXNARD,-119.18763732910156,34.216869354248047
8810543,2019,2019-03-11,5604,2019-02-22,0843,5550,,5,5,6,5604,0,0,0,,0,011,MORAINE WY,YUKONITE PL,5280.00,W,N,A,-,N,,,,,,,,,,N,4,0,1,2,A,-,21,22106,,N,G,B,F,A,H,-,A,D,0,Y,,,,Y,,A,01,0,0,1,0,1,0,0,0,0,- ,- ,,,VENTURA,OXNARD,,
8812888,2019,2019-03-12,5604,2019-02-05,1249,4854,3,2,5,6,5604,0,0,0,,0,032,OXNARD BL,ASH ST,100.00,N,N,A,-,N,,,1,,,,,,,N,3,0,1,2,A,-,05,21650,,F,D,G,A,A,H,-,A,A,0,,Y,,,Y,,L,04,0,1,0,0,0,0,1,0,0,- ,- ,34.187091827392578,-119.17347717285156,VENTURA,OXNARD,-119.17366790771484,34.186847686767578
8829359,2019,2019-04-24,5600,2019-04-05,2002,4750,8020,5,5,5,5601,0,0,0,,0,8A01,SKEEL DR,AILEEN ST,7.00,N,N,B,-,N,,,,,,,,,,N,3,0,1,2,A,-,10,21950,A,N,G,B,B,A,H,-,C,D,0,Y,,,,Y,,D,22,0,1,0,0,1,0,0,0,0,- ,- ,34.225788116455078,-119.06044006347656,VENTURA,CAMARILLO,-119.06047058105469,34.225730895996094
8841635,2019,2019-04-16,5600,2019-02-28,2206,5013,9109,4,5,6,5607,0,0,0,,0,09H,RANCHO CONEJO RD,LAWRENCE DR,74.00,S,N,A,-,N,,,,,,,,,,Y,3,0,1,2,A,-,11,21954,A,N,G,B,D,A,H,-,C,D,0,Y,,,,Y,,N,60,0,1,0,0,1,0,0,0,0,- ,- ,,,VENTURA,THOUSAND OAKS,-118.92378997802734,34.199779510498047
8848720,2019,2019-04-30,5604,2019-04-15,1445,4914,,1,5,6,5604,0,0,0,,0,031,EASTMAN AV,HEARST DR,0.00,,Y,A,-,N,,,,,,,,,,N,3,0,1,2,A,-,12,22450,A,N,D,G,A,A,H,-,A,D,0,,Y,,,Y,,A,07,0,1,0,0,0,0,1,0,0,- ,- ,34.198379516601562,-119.15373229980469,VENTURA,OXNARD,-119.15373992919922,34.198398590087891
8848750,2019,2019-04-29,5604,2019-02-12,2143,5390,,2,5,6,5604,0,0,0,,0,024,WOOLEY RD,VENTURA RD,6.00,E,N,A,-,N,,,,,,,,,,N,3,0,1,2,A,-,10,21950,A,N,G,B,B,A,H,-,C,A,0,Y,,,,Y,,A,01,0,1,0,0,1,0,0,0,0,- ,- ,34.190319061279297,-119.19510650634766,VENTURA,OXNARD,-119.19509887695312,34.190299987792969
8848824,2019,2019-05-01,5600,2019-04-12,0821,4498,9076,5,5,6,5607,0,0,0,,0,09H,MARLOWE ST,OBERLIN AV,232.00,E,N,A,-,N,,,,,,,,,,N,3,0,1,2,A,-,11,21954,A,N,G,B,D,A,H,-,A,A,0,Y,,,,Y,,N,60,0,1,0,0,1,0,0,0,0,- ,- ,,,VENTURA,THOUSAND OAKS,-118.88272094726562,34.203479766845703
8856340,2019,2019-06-06,5604,2019-05-02,1140,5418,,4,5,6,5604,0,0,0,,0,022,9TH ST,S VENTURA RD S,0.00,,Y,A,-,N,,,,,,,,,,N,3,0,1,2,A,-,00,21202,B,N,D,G,A,A,H,-,A,A,0,,Y,,,Y,,L,04,0,1,0,0,0,0,1,0,0,- ,- ,34.192390441894531,-119.19508361816406,VENTURA,OXNARD,-119.195068359375,34.192390441894531
8859636,2019,2019-06-05,5604,2019-05-12,1526,5403,,7,5,6,5604,0,0,0,,0,011,OXNARD BL,GONZALES RD,15.00,S,N,A,-,N,,,1,,,,,,,N,3,0,1,2,A,-,05,21650,,N,D,G,A,A,H,-,A,A,0,,Y,,,Y,,L,04,0,1,0,0,0,0,1,0,0,- ,- ,34.219051361083984,-119.17716979980469,VENTURA,OXNARD,-119.17725372314453,34.219051361083984
8859644,2019,2019-06-05,5604,2019-05-13,1257,5360,,1,5,6,5604,0,0,0,,0,014,RIVERPARK BL,DANVERS RIVER ST,25.00,S,N,A,-,N,,,,,,,,,,N,3,0,1,2,A,-,10,21950,A,N,G,B,E,A,H,-,A,D,0,Y,,,,Y,,A,01,0,1,0,0,1,0,0,0,0,- ,- ,34.240100860595703,-119.17320251464844,VENTURA,OXNARD,-119.17333221435547,34.240169525146484
8859656,2019,2019-06-05,5604,2019-05-11,1524,5430,,6,5,6,5604,0,0,0,,0,023,OXNARD BL,W 7TH ST,0.00,,Y,A,-,N,,,1,,,,,,,N,4,0,1,2,A,-,05,21202,A,N,G,G,A,A,H,-,A,A,0,,Y,,,Y,,L,04,0,0,1,0,0,0,1,0,0,- ,- ,34.187000274658203,-119.17340087890625,VENTURA,OXNARD,-119.17357635498047,34.186775207519531
8875224,2019,2019-06-19,5600,2019-04-27,1744,4787,5600,6,5,4,5690,0,0,0,,0,2A01,WALNUT CANYON RD,CASEY RD,326.00,N,N,A,-,N,,,,,,,,,,N,3,0,1,2,A,-,09,21804,A,N,G,B,E,A,H,-,A,D,0,Y,,,,Y,,A,07,0,1,0,0,1,0,0,0,0,- ,- ,,,VENTURA,MOORPARK,-118.88333129882812,34.289260864257812
8882608,2019,2019-09-13,5604,2019-06-23,2312,5504,,7,5,6,5604,0,0,0,,0,021,5TH ST,HARBOR,2112.00,E,N,A,-,N,,,,,,,,,,N,3,0,1,2,A,-,11,21954,A,N,G,B,D,A,H,-,D,D,0,Y,,,,Y,Y,N,60,0,1,0,0,1,0,0,0,0,- ,- ,34.197788238525391,-119.24246978759766,VENTURA,OXNARD,-119.23552703857422,34.197757720947266
8891034,2019,2019-07-16,5608,2019-06-24,1043,459,5608,1,5,6,5608,0,0,0,,0,001,N OAK ST,E MAIN ST,9.00,N,N,A,-,N,,,,,,,,,,N,2,0,1,2,A,-,11,21950,B,N,G,B,B,A,H,-,A,A,0,Y,,,,Y,,N,60,1,0,0,0,1,0,0,0,0,- ,- ,,,VENTURA,VENTURA,-119.29466247558594,34.280845642089844
8894667,2019,2019-08-14,5608,2019-07-04,1615,507,VTA,4,5,6,5608,0,0,0,,0,003,E MAIN ST,EMMA AV,0.00,,Y,A,-,N,,,,,,,,,,N,3,0,1,2,A,-,11,21456,B,N,G,B,B,A,H,-,A,A,0,Y,,,,Y,,N,60,0,1,0,0,1,0,0,0,0,- ,- ,,,VENTURA,VENTURA,-119.25366973876953,34.269229888916016
8898244,2019,2019-07-31,5608,2019-07-16,1704,446,,2,5,6,5608,0,0,0,,0,001,NORTH VENTURA AV,W PARK ROW AV,120.00,S,N,A,-,N,,,,,,,,,,Y,2,0,5,7,A,-,17,22517,,N,A,G,A,A,H,-,A,D,0,,Y,,,Y,,A,01,1,4,0,0,0,0,5,0,0,- ,- ,,,VENTURA,VENTURA,-119.29994964599609,34.284271240234375
8900956,2019,2019-08-06,5608,2019-07-13,0954,506,,6,5,6,5608,0,0,0,,0,004,TELEPHONE RD,PETIT AV,0.00,,Y,A,-,N,,,,,,,,,,N,4,0,1,2,A,-,10,21950,A,N,G,B,B,A,H,-,A,A,0,Y,,,,Y,,-,,0,0,1,0,1,0,0,0,0,- ,- ,,,VENTURA,VENTURA,-119.17057037353516,34.272239685058594
8900960,2019,2019-08-06,5608,2019-07-14,1134,469,2,7,5,6,5608,0,0,0,,0,,HARBOR BL,OLIVAS PARK DR,1742.00,S,N,A,-,N,,,,,,,,,,N,4,0,1,2,A,-,03,22350,,N,C,G,A,A,H,-,A,D,0,,Y,,,Y,,L,04,0,0,1,0,0,0,1,0,0,- ,- ,,,VENTURA,VENTURA,-119.25661468505859,34.239509582519531
8910978,2019,2021-05-28,5604,2019-09-23,2145,5231,,1,5,6,5604,0,0,0,,0,032,OXNARD BL,ASH ST,23.00,N,N,A,-,N,,,,,,,,,,Y,1,1,0,2,A,-,10,21950,A,N,G,B,B,A,H,-,C,A,0,Y,,,,Y,Y,A,08,0,0,0,1,0,0,0,0,0,- ,- ,,,VENTURA,OXNARD,-119.17343139648438,34.186614990234375
8915052,2019,2019-10-03,5604,2019-07-02,1508,5242,,2,5,6,5604,0,0,0,,0,041,YUCCA ST,SAMUEL AV,0.00,,Y,A,-,N,,,,,,,,,,N,4,0,1,2,A,-,06,21755,A,N,B,G,A,A,H,-,A,A,0,,Y,,,Y,,L,04,0,0,1,0,0,0,1,0,0,- ,- ,,,VENTURA,OXNARD,-119.17672729492188,34.165939331054688
8924462,2019,2019-10-28,5608,2019-08-07,1106,522,,3,5,6,5608,0,0,0,,0,004,PERKIN AV,OLIVAS PARK DR,211.00,N,N,A,B,N,,,,,,,,,,N,3,0,1,2,A,-,03,22350,,N,E,G,A,A,H,-,A,D,0,,Y,,,Y,,L,04,0,1,0,0,0,0,1,0,0,- ,- ,,,VENTURA,VENTURA,-119.20229339599609,34.2415771484375
8925297,2019,2019-09-10,5604,2019-07-24,0753,5488,,3,5,6,5604,0,0,0,,0,032,DATE ST,OXNARD BL,3.00,W,N,A,-,N,,,,,,,,,,N,4,0,1,2,A,-,05,21650,1,N,D,G,A,A,H,-,A,A,0,,Y,,,Y,,L,04,0,0,1,0,0,0,1,0,0,- ,- ,,,VENTURA,OXNARD,-119.17046356201172,34.184295654296875
8925913,2019,2019-09-19,5604,2019-08-08,1040,5555,,4,5,6,5604,0,0,0,,0,022,S VENTURA RD,W 7TH ST W,0.00,,Y,A,-,N,,,,,,,,,,N,3,0,1,2,A,-,12,21453,A,N,D,G,A,A,H,-,A,A,0,,Y,,,Y,,L,04,0,1,0,0,0,0,1,0,0,- ,- ,,,VENTURA,OXNARD,-119.19490051269531,34.195140838623047
8931576,2019,2019-09-10,5608,2019-08-23,1700,489,,5,5,6,5608,0,0,0,,0,001,GARDEN ST,THOMPSON BL,150.00,N,N,A,-,N,,,,,,,,,,N,3,0,1,2,A,-,08,22100,B,F,D,G,A,A,H,-,A,D,0,,Y,,,Y,,L,04,0,1,0,0,0,0,1,0,0,- ,- ,,,VENTURA,VENTURA,-119.30230712890625,34.279102325439453
8932213,2019,2019-10-10,5608,2019-08-29,1150,511,VENTU,4,5,6,5608,0,0,0,,0,002,SEAWARD AV,ZEPHYR CT,45.00,S,N,A,-,N,,,,,,,,,,N,3,0,1,2,A,-,21,22106,,F,C,B,D,A,H,-,A,A,0,Y,,,,Y,,-,,0,1,0,0,1,0,0,0,0,- ,- ,,,VENTURA,VENTURA,-119.27397155761719,34.263084411621094
8932811,2019,2019-09-18,5605,2019-08-24,1709,100,PATRO,6,5,3,5605,0,0,0,,0,GRID3,PLEASANT VALLEY RD,VENTURA RD,223.00,E,N,A,-,N,,,,,,,,,,N,3,0,1,2,A,-,09,21804,A,N,D,G,A,A,H,-,A,D,0,,Y,,,Y,,A,01,0,1,0,0,0,0,1,0,0,- ,- ,34.154941558837891,-119.19438171386719,VENTURA,PORT HUENEME,-119.19461822509766,34.154758453369141
8939058,2019,2019-09-30,5608,2019-05-16,2257,463,31,4,5,6,5608,0,0,0,,0,002,THOMPSON BL,KALORAMA ST,81.00,W,N,A,-,N,,,,,,,,,,N,1,1,0,2,A,-,11,21956,A,F,G,B,E,A,H,-,C,D,0,Y,,,,Y,Y,N,60,0,0,0,1,0,0,0,0,0,- ,- ,,,VENTURA,VENTURA,-119.28725433349609,34.278278350830078
8939245,2019,2021-05-20,5604,2019-06-18,0530,5357,VENTU,2,5,6,5604,0,0,0,,0,021,HEMLOCK ST,SEASIDE DR,11.00,E,N,B,-,N,,,,,,,,,,Y,1,1,0,2,A,-,08,22107,,N,C,G,A,A,H,-,B,D,0,,Y,,,Y,,L,04,0,0,0,0,0,1,0,0,0,- ,- ,,,VENTURA,OXNARD,-119.21460723876953,34.181270599365234
8940264,2019,2019-10-18,5604,2019-09-02,1427,5584,,1,5,6,5604,0,0,0,,0,032,OXNARD BL,4TH ST,6.00,N,N,A,-,N,,,1,,,,,,,N,4,0,1,2,A,-,12,21453,A,N,D,G,A,A,H,-,A,A,0,,Y,,,Y,,L,04,0,0,1,0,0,0,1,0,0,- ,- ,34.198970794677734,-119.17735290527344,VENTURA,OXNARD,-119.17732238769531,34.198970794677734
8941372,2019,2019-10-01,5608,2019-09-09,0830,289,,1,5,6,5608,0,0,0,,0,,NORTH VENTURA AV,RAMONA ST,0.00,,Y,A,-,N,,,,,,,,,,N,4,0,1,2,D,-,00,,,M,A,G,A,A,H,-,A,A,0,,Y,,,Y,Y,-,- ,0,0,1,0,0,0,1,0,0,- ,- ,,,VENTURA,VENTURA,-119.29833221435547,34.28961181640625
8945001,2019,2019-09-27,5600,2019-08-01,1330,2877,8012,4,5,5,5601,0,0,0,,0,8A01,CALLE LA RODA,PONDEROSA DR,0.00,,Y,A,-,N,,,,,,,,,,N,3,0,1,2,A,-,05,21650,1,N,D,G,A,A,H,-,A,A,0,,Y,,,Y,,L,04,0,1,0,0,0,0,1,0,0,- ,- ,34.223850250244141,-119.06654357910156,VENTURA,CAMARILLO,-119.06645965576172,34.223789215087891
8945518,2019,2019-10-01,5608,2019-09-03,1521,506,,2,5,6,5608,0,0,0,,0,004,VICTORIA AV,TELEPHONE RD,150.00,S,N,A,-,N,,,,,,,,,,N,3,0,1,2,A,-,10,21950,A,N,D,G,A,A,H,-,A,A,0,,Y,,,Y,,-,,0,1,0,0,0,0,1,0,0,- ,- ,,,VENTURA,VENTURA,-119.21247100830078,34.265056610107422
8950183,2019,2019-10-17,5604,2019-09-10,1043,5510,,2,5,6,5604,0,0,0,,0,011,GONZALES RD,C ST,350.00,W,N,A,-,N,,,,,,,,,,N,4,0,1,2,A,-,05,21650,1,N,D,G,A,A,H,-,A,D,0,,Y,,,Y,,L,04,0,0,1,0,0,0,1,0,0,- ,- ,,,VENTURA,OXNARD,-119.18199920654297,34.219196319580078
8950230,2019,2019-10-15,5604,2019-09-15,2117,5563,,7,5,6,5604,0,0,0,,0,014,H ST,ASTER ST,0.00,,Y,A,-,N,,,,,,,,,,N,4,0,1,2,A,-,10,21950,A,N,G,B,B,A,H,-,C,D,0,Y,,,,Y,,A,01,0,0,1,0,1,0,0,0,0,- ,- ,34.220310211181641,-119.18630218505859,VENTURA,OXNARD,-119.18630218505859,34.220321655273438
8955787,2019,2019-10-31,5604,2019-09-29,0400,5583,,7,5,6,5604,0,0,0,,0,014,FOREST PARK BL,OXNARD BL,0.00,,Y,B,-,N,,,,,,,,,,N,3,0,1,2,A,-,11,21954,A,F,G,B,E,A,H,-,C,D,0,Y,,,,Y,,N,60,0,1,0,0,1,0,0,0,0,- ,- ,34.243690490722656,-119.17800903320312,VENTURA,OXNARD,-119.17731999999999,34.244534999999999
8955808,2019,2019-11-07,5604,2019-09-19,1316,5591,,4,5,6,5604,0,0,0,,0,042,PLEASANT VALLEY RD,J ST,0.00,,Y,A,-,N,,,,,,,,,,N,4,0,1,2,A,-,12,21453,A,N,D,G,A,A,H,-,A,A,0,,Y,,,Y,,L,04,0,0,1,0,0,0,1,0,0,- ,- ,34.154758453369141,-119.18611145019531,VENTURA,OXNARD,-119.18611145019531,34.154781341552734
8955836,2019,2019-10-18,5604,2019-09-25,2126,5405,,3,5,6,5604,0,0,0,,0,031,GONZALES RD,BAHIA DR,0.00,,Y,A,-,N,,,,,,,,,,Y,2,0,1,2,A,-,11,21954,A,N,B,B,D,A,H,-,C,D,0,Y,,,,Y,,-,- ,1,0,0,0,1,0,0,0,0,- ,- ,34.219039916992188,-119.175048828125,VENTURA,OXNARD,-119.175048828125,34.219150543212891
8957456,2019,2019-10-18,5600,2019-10-07,0841,4045,9176,1,5,6,5607,0,0,0,,0,9D01,AGOURA RD,WESTLAKE BL,653.00,E,N,A,-,N,,,,,,,,,,,4,0,1,2,A,-,09,21801,A,N,D,G,A,A,H,-,A,D,0,,Y,,,Y,,A,01,0,0,1,0,0,0,1,0,0,- ,- ,34.152118682861328,-118.82907867431641,VENTURA,THOUSAND OAKS,-118.82711029052734,34.151214599609375
8971890,2019,2019-12-18,5600,2019-10-18,0845,121884,8150,5,5,5,5601,0,0,0,,0,08B,CARMEN DR,VENTURA BL,0.00,,Y,A,-,N,,,,,,,,,,N,4,0,1,2,A,-,10,21950,A,N,H,B,B,A,H,-,A,D,0,Y,,,,Y,,D,22,0,0,1,0,1,0,0,0,0,- ,- ,,,VENTURA,CAMARILLO,-119.05027770996094,34.216949462890625
8976356,2019,2020-01-23,5609,2019-11-06,1844,430,,3,5,6,5609,0,0,0,,0,004,COCHRAN ST,SYCAMORE DR,52.00,E,N,A,-,N,,,,,,,,,,,4,0,1,2,A,-,10,21950,A,N,G,B,B,A,H,-,C,A,0,Y,,,,Y,,D,22,0,0,1,0,1,0,0,0,0,- ,- ,34.279079437255859,-118.74381256103516,VENTURA,SIMI VALLEY,-118.74373626708984,34.278999328613281
8977386,2019,2019-11-18,5608,2019-08-25,1700,490,VTA,7,5,6,5608,0,0,0,,0,004,TELEPHONE RD,PORTOLA RD,0.00,,Y,A,-,N,,,,,,,,,,N,4,0,1,2,A,-,11,21456,B,N,D,G,A,-,H,-,A,A,0,,Y,,,Y,,L,04,0,0,1,0,0,0,1,0,0,- ,- ,,,VENTURA,VENTURA,-119.22515106201172,34.263591766357422
8982971,2019,2020-01-16,5604,2019-10-25,0712,5135,,5,5,6,5604,0,0,0,,0,021,VIA PACIFICA WALK,WOOLEY RD,0.00,,Y,A,-,N,,,,,,,,,,N,4,0,1,2,A,-,10,21950,A,N,G,B,B,A,H,-,A,A,0,Y,,,,Y,,A,01,0,0,1,0,1,0,0,0,0,- ,- ,34.190338134765625,-119.21842956542969,VENTURA,OXNARD,-119.21842956542969,34.190299987792969
9001246,2019,2020-02-04,5608,2019-12-06,1453,528,,5,5,6,5608,0,0,0,,0,004,SOUTH VICTORIA AV,AVOCET DR,0.00,,Y,A,-,N,,,,,,,,,,N,3,0,1,2,A,-,10,21950,A,N,G,B,B,A,H,-,A,A,0,Y,,,,Y,,M,47,0,1,0,0,1,0,0,0,0,- ,- ,34.258399963378906,-119.21119689941406,VENTURA,VENTURA,-119.21109008789062,34.258491516113281