CASE_ID,ACCIDENT_YEAR,PROC_DATE,JURIS,COLLISION_DATE,COLLISION_TIME,OFFICER_ID,REPORTING_DISTRICT,DAY_OF_WEEK,CHP_SHIFT,POPULATION,CNTY_CITY_LOC,SPECIAL_COND,BEAT_TYPE,CHP_BEAT_TYPE,CITY_DIVISION_LAPD,CHP_BEAT_CLASS,BEAT_NUMBER,PRIMARY_RD,SECONDARY_RD,DISTANCE,DIRECTION,INTERSECTION,WEATHER_1,WEATHER_2,STATE_HWY_IND,CALTRANS_COUNTY,CALTRANS_DISTRICT,STATE_ROUTE,ROUTE_SUFFIX,POSTMILE_PREFIX,POSTMILE,LOCATION_TYPE,RAMP_INTERSECTION,SIDE_OF_HWY,TOW_AWAY,COLLISION_SEVERITY,NUMBER_KILLED,NUMBER_INJURED,PARTY_COUNT,PRIMARY_COLL_FACTOR,PCF_CODE_OF_VIOL,PCF_VIOL_CATEGORY,PCF_VIOLATION,PCF_VIOL_SUBSECTION,HIT_AND_RUN,TYPE_OF_COLLISION,MVIW,PED_ACTION,ROAD_SURFACE,ROAD_COND_1,ROAD_COND_2,LIGHTING,CONTROL_DEVICE,CHP_ROAD_TYPE,PEDESTRIAN_ACCIDENT,BICYCLE_ACCIDENT,MOTORCYCLE_ACCIDENT,TRUCK_ACCIDENT,NOT_PRIVATE_PROPERTY,ALCOHOL_INVOLVED,STWD_VEHTYPE_AT_FAULT,CHP_VEHTYPE_AT_FAULT,COUNT_SEVERE_INJ,COUNT_VISIBLE_INJ,COUNT_COMPLAINT_PAIN,COUNT_PED_KILLED,COUNT_PED_INJURED,COUNT_BICYCLIST_KILLED,COUNT_BICYCLIST_INJURED,COUNT_MC_KILLED,COUNT_MC_INJURED,PRIMARY_RAMP,SECONDARY_RAMP,LATITUDE,LONGITUDE,COUNTY,CITY,POINT_X,POINT_Y
90042595,2015,2015-11-02,9765,2015-10-10,1700,020866,,6,2,9,5600,0,3,5,,2,004,FOOTHILL RD.,RANCHO VISTA LN.,528.00,E,N,A,-,N,,,,,,,,,,N,3,0,1,2,A,-,08,22107,,F,B,G,A,A,H,-,A,D,0,,Y,,,Y,Y,A,01,0,1,0,0,0,0,1,0,0,- ,- ,34.305889999999998,-119.15661,VENTURA,UNINCORPORATED,-119.15597781,34.306316330000001
90051161,2015,2015-11-16,9765,2015-11-04,1440,020808,,3,2,9,5600,0,3,5,,2,003,DORIS AVE.,VICTORIA AVE.,1584.00,E,N,A,-,N,,,,,,,,,,N,4,0,1,2,A,-,00,21760,B,N,B,G,A,A,H,-,A,D,0,,Y,,,Y,,A,01,0,0,1,0,0,0,1,0,0,- ,- ,34.20843,-119.21203,VENTURA,UNINCORPORATED,-119.21576824,34.208486499999999
9009825,2019,2020-03-17,5604,2019-11-09,0745,4734,,6,5,6,5604,0,0,0,,0,011,GUM TREE ST,VICTORIA AV,0.00,,Y,A,-,N,,,,,,,,,,N,3,0,1,2,A,-,10,21950,A,F,B,B,B,A,H,-,A,A,0,Y,,,,Y,,-,,0,1,0,0,1,0,0,0,0,- ,- ,34.224960327148438,-119.22113037109375,VENTURA,OXNARD,-119.221023,34.225014000000002
9017100,2020,2020-05-18,5604,2020-01-31,1047,4734,,5,5,6,5604,0,0,0,,0,011,W GONZALES RD,C ST,30.00,W,N,A,-,N,,,,,,,,,,N,3,0,1,2,A,-,06,21750,A,N,B,G,A,A,H,-,A,D,0,,Y,,,Y,,-,- ,0,1,0,0,0,0,1,0,0,- ,- ,34.219089508056641,-119.18083953857422,VENTURA,OXNARD,-119.18093872070312,34.219188690185547
90172589,2016,2016-05-04,9765,2016-04-26,1020,014823,,2,1,9,5600,0,3,5,,2,005,CLUBHOUSE DR.,NORTHRDIGE DR.,0.00,,Y,A,-,N,,,,,,,,,,N,3,0,1,2,A,-,09,21800,B,N,D,G,A,A,H,-,A,D,0,,Y,,,Y,,A,07,0,1,0,0,0,0,1,0,0,- ,- ,34.270989999999998,-119.1075,VENTURA,UNINCORPORATED,-119.10757012000001,34.270960049999999
9017604,2020,2020-03-06,5604,2020-01-24,0150,5540,,5,5,6,5604,0,0,0,,0,011,OXNARD BL,GONZALES RD,0.00,,Y,A,-,N,,,1,,,,,,,N,2,0,1,2,B,-,22,,,F,G,G,A,A,H,-,C,A,0,,Y,,,Y,,-,,1,0,0,0,0,0,1,0,0,- ,- ,34.219058990478516,-119.17717742919922,VENTURA,OXNARD,-119.17725372314453,34.219062805175781
90200466,2016,2016-06-13,9765,2016-01-26,1326,018490,,2,1,9,5600,0,3,5,,2,002,EL ROBLAR DRIVE,FELIX DRIVE,75.00,E,N,A,-,N,,,,,,,,,,N,1,1,0,2,D,-,00,,,N,D,G,A,A,H,-,A,D,0,,Y,,,Y,,-,- ,0,0,0,0,0,1,0,0,0,- ,- ,34.265300000000003,-119.163,VENTURA,UNINCORPORATED,-119.27489235,34.448139840000003
90215642,2016,2016-07-05,9765,2016-06-23,1730,020585,,4,2,9,5600,0,1,3,,1,022,SR-150 (BALDWIN ROAD),BURNHAM ROAD,0.00,,Y,A,-,Y,,,150,,,,,,,N,3,0,1,2,A,-,09,21801,A,N,D,G,A,A,H,-,A,D,0,,Y,,,Y,,A,01,0,1,0,0,0,0,1,0,0,- ,- ,34.424619999999997,-119.3048,VENTURA,UNINCORPORATED,-119.30481107999999,34.42471664
9021938,2020,2020-03-12,5608,2020-01-01,2052,528,VENTU,3,5,6,5608,0,0,0,,0,001,VENTURA AV,FIX WY,0.00,,Y,A,-,N,,,,,,,,,,N,4,0,1,2,A,-,05,21650,1,N,D,G,A,A,H,-,C,A,0,,Y,,,Y,,L,04,0,0,1,0,0,0,1,0,0,- ,- ,,,VENTURA,VENTURA,-119.30026245117188,34.283260345458984
9022306,2019,2020-02-11,5608,2019-12-29,1312,500,,7,5,6,5608,0,0,0,,0,002,E MAIN ST,TARGET,55.00,W,N,A,-,N,,,,,,,,,,N,3,0,1,2,A,-,08,22107,,N,G,B,F,A,H,-,A,A,0,Y,,,,Y,,A,01,0,1,0,0,1,0,0,0,0,- ,- ,,,VENTURA,VENTURA,-119.23657989501953,34.262901306152344
9022318,2019,2020-02-11,5608,2019-12-21,1804,275,,6,5,6,5608,0,0,0,,0,003,MAPLE ST,COLLEGE DR,0.00,,Y,A,-,N,,,,,,,,,,N,3,0,1,2,A,-,11,21954,A,N,G,B,E,A,H,-,C,A,0,Y,,,,Y,,N,60,0,1,0,0,1,0,0,0,0,- ,- ,,,VENTURA,VENTURA,-119.24211120605469,34.269660949707031
90265092,2016,2016-09-12,9765,2016-09-09,1722,020924,,5,2,9,5600,0,3,5,,2,002,EL ROBLAR DRIVE,ALVARADO STREET,63.00,W,N,A,-,N,,,,,,,,,,Y,3,0,1,2,A,-,11,21954,A,N,G,B,D,A,H,-,A,D,0,Y,,,,Y,,N,60,0,1,0,0,1,0,0,0,0,- ,- ,34.449460000000002,-119.28033000000001,VENTURA,UNINCORPORATED,-119.28020103,34.449446559999998
9029331,2019,2020-02-03,5604,2019-12-14,0948,5135,,6,5,6,5604,0,0,0,,0,022,W 4TH ST,S A ST S,0.00,,Y,A,-,N,,,,,,,,,,N,3,0,1,2,A,-,10,21950,A,N,G,B,B,A,H,-,A,A,0,Y,,,,Y,,E,22,0,1,0,0,1,0,0,0,0,- ,- ,34.199001312255859,-119.17855834960938,VENTURA,OXNARD,-119.17858123779297,34.199001312255859
90293599,2016,2016-10-26,9770,2016-10-07,1505,018942,,5,2,9,5600,0,3,5,,2,003,ESCOLLERA AVENUE,PRESILLA ROAD,8.00,S,N,A,-,N,,,,,,,,,,N,2,0,1,2,A,-,10,21950,A,N,G,B,D,A,H,-,A,D,0,Y,,,,Y,,D,22,1,0,0,0,1,0,0,0,0,- ,- ,34.251660000000001,-118.91695,VENTURA,UNINCORPORATED,-118.91696064,34.251699469999998
9030379,2019,2020-05-15,5600,2019-12-14,1330,4734,1005,6,5,2,5603,0,0,0,,0,1B01,RT 150,DROWN AV,53.00,W,N,A,-,N,,,150,,,,,,,N,4,0,1,2,D,-,00,,,N,H,G,A,A,H,-,A,D,0,,Y,,,Y,Y,-,- ,0,0,1,0,0,0,1,0,0,- ,- ,34.448299407958984,-119.23970031738281,VENTURA,OJAI,-119.23969268798828,34.448257446289062
9032850,2019,2020-02-06,5600,2019-12-25,1540,4771,9032,3,5,6,5607,0,0,0,,0,09A,CALLE GOMERO,CALLE MANZANO,156.00,E,N,A,-,N,,,,,,,,,,N,2,0,2,3,A,-,21,22106,,N,G,B,F,A,H,-,A,D,0,Y,,,,Y,,A,01,2,0,0,0,1,0,0,0,0,- ,- ,,,VENTURA,THOUSAND OAKS,-118.85769653320312,34.21356201171875
9034778,2019,2020-07-13,5600,2019-12-29,0735,5100,6007,7,5,3,5602,0,0,0,,0,06A,RT 126,C ST,0.00,,Y,A,-,Y,VEN,7,126,-,-,20.591,I,5,E,N,4,0,1,2,A,-,10,21950,A,N,G,B,B,A,H,-,A,A,0,Y,,,,Y,,A,01,0,0,1,0,1,0,0,0,0,- ,- ,,,VENTURA,FILLMORE,-118.92720031738281,34.394893646240234
9034908,2020,2020-02-12,5608,2020-01-02,1421,386,,4,5,6,5608,0,0,0,,0,001,CEDAR ST,FERRO DR,6.00,N,N,A,-,N,,,,,,,,,,,3,0,1,2,A,-,12,22450,,N,D,G,A,A,H,-,A,A,0,,Y,,,Y,,L,04,0,1,0,0,0,0,1,0,0,- ,- ,,,VENTURA,VENTURA,-119.29893493652344,34.28277587890625
9036746,2019,2020-01-31,5604,2019-11-11,1030,5540,,1,5,6,5604,0,0,0,,0,012,E GONZALES RD,ROSE AV,200.00,W,N,A,-,N,,,,,,,,,,N,4,0,1,2,A,-,10,21950,A,N,G,B,C,A,H,-,A,A,0,Y,,,,Y,,A,01,0,0,1,0,1,0,0,0,0,- ,- ,34.218101501464844,-119.16089630126953,VENTURA,OXNARD,-119.15908813476562,34.219001770019531
90401381,2017,2017-02-28,9770,2017-02-24,2010,021296,,5,2,6,5607,0,1,2,,2,072,US-101 N/B FROM VENTU PARK ROAD S/B,VENTU PARK ROAD,165.00,N,N,A,-,Y,,,101,,,,R,,N,N,3,0,1,2,A,-,11,21950,B,F,G,B,C,A,H,-,C,D,0,Y,,,,Y,,N,60,0,1,0,0,1,0,0,0,0,- ,- ,34.185609999999997,-118.91137999999999,VENTURA,THOUSAND OAKS,-118.91137999999999,34.185609999999997
9041198,2020,2020-03-09,5604,2020-01-13,0812,5317,,1,5,6,5604,0,0,0,,0,022,2ND ST,VENTURA RD,0.00,,Y,A,-,N,,,,,,,,,,N,4,0,1,2,A,-,09,21801,A,N,D,G,A,A,H,-,A,A,0,,Y,,,Y,,-,,0,0,1,0,0,0,1,0,0,- ,- ,34.202880859375,-119.19474029541016,VENTURA,OXNARD,-119.19470977783203,34.202888488769531
90417217,2017,2017-03-22,9765,2017-03-14,1455,019988,,2,2,9,5600,0,3,5,,2,005,ROSE AVENUE,ORANGE DRIVE,69.00,S,N,A,-,N,,,,,,,,,,N,4,0,1,2,A,-,03,22350,,N,G,B,B,A,H,-,A,D,0,Y,,,,Y,,A,01,0,0,1,0,1,0,0,0,0,- ,- ,34.2303,-119.5569,VENTURA,UNINCORPORATED,-119.15591248,34.232076900000003
90423150,2017,2017-03-29,9765,2017-03-24,1547,019827,,5,2,9,5600,0,3,5,,2,005,SANTA CLARA AVE,FREIDRICH RD,1320.00,W,N,A,-,N,,,,,,,,,,N,4,0,1,2,A,-,08,22107,,N,G,B,F,A,H,-,A,D,0,Y,,,,Y,,A,08,0,0,1,0,1,0,0,0,0,- ,- ,34.22963,-119.13336,VENTURA,UNINCORPORATED,-119.13727304,34.22757017
90466561,2017,2017-05-30,9770,2017-05-18,1846,019930,,4,2,9,5600,0,2,4,,2,079,KANAN ROAD N/B,LINDERO CANYON ROAD,500.00,S,N,A,-,N,,,,,,,,,,N,3,0,1,2,A,-,03,22350,,N,H,G,A,A,H,-,A,A,0,,Y,,,Y,,A,01,0,1,0,0,0,0,1,0,0,- ,- ,34.184399999999997,-118.78426,VENTURA,UNINCORPORATED,-118.78446934,34.184387299999997
90482964,2017,2017-06-21,9770,2017-05-23,1930,020549,,2,2,9,5600,0,1,3,,1,054,SR-34 (SOMIS ROAD),BELL STREET,60.00,E,N,A,-,Y,,,34,,,,,,,N,3,0,1,1,A,-,03,22350,,N,H,G,A,A,H,-,A,D,0,,Y,,,Y,,L,04,0,1,0,0,0,0,1,0,0,- ,- ,34.256239999999998,-118.99641,VENTURA,UNINCORPORATED,-118.99630208000001,34.256213590000002
90496480,2017,2017-07-10,9765,2017-07-01,1115,018001,,6,1,9,5600,0,3,5,,2,004,SOUTH MOUNTAIN RD.,CAN CAYENTANO ST.,3168.00,W,N,A,-,N,,,,,,,,,,N,3,0,1,2,A,-,08,22107,,N,B,G,A,A,H,-,A,D,0,,Y,,,Y,,L,04,0,1,0,0,0,0,1,0,0,- ,- ,34.357939999999999,-118.9609,VENTURA,UNINCORPORATED,,
9049722,2020,2020-06-04,5600,2020-02-17,1710,4691,9112,1,5,6,5607,0,0,0,,0,09C,WEST LYNN RD,SOUTH REINO RD,0.00,,Y,A,-,N,,,,,,,,,,N,4,0,1,2,A,-,09,21453,B,N,D,G,A,A,H,-,A,A,0,,Y,,,Y,,A,07,0,0,1,0,0,0,1,0,0,- ,- ,,,VENTURA,THOUSAND OAKS,-118.95702362060547,34.161739349365234
9049963,2020,2020-03-11,5604,2020-01-23,0634,4925,,4,5,6,5604,0,0,0,,0,042,PERKINS RD,CLARA ST,0.00,,Y,A,-,N,,,,,,,,,,N,4,0,1,2,A,-,10,21950,A,F,G,B,B,A,H,-,A,A,0,Y,,,,Y,,-,99,0,0,1,0,1,0,0,0,0,- ,- ,34.151111602783203,-119.18386077880859,VENTURA,OXNARD,-119.18388366699219,34.151119232177734
9051280,2020,2020-04-14,5600,2020-03-01,1146,4973,8A,7,5,5,5601,0,0,0,,0,8020,PONDEROSA DR,ROSEWOOD AV,14.00,E,N,A,-,N,,,,,,,,,,N,3,0,1,2,D,-,00,,,N,D,G,A,A,H,-,A,A,0,,Y,,,Y,,-,- ,0,1,0,0,0,0,1,0,0,- ,- ,34.223491668701172,-119.06136322021484,VENTURA,CAMARILLO,-119.06144714355469,34.223598480224609
90519408,2017,2017-08-09,9770,2017-08-01,1425,017409,,2,2,6,5607,0,1,2,,2,072,US-101 N/B TO LYNN ROAD,LYNN ROAD,5.00,S,N,A,-,Y,,,101,,,,R,,N,N,3,0,1,2,A,-,09,21804,A,N,H,G,A,A,H,-,A,A,0,,Y,,,Y,,L,04,0,1,0,0,0,0,1,0,0,- ,- ,34.184089999999998,-118.89122999999999,VENTURA,THOUSAND OAKS,-118.89122999999999,34.184089999999998
9052125,2020,2020-03-02,5609,2020-01-03,1543,443,316,5,5,6,5609,0,0,0,,0,003,HEYWOOD ST,ERRINGER RD,15.00,E,N,A,-,N,,,,,,,,,,N,2,0,1,2,A,-,09,21801,A,N,H,G,A,A,H,-,A,A,0,,Y,,,Y,,A,01,1,0,0,0,0,0,1,0,0,- ,- ,34.268421173095703,-118.76132202148438,VENTURA,SIMI VALLEY,-118.76136016845703,34.268428802490234
9052427,2019,2020-03-03,5609,2019-12-02,1800,430,,1,5,6,5609,0,0,0,,0,003,ROYAL AV,BRANDON AV,24.00,E,N,A,-,N,,,,,,,,,,,3,0,1,2,A,-,10,21950,A,F,G,B,D,A,H,-,C,D,0,Y,,,,Y,,A,01,0,1,0,0,1,0,0,0,0,- ,- ,34.260459899902344,-118.75212860107422,VENTURA,SIMI VALLEY,-118.75212097167969,34.260841369628906
9061631,2020,2020-05-20,5604,2020-02-27,0745,5311,,4,5,6,5604,0,0,0,,0,031,PINATA DR,CESAR CHAVEZ DR,100.00,S,N,A,-,N,,,,,,,,,,N,4,0,1,2,A,-,21,22106,,N,G,B,F,A,H,-,A,D,0,Y,,,,Y,,A,07,0,0,1,0,1,0,0,0,0,- ,- ,34.214488983154297,-119.16313171386719,VENTURA,OXNARD,-119.16426086425781,34.212905883789062
90652670,2018,2018-02-01,9765,2018-01-12,1740,019827,,5,2,9,5600,0,1,3,,1,012,SR-1,A LEASE CANYON ROAD,1056.00,N,N,A,-,Y,,,1,,,,,,,N,2,0,1,2,A,-,08,22107,,F,H,G,A,A,H,-,D,D,0,,Y,,,Y,Y,A,01,1,0,0,0,0,0,1,0,0,- ,- ,34.31890869140625,-119.36846923828125,VENTURA,UNINCORPORATED,-119.36845397949219,34.318935394287109
90666725,2017,2018-02-22,9770,2017-06-30,2152,020917,,5,2,6,5609,0,1,3,,2,083,SR-118 E/B (RONALD REAGAN FREEWAY),ROCKY PEAK ROAD,1056.00,W,N,A,-,Y,,,118,,,,,,E,Y,1,1,0,4,A,-,11,21954,A,N,G,B,D,A,H,-,D,D,0,Y,,,,Y,,N,60,0,0,0,1,0,0,0,0,0,- ,- ,34.2667,-118.64219,VENTURA,SIMI VALLEY,-118.64219455,34.266682279999998
9067285,2020,2020-03-24,5608,2020-02-27,1748,443,VENTU,4,5,6,5608,0,0,0,,0,003,SATICOY AV,TELEPHONE RD,0.00,,Y,A,-,N,,,,,,,,,,N,3,0,1,2,A,-,10,21950,,N,G,B,B,A,H,-,C,A,0,Y,,,,Y,,-,,0,1,0,0,1,0,0,0,0,- ,- ,,,VENTURA,VENTURA,-119.15834045410156,34.279510498046875
90732268,2018,2018-05-23,9765,2018-05-15,1618,017469,,2,2,9,5600,0,1,3,,2,010,SR-33 N/B,CANADA LARGA ROAD,1200.00,S,N,A,-,Y,,,33,,,,,,N,N,3,0,1,2,A,-,11,21956,,N,G,B,D,A,A,-,A,A,0,Y,,,,Y,Y,N,60,0,1,0,0,1,0,0,0,0,- ,- ,34.338161468505859,-119.29245758056641,VENTURA,UNINCORPORATED,-119.29249572753906,34.338161468505859
90753074,2018,2018-06-21,9770,2018-06-18,1250,017435,,1,1,6,5609,0,1,3,,2,083,SR-118 E/B TO TAPO CANYON ROAD,TAPO CANYON ROAD,10.00,W,N,A,-,Y,,,118,,,,R,,E,N,4,0,1,2,A,-,10,21950,A,N,G,B,B,A,H,-,A,A,0,Y,,,,Y,,A,01,0,0,1,0,1,0,0,0,0,- ,- ,34.280670166015625,-118.71797180175781,VENTURA,SIMI VALLEY,-118.71797180175781,34.280670166015625
90774987,2018,2018-07-23,9765,2018-07-14,0945,018019,,6,1,9,5600,0,1,3,,2,061,SR-1 S/B (PACIFIC COAST HIGHWAY),YERBA BUENA ROAD,194.00,N,N,A,-,Y,,,1,,,,,,S,N,4,0,1,3,A,-,17,22517,,N,E,G,A,A,H,-,A,D,0,,Y,,,Y,,D,22,0,0,1,0,0,0,1,0,0,- ,- ,34.053359985351562,-118.96383666992188,VENTURA,UNINCORPORATED,-118.96385955810547,34.053333282470703
9078510,2020,2020-05-09,5604,2020-01-25,2045,5567,,6,5,6,5604,0,0,0,,0,014,VINEYARD AV,HEATHER ST,528.00,W,N,A,-,N,,,,,,,,,,N,4,0,1,2,A,-,11,21950,B,F,G,B,D,A,H,-,C,A,0,Y,,,,Y,,N,60,0,0,1,0,1,0,0,0,0,- ,- ,34.226959228515625,-119.18122863769531,VENTURA,OXNARD,-119.18499755859375,34.229145050048828
90884844,2018,2018-12-18,9765,2018-12-09,0804,020585,,7,1,9,5600,0,3,5,,2,001,SHELL ROAD,VENTURA AVENUE,146.00,W,N,B,-,N,,,,,,,,,,N,2,0,1,2,A,-,12,22450,A,N,D,G,A,A,H,-,A,A,0,,Y,,,Y,,L,04,1,0,0,0,0,0,1,0,0,- ,- ,34.316860198974609,-119.29132843017578,VENTURA,UNINCORPORATED,-119.29114532470703,34.316905975341797
90890817,2018,2018-12-27,9770,2018-12-18,0540,020832,,2,3,6,5607,0,1,2,,2,072,US-101 N/B TO LYNN ROAD,LYNN ROAD,10.00,S,N,A,-,Y,,,101,,,,R,,N,N,4,0,1,2,A,-,09,21453,B,N,D,G,A,A,H,-,C,A,0,,Y,,,Y,,A,01,0,0,1,0,0,0,1,0,0,- ,- ,34.184188842773438,-118.89131927490234,VENTURA,THOUSAND OAKS,-118.89131927490234,34.184188842773438
9090093,2020,2020-06-10,5604,2020-02-27,1822,5521,,4,5,6,5604,0,0,0,,0,042,W DOLLIE ST,SAVIERS RD,0.00,,Y,A,-,N,,,,,,,,,,N,3,0,1,2,A,-,09,21801,B,N,D,G,A,A,H,-,C,A,0,,Y,,,Y,,L,04,0,1,0,0,0,0,1,0,0,- ,- ,34.157341003417969,-119.17771911621094,VENTURA,OXNARD,-119.17781829833984,34.1573486328125
9097687,2020,2020-06-04,5606,2020-01-27,1809,1017,5606,1,5,4,5606,0,0,0,,0,002,HARVARD E BL,7TH S ST,168.00,W,N,A,-,N,,,,,,,,,,N,4,0,1,2,A,-,09,21804,B,N,B,G,A,A,H,-,A,D,0,,Y,,,Y,,L,04,0,0,1,0,0,0,1,0,0,- ,- ,,,VENTURA,SANTA PAULA,-119.06467437744141,34.348564147949219
9122153,2020,2020-08-12,5604,2020-05-13,1820,4732,,3,5,6,5604,0,0,0,,0,021,VICTORIA AV,TEAL CLUB RD,15.00,N,N,A,-,N,,,,,,,,,,N,3,0,1,2,A,-,08,22107,,F,C,G,A,A,H,-,A,A,0,,Y,,,Y,,-,99,0,1,0,0,0,0,1,0,0,- ,- ,34.203079223632812,-119.22109985351562,VENTURA,OXNARD,-119.22109222412109,34.203121185302734
91223123,2020,2020-04-08,9765,2020-04-02,0855,022461,,4,1,9,5600,0,3,5,,2,006,PLEASANT VALLEY RAOD,FREEDOM PARK DR,20.00,W,N,A,-,Y,,,,,,,,,,N,3,0,1,2,A,-,09,21804,A,N,G,B,E,A,H,-,A,D,0,Y,,,,Y,,D,22,0,1,0,0,1,0,0,0,0,- ,- ,34.205661773681641,-119.08724212646484,VENTURA,UNINCORPORATED,,
91245034,2020,2020-05-29,9765,2020-05-23,2040,022506,,6,2,9,5600,0,3,5,,2,003,HARBOR BLVD.,FIFTH STREET,1056.00,N,N,A,-,N,,,,,,,,,,N,2,0,1,2,A,-,08,22107,,F,H,G,A,A,H,-,C,D,0,,Y,,,Y,,A,07,1,0,0,0,0,0,1,0,0,- ,- ,34.200611114501953,-119.24391174316406,VENTURA,UNINCORPORATED,-119.24393463134766,34.200439453125
91262976,2020,2020-07-03,9765,2020-06-25,1953,022340,,4,2,9,5600,0,3,5,,2,005,STROUBE STREET,ALVARADO STREET,0.00,,Y,B,-,N,,,,,,,,,,N,3,0,1,2,A,-,12,22450,A,N,D,G,A,A,H,-,A,A,0,,Y,,,Y,,L,04,0,1,0,0,0,0,1,0,0,- ,- ,34.231819152832031,-119.16148376464844,VENTURA,UNINCORPORATED,-119.16146087646484,34.231788635253906
91305277,2020,2020-09-15,9770,2020-09-11,1750,019057,,5,2,9,5600,0,2,4,,2,078,WENDY DRIVE,7 FT N/OF GERALD DR,0.00,,Y,B,-,N,,,,,,,,,,N,3,0,1,2,A,-,10,21950,A,N,G,B,B,A,H,-,A,A,0,Y,,,,Y,,A,01,0,1,0,0,1,0,0,0,0,- ,- ,34.183269500732422,-118.94439697265625,VENTURA,UNINCORPORATED,-118.94436399999999,34.183202000000001
9131307,2020,2020-10-15,5600,2020-07-14,1920,3147,9146,2,5,6,5607,0,0,0,,0,9D01,ROCKFIELD ST,CEDAR POINT PL,0.00,,Y,A,-,N,,,,,,,,,,N,3,0,1,2,A,-,12,22450,A,N,H,G,A,A,H,-,A,A,0,,Y,,,Y,,L,04,0,1,0,0,0,0,1,0,0,- ,- ,34.175819396972656,-118.78874969482422,VENTURA,THOUSAND OAKS,-118.78861999511719,34.175811767578125
91318004,2020,2020-10-06,9770,2020-09-24,1120,017627,,4,1,9,5600,0,2,4,,1,032,MOORPARK ROAD,SANTA ROSA ROAD,10.00,N,N,A,-,N,,,,,,,,,,N,3,0,1,2,A,-,08,22107,,N,B,G,A,A,H,-,A,A,0,,Y,,,Y,,-,- ,0,1,0,0,0,0,1,0,0,- ,- ,34.246311187744141,-118.86873626708984,VENTURA,UNINCORPORATED,-118.86854553222656,34.246212005615234
9132372,2020,2020-11-10,5608,2020-07-26,2145,500,,7,5,6,5608,0,0,0,,0,002,HARBOR BL,SANJON,292.00,E,N,A,-,N,,,,,,,,,,N,4,0,1,2,A,-,11,21954,A,F,B,B,E,A,H,-,D,D,0,Y,,,,Y,,N,60,0,0,1,0,1,0,0,0,0,- ,- ,,,VENTURA,VENTURA,-119.28409576416016,34.272602081298828
91332769,2020,2020-10-28,9770,2020-10-21,1245,016198,,3,1,9,5600,0,2,4,,2,078,MICHAEL DRIVE,DEVIA DRIVE,42.00,E,N,A,-,N,,,,,,,,,,N,3,0,1,2,A,-,08,22107,,N,B,G,A,A,H,-,A,D,0,,Y,,,Y,,L,04,0,1,0,0,0,0,1,0,0,- ,- ,34.182960510253906,-118.94110107421875,VENTURA,UNINCORPORATED,-118.94119262695312,34.182960510253906
91333022,2020,2020-10-28,9765,2020-10-19,0755,013555,,1,1,9,5600,0,3,5,,2,005,STROUBE STREET,KENNEY STREET,317.00,W,N,B,-,N,,,,,,,,,,N,2,0,1,2,A,-,08,22107,,N,G,B,E,A,H,-,A,D,0,Y,,,,Y,,A,07,1,0,0,0,1,0,0,0,0,- ,- ,34.230739593505859,-119.16001129150391,VENTURA,UNINCORPORATED,-119.15986633300781,34.230693817138672
9138071,2020,2020-08-26,5604,2020-06-02,1505,5216,,2,5,6,5604,0,0,0,,0,042,HUENEME RD,PERKINS RD,100.00,E,N,B,-,N,,,,,,,,,,N,3,0,1,2,A,-,03,22350,,N,C,G,A,A,H,-,A,A,0,,Y,,,Y,,-,,0,1,0,0,0,0,1,0,0,- ,- ,34.147418975830078,-119.17607879638672,VENTURA,OXNARD,-119.18360900878906,34.147548675537109
9138903,2020,2020-10-09,5604,2020-07-25,1855,5572,,6,5,6,5604,0,0,0,,0,031,COOPER RD,N HAYES AV,100.00,W,N,A,-,N,,,,,,,,,,N,3,0,1,2,A,-,11,21954,A,N,G,B,D,A,H,-,A,D,0,Y,,,,Y,,N,60,0,1,0,0,1,0,0,0,0,- ,- ,34.204811096191406,-119.1759033203125,VENTURA,OXNARD,-119.17568206787109,34.204551696777344
9139684,2020,2020-10-15,5604,2020-08-05,1129,5465,,3,5,6,5604,0,0,0,,0,042,SAVIERS RD,DOLLIE ST,0.00,,Y,A,-,N,,,,,,,,,,N,4,0,1,2,A,-,05,21650,1,N,D,G,A,A,H,-,A,A,0,,Y,,,Y,,L,04,0,0,1,0,0,0,1,0,0,- ,- ,,,VENTURA,OXNARD,-119.17781829833984,34.1573486328125
9142214,2020,2020-10-26,5600,2020-08-18,0656,5349,9124,2,5,6,5607,0,0,0,,0,9C01,LYNN RD,KELLY RD,0.00,,Y,A,-,N,,,,,,,,,,N,3,0,1,2,A,-,09,21802,A,N,D,G,A,A,H,-,A,A,0,,Y,,,Y,,D,22,0,1,0,0,0,0,1,0,0,- ,- ,34.175811767578125,-118.92105865478516,VENTURA,THOUSAND OAKS,-118.93215179443359,34.173061370849609