CASE_ID,ACCIDENT_YEAR,PROC_DATE,JURIS,COLLISION_DATE,COLLISION_TIME,OFFICER_ID,REPORTING_DISTRICT,DAY_OF_WEEK,CHP_SHIFT,POPULATION,CNTY_CITY_LOC,SPECIAL_COND,BEAT_TYPE,CHP_BEAT_TYPE,CITY_DIVISION_LAPD,CHP_BEAT_CLASS,BEAT_NUMBER,PRIMARY_RD,SECONDARY_RD,DISTANCE,DIRECTION,INTERSECTION,WEATHER_1,WEATHER_2,STATE_HWY_IND,CALTRANS_COUNTY,CALTRANS_DISTRICT,STATE_ROUTE,ROUTE_SUFFIX,POSTMILE_PREFIX,POSTMILE,LOCATION_TYPE,RAMP_INTERSECTION,SIDE_OF_HWY,TOW_AWAY,COLLISION_SEVERITY,NUMBER_KILLED,NUMBER_INJURED,PARTY_COUNT,PRIMARY_COLL_FACTOR,PCF_CODE_OF_VIOL,PCF_VIOL_CATEGORY,PCF_VIOLATION,PCF_VIOL_SUBSECTION,HIT_AND_RUN,TYPE_OF_COLLISION,MVIW,PED_ACTION,ROAD_SURFACE,ROAD_COND_1,ROAD_COND_2,LIGHTING,CONTROL_DEVICE,CHP_ROAD_TYPE,PEDESTRIAN_ACCIDENT,BICYCLE_ACCIDENT,MOTORCYCLE_ACCIDENT,TRUCK_ACCIDENT,NOT_PRIVATE_PROPERTY,ALCOHOL_INVOLVED,STWD_VEHTYPE_AT_FAULT,CHP_VEHTYPE_AT_FAULT,COUNT_SEVERE_INJ,COUNT_VISIBLE_INJ,COUNT_COMPLAINT_PAIN,COUNT_PED_KILLED,COUNT_PED_INJURED,COUNT_BICYCLIST_KILLED,COUNT_BICYCLIST_INJURED,COUNT_MC_KILLED,COUNT_MC_INJURED,PRIMARY_RAMP,SECONDARY_RAMP,LATITUDE,LONGITUDE,COUNTY,CITY,POINT_X,POINT_Y
91438176,2021,2021-03-29,9770,2021-03-20,0210,021306,,6,3,9,5600,0,2,4,,1,030,SANTA ROSA ROAD,GERRY ROAD,1320.00,E,N,B,-,N,,,,,,,,,,N,3,0,1,2,A,-,11,21950,B,N,G,B,D,A,D,E,D,D,0,Y,,,,Y,,N,60,0,1,0,0,1,0,0,0,0,- ,- ,34.235298156738281,-118.94004821777344,VENTURA,UNINCORPORATED,-118.94035339355469,34.235282897949219
9150917,2020,2020-09-25,5604,2020-07-10,1815,5492,,5,5,6,5604,0,0,0,,0,031,S ROSE AV,3RD ST,0.00,,Y,A,-,N,,,,,,,,,,Y,3,0,1,2,A,-,01,23153,A,F,D,G,A,A,H,-,A,A,0,,Y,,,Y,Y,A,01,0,1,0,0,0,0,1,0,0,- ,- ,34.200439453125,-119.15973663330078,VENTURA,OXNARD,-119.15985107421875,34.200450897216797
9153608,2020,2021-01-20,5608,2020-09-03,0558,526,VENTU,4,5,6,5608,0,0,0,,0,001,VENTURA AV,MAIN ST,344.00,N,N,A,-,N,,,,,,,,,,Y,2,0,1,2,A,-,11,21954,A,N,A,B,D,A,H,-,C,A,0,Y,,,,Y,,N,60,1,0,0,0,1,0,0,0,0,- ,- ,,,VENTURA,VENTURA,-119.30062103271484,34.282001495361328
9153614,2020,2021-01-20,5608,2020-09-01,1728,528,,2,5,6,5608,0,0,0,,0,002,JORDAN AV,SAN NICHOLAS ST,10.00,S,N,A,-,N,,,,,,,,,,N,2,0,1,2,A,-,10,21950,A,N,G,B,B,A,H,-,B,D,0,Y,,,,Y,,A,01,1,0,0,0,1,0,0,0,0,- ,- ,,,VENTURA,VENTURA,-119.26665496826172,34.275482177734375
91546888,2021,2021-08-17,9765,2021-08-07,1004,022182,,6,1,9,5600,0,3,5,,2,006,POTRERO ROAD,VIA ACOSTA,2112.00,W,N,A,-,N,,,,,,,,,,Y,3,0,1,2,A,-,03,22350,,N,D,G,A,A,H,-,A,D,0,,Y,,,Y,,L,04,0,1,0,0,0,0,1,0,0,- ,- ,34.15911865234375,-118.99842834472656,VENTURA,UNINCORPORATED,-118.99525451660156,34.159095764160156
9155522,2020,2020-11-05,5608,2020-09-11,1055,483,VENTU,5,5,6,5608,0,0,0,,0,001,MAIN ST,LAUREL ST,135.00,E,N,A,-,N,,,,,,,,,,N,3,0,1,2,A,-,17,22517,,N,B,G,A,A,H,-,A,-,0,,Y,,,Y,,-,,0,1,0,0,0,0,1,0,0,- ,- ,,,VENTURA,VENTURA,-119.2850341796875,34.280849456787109
91571197,2021,2021-09-15,9765,2021-04-12,2350,020850,,1,3,9,5600,0,3,5,,2,003,GONZALES ROAD,VICTORIA AVENUE,3696.00,W,N,A,-,N,,,,,,,,,,Y,1,1,0,2,A,-,11,21954,A,N,G,B,E,A,H,-,D,D,0,Y,,,,Y,,N,60,0,0,0,1,0,0,0,0,0,- ,- ,34.219501495361328,-119.23445129394531,VENTURA,UNINCORPORATED,-119.23351287841797,34.219501495361328
91572420,2021,2021-09-16,9765,2021-09-04,1150,021167,,6,1,9,5600,0,1,3,,1,044,SR-33,MILEPOST MARKER 36.48,375.00,S,N,A,-,Y,,,33,,,,,,,Y,2,0,2,2,A,-,08,22107,,N,A,G,A,A,H,-,A,D,0,,Y,Y,,Y,,C,02,2,0,0,0,0,0,1,0,1,- ,- ,34.597408294677734,-119.33155822753906,VENTURA,UNINCORPORATED,-119.33154296875,34.597457885742188
9157605,2020,2020-12-01,5600,2020-09-18,1058,5586,9162,5,5,6,5607,0,0,0,,0,9D01,THOUSAND OAKS BL,PIERCE ARROW AV,0.00,,Y,A,-,,,,,,,,,,,Y,2,0,1,2,A,-,11,21456,,N,G,B,B,A,H,-,A,A,0,Y,,,,Y,,N,60,1,0,0,0,1,0,0,0,0,- ,- ,34.162490844726562,-118.82572937011719,VENTURA,THOUSAND OAKS,-118.82575225830078,34.162418365478516
9160695,2020,2020-12-29,5600,2020-10-05,1906,4965,8211,1,5,5,5601,0,0,0,,0,8D01,MISSION OAKS BL,ANGULA PL,1645.00,E,N,A,-,N,,,,,,,,,,,2,0,1,2,A,-,10,21950,A,N,G,B,C,A,H,-,C,A,0,Y,,,,Y,,A,01,1,0,0,0,1,0,0,0,0,- ,- ,34.218860626220703,-119.00939178466797,VENTURA,CAMARILLO,-119.00547027587891,34.221786499023438
91652245,2021,2021-12-14,9765,2021-12-08,1605,021167,,3,2,9,5600,0,1,3,,1,020,WOODLAND AVE,SR-33,0.00,,Y,A,-,N,,,,,,,,,,N,4,0,1,2,A,-,12,22450,A,N,D,G,A,A,H,-,A,A,0,,Y,,,Y,,L,04,0,0,1,0,0,0,1,0,0,- ,- ,34.422210693359375,-119.29017639160156,VENTURA,UNINCORPORATED,-119.29000854492188,34.422237396240234
9169191,2020,2020-11-19,5604,2020-09-10,1309,5623,,4,5,6,5604,0,0,0,,0,031,GONZALES RD,ENTRADA DR,0.00,,Y,B,-,N,,,,,,,,,,N,4,0,1,2,A,-,12,21453,A,N,G,G,A,A,H,-,A,A,0,,Y,,,Y,,L,04,0,0,1,0,0,0,1,0,0,- ,- ,,,VENTURA,OXNARD,-119.17227172851562,34.218971252441406
91700570,2022,2022-02-14,9770,2022-02-03,1615,019057,,4,2,9,5600,0,2,4,,2,078,JENNY DR,FRANKIE DR,10.00,S,N,A,-,N,,,,,,,,,,N,3,0,1,2,A,-,10,21950,A,N,G,B,D,A,H,-,A,D,0,Y,,,,Y,,A,01,0,1,0,0,1,0,0,0,0,- ,- ,34.190910339355469,-118.95017242431641,VENTURA,UNINCORPORATED,-118.95013427734375,34.190971374511719
91701393,2022,2022-02-15,9765,2022-02-05,1140,020763,,6,1,9,5600,0,1,3,,1,012,SR-1 (PCH) N/B,FARIA RD.,1056.00,N,N,A,-,Y,VEN,,1,,,25.738,H,,R,N,4,0,1,2,A,-,- ,,,N,C,G,A,A,H,-,A,D,0,,Y,,,Y,,-,- ,0,0,1,0,0,0,1,0,0,- ,- ,34.321170806884766,-119.39266967773438,VENTURA,UNINCORPORATED,-119.392578125,34.321220397949219
9176954,2020,2020-11-09,5600,2020-07-21,1830,3924,,2,5,4,5690,0,0,0,,0,,MARQUETTE ST,CAMPUS PARK DR,0.00,N,N,A,-,,,,,,,,,,,,3,0,1,2,D,-,00,,,N,B,G,A,A,H,-,A,D,0,,Y,,,Y,,-,- ,0,1,0,0,0,0,1,0,0,- ,- ,,,VENTURA,MOORPARK,-118.84583282470703,34.296100616455078
91769988,2021,2022-05-11,9765,2021-09-28,0030,022296,,2,3,6,5608,0,1,2,,2,502,US-101 S/B (VENTURA FREEWAY),GARDEN STREET,144.00,S,N,A,-,Y,,,101,,,,,,S,Y,1,1,0,2,A,-,00,21960,A,N,G,B,E,A,H,-,C,D,0,Y,,,,Y,,N,60,0,0,0,1,0,0,0,0,0,- ,- ,34.277858734130859,-119.3023681640625,VENTURA,VENTURA,-119.30239105224609,34.277801513671875
91776994,2022,2022-05-20,9765,2022-05-12,0750,017253,,4,1,9,5600,0,3,5,,2,002,SANTA ANA BLVD,APRICOT ST,0.00,,Y,A,-,N,,,,,,,,,,Y,3,0,1,2,A,-,09,21801,A,N,D,B,A,A,H,-,A,D,0,,,Y,,Y,,A,01,0,1,0,0,0,0,0,0,1,- ,- ,34.400341033935547,-119.3011474609375,VENTURA,UNINCORPORATED,-119.30113983154297,34.400348663330078
9180159,2020,2020-11-19,5600,2020-10-02,2104,4397,6018,5,5,3,5602,0,0,0,,0,6B01,A ST,SANTA CLARA ST,142.00,S,N,A,-,N,,,,,,,,,,Y,3,0,1,2,A,-,11,21954,A,N,G,B,D,A,H,-,D,D,0,Y,,,,Y,Y,N,60,0,1,0,0,1,0,0,0,0,- ,- ,34.397018432617188,-118.91799926757812,VENTURA,FILLMORE,-118.91799163818359,34.397205352783203
91815238,2022,2022-07-12,9765,2022-06-29,0510,019034,,3,3,5,5601,0,1,2,,2,503,US-101 S/B FROM LOS POSAS RD.,LAS POSAS RD.,60.00,S,N,A,-,Y,,,,,,,,,,N,3,0,1,2,A,-,11,21954,A,N,G,B,D,A,H,-,C,D,0,Y,,,,Y,,N,60,0,1,0,0,1,0,0,0,0,- ,- ,34.218589782714844,-119.06944274902344,VENTURA,CAMARILLO,-119.06944274902344,34.218589782714844
9182271,2020,2020-11-20,5604,2020-09-02,1920,5249,,3,5,6,5604,0,0,0,,0,022,HOBSON WY,9TH ST,0.00,,Y,A,-,N,,,,,,,,,,N,3,0,1,2,A,-,09,21804,B,F,D,G,A,A,H,-,A,A,0,,Y,,,Y,Y,-,99,0,1,0,0,0,0,1,0,0,- ,- ,,,VENTURA,OXNARD,-119.18917083740234,34.192459106445312
9187874,2020,2021-02-03,5604,2020-11-16,1721,5403,,1,5,6,5604,0,0,0,,0,041,SAMUEL AVE,LA CANADA AV,340.00,S,N,A,-,N,,,,,,,,,,N,4,0,1,2,A,-,11,21954,A,N,G,B,E,A,H,-,C,D,0,Y,,,,Y,,N,60,0,0,1,0,1,0,0,0,0,- ,- ,34.166919708251953,-119.17656707763672,VENTURA,OXNARD,-119.17672729492188,34.166847229003906
91881343,2022,2022-10-04,9770,2022-09-23,1105,016198,,5,1,9,5600,0,3,5,,2,006,1753 HIDDEN VALLEY ROAD,POTRERO ROAD,5280.00,S,N,A,-,N,,,,,,,,,,N,3,0,1,2,A,-,09,21804,A,N,D,G,A,A,H,-,A,D,0,,Y,Y,,Y,,L,04,0,1,0,0,0,0,1,0,0,- ,- ,34.145130157470703,-118.93044281005859,VENTURA,UNINCORPORATED,-118.92671966552734,34.146152496337891
9196013,2020,2021-02-02,5604,2020-11-10,1732,5210,,2,5,6,5604,0,0,0,,0,042,E DOLLIE ST,BRADFIELD PL,0.00,,Y,A,-,N,,,,,,,,,,N,2,0,1,3,A,-,03,22350,,N,G,G,A,A,H,-,C,D,0,,Y,,,Y,,A,01,1,0,0,0,0,0,1,0,0,- ,- ,34.157310485839844,-119.17552947998047,VENTURA,OXNARD,-119.17555999755859,34.157341003417969
9196953,2020,2020-12-22,5600,2020-10-29,0751,4221,9114,4,5,6,5607,0,0,0,,0,9C01,JESSICA ST,MARTY CT,0.00,,Y,A,-,N,,,,,,,,,,Y,2,0,1,2,A,-,03,22350,,N,G,B,D,A,H,-,A,D,0,Y,,,,Y,,A,07,1,0,0,0,1,0,0,0,0,- ,- ,34.178241729736328,-118.94259643554688,VENTURA,THOUSAND OAKS,-118.94255065917969,34.178249359130859
9200388,2020,2021-02-23,5604,2020-12-19,1354,5459,,6,5,6,5604,0,0,0,,0,021,SUNSET LN,HARBOR BL,0.00,,Y,A,-,N,,,,,,,,,,N,3,0,2,2,D,-,00,,,N,G,B,E,A,H,-,A,D,0,Y,,,,Y,,-,- ,0,1,1,0,1,0,0,0,0,- ,- ,34.163490295410156,-119.22728729248047,VENTURA,OXNARD,-119.227318,34.163474000000001
92018703,2023,2023-03-15,9765,2023-03-08,740 ,016234,,3,1,9,5600,0,3,5,,2,005,STROUBE STREET,KENNY STREET,0.00,,Y,A,-,N,,,,,,,,,,N,4,0,1,2,A,-,21,22106,,N,D,G,A,A,H,-,A,D,0,,Y,,,Y,,A,01,0,0,1,0,0,0,1,0,0,- ,- ,34.230068206787109,-119.15914154052734,VENTURA,UNINCORPORATED,-119.1590576171875,34.230140686035156
92032634,2023,2023-03-30,9765,2023-03-23,913 ,022992,,4,1,9,5600,0,3,5,,2,002,SANTA ANA ROAD NORTHBOUND,CASITAS VISTA ROAD,330.00,N,N,B,-,N,,,,,,,,,,N,2,0,1,2,A,-,08,22107,,N,C,G,A,B,H,-,A,D,0,,Y,,,Y,,-,- ,1,0,0,0,0,0,1,0,0,- ,- ,34.259860992431641,-119.314453125,VENTURA,UNINCORPORATED,-119.31356811523438,34.357799530029297
92071660,2023,2023-05-18,9765,2023-05-10,628 ,020763,,3,1,9,5600,0,3,5,,2,005,ALVARADO ST.,STROUBE ST.,0.00,,Y,A,-,N,,,,,,,,,,N,4,0,1,2,A,-,10,21950,A,N,G,B,B,A,H,-,A,A,0,Y,,,,Y,,A,01,0,0,1,0,1,0,0,0,0,- ,- ,34.231708526611328,-119.16143035888672,VENTURA,UNINCORPORATED,-119.16146087646484,34.231788635253906
92112927,2023,2023-07-10,9765,2023-07-04,1145,019277,,2,1,9,5600,0,3,5,,2,004,TELEGRAPH ROAD,OLIVE RD.,528.00,W,N,A,-,N,,,,,,,,,,N,4,0,1,2,A,-,08,22107,,N,B,G,A,A,H,-,A,D,0,,Y,,,Y,,L,04,0,0,1,0,0,0,1,0,0,- ,- ,34.310501098632812,-119.13516998291016,VENTURA,UNINCORPORATED,-119.13506317138672,34.310581207275391
9211862,2020,2022-06-13,5606,2020-09-23,1753,1133,5606,3,5,4,5606,0,0,0,,0,001,SANTA BARBARA ST,BLANCHARD AV,140.00,W,N,A,-,N,,,,,,,,,,Y,1,1,0,2,A,-,09,21804,A,N,D,G,A,A,H,-,A,D,0,,Y,,,Y,Y,L,04,0,0,0,0,0,1,0,0,0,- ,- ,,,VENTURA,SANTA PAULA,-119.07392120361328,34.351451873779297
92127342,2023,2023-07-27,9770,2023-07-17,1840,021738,,1,2,9,5600,0,2,4,,1,087,SANTA SUSANA PASS ROAD,KATHERINE ROAD,0.00,,Y,A,-,N,,,,,,,,,,Y,3,0,1,2,A,-,09,21801,A,N,D,G,A,A,H,-,A,D,0,,Y,,,Y,,A,01,0,1,0,0,0,0,1,0,0,- ,- ,34.260601043701172,-118.66045379638672,VENTURA,UNINCORPORATED,-118.66036224365234,34.260578155517578
92155975,2023,2023-08-28,9765,2023-08-19,1215,017253,,6,1,9,5600,0,3,5,,2,001,CASITAS VISTA ROAD,SANTA ANA RD,500.00,E,N,A,-,N,,,,,,,,,,N,3,0,1,1,A,-,08,22107,,N,H,G,A,A,H,-,A,D,0,,Y,,,Y,,L,04,0,1,0,0,0,0,1,0,0,- ,- ,34.355751037597656,-119.31329345703125,VENTURA,UNINCORPORATED,-119.31329345703125,34.355846405029297
9220553,2021,2021-03-13,5604,2021-01-17,1103,5609,,7,5,6,5604,0,0,0,,0,011,W GONZALES RD,LANTANA ST,0.00,,Y,A,-,N,,,,,,,,,,N,4,0,1,2,A,-,11,21453,D,N,G,B,B,A,H,-,A,A,0,Y,,,,Y,,N,60,0,0,1,0,1,0,0,0,0,- ,- ,34.219169616699219,-119.19024658203125,VENTURA,OXNARD,-119.19024658203125,34.2191162109375
9236741,2021,2021-04-06,5600,2021-03-11,1624,4527,9082,4,5,6,5607,0,0,0,,0,9B01,WILBUR RD,LAURIE LN,190.00,W,N,A,-,N,,,,,,,,,,N,3,0,1,2,A,-,17,22517,,N,B,G,A,A,H,-,A,D,0,,Y,,,Y,,D,22,0,1,0,0,0,0,1,0,0,- ,- ,34.183021545410156,-118.87563323974609,VENTURA,THOUSAND OAKS,-118.87238311767578,34.186244964599609
9241080,2021,2021-03-27,5604,2021-02-09,1330,5623,,2,5,6,5604,0,0,0,,0,031,SAN GORGONIO AV,FEATHERSTONE ST,74.00,W,N,B,-,N,,,,,,,,,,N,3,0,1,3,A,-,21,22106,,N,G,B,E,A,H,-,A,D,0,Y,,,,Y,,A,07,0,1,0,0,1,0,0,0,0,- ,- ,,,VENTURA,OXNARD,-119.15531158447266,34.204788208007812
9244891,2021,2021-04-05,5604,2021-01-12,1601,4942,,2,5,6,5604,0,0,0,,0,031,N HARRISON AV,COOPER RD,300.00,S,N,A,-,N,,,,,,,,,,N,3,0,1,3,A,-,21,22106,,F,G,B,E,A,H,-,A,D,0,Y,,,,Y,,A,01,0,1,0,0,1,0,0,0,0,- ,- ,34.204071044921875,-119.17649078369141,VENTURA,OXNARD,-119.17630767822266,34.2037353515625
9250041,2021,2021-04-28,5608,2021-03-16,1612,377,,2,5,6,5608,0,0,0,,0,001,S PALM AV,SANTA CLARA ST,165.00,S,N,A,-,N,,,,,,,,,,N,3,0,1,2,A,-,17,22517,,N,D,G,A,A,H,-,A,D,0,,Y,,,Y,,-,,0,1,0,0,0,0,1,0,0,- ,- ,,,VENTURA,VENTURA,-119.29618835449219,34.279075622558594
9261818,2021,2021-05-05,5604,2021-04-02,1607,5465,,5,5,6,5604,0,0,0,,0,042,COURTLAND ST,CUESTA DEL MAR DR,180.00,S,N,A,-,N,,,,,,,,,,N,2,0,1,2,A,-,09,21804,A,N,D,G,A,A,H,-,A,D,0,,Y,,,Y,,L,04,1,0,0,0,0,0,1,0,0,- ,- ,,,VENTURA,OXNARD,-119.17949676513672,34.148296356201172
9261826,2021,2021-05-05,5604,2021-04-01,0714,5396,,4,5,6,5604,0,0,0,,0,022,WEST 5TH ST,HOBSON WY,50.00,W,N,A,-,N,,,,,,,,,,N,3,0,1,2,A,-,08,22107,,N,D,G,A,A,H,-,A,D,0,,Y,,,Y,,L,04,0,1,0,0,0,0,1,0,0,- ,- ,34.197738647460938,-119.18789672851562,VENTURA,OXNARD,-119.18807220458984,34.197696685791016
9261829,2021,2021-05-05,5604,2021-04-10,2035,5475,,6,5,6,5604,0,0,0,,0,024,S  N ST,W WOOLLEY RD,0.00,,Y,A,-,N,,,,,,,,,,N,3,0,1,2,A,-,09,21800,A,F,B,G,A,A,H,-,C,A,0,,Y,,,Y,Y,A,01,0,1,0,0,0,0,1,0,0,- ,- ,34.190029144287109,-119.19371032714844,VENTURA,OXNARD,-119.19371795654297,34.190071105957031
9262248,2021,2021-05-10,5600,2021-04-25,1824,4646,5100,7,5,4,5690,0,0,0,,0,2B01,2ND ST,MILLARD ST,235.00,E,N,B,-,N,,,,,,,,,,N,3,0,1,2,A,-,05,21202,A,N,D,G,A,A,H,-,A,D,0,,Y,,,Y,,L,04,0,1,0,0,0,0,1,0,0,- ,- ,34.282798767089844,-118.87850952148438,VENTURA,MOORPARK,-118.87772369384766,34.282810211181641
9262249,2021,2021-05-28,5600,2021-04-22,1139,4550,9046,4,5,6,5607,0,0,0,,0,9A01,COLUMBIA RD,TRIANGLE ST,0.00,,Y,A,-,N,,,,,,,,,,Y,3,0,1,2,C,-,18,,,N,G,B,E,A,H,-,A,D,0,Y,,,,Y,,-,- ,0,1,0,0,1,0,0,0,0,- ,- ,34.20458984375,-118.87368774414062,VENTURA,THOUSAND OAKS,-118.87379455566406,34.204570770263672
9265354,2020,2021-05-25,5605,2020-10-10,1622,228,PATRO,6,5,3,5605,0,0,0,,0,002,VENTURA RD,SUNKIST ST,0.00,,Y,A,-,N,,,,,,,,,,N,4,0,1,2,A,-,10,21950,A,M,G,B,B,A,H,-,A,A,0,Y,,,,Y,,A,01,0,0,1,0,1,0,0,0,0,- ,- ,34.168498992919922,-119.19509887695312,VENTURA,PORT HUENEME,-119.19500732421875,34.168430328369141
9278957,2021,2021-06-30,5600,2021-05-05,0828,5013,9050,3,5,6,5607,0,0,0,,0,9H01,MOORPARK RD,GAINSBOROUGH RD,0.00,,Y,A,-,N,,,,,,,,,,N,4,0,1,2,A,-,09,21801,A,N,H,G,A,A,H,-,A,A,0,,Y,,,Y,,A,01,0,0,1,0,0,0,1,0,0,- ,- ,34.194881439208984,-118.8721923828125,VENTURA,THOUSAND OAKS,-118.87225341796875,34.194923400878906
9293009,2021,2021-08-12,5608,2021-06-23,1935,536,VENTU,3,5,6,5608,0,0,0,,0,003,TELEPHONE RD,SOUTH VICTORIA AV,0.00,,Y,A,-,N,,,,,,,,,,N,4,0,1,2,A,-,08,22107,,N,G,B,B,A,H,-,A,A,0,Y,,,,Y,,A,01,0,0,1,0,1,0,0,0,0,- ,- ,,,VENTURA,VENTURA,-119.21256256103516,34.265457153320312
9301541,2021,2021-10-01,5604,2021-08-18,1717,5306,,3,5,6,5604,0,0,0,,0,014,THAMES RIVER DR,VINEYARD AV,0.00,,Y,A,-,N,,,,,,,,,,N,3,0,2,2,A,-,10,21950,A,N,A,G,A,A,H,-,A,A,0,,Y,,,Y,,A,01,0,1,1,0,0,0,1,0,0,- ,- ,34.244060516357422,-119.1640625,VENTURA,OXNARD,-119.1640625,34.244098663330078
9309650,2021,2021-10-07,5608,2021-08-04,2122,522,,3,5,6,5608,0,0,0,,0,001,KLAMATH ST,CAMERON ST,5.00,W,N,A,-,N,,,,,,,,,,N,2,0,1,2,A,-,01,23153,A,N,G,B,C,A,H,-,C,D,0,Y,,,,Y,Y,A,01,1,0,0,0,1,0,0,0,0,- ,- ,,,VENTURA,VENTURA,,
9312726,2021,2021-09-10,5608,2021-08-07,1741,370,,6,5,6,5608,0,0,0,,0,002,HUST AV,MAIN ST,2.00,S,N,A,-,N,,,,,,,,,,N,2,0,1,2,A,-,09,21804,A,N,D,G,A,A,H,-,A,D,0,,Y,,,Y,,L,04,1,0,0,0,0,0,1,0,0,- ,- ,,,VENTURA,VENTURA,-119.27394104003906,34.278953552246094
9315118,2021,2021-10-22,5608,2021-08-11,1521,539,VENTU,3,5,6,5608,0,0,0,,0,003,SOUTH VICTORIA AV,RT 126,0.00,,Y,B,-,N,,,,,,,,,,N,3,0,1,2,A,-,09,21804,A,F,B,G,A,A,H,-,A,D,0,,Y,,,Y,,A,01,0,1,0,0,0,0,1,0,0,- ,WO,,,VENTURA,VENTURA,-119.21369934082031,34.271316528320312
9316052,2021,2021-09-23,5608,2021-08-17,1017,493,,2,5,6,5608,0,0,0,,0,002,HOMER AV,LEXINGTON DR,83.00,N,N,A,-,N,,,,,,,,,,N,3,0,1,2,A,-,21,22106,,N,G,B,F,A,H,-,A,D,0,Y,,,,Y,,A,01,0,1,0,0,1,0,0,0,0,- ,- ,,,VENTURA,VENTURA,-119.25716400146484,34.27728271484375
9321999,2021,2021-10-21,5604,2021-09-08,0814,5401,,3,5,6,5604,0,0,0,,0,014,Q GONZALES RD,OXNARD BL,100.00,W,N,B,-,N,,,,,,,,,,N,4,0,1,2,A,-,12,22450,A,N,H,G,A,A,H,-,A,D,0,,Y,,,Y,,A,07,0,0,1,0,0,0,1,0,0,- ,- ,34.219459533691406,-119.17833709716797,VENTURA,OXNARD,-119.17758941650391,34.219017028808594
9337442,2021,2021-10-06,5604,2021-08-21,2319,5435,,6,5,6,5604,0,0,0,,0,022,WEST 5TH ST,S VENTURA RD S,0.00,,Y,A,-,N,,,,,,,,,,Y,2,0,1,2,A,-,12,21453,A,N,D,G,A,A,H,-,C,A,0,,Y,,,Y,,L,04,1,0,0,0,0,0,1,0,0,- ,- ,34.197669982910156,-119.19473266601562,VENTURA,OXNARD,-119.19487762451172,34.197578430175781
9341884,2021,2021-12-15,5608,2021-10-04,1115,441,,1,5,6,5608,0,0,0,,0,002,E MAIN ST,DONLON ST,0.00,,Y,A,-,N,,,,,,,,,,N,3,0,1,2,A,-,- ,,,N,G,B,B,A,H,-,A,A,0,Y,,,,Y,,-,,0,1,0,0,1,0,0,0,0,- ,- ,34.26287841796875,-119.23551177978516,VENTURA,VENTURA,-119.23545837402344,34.262722015380859
9353591,2021,2021-11-08,5604,2021-09-14,0820,5434,,2,5,6,5604,0,0,0,,0,041,TEAKWOOD ST,KERN ST,20.00,E,N,A,-,N,,,,,,,,,,N,4,0,1,2,A,-,05,21202,A,N,A,G,A,A,H,-,A,D,0,,Y,,,Y,Y,-,,0,0,1,0,0,0,1,0,0,- ,- ,34.171710968017578,-119.18975067138672,VENTURA,OXNARD,-119.18856048583984,34.170608520507812
9353733,2021,2021-12-07,5604,2021-10-21,0834,4834,,4,5,6,5604,0,0,0,,0,032,IRIS ST,SAN MARINO ST,5.00,S,N,A,-,N,,,,,,,,,,N,3,0,1,2,A,-,10,21950,A,N,G,B,D,A,H,-,A,D,0,Y,,,,Y,,A,01,0,1,0,0,1,0,0,0,0,- ,- ,,,VENTURA,OXNARD,,
9362137,2021,2021-12-21,5608,2021-11-02,0755,520,,2,5,6,5608,0,0,0,,0,004,VICTORIA AV,TELEPHONE RD,0.00,,Y,B,-,N,,,,,,,,,,N,3,0,1,2,A,-,11,21950,B,N,D,G,A,A,H,-,A,A,0,,Y,,,Y,,L,04,0,1,0,0,0,0,1,0,0,- ,- ,,,VENTURA,VENTURA,-119.21256256103516,34.265457153320312
9368421,2021,2021-12-15,5604,2021-11-03,1522,5285,,3,5,6,5604,0,0,0,,0,042,W PLEASANT VALLEY RD,C ST,200.00,E,N,A,-,N,,,,,,,,,,N,4,0,1,2,A,-,03,22350,,N,G,B,D,A,H,-,A,D,0,Y,,,,Y,,A,01,0,0,1,0,1,0,0,0,0,- ,- ,34.155738830566406,-119.17932891845703,VENTURA,OXNARD,-119.17993927001953,34.154731750488281
9372628,2021,2021-12-13,5604,2021-10-21,2215,5458,,4,5,6,5604,0,0,0,,0,014,OXNARD BL,101 OVERPAS,5.00,E,N,A,-,N,,,1,,,,,,,N,3,0,1,2,A,-,10,21950,A,N,A,B,B,A,H,-,C,A,0,Y,,,Y,Y,,F,26,0,1,0,0,1,0,0,0,0,- ,- ,34.238998413085938,-119.18084716796875,VENTURA,OXNARD,-119.18091583251953,34.239002227783203
9374270,2021,2021-12-21,5608,2021-11-23,1529,448,,2,5,6,5608,0,0,0,,0,004,VICTORIA AV,AVOCET DR,202.00,N,N,A,-,N,,,,,,,,,,N,3,0,2,2,A,-,08,22107,,N,D,G,A,A,D,E,A,D,0,,Y,,,Y,,A,01,0,2,0,0,0,0,2,0,0,- ,- ,,,VENTURA,VENTURA,-119.21116638183594,34.258960723876953
9374276,2021,2021-12-21,5608,2021-11-30,0550,527,,2,5,6,5608,0,0,0,,0,004,TELEPHONE RD,CYPRESS POINT LN,28.00,E,N,E,-,N,,,,,,,,,,N,3,0,1,2,A,-,03,22350,,F,G,B,D,A,H,-,C,D,0,Y,,,,Y,,-,,0,1,0,0,1,0,0,0,0,- ,- ,,,VENTURA,VENTURA,-119.21580505371094,34.264942169189453