CASE_ID,ACCIDENT_YEAR,PROC_DATE,JURIS,COLLISION_DATE,COLLISION_TIME,OFFICER_ID,REPORTING_DISTRICT,DAY_OF_WEEK,CHP_SHIFT,POPULATION,CNTY_CITY_LOC,SPECIAL_COND,BEAT_TYPE,CHP_BEAT_TYPE,CITY_DIVISION_LAPD,CHP_BEAT_CLASS,BEAT_NUMBER,PRIMARY_RD,SECONDARY_RD,DISTANCE,DIRECTION,INTERSECTION,WEATHER_1,WEATHER_2,STATE_HWY_IND,CALTRANS_COUNTY,CALTRANS_DISTRICT,STATE_ROUTE,ROUTE_SUFFIX,POSTMILE_PREFIX,POSTMILE,LOCATION_TYPE,RAMP_INTERSECTION,SIDE_OF_HWY,TOW_AWAY,COLLISION_SEVERITY,NUMBER_KILLED,NUMBER_INJURED,PARTY_COUNT,PRIMARY_COLL_FACTOR,PCF_CODE_OF_VIOL,PCF_VIOL_CATEGORY,PCF_VIOLATION,PCF_VIOL_SUBSECTION,HIT_AND_RUN,TYPE_OF_COLLISION,MVIW,PED_ACTION,ROAD_SURFACE,ROAD_COND_1,ROAD_COND_2,LIGHTING,CONTROL_DEVICE,CHP_ROAD_TYPE,PEDESTRIAN_ACCIDENT,BICYCLE_ACCIDENT,MOTORCYCLE_ACCIDENT,TRUCK_ACCIDENT,NOT_PRIVATE_PROPERTY,ALCOHOL_INVOLVED,STWD_VEHTYPE_AT_FAULT,CHP_VEHTYPE_AT_FAULT,COUNT_SEVERE_INJ,COUNT_VISIBLE_INJ,COUNT_COMPLAINT_PAIN,COUNT_PED_KILLED,COUNT_PED_INJURED,COUNT_BICYCLIST_KILLED,COUNT_BICYCLIST_INJURED,COUNT_MC_KILLED,COUNT_MC_INJURED,PRIMARY_RAMP,SECONDARY_RAMP,LATITUDE,LONGITUDE,COUNTY,CITY,POINT_X,POINT_Y
9377828,2021,2022-01-10,5604,2021-11-04,1402,5586,,4,5,6,5604,0,0,0,,0,042,PERKINS RD,E PLEASANT VALLEY RD,0.00,,Y,A,-,N,,,,,,,,,,N,3,0,1,2,A,-,05,21650,,F,D,G,A,A,H,-,A,A,0,,Y,,,Y,Y,L,04,0,1,0,0,0,0,1,0,0,- ,- ,34.152839660644531,-119.183837890625,VENTURA,OXNARD,-119.18386077880859,34.154739379882812
9377859,2021,2022-02-02,5604,2021-12-06,1941,5614,,1,5,6,5604,0,0,0,,0,042,SAVIERS RD,PLEASANT VALLEY RD,0.00,,Y,A,-,N,,,,,,,,,,N,4,0,1,2,A,-,11,21456,C,N,G,B,B,A,H,-,C,A,0,Y,,,,Y,,N,60,0,0,1,0,1,0,0,0,0,- ,- ,34.154708862304688,-119.17774963378906,VENTURA,OXNARD,-119.17784881591797,34.154731750488281
9380170,2021,2022-01-12,5608,2021-12-10,1630,432,,5,5,6,5608,0,0,0,,0,002,EAST THOMPSON BL,S BORCHARD,254.00,E,N,A,-,N,,,,,,,,,,N,3,0,1,2,A,-,08,22107,,N,A,G,A,A,-,-,A,A,0,,Y,,,Y,,A,07,0,1,0,0,0,0,1,0,0,- ,- ,,,VENTURA,VENTURA,-119.25949096679688,34.272205352783203
9383198,2021,2022-01-03,5604,2021-11-15,1655,5536,,1,5,6,5604,0,0,0,,0,024,C ST,IRIS ST,0.00,,Y,E,-,N,,,,,,,,,,N,4,0,1,2,A,-,09,21802,A,N,G,G,A,A,H,-,A,D,0,,Y,,,Y,,A,01,0,0,1,0,0,0,1,0,0,- ,- ,,,VENTURA,OXNARD,-119.18128204345703,34.180351257324219
9390093,2021,2022-01-21,5600,2021-12-21,1140,4527,9173,2,5,6,5607,0,0,0,,0,9D01,VILLAGE GLEN AV,AGOURA RD,12.00,N,N,A,-,N,,,,,,,,,,N,4,0,1,2,A,-,05,21650,1,N,H,G,A,A,H,-,A,A,0,,Y,,,Y,,L,04,0,0,1,0,0,0,1,0,0,- ,- ,34.154518127441406,-118.830322265625,VENTURA,THOUSAND OAKS,-118.82532501220703,34.150478363037109
9390925,2021,2022-01-24,5604,2021-12-08,1310,5540,,3,5,6,5604,0,0,0,,0,042,W PLEASANT VALLEY RD,J ST,0.00,,Y,A,-,N,,,,,,,,,,N,3,0,1,2,A,-,11,21456,A,N,G,B,B,A,H,-,A,A,0,Y,,,,Y,,N,60,0,1,0,0,1,0,0,0,0,- ,- ,34.154758453369141,-119.18611145019531,VENTURA,OXNARD,-119.18584442138672,34.15478515625
9407672,2022,2022-03-08,5604,2022-02-13,1642,5521,,7,5,6,5604,0,0,0,,0,041,E BARD RD,ANCHORAGE ST,5.00,W,N,A,-,N,,,,,,,,,,Y,2,0,1,2,A,-,12,22450,A,N,G,G,A,A,H,-,A,A,0,,Y,,,Y,,A,01,1,0,0,0,0,0,1,0,0,- ,- ,34.162258148193359,-119.16288757324219,VENTURA,OXNARD,-119.16291809082031,34.162261962890625
9414802,2022,2022-03-03,5605,2022-01-31,1449,230,PATRO,1,5,3,5605,0,0,0,,0,002,BARD RD,8TH PL,86.00,W,N,A,-,N,,,,,,,,,,,2,0,4,4,C,-,18,,,N,G,B,F,A,H,-,A,D,0,Y,,,,Y,,-,- ,2,2,0,0,3,0,0,0,0,- ,- ,34.161018371582031,-119.18699645996094,VENTURA,PORT HUENEME,-119.18722534179688,34.161079406738281
9416070,2022,2022-03-23,5606,2022-02-07,0743,1101,5606,1,5,4,5606,0,0,0,,0,001,ACACIA RD,ACACIA WY,307.00,S,N,A,-,N,,,,,,,,,,N,3,0,1,2,A,-,09,21804,A,N,D,G,A,A,H,-,A,D,0,,Y,,,Y,,L,04,0,1,0,0,0,0,1,0,0,- ,- ,,,VENTURA,SANTA PAULA,-119.08065795898438,34.336463928222656
9417779,2021,2022-03-28,5606,2021-08-08,1022,1132,5606,7,5,4,5606,0,0,0,,0,001,STECKEL DR,HARVARD W BL,561.00,S,N,A,-,N,,,,,,,,,,N,4,0,1,2,B,-,22,,,N,G,B,F,A,H,-,A,D,0,Y,,,,Y,,A,01,0,0,1,0,1,0,0,0,0,- ,- ,,,VENTURA,SANTA PAULA,-119.07676696777344,34.343860626220703
9417780,2021,2022-03-28,5606,2021-08-01,1512,1132,5606,7,5,4,5606,0,0,0,,0,002,BLOCKMAIN E ST,10TH S ST,2.00,S,N,A,-,N,,,,,,,,,,N,4,0,1,2,A,-,12,22450,A,N,G,B,B,A,H,-,A,A,0,Y,,,,Y,,A,01,0,0,1,0,1,0,0,0,0,- ,- ,,,VENTURA,SANTA PAULA,,
9421219,2021,2022-03-24,5606,2021-12-09,1027,1097,5606,4,5,4,5606,0,0,0,,0,002,10TH S ST,VENTURA ST,230.00,N,N,C,-,Y,VEN,7,150,-,-,34.170,H,-,E,N,3,0,1,2,A,-,11,21954,A,N,G,B,D,B,H,-,A,D,0,Y,,,,Y,,N,60,0,1,0,0,1,0,0,0,0,- ,- ,,,VENTURA,SANTA PAULA,-119.05960083007812,34.35308837890625
9423289,2021,2022-03-28,5606,2021-07-20,1611,1127,5606,2,5,4,5606,0,0,0,,0,003,VENTRUA E ST,RT 150,0.00,,Y,A,-,Y,VEN,7,150,-,-,34.221,I,5,E,N,3,0,1,2,A,-,10,21950,A,N,G,B,B,A,H,-,A,A,0,Y,,,,Y,,A,01,0,1,0,0,1,0,0,0,0,- ,- ,,,VENTURA,SANTA PAULA,-119.05927276611328,34.3524169921875
9430213,2022,2022-04-11,5604,2022-03-14,1248,5189,,1,5,6,5604,0,0,0,,0,014,N OXNARD BL,TOWN CENTER DR,0.00,,Y,A,-,N,,,,,,,,,,N,3,0,1,2,A,-,08,22107,,N,D,G,A,A,H,-,A,A,0,,Y,,,Y,,A,07,0,1,0,0,0,0,1,0,0,- ,- ,,,VENTURA,OXNARD,-119.18025207519531,34.241527557373047
9434669,2022,2022-04-21,5608,2022-03-02,1028,533,30,3,5,6,5608,0,0,0,,0,003,AURORA DR,PRINCETON AV,0.00,,Y,A,-,N,,,,,,,,,,N,4,0,1,2,A,-,09,21801,A,N,D,G,A,A,H,-,A,D,0,,Y,,,Y,,A,01,0,0,1,0,0,0,1,0,0,- ,- ,,,VENTURA,VENTURA,-119.22793579101562,34.272792816162109
9434785,2022,2022-05-03,5608,2022-03-06,1050,531,,7,5,6,5608,0,0,0,,0,002,THOMPSON BL,SAN JON RD,0.00,,Y,A,-,N,,,,,,,,,,N,2,0,1,2,A,-,11,21456,B,F,H,G,A,A,H,-,A,A,0,,Y,,,Y,Y,L,04,1,0,0,0,0,0,1,0,0,- ,- ,34.276500701904297,-119.28109741210938,VENTURA,VENTURA,-119.28115844726562,34.276508331298828
9440130,2022,2022-04-27,5604,2022-03-19,1846,4674,,6,5,6,5604,0,0,0,,0,014,AMERICAN RIVER CT,RIVERPARK BL,450.00,E,N,B,-,N,,,,,,,,,,N,3,0,1,2,A,-,11,21950,B,F,G,B,D,A,H,-,A,D,0,Y,,,,Y,,N,60,0,1,0,0,1,0,0,0,0,- ,- ,34.236831665039062,-119.17471313476562,VENTURA,OXNARD,-119.17433166503906,34.237197875976562
94406721,2024,2024-09-24,9770,2024-09-12,625 ,023928,,4,1,9,5600,0,1,3,,1,051,SR-118 E/B (LOS ANGELES AVENUE),BALCOM CANYON ROAD,800.00,W,N,A,-,Y,VEN,,118, , ,13.030,H,,R,Y,3,0,1,2,A,-,03,22350,,F,C,G,A,A,H,-,B,D,0,,Y,,,Y,,-,99,0,1,0,0,0,0,1,0,0,- ,- ,34.268360137939453,-118.95851135253906,VENTURA,UNINCORPORATED,-118.95851898193359,34.268386840820312
94447537,2024,2024-10-28,9765,2024-10-21,1005,019277,,1,1,9,5600,0,1,3,,1,046,SR-118 E/B (LOS ANGELES AVENUE),SR-232 (VINEYARD AVE),2640.00,W,N,A,-,Y,VEN,,118, , ,1.763,H,,R,Y,3,0,1,3,A,-,08,22107,,N,B,G,A,A,H,-,A,D,0,,Y,,,Y,,D,22,0,1,0,0,0,0,1,0,0,- ,- ,34.278221130371094,-119.14124298095703,VENTURA,UNINCORPORATED,-119.14122009277344,34.278240203857422
94519694,2024,2024-12-30,9765,2024-12-19,1550,023908,,4,2,6,5604,0,1,3,,2,053,SR-232 (VINEYARD AVENUE),CENTRAL AVENUE,291.00,W,N,A,-,Y,VEN,,232, , ,2.515,H,,R,N,3,0,1,2,A,-,05,21650,,N,D,G,A,A,H,-,A,D,0,,Y,,,Y,,M,91,0,1,0,0,0,0,1,0,0,- ,- ,34.257331848144531,-119.15397644042969,VENTURA,OXNARD,-119.15380096435547,34.257217407226562
94552200,2025,2025-01-28,9765,2025-01-20,1448,021015,,1,2,9,5600,0,1,3,,1,022,SR-150,RICE ROAD,22.00,E,N,A,-,Y,VEN,,150, ,R,14.126,H,,R,N,3,0,1,2,A,-,08,22107,,N,G,B,E,A,D,-,A,A,0,Y,,,,Y,,-,- ,0,1,0,0,1,0,0,0,0,- ,- ,34.429550170898438,-119.29313659667969,VENTURA,UNINCORPORATED,-119.29310607910156,34.429500579833984
94628497,2025,2025-03-27,9770,2025-03-19,1315,017662,,3,1,6,5607,0,1,2,,2,072,US-101 N/B (VENTURA FREEWAY),LYNN ROAD,1584.00,N,N,A,-,Y,VEN,,101, , ,5.359,H,,R,N,3,0,1,2,A,-,08,22107,,N,B,B,E,A,H,-,A,D,0,Y,,,,Y,,A,08,0,1,0,0,1,0,0,0,0,- ,- ,34.184879302978516,-118.89676666259766,VENTURA,THOUSAND OAKS,-118.89677429199219,34.184833526611328
9463208,2022,2022-07-20,5608,2022-07-06,1539,542,,3,5,6,5608,0,0,0,,0,002,N SEAWARD AV,LEXINGTON DR,12.00,N,N,A,-,N,,,,,,,,,,N,2,0,1,2,A,-,09,21802,A,N,D,G,A,A,H,-,A,A,0,,Y,,,Y,,L,04,1,0,0,0,0,0,1,0,0,- ,- ,34.277309417724609,-119.26473999023438,VENTURA,VENTURA,-119.26472473144531,34.277347564697266
9463209,2022,2022-07-20,5608,2022-07-04,1645,522,,1,5,6,5608,0,0,0,,0,001,CEDAR ST,KELLOGG ST,40.00,S,N,A,-,N,,,,,,,,,,N,3,0,1,2,A,-,09,21804,A,N,B,G,A,A,H,-,A,D,0,,Y,,,Y,,A,01,0,1,0,0,0,0,1,0,0,- ,- ,34.289600372314453,-119.29447937011719,VENTURA,VENTURA,-119.29452514648438,34.289772033691406
9464724,2022,2022-11-28,5604,2022-09-23,1830,5608,,5,5,6,5604,0,0,0,,0,041,THOMAS AV,CLOYNE ST,0.00,,Y,A,-,N,,,,,,,,,,N,3,0,1,2,A,-,10,21950,A,N,A,B,B,A,H,-,A,D,0,Y,,,,Y,,A,01,0,1,0,0,1,0,0,0,0,- ,- ,34.169750213623047,-119.17268371582031,VENTURA,OXNARD,-119.17269897460938,34.169769287109375
94685074,2025,2025-05-13,9770,2025-03-12,650 ,022318,,3,1,9,5600,0,1,3,,2,084,TIERRA REJADA RD,SR-23 N/B (MOORPARK FREEWAY),865.00,E,N,B,-,N,,,,,,,,,,Y,2,0,1,2,A,-,14,21201,D,N,C,G,A,B,H,-,D,D,0,,Y,,,Y,,L,04,1,0,0,0,0,0,1,0,0,- ,- ,34.268589019775391,-118.84680938720703,VENTURA,UNINCORPORATED,-118.85089111328125,34.266853332519531
94685124,2025,2025-05-13,9765,2025-05-02,2250,024275,,5,3,6,5608,0,1,2,,1,101,US-101 S/B (VENTURA FREEWAY),PARK ACCESS ROAD,4150.00,N,N,A,-,Y,VEN,,101, ,R,32.313,H,,L,N,2,0,3,3,A,-,01,23152,A,N,G,B,E,A,D,E,C,B,0,Y,,,,Y,Y,A,01,2,1,0,0,1,0,0,0,0,- ,- ,34.287628173828125,-119.32853698730469,VENTURA,VENTURA,-119.32854461669922,34.287628173828125
9469354,2023,2023-10-06,5608,2023-08-30,1608,558,,3,5,6,5608,0,0,0,,0,001,NORTH VENTURA AV,PARK ROW AV,0.00,,Y,A,-,N,,,,,,,,,,N,2,0,1,2,A,-,09,21800,A,N,D,G,A,A,H,-,A,D,0,,Y,,,Y,,A,01,1,0,0,0,0,0,1,0,0,- ,- ,34.284610748291016,-119.29981231689453,VENTURA,VENTURA,-119.29985046386719,34.284591674804688
9469671,2023,2023-09-12,5604,2023-08-11,2100,5658,,5,5,6,5604,0,0,0,,0,022,W WOOLEY RD,VENTURA RD,0.00,,-,A,-,N,,,,,,,,,,N,4,0,1,2,A,-,05,21650,1,N,G,G,A,A,H,-,C,A,0,,Y,,,Y,,-,,0,0,1,0,0,0,1,0,0,- ,- ,34.190319061279297,-119.19510650634766,VENTURA,OXNARD,-119.19512176513672,34.190296173095703
9469917,2023,2023-10-04,5604,2023-08-10,1525,5681,,4,5,6,5604,0,0,0,,0,012,E GONZALES RD,BAHIA DR,219.00,N,N,A,-,N,,,,,,,,,,N,4,0,1,2,A,-,05,21650,1,N,D,G,A,A,H,-,A,A,0,,Y,,,Y,,L,04,0,0,1,0,0,0,1,0,0,- ,- ,,,VENTURA,OXNARD,,
9472155,2022,2022-07-20,5604,2022-06-26,1600,5585,,7,5,6,5604,0,0,0,,0,021,SOUTH VICTORIA AV,WOOLEY RD,300.00,S,N,A,-,N,,,,,,,,,,N,4,0,1,3,A,-,21,22106,,N,G,B,D,A,H,-,A,D,0,Y,,,,Y,,A,01,0,0,1,0,1,0,0,0,0,- ,- ,34.188339233398438,-119.22190093994141,VENTURA,OXNARD,-119.22135925292969,34.189567565917969
9472167,2022,2022-07-21,5604,2022-06-25,2100,5649,,6,5,6,5604,0,0,0,,0,041,N ROSE AV,BARD RD,500.00,N,N,A,-,N,,,,,,,,,,N,4,0,1,2,A,-,10,21950,A,N,G,B,B,A,H,-,C,A,0,Y,,,,Y,,-,,0,0,1,0,1,0,0,0,0,- ,- ,34.158531188964844,-119.16546630859375,VENTURA,OXNARD,-119.15949249267578,34.163600921630859
9493736,2022,2022-09-23,5608,2022-09-03,1600,539,,6,5,6,5608,0,0,0,,0,002,EAST MAIN ST,KATHERINE DR,30.00,E,N,A,-,N,,,,,,,,,,N,3,0,1,2,A,-,10,21950,A,N,G,B,B,A,H,-,A,A,0,Y,,,,Y,,A,01,0,1,0,0,1,0,0,0,0,- ,- ,,,VENTURA,VENTURA,-119.26145172119141,34.274730682373047
94943029,2025,2025-11-21,9765,2025-11-19,1755,022453,,3,2,6,5604,0,3,5,,2,005,ROSE AVENUE,WALNUT DRIVE,0.00,,Y,A,-,N,,,,,,,,,,N,4,0,1,2,A,-,10,21950,A,N,G,B,B,A,H,-,C,A,0,Y,,,,Y,,A,07,0,0,1,0,1,0,0,0,0,- ,- ,34.233470916748047,-119.15525817871094,VENTURA,OXNARD,-119.15522003173828,34.233379364013672
94987700,2025,2025-12-26,9765,2025-12-13,1105,024440,,6,1,9,5600,0,3,5,,2,006,LAGUNA ROAD,WOOD ROAD,0.00,,Y,A,-,N,,,,,,,,,,N,3,0,1,2,A,-,12,22450,A,N,D,G,A,A,H,-,A,D,0,,Y,,,Y,,L,04,0,1,0,0,0,0,1,0,0,- ,- ,34.176311492919922,-119.09639739990234,VENTURA,UNINCORPORATED,-119.09633636474609,34.176258087158203
94989508,2025,2025-12-29,9765,2025-12-20,2330,023813,,6,3,9,5600,0,3,5,,2,005,EAST COLLINS ST,ALVARADO ST,0.00,,Y,A,-,N,,,,,,,,,,N,3,0,1,2,A,-,09,21802,A,N,D,G,A,A,H,-,D,A,0,,Y,,,Y,,A,07,0,1,0,0,0,0,1,0,0,- ,- ,34.233158111572266,-119.16002655029297,VENTURA,UNINCORPORATED,-119.16005706787109,34.233192443847656
95001068,2025,2026-01-06,9765,2025-12-22,300 ,022461,,1,3,6,5604,0,1,2,,2,301,US-101 S/B,OXNARD BLVD.,1100.00,N,N,A,-,Y,VEN,,101, ,T,22.943,H,,L,N,2,0,1,2,A,-,11,21954,A,N,G,B,E,A,H,-,C,D,0,Y,,,,Y,,N,60,1,0,0,0,1,0,0,0,0,- ,- ,34.240451812744141,-119.18456268310547,VENTURA,OXNARD,-119.18452453613281,34.240520477294922
95020761,2026,2026-01-20,9770,2026-01-08,1720,023813,,4,2,6,5607,0,1,2,,2,073,US-101 S/B (VENTURA FREEWAY) FROM BORCHARD ROAD,BORCHARD ROAD,26.00,S,N,A,-,Y,,,,,,,,,,N,3,0,1,2,A,-,03,22350,,N,D,6,A,A,H,-,A,D,0,,Y,,,Y,,A,01,0,1,0,0,0,0,1,0,0,- ,- ,34.183319091796875,-118.92584228515625,VENTURA,THOUSAND OAKS,,
9504140,2021,2023-06-17,5606,2021-06-23,0337,1129,5606,3,5,4,5606,0,0,0,,0,001,TELEGRAPH RD,BECKWITH RD,164.00,S,N,A,-,N,,,,,,,,,,N,1,1,0,2,A,-,11,21954,A,N,G,B,D,A,H,-,C,D,0,Y,,,,Y,Y,N,60,0,0,0,1,0,0,0,0,0,- ,- ,,,VENTURA,SANTA PAULA,-119.09257507324219,34.33587646484375
95080299,2026,2026-03-03,9765,2026-02-15,1605,024440,,7,2,2,5603,0,1,3,,1,021,SR-33 N/B,ROSE VALLEY ROAD,10032.00,S,N,B,-,Y,VEN,,33, , ,23.045,H,,R,N,2,0,2,2,A,-,03,22350,,F,C,G,A,A,H,-,A,D,0,,Y,,,Y,Y,-,- ,1,1,0,0,0,0,1,0,0,- ,- ,34.532920837402344,-119.2615966796875,VENTURA,OJAI,-119.26162719726562,34.532920837402344
9508439,2022,2022-10-31,5604,2022-08-07,2343,5592,,7,5,6,5604,0,0,0,,0,032,S OXNARD BL,DATE ST,500.00,S,N,A,-,N,,,,,,,,,,N,4,0,1,2,A,-,05,21650,1,N,C,G,A,A,H,-,C,D,0,,Y,,,Y,Y,L,04,0,0,1,0,0,0,1,0,0,- ,- ,34.183040618896484,-119.16925811767578,VENTURA,OXNARD,-119.16926574707031,34.183353424072266
9508683,2022,2022-11-08,5604,2022-07-26,0845,5367,,2,5,6,5604,0,0,0,,0,011,LANTANA ST,W GONZALES RD W,0.00,,Y,B,-,N,,,,,,,,,,N,4,0,1,2,A,-,10,21950,A,N,G,B,B,A,H,-,-,A,0,Y,,,,Y,,I,11,0,0,1,0,1,0,0,0,0,- ,- ,34.219169616699219,-119.19024658203125,VENTURA,OXNARD,-119.19024658203125,34.2191162109375
95111716,2026,2026-03-25,9765,2026-03-09,1840,025066,,1,2,9,5600,0,3,5,,2,006,DEER CREEK ROAD,SR-1,5597.00,N,N,A,-,N,,,,,,,,,,N,2,0,1,2,A,-,03,22350,,N,B,G,A,A,H,-,B,D,0,,Y,,,Y,,L,04,1,0,0,0,0,0,1,0,0,- ,- ,34.069648742675781,-118.99446868896484,VENTURA,UNINCORPORATED,-118.99395751953125,34.0694580078125
95113509,2026,2026-03-26,9765,2026-03-20,1240,022845,,5,1,9,5600,0,3,5,,2,002,SUNSET AVE W/B,OAK ST,16.00,E,N,A,-,N,,,,,,,,,,N,3,0,1,2,A,-,21,22106,,N,B,G,A,A,H,-,A,D,0,,Y,,,Y,,A,01,0,1,0,0,0,0,1,0,0,- ,- ,34.390979766845703,-119.30316162109375,VENTURA,UNINCORPORATED,-119.30319976806641,34.390956878662109
95134432,2026,2026-04-16,9765,2026-03-31,1650,025096,,2,2,9,5600,0,3,5,,2,005,BALBOA STREET,EAST STROUBE STREET,0.00,,Y,C,-,N,,,,,,,,,,N,4,0,1,2,A,-,09,21802,A,N,G,G,A,B,H,-,A,A,0,,Y,,,Y,,D,22,0,0,1,0,0,0,1,0,0,- ,- ,34.233058929443359,-119.16343688964844,VENTURA,UNINCORPORATED,-119.16336059570312,34.233112335205078
9513887,2022,2022-11-04,5606,2022-04-11,1630,1131,5606,1,5,4,5606,0,0,0,,0,003,10TH ST S,MAIN ST E,0.00,,Y,A,-,N,,,,,,,,,,N,3,0,1,2,A,-,09,21453,B,F,D,G,A,A,H,-,A,A,0,,Y,,,Y,,J,48,0,1,0,0,0,0,1,0,0,- ,- ,,,VENTURA,SANTA PAULA,-119.05996704101562,34.353954315185547
9516374,2022,2022-12-16,5604,2022-11-17,1740,5650,,4,5,6,5604,0,0,0,,0,042,E BARD RD,DAVIS CT,0.00,,Y,A,-,N,,,,,,,,,,N,3,0,1,2,A,-,10,21950,A,F,D,G,A,A,H,-,C,D,0,,Y,Y,,Y,,C,02,0,1,0,0,0,0,1,0,0,- ,- ,34.16094970703125,-119.17510223388672,VENTURA,OXNARD,-119.17510986328125,34.160976409912109
9521804,2022,2022-12-16,5608,2022-11-03,1501,409,,4,5,6,5608,0,0,0,,0,003,TELEGRAPH RD,TELEGRAPH RD 3330,15.00,E,-,A,-,N,,,,,,,,,,N,2,0,4,2,A,-,09,21801,A,N,D,G,A,A,H,-,A,A,0,,Y,,,Y,,I,19,1,0,3,0,0,0,1,0,0,- ,- ,,,VENTURA,VENTURA,-119.16127014160156,34.295032501220703
9521908,2022,2022-11-15,5604,2022-09-26,1442,5615,,1,5,6,5604,0,0,0,,0,031,CAMINO DEL SOL,N JUANITA AV,0.00,,Y,A,-,N,,,,,,,,,,N,4,0,1,2,A,-,12,22450,A,N,D,G,A,A,H,-,A,D,0,,Y,,,Y,,L,04,0,0,1,0,0,0,1,0,0,- ,- ,,,VENTURA,OXNARD,-119.16853332519531,34.208290100097656
9522101,2022,2022-11-16,5604,2022-09-19,0754,4755,,1,5,6,5604,0,0,0,,0,021,W WOOLEY RD,OFFSHORE ST,0.00,,Y,-,-,N,,,,,,,,,,Y,3,0,1,2,A,-,10,21950,A,N,D,B,B,A,A,H,A,A,0,Y,,,,Y,,A,01,0,1,0,0,1,0,0,0,0,- ,- ,34.190288543701172,-119.21450042724609,VENTURA,OXNARD,-119.21453094482422,34.190269470214844
9522468,2022,2023-01-06,5604,2022-11-10,0038,5659,,4,5,6,5604,0,0,0,,0,024,VENTURA RD,FIR AV,0.00,,Y,A,-,N,,,,,,,,,,N,4,0,1,2,A,-,09,21801,A,N,D,G,A,A,H,-,C,D,0,,Y,,,Y,,A,01,0,0,1,0,0,0,1,0,0,- ,- ,34.182590484619141,-119.19479370117188,VENTURA,OXNARD,-119.19478607177734,34.182594299316406
9524071,2022,2022-11-28,5604,2022-08-17,0020,5676,,3,5,6,5604,0,0,0,,0,041,BRYCE CANYON AV,A ST,150.00,E,N,A,-,N,,,,,,,,,,N,2,0,1,2,D,-,00,,,F,G,B,D,A,H,-,C,D,0,Y,,,,Y,,-,- ,1,0,0,0,1,0,0,0,0,- ,- ,34.169971466064453,-119.17881774902344,VENTURA,OXNARD,-119.17885589599609,34.169788360595703
9524758,2022,2022-12-07,5604,2022-10-31,1958,5216,,1,5,6,5604,0,0,0,,0,021,W HEMLOCK ST,CAPSTAN DR,40.00,E,N,A,-,N,,,,,,,,,,N,3,0,1,2,D,-,00,,,N,G,B,D,A,H,-,C,A,0,Y,,,,Y,,-,- ,0,1,0,0,1,0,0,0,0,- ,- ,34.181270599365234,-119.21591949462891,VENTURA,OXNARD,-119.21577453613281,34.181289672851562
9524891,2022,2022-12-15,5608,2022-11-05,1449,520,,6,5,6,5608,0,0,0,,0,001,MAIN ST,CALIFORNIA ST,95.00,E,N,A,-,N,,,,,,,,,,N,3,0,3,3,A,-,08,22107,,N,G,B,E,A,H,-,A,D,0,Y,Y,,,Y,,L,04,0,3,0,0,2,0,1,0,0,- ,- ,,,VENTURA,VENTURA,-119.29278564453125,34.28082275390625
9526349,2023,2023-02-23,5608,2023-01-27,1947,551,,5,5,6,5608,0,0,0,,0,002,THOMPSON BL,HURST AV,228.00,W,N,A,-,N,,,,,,,,,,N,2,0,1,2,A,-,11,21954,A,N,G,B,D,A,H,-,C,D,0,Y,,,,Y,Y,N,60,1,0,0,0,1,0,0,0,0,- ,- ,34.27545166015625,-119.2757568359375,VENTURA,VENTURA,-119.27573394775391,34.275428771972656
9532093,2022,2022-11-14,5606,2022-03-09,0733,1129,5606,3,5,4,5606,0,0,0,,0,001,STECKEL S DR,HARVARD W BL,53.00,S,N,A,-,N,,,,,,,,,,N,4,0,1,2,A,-,10,21950,A,F,A,B,B,A,H,-,A,A,0,Y,,,,Y,,A,01,0,0,1,0,1,0,0,0,0,- ,- ,,,VENTURA,SANTA PAULA,-119.07791900634766,34.344318389892578
9532565,2022,2022-12-13,5608,2022-11-07,1853,508,,1,5,6,5608,0,0,0,,0,004,SOUTH VICTORIA AV,TELEPHONE RD,0.00,,Y,A,-,N,,,,,,,,,,N,2,0,1,2,A,-,11,21950,B,N,G,B,B,A,H,-,C,A,0,Y,,,,Y,,N,60,1,0,0,0,1,0,0,0,0,- ,- ,,,VENTURA,VENTURA,-119.21256256103516,34.265457153320312
9535029,2023,2023-02-17,5608,2023-01-02,1906,517,,1,5,6,5608,0,0,0,,0,003,TELEGRAPH RD,FASHION PL,5.00,E,N,C,-,N,,,,,,,,,,N,3,0,1,2,A,-,10,21950,A,N,G,B,B,B,H,-,C,A,0,Y,,,,Y,,A,01,0,1,0,0,1,0,0,0,0,- ,- ,,,VENTURA,VENTURA,,