CASE_ID,ACCIDENT_YEAR,PROC_DATE,JURIS,COLLISION_DATE,COLLISION_TIME,OFFICER_ID,REPORTING_DISTRICT,DAY_OF_WEEK,CHP_SHIFT,POPULATION,CNTY_CITY_LOC,SPECIAL_COND,BEAT_TYPE,CHP_BEAT_TYPE,CITY_DIVISION_LAPD,CHP_BEAT_CLASS,BEAT_NUMBER,PRIMARY_RD,SECONDARY_RD,DISTANCE,DIRECTION,INTERSECTION,WEATHER_1,WEATHER_2,STATE_HWY_IND,CALTRANS_COUNTY,CALTRANS_DISTRICT,STATE_ROUTE,ROUTE_SUFFIX,POSTMILE_PREFIX,POSTMILE,LOCATION_TYPE,RAMP_INTERSECTION,SIDE_OF_HWY,TOW_AWAY,COLLISION_SEVERITY,NUMBER_KILLED,NUMBER_INJURED,PARTY_COUNT,PRIMARY_COLL_FACTOR,PCF_CODE_OF_VIOL,PCF_VIOL_CATEGORY,PCF_VIOLATION,PCF_VIOL_SUBSECTION,HIT_AND_RUN,TYPE_OF_COLLISION,MVIW,PED_ACTION,ROAD_SURFACE,ROAD_COND_1,ROAD_COND_2,LIGHTING,CONTROL_DEVICE,CHP_ROAD_TYPE,PEDESTRIAN_ACCIDENT,BICYCLE_ACCIDENT,MOTORCYCLE_ACCIDENT,TRUCK_ACCIDENT,NOT_PRIVATE_PROPERTY,ALCOHOL_INVOLVED,STWD_VEHTYPE_AT_FAULT,CHP_VEHTYPE_AT_FAULT,COUNT_SEVERE_INJ,COUNT_VISIBLE_INJ,COUNT_COMPLAINT_PAIN,COUNT_PED_KILLED,COUNT_PED_INJURED,COUNT_BICYCLIST_KILLED,COUNT_BICYCLIST_INJURED,COUNT_MC_KILLED,COUNT_MC_INJURED,PRIMARY_RAMP,SECONDARY_RAMP,LATITUDE,LONGITUDE,COUNTY,CITY,POINT_X,POINT_Y
9536196,2022,2023-01-10,5604,2022-12-03,1742,5597,,6,5,6,5604,0,0,0,,0,023,S OXNARD BL,5TH ST,15.00,S,N,A,-,N,,,,,,,,,,N,2,0,1,2,A,-,11,21954,A,N,G,B,D,-,H,-,C,A,0,Y,,,,Y,Y,N,60,1,0,0,0,1,0,0,0,0,- ,- ,34.197681427001953,-119.17738342285156,VENTURA,OXNARD,-119.17746734619141,34.197650909423828
9537087,2022,2022-12-22,5604,2022-11-01,1500,5532,,2,5,6,5604,0,0,0,,0,012,GONZALES RD,OUTLET CENTER DR,10.00,S,N,A,-,N,,,,,,,,,,N,4,0,1,2,A,-,10,21950,A,F,G,B,B,A,H,-,A,A,0,Y,,,,Y,,A,01,0,0,1,0,1,0,0,0,0,- ,- ,34.218818664550781,-119.1492919921875,VENTURA,OXNARD,,
9539915,2022,2023-02-01,5604,2022-12-25,1637,5671,,7,5,6,5604,0,0,0,,0,014,KUMQUAT PL,KENTIA ST,50.00,E,N,A,-,N,,,,,,,,,,N,2,0,1,2,A,-,03,22350,,F,G,B,A,A,H,-,A,A,0,,Y,,,Y,,A,01,1,0,0,0,0,0,1,0,0,- ,- ,34.22930908203125,-119.18927764892578,VENTURA,OXNARD,-119.18914794921875,34.228828430175781
9540464,2022,2023-01-25,5604,2022-11-26,2300,5649,,6,5,6,5604,0,0,0,,0,041,SAVIERS RD,YUCCA ST,20.00,N,N,A,-,N,,,,,,,,,,N,3,0,1,3,A,-,17,24250,,F,A,B,B,A,H,-,C,A,0,Y,,,,Y,Y,-,99,0,1,0,0,1,0,0,0,0,- ,- ,34.166210174560547,-119.17723846435547,VENTURA,OXNARD,-119.17772674560547,34.165996551513672
9541970,2022,2023-02-02,5604,2022-12-16,1140,5614,,5,5,6,5604,0,0,0,,0,014,WAGON WHEEL RD,VENTURA RD,0.00,,Y,A,-,N,,,,,,,,,,N,3,0,1,2,A,-,05,21650,1,N,D,G,A,A,H,-,A,A,0,,Y,,,Y,,L,04,0,1,0,0,0,0,1,0,0,- ,- ,34.241069793701172,-119.18772125244141,VENTURA,OXNARD,-119.18778228759766,34.241077423095703
9555574,2023,2023-03-09,5608,2023-02-12,1628,545,,7,5,6,5608,0,0,0,,0,002,SAN MARCOS ST,S SEAWARD AV,0.00,,Y,A,-,N,,,,,,,,,,N,4,0,1,2,A,-,12,22450,,F,D,G,A,A,-,-,A,A,0,,Y,,,Y,Y,A,01,0,0,1,0,0,0,1,0,0,- ,- ,,,VENTURA,VENTURA,-119.26763153076172,34.269451141357422
9561492,2022,2023-03-27,5606,2022-09-06,1234,1156,5606,2,5,4,5606,0,0,0,,0,002,HARVARD E BL,PALM S AV,197.00,E,N,A,-,N,,,,,,,,,,N,4,0,1,2,A,-,11,21954,A,N,G,B,D,A,H,-,A,A,0,Y,,,,Y,,N,60,0,0,1,0,1,0,0,0,0,- ,- ,,,VENTURA,SANTA PAULA,-119.06918334960938,34.347187042236328
9561500,2022,2023-03-27,5606,2022-07-29,1812,1156,5606,5,5,4,5606,0,0,0,,0,001,SANTA BARBARA W ST,CAMERON ST,9.00,W,N,A,-,N,,,,,,,,,,N,3,0,1,2,A,-,05,21650,1,N,H,G,A,A,H,-,A,D,0,,Y,,,Y,,L,04,0,1,0,0,0,0,1,0,0,- ,- ,,,VENTURA,SANTA PAULA,-119.08445739746094,34.347545623779297
9572539,2023,2023-06-09,5608,2023-05-29,1458,498,,1,5,6,5608,0,0,0,,0,003,SOUTH VICTORIA AV,S VICTORIA AV 1717,0.00,,N,A,-,N,,,,,,,,,,N,3,0,1,2,A,-,03,22350,,N,B,G,A,A,H,-,A,D,0,,Y,,,Y,,L,04,0,1,0,0,0,0,1,0,0,- ,- ,34.259159088134766,-119.21128845214844,VENTURA,VENTURA,-119.21463012695312,34.278011322021484
9575513,2023,2023-04-25,5604,2023-02-06,950 ,5631,,1,5,6,5604,0,0,0,,0,022,5TH ST,K ST,0.00,,Y,A,-,N,,,,,,,,,,N,4,0,1,2,A,-,10,21950,A,N,G,B,B,A,H,-,A,A,0,Y,,,,Y,,A,01,0,0,1,0,1,0,0,0,0,- ,- ,34.197769165039062,-119.19168090820312,VENTURA,OXNARD,-119.19168090820312,34.197731018066406
9575526,2023,2023-04-25,5604,2023-02-06,1650,4834,2,1,5,6,5604,0,0,0,,0,024,VENTURA RD,HILL ST,0.00,,Y,A,-,N,,,,,,,,,,N,4,0,1,2,A,-,10,21950,A,N,G,B,B,A,H,-,A,A,0,Y,,,,Y,,A,01,0,0,1,0,1,0,0,0,0,- ,- ,,,VENTURA,OXNARD,-119.19568634033203,34.1864013671875
9577340,2023,2023-05-11,5604,2023-02-27,1850,5390,,1,5,6,5604,0,0,0,,0,012,SNOW AV,GONZALES RD,0.00,,Y,A,-,N,,,,,,,,,,N,4,0,1,3,A,-,10,21950,A,N,G,B,B,A,H,-,C,A,0,Y,,,,Y,,A,01,0,0,1,0,1,0,0,0,0,- ,- ,34.218959808349609,-119.16532897949219,VENTURA,OXNARD,-119.16536712646484,34.218910217285156
9579889,2023,2023-05-31,5608,2023-05-13,1625,544,,6,5,6,5608,0,0,0,,0,003,CITRUS DR,PASARO AV,585.00,W,N,A,-,N,,,,,,,,,,N,3,0,1,2,A,-,11,21954,A,N,G,B,-,A,H,-,A,D,0,Y,,,,Y,,N,60,0,1,0,0,1,0,0,0,0,- ,- ,34.191799163818359,-119.15618133544922,VENTURA,VENTURA,-119.15609741210938,34.291786193847656
9584069,2023,2023-05-24,5604,2023-02-05,1100,5514,,7,5,6,5604,0,0,0,,0,042,CUESTA DEL MAR,J ST,20.00,E,N,A,-,N,,,,,,,,,,N,4,0,1,2,A,-,09,21801,A,N,G,G,A,A,H,-,A,D,0,,Y,,,Y,,L,04,0,0,1,0,0,0,1,0,0,- ,- ,34.148948669433594,-119.18536376953125,VENTURA,OXNARD,-119.18589019775391,34.148860931396484
9588098,2023,2023-07-21,5608,2023-06-05,1032,530,,1,5,6,5608,0,0,0,,0,001,POLI ST,N ALISO ST,0.00,,Y,B,-,N,,,,,,,,,,N,3,0,1,2,A,-,12,22450,A,N,D,G,A,A,H,-,A,D,0,,Y,,,Y,,A,01,0,1,0,0,0,0,1,0,0,- ,- ,,,VENTURA,VENTURA,-119.27939605712891,34.281700134277344
9590184,2023,2023-06-26,5608,2023-05-30,1816,469,,2,5,6,5608,0,0,0,,0,002,BESSEMER ST,DONLON ST,0.00,,Y,A,-,N,,,,,,,,,,N,3,0,1,1,A,-,16,24002,A,N,E,G,A,A,H,-,A,D,0,,Y,,,Y,,L,04,0,1,0,0,0,0,1,0,0,- ,- ,,,VENTURA,VENTURA,-119.23593139648438,34.260391235351562
9590822,2023,2023-07-06,5606,2023-01-24,2306,1131,5606,2,5,4,5606,0,0,0,,0,002,HARVARD BL,PALM AV,17.00,E,N,A,-,N,,,,,,,,,,N,2,0,1,2,A,-,11,21950,B,F,G,B,B,A,H,-,C,A,0,Y,,,,Y,,N,60,1,0,0,0,1,0,0,0,0,- ,- ,,,VENTURA,SANTA PAULA,-119.06974029541016,34.347007751464844
9592225,2023,2023-07-10,5604,2023-05-09,1456,5216,,2,5,6,5604,0,0,0,,0,011,N H ST,GLENWOOD DR,0.00,,Y,B,-,N,,,,,,,,,,N,3,0,1,2,A,-,09,21802,A,F,D,G,A,A,H,-,A,A,0,,Y,,,Y,,L,04,0,1,0,0,0,0,1,0,0,- ,- ,34.214488983154297,-119.18795776367188,VENTURA,OXNARD,-119.18795776367188,34.214508056640625
9592256,2023,2023-06-26,5604,2023-05-22,757 ,5701,,1,5,6,5604,0,0,0,,0,012,SNOW AV,E GONZALES RD E,0.00,,Y,A,-,N,,,,,,,,,,N,4,0,1,2,A,-,12,21453,A,F,G,B,B,A,H,-,A,A,0,Y,,,,Y,,A,07,0,0,1,0,1,0,0,0,0,- ,- ,,,VENTURA,OXNARD,-119.16536712646484,34.218910217285156
9597861,2023,2023-10-20,5604,2023-06-02,1620,4754,,5,5,6,5604,0,0,0,,0,022,ALLLEY EAST OF C ST,4TH ST,10.00,E,N,A,-,N,,,,,,,,,,N,3,0,1,2,A,-,05,21650,1,N,G,G,A,A,-,-,A,A,0,,Y,,,Y,,L,04,0,1,0,0,0,0,1,0,0,- ,- ,34.199008941650391,-119.18108367919922,VENTURA,OXNARD,,
9600946,2023,2023-08-03,5604,2023-06-14,2142,5673,,3,5,6,5604,0,0,0,,0,022,5TH ST,HOBSON WY,0.00,,Y,A,-,N,,,,,,,,,,Y,2,0,2,2,D,-,00,,,N,D,G,A,A,H,-,C,A,0,,Y,Y,,Y,,-,- ,1,0,1,0,0,0,1,0,1,- ,- ,34.197738647460938,-119.18789672851562,VENTURA,OXNARD,-119.18791961669922,34.197750091552734
9605144,2023,2024-02-21,5608,2023-12-18,1622,526,,1,5,6,5608,0,0,0,,0,001,SOUTH KALORAMA ST,EAST THOMPSON BL,0.00,,Y,B,-,N,,,,,,,,,,N,3,0,1,2,A,-,12,21453,A,N,D,G,A,B,H,-,A,A,0,,Y,,,Y,,L,04,0,1,0,0,0,0,1,0,0,- ,- ,,,VENTURA,VENTURA,-119.2869873046875,34.278282165527344
9612223,2023,2023-09-15,5608,2023-08-18,728 ,539,,5,5,6,5608,0,0,0,,0,002,SEAWARD AV,ALESSANDRO AV,0.00,,Y,-,-,N,,,,,,,,,,N,3,0,1,2,A,-,10,21950,A,N,-,B,B,A,H,-,A,A,0,Y,,,,Y,,A,01,0,1,0,0,1,0,0,0,0,- ,- ,,,VENTURA,VENTURA,-119.268310546875,34.266231536865234
9612224,2023,2023-09-15,5608,2023-08-31,1600,409,,4,5,6,5608,0,0,0,,0,003,FOOTHILL RD,KIMBALI RD,415.00,E,N,A,-,N,,,,,,,,,,N,3,0,1,2,A,-,09,21804,,N,D,G,A,A,H,-,A,A,0,,Y,,,Y,,A,07,0,1,0,0,0,0,1,0,0,- ,- ,,,VENTURA,VENTURA,-119.19403839111328,34.288200378417969
9612225,2023,2023-09-15,5608,2023-08-24,1309,469,,4,5,6,5608,0,0,0,,0,004,VALENTINE RD,SPERRY AV,0.00,,Y,A,-,N,,,,,,,,,,N,4,0,1,2,A,-,05,21651,B,N,D,G,A,A,H,-,A,A,0,,Y,,,Y,,L,04,0,0,1,0,0,0,1,0,0,- ,- ,,,VENTURA,VENTURA,-119.21782684326172,34.255924224853516
9619647,2023,2024-01-04,5606,2023-10-08,1932,1163,SPPD,7,5,4,5606,0,0,0,,0,003,MAIN E ST,HARVARD BL,0.00,,Y,A,-,N,,,,,,,,,,Y,2,0,1,3,A,-,00,21235,B,N,G,B,D,A,H,-,C,D,0,Y,,,,Y,,N,60,1,0,0,0,1,0,0,0,0,- ,- ,,,VENTURA,SANTA PAULA,-119.04974365234375,34.357643127441406
9622566,2023,2023-11-29,5608,2023-10-02,1735,503,,1,5,6,5608,0,0,0,,0,003,N MILLS RD,MAIN ST,5.00,N,N,A,-,N,,,,,,,,,,N,4,0,1,2,A,-,08,22107,,F,D,G,A,A,H,-,A,A,0,,Y,,,Y,,A,01,0,0,1,0,0,0,1,0,0,- ,- ,,,VENTURA,VENTURA,-119.24604797363281,34.264942169189453
9626546,2023,2023-11-07,5604,2023-09-21,1430,4914,,4,5,6,5604,0,0,0,,0,022,WEST 5TH ST,S K STREET,0.00,,Y,A,-,N,,,,,,,,,,N,4,0,1,2,A,-,08,22107,,N,G,B,B,A,H,-,A,A,0,Y,,,,Y,,D,22,0,0,1,0,1,0,0,0,0,- ,- ,34.197769165039062,-119.19168090820312,VENTURA,OXNARD,-119.19168090820312,34.197731018066406
9626753,2023,2023-10-26,5604,2023-09-21,1550,4907,,4,5,6,5604,0,0,0,,0,042,S C ST,BARD RD,422.00,S,N,A,-,N,,,,,,,,,,,3,0,2,2,A,-,05,21650,1,N,D,G,A,A,H,-,A,D,0,,Y,,,Y,,L,04,0,2,0,0,0,0,2,0,0,- ,- ,34.160980224609375,-119.18228149414062,VENTURA,OXNARD,-119.18054962158203,34.159881591796875
9626817,2023,2023-10-25,5604,2023-09-28,751 ,4942,,4,5,6,5604,0,0,0,,0,023,OXNARD BL,5TH ST,20.00,N,N,A,-,N,,,,,,,,,,N,3,0,1,2,A,-,12,21453,A,N,D,G,A,A,H,-,A,A,0,,Y,,,Y,,L,04,0,1,0,0,0,0,1,0,0,- ,- ,,,VENTURA,OXNARD,-119.17746734619141,34.197746276855469
9627435,2023,2023-10-13,5604,2023-09-01,812 ,5401,,5,5,6,5604,0,0,0,,0,024,G ST,WOOLEY RD,150.00,S,N,B,-,N,,,,,,,,,,N,3,0,1,2,A,-,08,22107,,N,D,G,A,A,H,-,A,D,0,,Y,,,Y,,L,04,0,1,0,0,0,0,1,0,0,- ,- ,34.213180541992188,-119.19011688232422,VENTURA,OXNARD,,
9628621,2023,2023-10-31,5604,2023-09-29,2309,5673,,5,5,6,5604,0,0,0,,0,042,SAVIERS RD,BARRYMORE DR,20.00,S,N,A,-,N,,,,,,,,,,N,4,0,1,2,A,-,03,22350,,F,G,G,A,A,H,-,C,D,0,,Y,,,Y,,-,99,0,0,1,0,0,0,1,0,0,- ,- ,34.152420043945312,-119.17777252197266,VENTURA,OXNARD,-119.177734375,34.152454376220703
9636095,2023,2024-01-04,5608,2023-11-09,757 ,491,,4,5,6,5608,0,0,0,,0,004,JOHNSON DR,RALSTON ST,0.00,,Y,A,-,N,,,,,,,,,,N,3,0,1,2,A,-,10,21950,,N,G,B,B,A,H,-,A,A,0,Y,,,,Y,,D,22,0,1,0,0,1,0,0,0,0,- ,- ,,,VENTURA,VENTURA,-119.19919586181641,34.261028289794922
9640856,2024,2024-09-06,5604,2024-01-23,1904,5609,,2,5,6,5604,0,0,0,,0,014,STROUBE ST,RT 232,0.00,,Y,A,-,Y,VEN,7,232,-,-,0.876,I,5,N,Y,1,1,0,2,A,-,11,21453,D,N,G,B,B,A,-,-,C,A,0,Y,,,,Y,Y,N,60,0,0,0,1,0,0,0,0,0,- ,- ,34.237209320068359,-119.16925811767578,VENTURA,OXNARD,-119.16925048828125,34.237220764160156
9642289,2023,2024-01-23,5608,2023-11-02,944 ,555,,4,5,6,5608,0,0,0,,0,003,E MAIN ST,SOUTH MILLS RD,0.00,,Y,A,-,N,,,,,,,,,,N,3,0,1,2,A,-,12,21453,A,N,D,G,A,A,H,-,A,A,0,,Y,,,Y,Y,L,04,0,1,0,0,0,0,1,0,0,- ,- ,,,VENTURA,VENTURA,-119.24604797363281,34.264926910400391
9643370,2023,2023-12-04,5604,2023-10-27,1741,5502,,5,5,6,5604,0,0,0,,0,042,PERKINS RD,MCWANE BL,100.00,N,N,A,-,N,,,,,,,,,,N,4,0,1,2,A,-,05,21650,1,F,G,G,A,A,H,-,-,D,0,,Y,,,Y,,L,04,0,0,1,0,0,0,1,0,0,- ,- ,34.140159606933594,-119.18399047851562,VENTURA,OXNARD,-119.18399810791016,34.140445709228516
9653627,2023,2024-02-23,5604,2023-12-04,1446,5354,,1,5,6,5604,0,0,0,,0,024,C ST,KAMALA ST,170.00,S,N,A,-,N,,,,,,,,,,N,4,0,1,2,A,-,08,22107,,N,D,G,A,A,H,-,A,D,0,,Y,,,Y,,L,04,0,0,1,0,0,0,1,0,0,- ,- ,,,VENTURA,OXNARD,-119.18132019042969,34.178264617919922
9657620,2024,2024-03-02,5604,2024-01-15,1845,5624,,1,5,6,5604,0,0,0,,0,012,E GONZALES RD,OUTLET CENTER DR,0.00,,Y,A,-,N,,,,,,,,,,N,2,0,1,2,A,-,10,21950,A,F,G,B,B,A,H,-,C,A,0,Y,,,,Y,,A,01,1,0,0,0,1,0,0,0,0,- ,- ,34.218818664550781,-119.1492919921875,VENTURA,OXNARD,-119.1492919921875,34.218917846679688
9658115,2023,2024-02-15,5604,2023-12-10,112 ,5502,,7,5,6,5604,0,0,0,,0,041,E BARD RD,SAN JUAN AV,0.00,,Y,A,-,N,,,,,,,,,,N,2,0,1,2,A,-,10,21950,A,F,G,B,B,A,H,-,D,D,0,Y,,,,Y,Y,-,,1,0,0,0,1,0,0,0,0,- ,- ,34.161960601806641,-119.17002105712891,VENTURA,OXNARD,-119.17005157470703,34.162010192871094
9667018,2024,2024-03-12,5604,2024-01-16,641 ,4577,,2,5,6,5604,0,0,0,,0,032,E WOOLEY RD,ROSE AV,280.00,E,N,A,-,N,,,,,,,,,,N,2,0,1,2,A,-,11,21954,A,N,B,B,D,A,H,-,B,D,0,Y,,,,Y,,N,60,1,0,0,0,1,0,0,0,0,- ,- ,,,VENTURA,OXNARD,-119.15904235839844,34.189842224121094
9667119,2024,2024-03-25,5604,2024-01-07,2000,5649,,7,5,6,5604,0,0,0,,0,014,N OXNARD BL,N PORTICO WY N,0.00,,Y,A,-,N,,,,,,,,,,N,4,0,1,3,A,-,11,21954,A,N,A,B,D,A,H,-,C,A,0,Y,,,,Y,,A,01,0,0,1,0,1,0,0,0,0,- ,- ,34.242321014404297,-119.17743682861328,VENTURA,OXNARD,-119.18055725097656,34.239761352539062
9667552,2024,2024-02-29,5604,2024-01-30,1543,5693,,2,5,6,5604,0,0,0,,0,022,S VENTURA RD,W WOOLEY RD W,0.00,,Y,A,-,N,,,,,,,,,,N,3,0,1,2,A,-,10,21950,A,N,G,B,B,A,H,-,A,A,0,Y,,,,Y,,A,01,0,1,0,0,1,0,0,0,0,- ,- ,,,VENTURA,OXNARD,-119.19512176513672,34.190296173095703
9672307,2024,2024-05-01,5608,2024-02-09,736 ,523,,5,5,6,5608,0,0,0,,0,002,EAST THOMPSON BL,S CATALINA ST,6.00,E,N,A,-,N,,,,,,,,,,N,3,0,1,2,A,-,11,21950,B,F,G,B,B,A,H,-,A,A,0,Y,,,,Y,Y,N,60,0,1,0,0,1,0,0,0,0,- ,- ,34.274341583251953,-119.27017211914062,VENTURA,VENTURA,-119.27018737792969,34.274337768554688
9672707,2024,2024-04-15,5604,2024-02-02,1337,5748,,5,5,6,5604,0,0,0,,0,021,HARBOR BLVD,COSTA DE ORO AVE,0.00,,Y,A,-,N,,,,,,,,,,N,3,0,2,3,A,-,08,22107,,N,C,G,A,A,-,-,A,A,0,,Y,,,Y,,A,01,0,1,1,0,0,0,2,0,0,- ,- ,34.180049896240234,-119.23268127441406,VENTURA,OXNARD,-119.23245239257812,34.180191040039062
9672712,2024,2024-04-15,5604,2024-02-05,841 ,5623,,1,5,6,5604,0,0,0,,0,011,W GONZALES RD,VICTORIA AVENUE,900.00,E,N,B,-,N,,,,,,,,,,N,4,0,1,2,A,-,11,21954,A,N,G,B,D,B,H,-,A,D,0,Y,,,,Y,,N,60,0,0,1,0,1,0,0,0,0,- ,- ,,,VENTURA,OXNARD,-119.21833801269531,34.219501495361328
9682795,2024,2024-06-20,5604,2024-04-14,933 ,5677,,7,5,6,5604,0,0,0,,0,042,S J ST,W CLARA ST W,0.00,,Y,A,-,N,,,,,,,,,,N,4,0,1,2,A,-,09,21802,A,N,D,G,A,B,H,-,A,A,0,,Y,,,Y,,L,04,0,0,1,0,0,0,1,0,0,- ,- ,,,VENTURA,OXNARD,-119.18621063232422,34.151111602783203
9685958,2024,2024-07-08,5608,2024-04-20,1556,506,,6,5,6,5608,0,0,0,,0,001,S ASH ST,E FRONT ST,65.00,S,N,B,-,N,,,,,,,,,,N,2,0,1,2,A,-,10,21950,C,N,D,B,D,A,H,-,A,A,0,Y,,,,Y,,D,22,1,0,0,0,1,0,0,0,0,- ,- ,,,VENTURA,VENTURA,-119.28849029541016,34.276851654052734
9689245,2023,2024-07-03,5604,2023-12-15,918 ,5065,,5,5,6,5604,0,0,0,,0,011,W GONZALES RD,OXNARD BL,100.00,W,N,A,-,N,,,,,,,,,,N,4,0,1,2,A,-,08,22107,,N,B,G,A,A,H,-,A,D,0,,Y,,,Y,,A,01,0,0,1,0,0,0,1,0,0,- ,- ,34.219459533691406,-119.17833709716797,VENTURA,OXNARD,-119.17758941650391,34.219017028808594
9689781,2024,2024-05-24,5608,2024-03-18,2052,522,,1,5,6,5608,0,0,0,,0,002,HARBOR BL,HARBOR BL 2099,0.00,,N,A,-,N,,,,,,,,,,N,4,0,1,2,A,-,08,22107,,N,D,G,A,A,H,-,C,A,0,,Y,,,Y,,L,04,0,0,1,0,0,0,1,0,0,- ,- ,34.267318725585938,-119.27275085449219,VENTURA,VENTURA,-119.25660705566406,34.238140106201172
9697133,2024,2024-05-04,5608,2024-03-26,720 ,563,,2,5,6,5608,0,0,0,,0,004,RALSTON ST,VICTORIA AV,0.00,,N,A,-,N,,,,,,,,,,N,3,0,1,2,A,-,- ,,,F,G,B,B,A,H,-,A,A,0,Y,,,,Y,,-,- ,0,1,0,0,1,0,0,0,0,- ,- ,34.261211395263672,-119.2115478515625,VENTURA,VENTURA,-119.21165466308594,34.261054992675781
9706945,2024,2024-07-25,5604,2024-05-22,1112,4907,,3,5,6,5604,0,0,0,,0,031,E 3RD ST,MARQUITA ST,0.00,,Y,A,-,N,,,,,,,,,,N,4,0,1,2,A,-,05,21650,1,N,D,G,A,A,H,-,A,A,0,,Y,,,Y,,L,04,0,0,1,0,0,0,1,0,0,- ,- ,34.200481414794922,-119.16639709472656,VENTURA,OXNARD,-119.16642761230469,34.200504302978516
9706976,2024,2024-07-24,5604,2024-05-03,1543,5723,,5,5,6,5604,0,0,0,,0,042,SAVIERS RD,E DOLLIE ST E,0.00,,Y,A,-,N,,,,,,,,,,N,4,0,1,2,A,-,12,22450,,N,A,B,B,A,H,-,A,A,0,Y,,,,Y,,A,01,0,0,1,0,1,0,0,0,0,- ,- ,,,VENTURA,OXNARD,-119.17767333984375,34.157356262207031
9707119,2024,2024-06-17,5604,2024-04-10,801 ,5697,,3,5,6,5604,0,0,0,,0,024,W HILL ST,S N ST,0.00,,Y,A,-,N,,,,,,,,,,N,3,0,1,2,A,-,08,22107,,N,G,G,A,A,H,-,A,D,0,,Y,,,Y,,A,01,0,1,0,0,0,0,1,0,0,- ,- ,,,VENTURA,OXNARD,-119.19377899169922,34.186382293701172
9707125,2024,2024-06-18,5604,2024-04-03,1455,5354,,3,5,6,5604,0,0,0,,0,012,E GONZALES RD,ALMANOR ST,0.00,,Y,A,-,N,,,,,,,,,,N,4,0,1,2,A,-,17,21663,,N,D,G,A,A,H,-,A,D,0,,Y,,,Y,,L,04,0,0,1,0,0,0,1,0,0,- ,- ,,,VENTURA,OXNARD,-119.16294860839844,34.218883514404297
9707154,2024,2024-06-17,5604,2024-04-15,2128,5655,,1,5,6,5604,0,0,0,,0,014,N OXNARD BLVD,N TOWN CENTER DR,0.00,,Y,A,-,N,,,,,,,,,,N,3,0,1,2,A,-,12,21455,,N,D,G,A,A,H,-,C,A,0,,Y,,,Y,,L,04,0,1,0,0,0,0,1,0,0,- ,- ,34.215301513671875,-119.18009948730469,VENTURA,OXNARD,-119.18025207519531,34.241527557373047
9709217,2024,2024-08-21,5608,2024-07-02,12  ,499,90,2,5,6,5608,0,0,0,,0,004,CYPRESS PATH,RALSTON ST,0.00,S,N,A,-,N,,,,,,,,,,N,3,0,1,2,A,-,17,21209,A,F,G,B,F,A,E,-,D,D,0,Y,,,,Y,,-,,0,1,0,0,1,0,0,0,0,- ,- ,,,VENTURA,VENTURA,-119.21485900878906,34.260353088378906
9713066,2024,2024-08-14,5604,2024-06-04,1946,5586,,2,5,6,5604,0,0,0,,0,022,WEST 5TH ST,S H ST,0.00,,Y,A,-,N,,,,,,,,,,N,3,0,1,2,A,-,17,21461,A,N,H,G,A,A,H,-,B,A,0,,Y,,,Y,,L,04,0,1,0,0,0,0,1,0,0,- ,- ,34.197738647460938,-119.18789672851562,VENTURA,OXNARD,-119.18791961669922,34.197750091552734
9720488,2024,2024-08-19,5608,2024-07-24,1612,441,,3,5,6,5608,0,0,0,,0,001,KALORAMA ST,THOMPSON BL,11.00,N,N,A,-,N,,,,,,,,,,N,3,0,1,2,A,-,09,21453,B,N,G,B,B,A,H,-,A,A,0,Y,,,,Y,,A,01,0,1,0,0,1,0,0,0,0,- ,- ,,,VENTURA,VENTURA,-119.2869873046875,34.278308868408203
9724324,2024,2024-08-15,5604,2024-06-15,1245,5761,,6,5,6,5604,0,0,0,,0,014,DANVERS RIVER ST,N OXNARD BL N,0.00,,Y,A,-,N,,,,,,,,,,Y,4,0,1,2,A,-,10,21950,A,F,G,B,B,A,H,-,A,A,0,Y,,,,Y,,A,01,0,0,1,0,1,0,0,0,0,- ,- ,34.243690490722656,-119.17800903320312,VENTURA,OXNARD,-119.17797088623047,34.243648529052734
9733547,2024,2024-09-20,5608,2024-09-06,1201,459,5608,5,5,6,5608,0,0,0,,0,004,SOUTH VICTORIA AV,RALSTON ST,223.00,S,N,A,-,N,,,,,,,,,,N,2,0,1,2,A,-,09,21804,A,N,D,G,A,A,H,-,A,A,0,,Y,,,Y,,A,07,1,0,0,0,0,0,1,0,0,- ,- ,,,VENTURA,VENTURA,-119.21151733398438,34.260456085205078
9733593,2024,2025-03-10,5608,2024-08-27,1815,540,,2,5,6,5608,0,0,0,,0,003,CACHUMA AV,TELEPHONE RD,0.00,,Y,A,-,N,,,,,,,,,,N,3,0,1,2,A,-,10,21950,A,N,G,B,B,A,H,-,A,D,0,Y,,,,Y,,A,08,0,1,0,0,1,0,0,0,0,- ,- ,,,VENTURA,VENTURA,-119.16242218017578,34.277103424072266
9733688,2024,2024-09-26,5604,2024-08-02,1609,5367,,5,5,6,5604,0,0,0,,0,032,S ROSE AV,S OXNARD BLS,0.00,,Y,A,-,N,,,,,,,,,,N,3,0,1,2,A,-,00,21456,2,N,G,B,A,A,H,-,A,A,0,,Y,,,Y,,A,01,0,1,0,0,0,0,1,0,0,- ,- ,34.175228118896484,-119.15998077392578,VENTURA,OXNARD,-119.16005706787109,34.175331115722656