CASE_ID,ACCIDENT_YEAR,PROC_DATE,JURIS,COLLISION_DATE,COLLISION_TIME,OFFICER_ID,REPORTING_DISTRICT,DAY_OF_WEEK,CHP_SHIFT,POPULATION,CNTY_CITY_LOC,SPECIAL_COND,BEAT_TYPE,CHP_BEAT_TYPE,CITY_DIVISION_LAPD,CHP_BEAT_CLASS,BEAT_NUMBER,PRIMARY_RD,SECONDARY_RD,DISTANCE,DIRECTION,INTERSECTION,WEATHER_1,WEATHER_2,STATE_HWY_IND,CALTRANS_COUNTY,CALTRANS_DISTRICT,STATE_ROUTE,ROUTE_SUFFIX,POSTMILE_PREFIX,POSTMILE,LOCATION_TYPE,RAMP_INTERSECTION,SIDE_OF_HWY,TOW_AWAY,COLLISION_SEVERITY,NUMBER_KILLED,NUMBER_INJURED,PARTY_COUNT,PRIMARY_COLL_FACTOR,PCF_CODE_OF_VIOL,PCF_VIOL_CATEGORY,PCF_VIOLATION,PCF_VIOL_SUBSECTION,HIT_AND_RUN,TYPE_OF_COLLISION,MVIW,PED_ACTION,ROAD_SURFACE,ROAD_COND_1,ROAD_COND_2,LIGHTING,CONTROL_DEVICE,CHP_ROAD_TYPE,PEDESTRIAN_ACCIDENT,BICYCLE_ACCIDENT,MOTORCYCLE_ACCIDENT,TRUCK_ACCIDENT,NOT_PRIVATE_PROPERTY,ALCOHOL_INVOLVED,STWD_VEHTYPE_AT_FAULT,CHP_VEHTYPE_AT_FAULT,COUNT_SEVERE_INJ,COUNT_VISIBLE_INJ,COUNT_COMPLAINT_PAIN,COUNT_PED_KILLED,COUNT_PED_INJURED,COUNT_BICYCLIST_KILLED,COUNT_BICYCLIST_INJURED,COUNT_MC_KILLED,COUNT_MC_INJURED,PRIMARY_RAMP,SECONDARY_RAMP,LATITUDE,LONGITUDE,COUNTY,CITY,POINT_X,POINT_Y
9742317,2024,2024-10-17,5604,2024-09-11,1225,5773,,3,5,6,5604,0,0,0,,0,042,CUESTA DEL MAR DR,COURTLAND ST,0.00,,Y,A,-,N,,,,,,,,,,N,4,0,1,2,A,-,09,21801,A,N,D,G,A,A,H,-,A,D,0,,Y,,,Y,,A,01,0,0,1,0,0,0,1,0,0,- ,- ,34.148418426513672,-119.17922973632812,VENTURA,OXNARD,-119.17948150634766,34.148788452148438
9742319,2024,2024-10-17,5604,2024-09-12,1744,5563,,4,5,6,5604,0,0,0,,0,012,S A ST,5TH ST,200.00,S,N,A,-,N,,,,,,,,,,N,4,0,1,2,A,-,00,21202,B,N,A,G,A,A,H,-,A,D,0,,Y,,,Y,Y,L,04,0,0,1,0,0,0,1,0,0,- ,- ,34.197078704833984,-119.17877197265625,VENTURA,OXNARD,-119.17861175537109,34.197151184082031
9746144,2024,2024-10-30,5604,2024-09-19,1551,5802,,4,5,6,5604,0,0,0,,0,014,E VINEYARD AV,VENTURA BL,0.00,,Y,A,-,N,,,,,,,,,,N,4,0,1,2,A,-,11,21954,A,N,G,G,A,A,H,-,A,A,0,,Y,,,Y,,L,04,0,0,1,0,0,0,1,0,0,- ,- ,,,VENTURA,OXNARD,-119.17198944091797,34.233570098876953
9746166,2024,2024-11-01,5604,2024-09-29,2241,5670,,7,5,6,5604,0,0,0,,0,024,HILL ST,S C ST,0.00,,Y,A,-,N,,,,,,,,,,N,2,0,1,2,A,-,12,21453,A,N,D,G,A,-,H,-,C,A,0,,Y,,,Y,Y,L,04,1,0,0,0,0,0,1,0,0,- ,- ,34.186649322509766,-119.18122863769531,VENTURA,OXNARD,-119.18122863769531,34.1866455078125
9747435,2024,2024-11-07,5608,2024-10-18,2000,559,,5,5,6,5608,0,0,0,,0,004,RALSTON ST,CYPRESS POINT LN,0.00,,Y,A,-,N,,,,,,,,,,N,4,0,1,2,A,-,09,21804,A,N,D,G,A,A,H,-,C,A,0,,Y,,,Y,Y,L,04,0,0,1,0,0,0,1,0,0,- ,- ,,,VENTURA,VENTURA,-119.21485900878906,34.260353088378906
9747436,2024,2024-10-31,5608,2024-10-19,1559,566,,6,5,6,5608,0,0,0,,0,002,HURST AV,LANGDON WY,0.00,,Y,A,-,N,,,,,,,,,,N,3,0,1,2,A,-,09,21801,A,N,D,G,A,A,H,-,A,D,0,,Y,,,Y,,L,04,0,1,0,0,0,0,1,0,0,- ,- ,34.274539947509766,-119.27510070800781,VENTURA,VENTURA,-119.27511596679688,34.2745361328125
9751832,2024,2024-11-08,5604,2024-10-18,730 ,5773,,5,5,6,5604,0,0,0,,0,041,S J ST,TEAKWOOD ST,0.00,,Y,A,-,N,,,,,,,,,,N,4,0,2,3,A,-,10,21950,A,N,G,B,B,A,H,-,A,D,0,Y,,,,Y,,A,01,0,0,2,0,2,0,0,0,0,- ,- ,34.170558929443359,-119.18589019775391,VENTURA,OXNARD,-119.18590545654297,34.170589447021484
9752166,2024,2024-11-20,5608,2024-11-04,1623,552,,1,5,6,5608,0,0,0,,0,001,EAST THOMPSON BL,S ASH ST,0.00,,Y,A,-,N,,,,,,,,,,N,3,0,1,2,A,-,08,22107,,N,G,G,A,A,H,-,A,A,0,,Y,,,Y,,A,01,0,1,0,0,0,0,1,0,0,- ,- ,,,VENTURA,VENTURA,-119.28849029541016,34.278282165527344
9752767,2024,2024-11-07,5608,2024-10-29,1736,440,,2,5,6,5608,0,0,0,,0,004,SOUTH VICTORIA AV,8TH ST,0.00,,Y,A,-,N,,,,,,,,,,N,3,0,1,2,A,-,03,22350,,N,D,G,A,A,H,-,A,A,0,,Y,,,Y,,L,04,0,1,0,0,0,0,1,0,0,- ,- ,,,VENTURA,VENTURA,-119.21056365966797,34.256809234619141
9754664,2024,2024-12-03,5604,2024-11-01,1914,5592,,5,5,6,5604,0,0,0,,0,032,S OXNARD BL,WOOLEY RD,500.00,S,N,A,-,N,,,,,,,,,,N,3,0,1,2,A,-,11,21956,,F,G,B,E,A,H,-,C,D,0,Y,,,,Y,,N,60,0,1,0,0,1,0,0,0,0,- ,- ,34.188899993896484,-119.1759033203125,VENTURA,OXNARD,,
9754716,2024,2024-12-05,5604,2024-10-23,1332,5681,,3,5,6,5604,0,0,0,,0,022,W 9TH ST,S OXNARD BL,0.00,,Y,A,-,N,,,,,,,,,,Y,4,0,2,3,A,-,09,21802,A,N,D,B,E,A,H,-,A,D,0,Y,,,,Y,Y,A,01,0,0,2,0,1,0,0,0,0,- ,- ,34.192329406738281,-119.17742919921875,VENTURA,OXNARD,-119.17751312255859,34.192367553710938
9760356,2024,2024-12-06,5604,2024-10-17,1551,5669,,4,5,6,5604,0,0,0,,0,022,W 2ND ST,S B ST S,0.00,,Y,A,-,N,,,,,,,,,,N,4,0,1,2,A,-,05,21650,1,N,G,B,A,A,H,-,A,D,0,,Y,,,Y,,L,04,0,0,1,0,0,0,1,0,0,- ,- ,34.20166015625,-119.17977905273438,VENTURA,OXNARD,-119.17979431152344,34.201648712158203
9761272,2024,2024-12-23,5604,2024-11-26,1711,4919,,2,5,6,5604,0,0,0,,0,024,C ST,COACH C LN,300.00,S,N,B,-,N,,,,,,,,,,N,4,0,1,2,A,-,10,21950,C,N,G,B,B,B,-,-,B,D,0,Y,,,,Y,,A,01,0,0,1,0,1,0,0,0,0,- ,- ,,,VENTURA,OXNARD,,
9763389,2024,2025-01-13,5608,2024-11-14,1507,548,,4,5,6,5608,0,0,0,,0,003,LOMA VISTA RD,JEFFERSON AV,151.00,W,N,A,-,N,,,,,,,,,,N,3,0,1,2,A,-,21,22106,,N,C,G,A,A,H,-,A,D,0,,Y,,,Y,,A,01,0,1,0,0,0,0,1,0,0,- ,- ,,,VENTURA,VENTURA,-119.19646453857422,34.283031463623047
9765380,2025,2025-02-13,5604,2025-01-25,1307,5655,,6,5,6,5604,0,0,0,,0,011,N A ST,RODERICK AV,100.00,S,N,A,-,N,,,,,,,,,,N,4,0,1,2,A,-,00,21202,B,N,D,G,A,A,H,-,A,D,0,,Y,,,Y,,L,04,0,0,1,0,0,0,1,0,0,- ,- ,34.209751129150391,-119.17843627929688,VENTURA,OXNARD,-119.178466796875,34.209484100341797
9765984,2025,2025-02-21,5604,2025-02-21,1834,5454,,5,5,6,5604,0,0,0,,0,011,N C ST,HAZELWOOD DR,0.00,,Y,A,-,N,,,,,,,,,,N,3,0,1,2,A,-,10,21950,A,N,A,B,D,A,H,-,C,D,0,Y,,,,Y,,A,07,0,1,0,0,1,0,0,0,0,- ,- ,34.21466064453125,-119.18006896972656,VENTURA,OXNARD,-119.18088531494141,34.214885711669922
9765987,2025,2025-02-21,5604,2025-02-11,621 ,5637,,2,5,6,5604,0,0,0,,0,031,E 1ST ST,SARITA DR,0.00,,Y,A,-,N,,,,,,,,,,N,2,0,1,2,A,-,11,21954,A,N,G,B,D,A,H,-,A,D,0,Y,,,,Y,,N,60,1,0,0,0,1,0,0,0,0,- ,- ,34.202621459960938,-119.16082000732422,VENTURA,OXNARD,-119.16084289550781,34.20263671875
9772217,2024,2025-01-16,5604,2024-11-11,1751,5665,,1,5,6,5604,0,0,0,,0,031,CAMINO DEL SOL,SARA DR,0.00,,Y,A,-,N,,,,,,,,,,N,4,0,1,2,A,-,10,21950,A,N,G,B,B,A,H,-,C,D,0,Y,,,,Y,,D,22,0,0,1,0,1,0,0,0,0,- ,- ,34.207328796386719,-119.16352081298828,VENTURA,OXNARD,-119.16351318359375,34.207389831542969
9777724,2025,2025-04-01,5608,2025-02-24,1640,514,,1,5,6,5608,0,0,0,,0,003,DAYLOMA AV,LOMA VISTA,6.00,N,N,A,-,N,,,,,,,,,,N,4,0,1,2,D,-,00,,,N,G,B,E,A,H,-,A,A,0,Y,,,,Y,,-,- ,0,0,1,0,1,0,0,0,0,- ,- ,,,VENTURA,VENTURA,-119.22796630859375,34.279747009277344
9788642,2025,2025-05-12,5608,2025-04-18,924 ,439,,5,5,6,5608,0,0,0,,0,004,TELEPHONE RD,MCGRATH ST,0.00,,Y,B,-,N,,,,,,,,,,N,3,0,1,2,A,-,08,22107,,F,D,G,A,A,H,-,A,A,0,,Y,,,Y,,A,01,0,1,0,0,0,0,1,0,0,- ,- ,,,VENTURA,VENTURA,-119.23482513427734,34.25433349609375
9788647,2025,2025-05-12,5608,2025-04-21,1833,422,VENTU,1,5,6,5608,0,0,0,,0,004,VICTORIA AV,TELEPHONE RD,0.00,,Y,A,-,N,,,,,,,,,,N,3,0,1,2,A,-,11,21456,B,N,G,B,B,A,H,-,A,A,0,Y,,,,Y,,N,60,0,1,0,0,1,0,0,0,0,- ,- ,,,VENTURA,VENTURA,-119.21256256103516,34.265457153320312
9792670,2025,2025-04-03,5608,2025-03-06,1227,469,,4,5,6,5608,0,0,0,,0,002,MAIN ST,MILLS RD,0.00,,Y,B,-,N,,,,,,,,,,N,3,0,1,2,A,-,17,21461,A,F,G,B,B,A,H,-,A,A,0,Y,,,,Y,,N,60,0,1,0,0,1,0,0,0,0,- ,- ,,,VENTURA,VENTURA,-119.24604797363281,34.264926910400391
9802489,2024,2025-09-11,5606,2024-01-03,1058,1063,5606,3,5,4,5606,0,0,0,,0,001,STECKEL DR,MAIN ST,26.00,S,N,A,-,N,,,,,,,,,,N,2,0,1,2,A,-,10,21950,A,N,G,B,B,A,H,-,A,D,0,Y,,,,Y,,A,01,1,0,0,0,1,0,0,0,0,- ,- ,,,VENTURA,SANTA PAULA,-119.08056640625,34.347332000732422
9802504,2024,2025-04-25,5606,2024-05-06,1900,1154,5606,1,5,4,5606,0,0,0,,0,002,9TH ST,RAILROAD AV,200.00,N,N,A,-,N,,,,,,,,,,N,3,0,1,2,B,-,22,,,M,D,G,A,A,H,-,A,D,0,,Y,,,Y,,A,01,0,1,0,0,0,0,0,0,0,- ,- ,,,VENTURA,SANTA PAULA,-119.06394958496094,34.356010437011719
9802525,2024,2025-04-29,5606,2024-07-08,1225,1183,5606,1,5,4,5606,0,0,0,,0,002,E HARVARD BL,S PALM AV,4.00,W,N,A,-,N,,,,,,,,,,N,3,0,1,2,A,-,12,21453,A,N,G,B,B,A,C,D,A,A,0,Y,,,,Y,,A,07,0,1,0,0,1,0,0,0,0,- ,- ,,,VENTURA,SANTA PAULA,-119.06980133056641,34.34698486328125
9802572,2024,2025-09-11,5606,2024-03-14,1527,1170,5606,4,5,4,5606,0,0,0,,0,001,E HARVARD BL,S PALM AV,97.00,W,N,A,-,N,,,,,,,,,,N,4,0,1,2,A,-,09,21804,A,N,B,G,A,A,H,-,A,D,0,,Y,,,Y,,A,01,0,0,1,0,0,0,1,0,0,- ,- ,,,VENTURA,SANTA PAULA,-119.07009124755859,34.346893310546875
9802849,2025,2025-05-02,5604,2025-02-21,1947,5731,,5,5,6,5604,0,0,0,,0,021,SOUTH VICTORIA AV,W HEMLOCK ST,0.00,,Y,-,-,N,,,,,,,,,,,3,0,1,2,A,-,03,22350,,N,G,B,B,A,H,-,C,A,0,Y,,,,Y,,D,22,0,1,0,0,1,0,0,0,0,- ,- ,34.181331634521484,-119.22164916992188,VENTURA,OXNARD,-119.22168731689453,34.181316375732422
9807016,2024,2025-05-22,5604,2024-12-21,1245,5502,,6,5,6,5604,0,0,0,,0,011,GONZALEZ,OXNARD BLVD,0.00,,Y,A,-,N,,,,,,,,,,N,4,0,1,2,A,-,10,21950,C,N,G,B,B,A,H,-,A,A,0,Y,,,,Y,,D,22,0,0,1,0,1,0,0,0,0,- ,- ,,,VENTURA,OXNARD,-119.17726135253906,34.218990325927734
9807173,2025,2025-05-21,5608,2025-05-03,2156,466,,6,5,6,5608,0,0,0,,0,002,THOMPSON BL,SANTA CRUZ ST,37.00,W,N,A,-,N,,,,,,,,,,Y,2,0,1,2,A,-,11,21954,A,N,D,B,D,A,H,-,C,D,0,Y,,,,Y,Y,N,60,1,0,0,0,1,0,0,0,0,- ,- ,,,VENTURA,VENTURA,-119.27230834960938,34.274753570556641
9814248,2025,2025-06-25,5608,2025-05-30,1412,566,,5,5,6,5608,0,0,0,,0,002,PIERPONT BL,DOVER LN,0.00,,Y,A,-,N,,,,,,,,,,N,3,0,1,2,A,-,08,22107,,N,D,G,A,A,H,-,A,D,0,,Y,,,Y,,A,07,0,1,0,0,0,0,1,0,0,- ,- ,34.265281677246094,-119.27288055419922,VENTURA,VENTURA,-119.27294158935547,34.265232086181641
9814478,2025,2025-06-18,5608,2025-05-24,2100,576,131,6,5,6,5608,0,0,0,,0,003,TELEGRAPH RD,CROCKER AV,0.00,,Y,A,-,N,,,,,,,,,,N,3,0,2,2,A,-,09,21801,A,N,D,G,A,A,H,-,C,A,0,,Y,,,Y,,L,04,0,2,0,0,0,0,2,0,0,- ,- ,,,VENTURA,VENTURA,-119.19046783447266,34.281593322753906
9815304,2025,2025-06-05,5604,2025-03-17,1523,5354,,1,5,6,5604,0,0,0,,0,011,DORIS AV,N G ST,0.00,,Y,B,-,N,,,,,,,,,,N,4,0,1,2,A,-,05,21650,1,N,D,G,A,A,H,-,A,D,0,,Y,,,Y,,L,04,0,0,1,0,0,0,1,0,0,- ,- ,,,VENTURA,OXNARD,-119.18695831298828,34.207973480224609
9818030,2025,2025-08-01,5604,2025-06-18,907 ,5809,,3,5,6,5604,0,0,0,,0,032,E WOOLEY RD,DONLON AV,0.00,,Y,A,-,N,,,,,,,,,,N,4,0,1,2,A,-,05,21650,1,N,D,G,A,A,H,-,A,D,0,,Y,,,Y,,L,04,0,0,1,0,0,0,1,0,0,- ,- ,34.189979553222656,-119.17664337158203,VENTURA,OXNARD,-119.17664337158203,34.19000244140625
9819183,2025,2025-08-22,5608,2025-07-16,1615,499,,3,5,6,5608,0,0,0,,0,003,IVY ST,ASHWOOD AV,85.00,E,N,A,-,N,,,,,,,,,,N,3,0,1,1,A,-,01,21200,5,N,H,G,A,A,H,-,A,D,0,,Y,,,Y,Y,L,04,0,1,0,0,0,0,1,0,0,- ,- ,34.272998809814453,-119.23799896240234,VENTURA,VENTURA,-119.23878479003906,34.273937225341797
9821246,2025,2025-08-12,5608,2025-07-23,2120,422,VENTU,3,5,6,5608,0,0,0,,0,003,VICTORIA AV,LOMA VISTA RD,533.00,N,N,A,-,N,,,,,,,,,,N,3,0,1,3,A,-,11,21954,A,N,G,B,E,A,H,-,C,D,0,Y,,,,Y,,N,60,0,1,0,0,1,0,0,0,0,- ,- ,,,VENTURA,VENTURA,-119.21580505371094,34.283405303955078
9822421,2025,2025-08-28,5608,2025-08-08,2115,456,,5,5,6,5608,0,0,0,,0,001,VENTURA AV,RAMONA ST,0.00,,Y,B,-,N,,,,,,,,,,Y,2,0,1,2,A,-,01,23153,B,N,D,G,A,A,H,-,C,A,0,,Y,,,Y,Y,A,08,1,0,0,0,0,0,1,0,0,- ,- ,,,VENTURA,VENTURA,-119.29833221435547,34.28961181640625
9824217,2025,2025-11-24,5608,2025-09-04,927 ,579,,4,5,6,5608,0,0,0,,0,003,VICTORIA AV,RT 126,0.00,,Y,A,-,Y,VEN,7,126,-,-,1.564,R,1,W,N,3,0,1,2,A,-,10,21950,A,N,G,B,A,A,H,-,A,D,0,,,,,Y,,A,01,0,1,0,0,0,0,0,0,0,- ,- ,,,VENTURA,VENTURA,-119.21176910400391,34.271678924560547
9825447,2025,2025-09-09,5608,2025-08-20,1724,506,,3,5,6,5608,0,0,0,,0,004,NOPALITO ST,S SATICOY AV,200.00,E,N,A,-,N,,,,,,,,,,N,2,0,1,1,A,-,13,22515,A,N,G,B,A,A,H,-,A,A,0,,,,,Y,,A,01,1,0,0,0,0,0,0,0,0,- ,- ,,,VENTURA,VENTURA,-119.16190338134766,34.284557342529297
9825448,2025,2025-09-05,5608,2025-08-19,2034,559,,2,5,6,5608,0,0,0,,0,001,THOMPSON BL,CALIFORNIA ST,0.00,,Y,A,-,N,,,,,,,,,,N,2,0,1,2,A,-,11,21456,A,N,D,B,B,A,H,-,C,A,0,Y,,,,Y,Y,N,60,1,0,0,0,1,0,0,0,0,- ,- ,34.2783203125,-119.24321746826172,VENTURA,VENTURA,-119.29306030273438,34.278247833251953
9827155,2025,2025-07-09,5608,2025-06-26,1309,519,,4,5,6,5608,0,0,0,,0,004,VICTORIA AV,AVOCET DR,0.00,,Y,A,-,N,,,,,,,,,,N,3,0,2,3,A,-,08,22107,,N,G,B,B,A,H,-,A,A,0,Y,,,,Y,,A,01,0,2,0,0,2,0,0,0,0,- ,- ,34.258598327636719,-119.21095275878906,VENTURA,VENTURA,-119.21108245849609,34.258411407470703
9832844,2025,2025-08-21,5608,2025-07-07,2125,556,,1,5,6,5608,0,0,0,,0,001,HARBOR BL,CALIFORNIA ST,3.00,W,N,A,-,N,,,,,,,,,,N,4,0,1,2,A,-,09,21802,A,N,G,B,B,A,H,-,C,A,0,Y,,,,Y,,A,01,0,0,1,0,1,0,0,0,0,- ,- ,,,VENTURA,VENTURA,-119.29303741455078,34.276882171630859
9833896,2025,2025-07-28,5604,2025-05-30,1854,5731,,5,5,6,5604,0,0,0,,0,022,S H ST,W 2ND ST WEST,0.00,,Y,A,-,N,,,,,,,,,,N,3,0,1,2,A,-,03,22350,,N,D,G,A,A,H,-,A,D,0,,Y,,,Y,,A,71,0,1,0,0,0,0,1,0,0,- ,- ,34.201709747314453,-119.1878662109375,VENTURA,OXNARD,-119.18788146972656,34.201717376708984
9873949,2025,2025-10-03,5608,2025-09-03,555 ,499,,3,5,6,5608,0,0,0,,0,003,MAIN ST,MILLS RD,0.00,,Y,A,-,N,,,,,,,,,,N,3,0,1,2,A,-,11,21456,A,N,D,B,B,A,H,-,C,A,0,Y,,,,Y,,N,60,0,1,0,0,1,0,0,0,0,- ,- ,34.265121459960938,-119.24620056152344,VENTURA,VENTURA,-119.24604797363281,34.264926910400391
9876740,2025,2025-09-26,5604,2025-08-24,1139,5802,,7,5,6,5604,0,0,0,,0,021,S HARBOR BL,EASTBOURNE BAY,500.00,E,N,A,-,N,,,,,,,,,,N,2,0,2,3,A,-,21,22106,,N,G,B,F,A,H,-,A,A,0,Y,,,,Y,,A,01,1,0,1,0,2,0,0,0,0,- ,- ,,,VENTURA,OXNARD,-119.23386383056641,34.181869506835938
9877206,2025,2025-10-01,5604,2025-08-09,2117,5732,,6,5,6,5604,0,0,0,,0,032,WOOLEY RD,OXNARD BL,0.00,,Y,A,-,N,,,,,,,,,,N,4,0,1,2,A,-,10,21950,A,N,D,G,A,A,H,-,C,A,0,,Y,,,Y,,L,04,0,0,1,0,0,0,1,0,0,- ,- ,34.190029144287109,-119.177001953125,VENTURA,OXNARD,-119.17742919921875,34.190010070800781
9883552,2025,2025-10-31,5608,2025-09-29,1652,456,,1,5,6,5608,0,0,0,,0,004,WAXWING AV,HUMMINGBIRD ST,17.00,N,N,A,-,N,,,,,,,,,,N,2,0,1,2,A,-,12,22450,A,N,D,G,A,A,H,-,A,A,0,,Y,,,Y,,L,04,1,0,0,0,0,0,1,0,0,- ,- ,,,VENTURA,VENTURA,-119.19963836669922,34.253177642822266
9883635,2025,2025-11-06,5608,2025-10-30,1451,549,,4,5,6,5608,0,0,0,,0,002,E MAIN ST,N EVERGREEN DR,0.00,,Y,A,-,N,,,,,,,,,,N,3,0,2,3,A,-,08,22107,,N,A,G,A,A,H,-,A,D,0,,Y,,,Y,,D,22,0,1,1,0,0,0,2,0,0,- ,- ,34.275650024414062,-119.26336669921875,VENTURA,VENTURA,-119.26348114013672,34.275653839111328
9888847,2025,2025-11-17,5608,2025-10-21,905 ,503,,2,5,6,5608,0,0,0,,0,004,SOUTH VICTORIA AV,TELEPHONE RD,0.00,,Y,A,-,N,,,,,,,,,,N,4,0,1,2,A,-,08,22107,,N,G,B,B,A,H,-,A,A,0,Y,,,,Y,,A,01,0,0,1,0,1,0,0,0,0,- ,- ,,,VENTURA,VENTURA,-119.21256256103516,34.265457153320312
9890792,2025,2025-12-29,5608,2025-11-02,712 ,549,,7,5,6,5608,0,0,0,,0,001,WEST SANTA CLARA ST,SOUTH GARDEN ST,0.00,,Y,A,-,N,,,,,,,,,,N,3,0,1,2,A,-,12,22450,A,N,D,G,A,A,H,-,A,D,0,,Y,,,Y,,L,04,0,1,0,0,0,0,1,0,0,- ,- ,34.279579162597656,-119.30226898193359,VENTURA,VENTURA,-119.30233001708984,34.279506683349609
9895822,2025,2026-01-13,5604,2025-12-09,1415,5732,,2,5,6,5604,0,0,0,,0,024,S C ST,W CHANNEL ISLANDS BL,300.00,N,N,A,-,N,,,,,,,,,,N,4,0,1,2,A,-,10,21950,A,F,G,B,B,A,H,-,A,D,0,Y,,,,Y,Y,A,01,0,0,1,0,1,0,0,0,0,- ,- ,34.174560546875,-119.17954254150391,VENTURA,OXNARD,-119.18113708496094,34.174522399902344
9895830,2025,2026-01-13,5604,2025-12-18,1921,5839,,4,5,6,5604,0,0,0,,0,041,E TAMARAC ST,FOURNIER ST,0.00,,Y,A,-,N,,,,,,,,,,N,4,0,1,2,A,-,08,22107,,N,D,G,A,A,H,-,C,D,0,,Y,,,Y,,L,04,0,0,1,0,0,0,1,0,0,- ,- ,34.168491363525391,-119.17018127441406,VENTURA,OXNARD,-119.17018890380859,34.168510437011719
9898183,2025,2026-04-23,5608,2025-03-15,1213,496,,6,5,6,5608,0,0,0,,0,001,THOMPSON BL,CHESTNUT ST,3.00,S,N,A,-,Y,VEN,7,101,-,-,29.895,R,4,S,N,1,1,0,2,A,-,10,21950,A,N,G,B,B,A,H,-,A,A,0,Y,,,,Y,,D,22,0,0,0,1,0,0,0,0,0,- ,- ,34.278221130371094,-119.29144287109375,VENTURA,VENTURA,-119.28907775878906,34.276195526123047
9899471,2026,2026-02-06,5608,2026-01-27,918 ,574,,2,5,6,5608,0,0,0,,0,002,MARKET ST,WALTER ST,0.00,,Y,A,-,N,,,,,,,,,,Y,3,0,1,2,A,-,00,23153,F,N,G,B,B,A,H,-,A,D,0,Y,,,,Y,Y,A,01,0,1,0,0,1,0,0,0,0,- ,- ,34.259120941162109,-119.23899078369141,VENTURA,VENTURA,-119.23892211914062,34.259002685546875
9899538,2025,2026-02-11,5608,2025-11-25,1121,456,,2,5,6,5608,0,0,0,,0,002,ARUNDELL,MAIN ST,0.00,,Y,A,-,N,,,,,,,,,,N,3,0,1,2,A,-,10,21950,A,F,D,B,B,A,H,-,A,A,0,Y,,,,Y,,-,,0,1,0,0,1,0,0,0,0,- ,- ,,,VENTURA,VENTURA,-119.24278259277344,34.264026641845703
9900504,2025,2025-12-26,5604,2025-11-25,1457,5824,,2,5,6,5604,0,0,0,,0,014,N OXNARD BL,CITRUS GROVE LN,624.00,W,N,A,-,N,,,,,,,,,,N,4,0,1,2,B,-,22,,,N,G,B,D,A,H,-,A,D,0,Y,,,,Y,,D,22,0,0,1,0,1,0,0,0,0,- ,- ,,,VENTURA,OXNARD,-119.17733001708984,34.2227783203125
9902369,2025,2026-01-13,5608,2025-11-29,2009,568,,6,5,6,5608,0,0,0,,0,001,N SHOSHONE ST,N SHOSHONE ST 130,0.00,,N,A,-,N,,,,,,,,,,N,2,0,1,2,A,-,08,22107,,N,D,G,A,A,H,-,C,D,0,,Y,,,Y,Y,A,01,1,0,0,0,0,0,1,0,0,- ,- ,34.304050445556641,-119.29653930664062,VENTURA,VENTURA,-119.29396820068359,34.303932189941406
9911161,2026,2026-03-23,5608,2026-03-06,1053,549,,5,5,6,5608,0,0,0,,0,004,VICTORIA AV,TELEPHONE RD,100.00,N,N,A,-,N,,,,,,,,,,N,3,0,1,2,A,-,11,21954,A,N,G,B,D,A,H,-,A,A,0,Y,,,,Y,,N,60,0,1,0,0,1,0,0,0,0,- ,- ,34.265998840332031,-119.21199798583984,VENTURA,VENTURA,-119.21262359619141,34.265727996826172
9911181,2026,2026-03-19,5608,2026-02-23,1505,574,,1,5,6,5608,0,0,0,,0,004,TELEGRAPH RD,PETIT AV,0.00,,Y,A,-,N,,,,,,,,,,N,3,0,1,2,A,-,17,21461,A,N,D,G,A,A,H,-,A,A,0,,Y,,,Y,,L,04,0,1,0,0,0,0,1,0,0,- ,- ,34.272178649902344,-119.17072296142578,VENTURA,VENTURA,-119.18210601806641,34.282798767089844
9911294,2026,2026-04-14,5608,2026-03-11,739 ,483,VENTU,3,5,6,5608,0,0,0,,0,002,THOMPSON BL,FRANCES ST,92.00,W,N,A,-,N,,,,,,,,,,N,2,0,1,2,A,-,10,21950,A,N,G,B,D,-,H,-,A,D,0,Y,,,,Y,,A,01,1,0,0,0,1,0,0,0,0,- ,- ,,,VENTURA,VENTURA,-119.25888824462891,34.272087097167969
9911295,2026,2026-04-14,5608,2026-03-09,1730,571,,1,5,6,5608,0,0,0,,0,001,SANTA CLARA ST,CHESTNUT ST,85.00,W,N,A,-,N,,,,,,,,,,N,3,0,1,2,A,-,03,22350,,F,H,B,F,A,H,-,A,D,0,Y,Y,,,Y,,L,04,0,1,0,0,1,0,0,0,0,- ,- ,34.280189514160156,-119.29190826416016,VENTURA,VENTURA,-119.29183197021484,34.279541015625
9913723,2026,2026-03-05,5604,2026-02-22,1052,5189,,7,5,6,5604,0,0,0,,0,031,ROSE AV,CAMINO DEL SOL,25.00,S,N,A,-,N,,,,,,,,,,N,3,0,1,2,A,-,05,21650,1,N,D,G,A,A,H,-,A,A,0,,Y,,,Y,,L,04,0,1,0,0,0,0,1,0,0,- ,- ,34.206321716308594,-119.15966796875,VENTURA,OXNARD,-119.15967559814453,34.206283569335938
9924313,2026,2026-04-16,5604,2026-02-21,1531,5749,,6,5,6,5604,0,0,0,,0,032,SAN MARINO ST,E CHANNEL ISLNADS BL,125.00,N,N,A,-,N,,,,,,,,,,N,4,0,1,2,A,-,09,21801,A,N,D,G,A,A,H,-,A,D,0,,Y,,,Y,,L,04,0,0,1,0,0,0,1,0,0,- ,- ,34.173358917236328,-119.17611694335938,VENTURA,OXNARD,-119.17610168457031,34.173763275146484